"zip","policy_type","policy_count","effective_date"
"79098","3","66","2025-12-31T00:00:00.000"
"79098","4","17","2025-12-31T00:00:00.000"
"79098","5","6","2025-12-31T00:00:00.000"
"79101","1","443","2025-12-31T00:00:00.000"
"79101","2","6","2025-12-31T00:00:00.000"
"79101","3","102","2025-12-31T00:00:00.000"
"79101","4","77","2025-12-31T00:00:00.000"
"79101","5","1","2025-12-31T00:00:00.000"
"79102","1","584","2025-12-31T00:00:00.000"
"79102","2","4","2025-12-31T00:00:00.000"
"79102","3","1802","2025-12-31T00:00:00.000"
"79102","4","505","2025-12-31T00:00:00.000"
"79102","5","5","2025-12-31T00:00:00.000"
"79103","1","284","2025-12-31T00:00:00.000"
"79103","3","2232","2025-12-31T00:00:00.000"
"79103","4","395","2025-12-31T00:00:00.000"
"79103","5","13","2025-12-31T00:00:00.000"
"79103","6","1","2025-12-31T00:00:00.000"
"79104","1","174","2025-12-31T00:00:00.000"
"79104","2","1","2025-12-31T00:00:00.000"
"79104","3","976","2025-12-31T00:00:00.000"
"79104","4","267","2025-12-31T00:00:00.000"
"79104","5","17","2025-12-31T00:00:00.000"
"79106","1","2325","2025-12-31T00:00:00.000"
"79106","2","43","2025-12-31T00:00:00.000"
"79106","3","5964","2025-12-31T00:00:00.000"
"79106","4","1560","2025-12-31T00:00:00.000"
"79106","5","14","2025-12-31T00:00:00.000"
"79107","1","700","2025-12-31T00:00:00.000"
"79107","3","3845","2025-12-31T00:00:00.000"
"79107","4","1257","2025-12-31T00:00:00.000"
"79107","5","108","2025-12-31T00:00:00.000"
"79108","1","339","2025-12-31T00:00:00.000"
"79108","3","2430","2025-12-31T00:00:00.000"
"79108","4","250","2025-12-31T00:00:00.000"
"79108","5","435","2025-12-31T00:00:00.000"
"79109","1","4900","2025-12-31T00:00:00.000"
"79109","2","190","2025-12-31T00:00:00.000"
"79109","3","12415","2025-12-31T00:00:00.000"
"79109","4","1706","2025-12-31T00:00:00.000"
"79109","5","42","2025-12-31T00:00:00.000"
"79109","6","1","2025-12-31T00:00:00.000"
"79110","1","1010","2025-12-31T00:00:00.000"
"79110","2","2","2025-12-31T00:00:00.000"
"79110","3","4998","2025-12-31T00:00:00.000"
"79110","4","1019","2025-12-31T00:00:00.000"
"79110","5","11","2025-12-31T00:00:00.000"
"79111","1","219","2025-12-31T00:00:00.000"
"79111","3","9","2025-12-31T00:00:00.000"
"79118","1","2093","2025-12-31T00:00:00.000"
"79118","2","2","2025-12-31T00:00:00.000"
"79118","3","8236","2025-12-31T00:00:00.000"
"79118","4","767","2025-12-31T00:00:00.000"
"79118","5","672","2025-12-31T00:00:00.000"
"79119","1","2897","2025-12-31T00:00:00.000"
"79119","2","2","2025-12-31T00:00:00.000"
"79119","3","8665","2025-12-31T00:00:00.000"
"79119","4","582","2025-12-31T00:00:00.000"
"79119","5","143","2025-12-31T00:00:00.000"
"79121","1","567","2025-12-31T00:00:00.000"
"79121","2","29","2025-12-31T00:00:00.000"
"79121","3","2540","2025-12-31T00:00:00.000"
"79121","4","187","2025-12-31T00:00:00.000"
"79123","3","1","2025-12-31T00:00:00.000"
"79124","1","824","2025-12-31T00:00:00.000"
"79124","2","2","2025-12-31T00:00:00.000"
"79124","3","4750","2025-12-31T00:00:00.000"
"79124","4","186","2025-12-31T00:00:00.000"
"79124","5","127","2025-12-31T00:00:00.000"
"79124","6","1","2025-12-31T00:00:00.000"
"79189","2","2","2025-12-31T00:00:00.000"
"79201","1","151","2025-12-31T00:00:00.000"
"79201","3","1130","2025-12-31T00:00:00.000"
"79201","4","249","2025-12-31T00:00:00.000"
"79201","5","45","2025-12-31T00:00:00.000"
"79220","1","2","2025-12-31T00:00:00.000"
"79220","3","8","2025-12-31T00:00:00.000"
"79220","4","5","2025-12-31T00:00:00.000"
"79220","5","1","2025-12-31T00:00:00.000"
"79225","1","16","2025-12-31T00:00:00.000"
"79225","3","110","2025-12-31T00:00:00.000"
"79225","4","32","2025-12-31T00:00:00.000"
"79225","5","8","2025-12-31T00:00:00.000"
"79226","1","86","2025-12-31T00:00:00.000"
"79226","3","591","2025-12-31T00:00:00.000"
"79226","4","98","2025-12-31T00:00:00.000"
"79226","5","36","2025-12-31T00:00:00.000"
"79227","1","16","2025-12-31T00:00:00.000"
"79227","3","173","2025-12-31T00:00:00.000"
"79227","4","42","2025-12-31T00:00:00.000"
"79227","5","14","2025-12-31T00:00:00.000"
"79229","1","5","2025-12-31T00:00:00.000"
"79229","3","32","2025-12-31T00:00:00.000"
"79229","4","6","2025-12-31T00:00:00.000"
"79229","5","4","2025-12-31T00:00:00.000"
"79230","1","2","2025-12-31T00:00:00.000"
"79230","3","7","2025-12-31T00:00:00.000"
"79230","5","1","2025-12-31T00:00:00.000"
"79231","3","5","2025-12-31T00:00:00.000"
"79231","4","1","2025-12-31T00:00:00.000"
"79233","1","1","2025-12-31T00:00:00.000"
"79233","3","13","2025-12-31T00:00:00.000"
"79233","4","2","2025-12-31T00:00:00.000"
"79233","5","5","2025-12-31T00:00:00.000"
"79234","1","2","2025-12-31T00:00:00.000"
"79234","3","13","2025-12-31T00:00:00.000"
"79235","1","45","2025-12-31T00:00:00.000"
"79235","3","440","2025-12-31T00:00:00.000"
"79235","4","88","2025-12-31T00:00:00.000"
"79235","5","7","2025-12-31T00:00:00.000"
"79236","1","15","2025-12-31T00:00:00.000"
"79236","3","10","2025-12-31T00:00:00.000"
"79236","4","1","2025-12-31T00:00:00.000"
"79236","5","6","2025-12-31T00:00:00.000"
"79237","1","11","2025-12-31T00:00:00.000"
"79237","3","47","2025-12-31T00:00:00.000"
"79237","4","11","2025-12-31T00:00:00.000"
"79237","5","4","2025-12-31T00:00:00.000"
"79239","1","2","2025-12-31T00:00:00.000"
"79239","3","22","2025-12-31T00:00:00.000"
"79239","4","6","2025-12-31T00:00:00.000"
"79239","5","1","2025-12-31T00:00:00.000"
"79240","1","2","2025-12-31T00:00:00.000"
"79240","3","10","2025-12-31T00:00:00.000"
"79240","4","2","2025-12-31T00:00:00.000"
"79241","1","28","2025-12-31T00:00:00.000"
"79241","3","266","2025-12-31T00:00:00.000"
"79241","4","41","2025-12-31T00:00:00.000"
"79241","5","7","2025-12-31T00:00:00.000"
"79243","1","3","2025-12-31T00:00:00.000"
"79243","3","11","2025-12-31T00:00:00.000"
"79243","4","2","2025-12-31T00:00:00.000"
"79243","5","1","2025-12-31T00:00:00.000"
"79244","1","17","2025-12-31T00:00:00.000"
"79244","3","103","2025-12-31T00:00:00.000"
"79244","4","24","2025-12-31T00:00:00.000"
"79244","5","3","2025-12-31T00:00:00.000"
"79245","1","43","2025-12-31T00:00:00.000"
"79245","3","320","2025-12-31T00:00:00.000"
"79245","4","57","2025-12-31T00:00:00.000"
"79245","5","9","2025-12-31T00:00:00.000"
"79247","1","1","2025-12-31T00:00:00.000"
"79247","3","4","2025-12-31T00:00:00.000"
"79247","4","1","2025-12-31T00:00:00.000"
"79248","1","29","2025-12-31T00:00:00.000"
"79248","3","197","2025-12-31T00:00:00.000"
"79248","4","48","2025-12-31T00:00:00.000"
"79248","5","5","2025-12-31T00:00:00.000"
"79250","1","19","2025-12-31T00:00:00.000"
"79250","3","178","2025-12-31T00:00:00.000"
"79250","4","38","2025-12-31T00:00:00.000"
"79250","5","8","2025-12-31T00:00:00.000"
"79251","3","6","2025-12-31T00:00:00.000"
"79251","5","2","2025-12-31T00:00:00.000"
"79252","1","64","2025-12-31T00:00:00.000"
"79252","3","392","2025-12-31T00:00:00.000"
"79252","4","90","2025-12-31T00:00:00.000"
"79252","5","18","2025-12-31T00:00:00.000"
"79255","1","8","2025-12-31T00:00:00.000"
"79255","3","64","2025-12-31T00:00:00.000"
"79255","4","10","2025-12-31T00:00:00.000"
"79255","5","5","2025-12-31T00:00:00.000"
"79256","1","6","2025-12-31T00:00:00.000"
"79256","3","49","2025-12-31T00:00:00.000"
"79256","5","6","2025-12-31T00:00:00.000"
"79257","1","15","2025-12-31T00:00:00.000"
"79257","3","177","2025-12-31T00:00:00.000"
"79257","4","20","2025-12-31T00:00:00.000"
"79257","5","10","2025-12-31T00:00:00.000"
"79259","3","4","2025-12-31T00:00:00.000"
"79259","5","1","2025-12-31T00:00:00.000"
"79261","1","11","2025-12-31T00:00:00.000"
"79261","3","60","2025-12-31T00:00:00.000"
"79261","4","14","2025-12-31T00:00:00.000"
"79261","5","3","2025-12-31T00:00:00.000"
"79311","1","81","2025-12-31T00:00:00.000"
"79311","3","699","2025-12-31T00:00:00.000"
"79311","4","103","2025-12-31T00:00:00.000"
"79311","5","24","2025-12-31T00:00:00.000"
"79312","1","16","2025-12-31T00:00:00.000"
"79312","3","103","2025-12-31T00:00:00.000"
"79312","4","13","2025-12-31T00:00:00.000"
"79312","5","5","2025-12-31T00:00:00.000"
"79313","1","25","2025-12-31T00:00:00.000"
"79313","3","234","2025-12-31T00:00:00.000"
"79313","4","39","2025-12-31T00:00:00.000"
"79313","5","15","2025-12-31T00:00:00.000"
"79314","1","1","2025-12-31T00:00:00.000"
"79314","4","1","2025-12-31T00:00:00.000"
"79314","5","2","2025-12-31T00:00:00.000"
"79316","1","164","2025-12-31T00:00:00.000"
"79316","3","1282","2025-12-31T00:00:00.000"
"79316","4","212","2025-12-31T00:00:00.000"
"79316","5","56","2025-12-31T00:00:00.000"
"79322","1","36","2025-12-31T00:00:00.000"
"79322","3","284","2025-12-31T00:00:00.000"
"79322","4","53","2025-12-31T00:00:00.000"
"79322","5","8","2025-12-31T00:00:00.000"
"79323","1","79","2025-12-31T00:00:00.000"
"79323","3","829","2025-12-31T00:00:00.000"
"79323","4","124","2025-12-31T00:00:00.000"
"79323","5","108","2025-12-31T00:00:00.000"
"79324","3","8","2025-12-31T00:00:00.000"
"79325","1","49","2025-12-31T00:00:00.000"
"79325","3","298","2025-12-31T00:00:00.000"
"79325","4","45","2025-12-31T00:00:00.000"
"79325","5","6","2025-12-31T00:00:00.000"
"79326","3","3","2025-12-31T00:00:00.000"
"79326","5","1","2025-12-31T00:00:00.000"
"79329","1","163","2025-12-31T00:00:00.000"
"79329","3","877","2025-12-31T00:00:00.000"
"79329","4","121","2025-12-31T00:00:00.000"
"79329","5","11","2025-12-31T00:00:00.000"
"79330","1","6","2025-12-31T00:00:00.000"
"79330","3","147","2025-12-31T00:00:00.000"
"79330","4","20","2025-12-31T00:00:00.000"
"79330","5","74","2025-12-31T00:00:00.000"
"79331","1","168","2025-12-31T00:00:00.000"
"79331","3","1491","2025-12-31T00:00:00.000"
"79331","4","342","2025-12-31T00:00:00.000"
"79331","5","34","2025-12-31T00:00:00.000"
"79331","6","1","2025-12-31T00:00:00.000"
"79336","1","335","2025-12-31T00:00:00.000"
"79336","3","2755","2025-12-31T00:00:00.000"
"79336","4","418","2025-12-31T00:00:00.000"
"79336","5","112","2025-12-31T00:00:00.000"
"79339","1","150","2025-12-31T00:00:00.000"
"79339","3","1026","2025-12-31T00:00:00.000"
"79339","4","206","2025-12-31T00:00:00.000"
"79339","5","22","2025-12-31T00:00:00.000"
"79342","1","10","2025-12-31T00:00:00.000"
"79342","3","32","2025-12-31T00:00:00.000"
"79342","4","3","2025-12-31T00:00:00.000"
"79342","5","4","2025-12-31T00:00:00.000"
"79343","1","27","2025-12-31T00:00:00.000"
"79343","3","188","2025-12-31T00:00:00.000"
"79343","4","21","2025-12-31T00:00:00.000"
"79343","5","11","2025-12-31T00:00:00.000"
"79344","3","1","2025-12-31T00:00:00.000"
"79345","1","21","2025-12-31T00:00:00.000"
"79345","3","89","2025-12-31T00:00:00.000"
"79345","4","11","2025-12-31T00:00:00.000"
"79345","5","9","2025-12-31T00:00:00.000"
"79346","1","15","2025-12-31T00:00:00.000"
"79346","3","178","2025-12-31T00:00:00.000"
"79346","4","19","2025-12-31T00:00:00.000"
"79346","5","9","2025-12-31T00:00:00.000"
"79347","1","73","2025-12-31T00:00:00.000"
"79347","3","740","2025-12-31T00:00:00.000"
"79347","4","110","2025-12-31T00:00:00.000"
"79347","5","20","2025-12-31T00:00:00.000"
"79350","1","9","2025-12-31T00:00:00.000"
"79350","3","64","2025-12-31T00:00:00.000"
"79350","4","11","2025-12-31T00:00:00.000"
"79350","5","22","2025-12-31T00:00:00.000"
"79351","1","22","2025-12-31T00:00:00.000"
"79351","3","136","2025-12-31T00:00:00.000"
"79351","4","24","2025-12-31T00:00:00.000"
"79351","5","9","2025-12-31T00:00:00.000"
"79353","3","1","2025-12-31T00:00:00.000"
"79353","5","1","2025-12-31T00:00:00.000"
"79355","1","19","2025-12-31T00:00:00.000"
"79355","3","222","2025-12-31T00:00:00.000"
"79355","4","39","2025-12-31T00:00:00.000"
"79355","5","21","2025-12-31T00:00:00.000"
"79356","1","60","2025-12-31T00:00:00.000"
"79356","3","552","2025-12-31T00:00:00.000"
"79356","4","73","2025-12-31T00:00:00.000"
"79356","5","38","2025-12-31T00:00:00.000"
"79357","1","29","2025-12-31T00:00:00.000"
"79357","3","295","2025-12-31T00:00:00.000"
"79357","4","57","2025-12-31T00:00:00.000"
"79357","5","17","2025-12-31T00:00:00.000"
"79358","1","23","2025-12-31T00:00:00.000"
"79358","3","286","2025-12-31T00:00:00.000"
"79358","4","17","2025-12-31T00:00:00.000"
"79358","5","18","2025-12-31T00:00:00.000"
"79359","1","21","2025-12-31T00:00:00.000"
"79359","3","216","2025-12-31T00:00:00.000"
"79359","4","20","2025-12-31T00:00:00.000"
"79359","5","34","2025-12-31T00:00:00.000"
"79359","6","2","2025-12-31T00:00:00.000"
"79360","1","200","2025-12-31T00:00:00.000"
"79360","3","2823","2025-12-31T00:00:00.000"
"79360","4","252","2025-12-31T00:00:00.000"
"79360","5","598","2025-12-31T00:00:00.000"
"79363","1","198","2025-12-31T00:00:00.000"
"79363","2","1","2025-12-31T00:00:00.000"
"79363","3","1642","2025-12-31T00:00:00.000"
"79363","4","191","2025-12-31T00:00:00.000"
"79363","5","163","2025-12-31T00:00:00.000"
"79364","1","304","2025-12-31T00:00:00.000"
"79364","3","1287","2025-12-31T00:00:00.000"
"79364","4","256","2025-12-31T00:00:00.000"
"79364","5","53","2025-12-31T00:00:00.000"
"79366","1","17","2025-12-31T00:00:00.000"
"79366","3","525","2025-12-31T00:00:00.000"
"79366","4","22","2025-12-31T00:00:00.000"
"79366","5","1","2025-12-31T00:00:00.000"
"79367","1","18","2025-12-31T00:00:00.000"
"79367","3","80","2025-12-31T00:00:00.000"
"79367","4","7","2025-12-31T00:00:00.000"
"79367","5","21","2025-12-31T00:00:00.000"
"79369","1","2","2025-12-31T00:00:00.000"
"79369","3","10","2025-12-31T00:00:00.000"
"79369","4","1","2025-12-31T00:00:00.000"
"79370","1","26","2025-12-31T00:00:00.000"
"79370","3","208","2025-12-31T00:00:00.000"
"79370","4","52","2025-12-31T00:00:00.000"
"79370","5","32","2025-12-31T00:00:00.000"
"79371","1","24","2025-12-31T00:00:00.000"
"79371","3","183","2025-12-31T00:00:00.000"
"79371","4","31","2025-12-31T00:00:00.000"
"79371","5","5","2025-12-31T00:00:00.000"
"79372","1","34","2025-12-31T00:00:00.000"
"79372","3","201","2025-12-31T00:00:00.000"
"79372","4","19","2025-12-31T00:00:00.000"
"79372","5","21","2025-12-31T00:00:00.000"
"79373","1","65","2025-12-31T00:00:00.000"
"79373","3","643","2025-12-31T00:00:00.000"
"79373","4","111","2025-12-31T00:00:00.000"
"79373","5","31","2025-12-31T00:00:00.000"
"79376","1","2","2025-12-31T00:00:00.000"
"79376","3","4","2025-12-31T00:00:00.000"
"79377","1","9","2025-12-31T00:00:00.000"
"79377","3","24","2025-12-31T00:00:00.000"
"79377","4","5","2025-12-31T00:00:00.000"
"79377","5","3","2025-12-31T00:00:00.000"
"79378","1","12","2025-12-31T00:00:00.000"
"79378","3","22","2025-12-31T00:00:00.000"
"79378","4","1","2025-12-31T00:00:00.000"
"79378","5","6","2025-12-31T00:00:00.000"
"79379","1","16","2025-12-31T00:00:00.000"
"79379","3","36","2025-12-31T00:00:00.000"
"79379","4","3","2025-12-31T00:00:00.000"
"79379","5","9","2025-12-31T00:00:00.000"
"79380","1","2","2025-12-31T00:00:00.000"
"79380","3","22","2025-12-31T00:00:00.000"
"79380","4","2","2025-12-31T00:00:00.000"
"79380","5","2","2025-12-31T00:00:00.000"
"79381","1","28","2025-12-31T00:00:00.000"
"79381","3","384","2025-12-31T00:00:00.000"
"79381","4","28","2025-12-31T00:00:00.000"
"79381","5","10","2025-12-31T00:00:00.000"
"79382","1","699","2025-12-31T00:00:00.000"
"79382","3","3454","2025-12-31T00:00:00.000"
"79382","4","469","2025-12-31T00:00:00.000"
"79382","5","147","2025-12-31T00:00:00.000"
"79383","1","1","2025-12-31T00:00:00.000"
"79383","3","21","2025-12-31T00:00:00.000"
"79383","5","1","2025-12-31T00:00:00.000"
"79401","1","5399","2025-12-31T00:00:00.000"
"79401","2","72","2025-12-31T00:00:00.000"
"79401","3","331","2025-12-31T00:00:00.000"
"79401","4","330","2025-12-31T00:00:00.000"
"79401","5","1","2025-12-31T00:00:00.000"
"79402","1","1","2025-12-31T00:00:00.000"
"79402","4","1","2025-12-31T00:00:00.000"
"79403","1","939","2025-12-31T00:00:00.000"
"79403","3","1800","2025-12-31T00:00:00.000"
"79403","4","857","2025-12-31T00:00:00.000"
"79403","5","139","2025-12-31T00:00:00.000"
"79404","1","363","2025-12-31T00:00:00.000"
"79404","3","1311","2025-12-31T00:00:00.000"
"79404","4","552","2025-12-31T00:00:00.000"
"79404","5","30","2025-12-31T00:00:00.000"
"79404","6","1","2025-12-31T00:00:00.000"
"79405","1","1","2025-12-31T00:00:00.000"
"79405","3","1","2025-12-31T00:00:00.000"
"79405","4","1","2025-12-31T00:00:00.000"
"79406","1","275","2025-12-31T00:00:00.000"
"79406","3","14","2025-12-31T00:00:00.000"
"79406","4","1","2025-12-31T00:00:00.000"
"79407","1","5889","2025-12-31T00:00:00.000"
"79407","2","21","2025-12-31T00:00:00.000"
"79407","3","5924","2025-12-31T00:00:00.000"
"79407","4","1586","2025-12-31T00:00:00.000"
"79407","5","236","2025-12-31T00:00:00.000"
"79407","6","3","2025-12-31T00:00:00.000"
"79409","1","3758","2025-12-31T00:00:00.000"
"79409","3","1","2025-12-31T00:00:00.000"
"79410","1","1576","2025-12-31T00:00:00.000"
"79410","3","1456","2025-12-31T00:00:00.000"
"79410","4","1132","2025-12-31T00:00:00.000"
"79410","5","1","2025-12-31T00:00:00.000"
"79410","6","5","2025-12-31T00:00:00.000"
"79411","1","772","2025-12-31T00:00:00.000"
"79411","2","10","2025-12-31T00:00:00.000"
"79411","3","591","2025-12-31T00:00:00.000"
"79411","4","674","2025-12-31T00:00:00.000"
"79411","5","2","2025-12-31T00:00:00.000"
"79411","6","4","2025-12-31T00:00:00.000"
"79412","1","755","2025-12-31T00:00:00.000"
"79412","3","2227","2025-12-31T00:00:00.000"
"79412","4","708","2025-12-31T00:00:00.000"
"79412","5","1","2025-12-31T00:00:00.000"
"79412","6","4","2025-12-31T00:00:00.000"
"79413","1","1922","2025-12-31T00:00:00.000"
"79413","3","5079","2025-12-31T00:00:00.000"
"79413","4","1516","2025-12-31T00:00:00.000"
"79414","1","4532","2025-12-31T00:00:00.000"
"79414","2","24","2025-12-31T00:00:00.000"
"79414","3","2651","2025-12-31T00:00:00.000"
"79414","4","994","2025-12-31T00:00:00.000"
"79414","5","2","2025-12-31T00:00:00.000"
"79414","6","3","2025-12-31T00:00:00.000"
"79415","1","7653","2025-12-31T00:00:00.000"
"79415","3","1643","2025-12-31T00:00:00.000"
"79415","4","426","2025-12-31T00:00:00.000"
"79415","5","89","2025-12-31T00:00:00.000"
"79416","1","7649","2025-12-31T00:00:00.000"
"79416","2","28","2025-12-31T00:00:00.000"
"79416","3","7928","2025-12-31T00:00:00.000"
"79416","4","2434","2025-12-31T00:00:00.000"
"79416","5","80","2025-12-31T00:00:00.000"
"79423","1","5867","2025-12-31T00:00:00.000"
"79423","2","44","2025-12-31T00:00:00.000"
"79423","3","14090","2025-12-31T00:00:00.000"
"79423","4","2571","2025-12-31T00:00:00.000"
"79423","5","190","2025-12-31T00:00:00.000"
"79424","1","6299","2025-12-31T00:00:00.000"
"79424","2","60","2025-12-31T00:00:00.000"
"79424","3","18162","2025-12-31T00:00:00.000"
"79424","4","2141","2025-12-31T00:00:00.000"
"79424","5","47","2025-12-31T00:00:00.000"
"79424","6","3","2025-12-31T00:00:00.000"
"79430","1","7","2025-12-31T00:00:00.000"
"79493","1","2","2025-12-31T00:00:00.000"
"79493","4","1","2025-12-31T00:00:00.000"
"79501","1","61","2025-12-31T00:00:00.000"
"79501","3","594","2025-12-31T00:00:00.000"
"79501","4","131","2025-12-31T00:00:00.000"
"79501","5","62","2025-12-31T00:00:00.000"
"79502","1","18","2025-12-31T00:00:00.000"
"79502","3","185","2025-12-31T00:00:00.000"
"79502","4","20","2025-12-31T00:00:00.000"
"79502","5","22","2025-12-31T00:00:00.000"
"79503","1","10","2025-12-31T00:00:00.000"
"79503","3","31","2025-12-31T00:00:00.000"
"79503","4","10","2025-12-31T00:00:00.000"
"79503","5","2","2025-12-31T00:00:00.000"
"79504","1","78","2025-12-31T00:00:00.000"
"79504","3","564","2025-12-31T00:00:00.000"
"79504","4","82","2025-12-31T00:00:00.000"
"79504","5","72","2025-12-31T00:00:00.000"
"79505","1","9","2025-12-31T00:00:00.000"
"79505","3","33","2025-12-31T00:00:00.000"
"79505","4","1","2025-12-31T00:00:00.000"
"79505","5","3","2025-12-31T00:00:00.000"
"79506","1","26","2025-12-31T00:00:00.000"
"79506","3","138","2025-12-31T00:00:00.000"
"79506","4","15","2025-12-31T00:00:00.000"
"79506","5","29","2025-12-31T00:00:00.000"
"79506","6","1","2025-12-31T00:00:00.000"
"79508","1","55","2025-12-31T00:00:00.000"
"79508","3","321","2025-12-31T00:00:00.000"
"79508","4","55","2025-12-31T00:00:00.000"
"79508","5","31","2025-12-31T00:00:00.000"
"79508","6","1","2025-12-31T00:00:00.000"
"79510","1","207","2025-12-31T00:00:00.000"
"79510","3","1604","2025-12-31T00:00:00.000"
"79510","4","214","2025-12-31T00:00:00.000"
"79510","5","205","2025-12-31T00:00:00.000"
"79511","1","28","2025-12-31T00:00:00.000"
"79511","3","294","2025-12-31T00:00:00.000"
"79511","4","37","2025-12-31T00:00:00.000"
"79511","5","25","2025-12-31T00:00:00.000"
"79512","1","112","2025-12-31T00:00:00.000"
"79512","3","770","2025-12-31T00:00:00.000"
"79512","4","142","2025-12-31T00:00:00.000"
"79512","5","64","2025-12-31T00:00:00.000"
"79517","1","2","2025-12-31T00:00:00.000"
"79517","3","15","2025-12-31T00:00:00.000"
"79517","5","2","2025-12-31T00:00:00.000"
"79518","1","2","2025-12-31T00:00:00.000"
"79518","3","9","2025-12-31T00:00:00.000"
"79518","5","4","2025-12-31T00:00:00.000"
"79519","1","2","2025-12-31T00:00:00.000"
"79519","3","12","2025-12-31T00:00:00.000"
"79519","4","4","2025-12-31T00:00:00.000"
"79519","5","4","2025-12-31T00:00:00.000"
"79520","1","46","2025-12-31T00:00:00.000"
"79520","3","427","2025-12-31T00:00:00.000"
"79520","4","71","2025-12-31T00:00:00.000"
"79520","5","20","2025-12-31T00:00:00.000"
"79521","1","79","2025-12-31T00:00:00.000"
"79521","3","662","2025-12-31T00:00:00.000"
"79521","4","140","2025-12-31T00:00:00.000"
"79521","5","58","2025-12-31T00:00:00.000"
"79521","6","1","2025-12-31T00:00:00.000"
"79525","1","65","2025-12-31T00:00:00.000"
"79525","3","522","2025-12-31T00:00:00.000"
"79525","4","58","2025-12-31T00:00:00.000"
"79525","5","176","2025-12-31T00:00:00.000"
"79526","1","10","2025-12-31T00:00:00.000"
"79526","3","104","2025-12-31T00:00:00.000"
"79526","4","13","2025-12-31T00:00:00.000"
"79526","5","18","2025-12-31T00:00:00.000"
"79527","1","8","2025-12-31T00:00:00.000"
"79527","3","42","2025-12-31T00:00:00.000"
"79527","4","2","2025-12-31T00:00:00.000"
"79527","5","4","2025-12-31T00:00:00.000"
"79528","1","17","2025-12-31T00:00:00.000"
"79528","3","79","2025-12-31T00:00:00.000"
"79528","4","14","2025-12-31T00:00:00.000"
"79528","5","16","2025-12-31T00:00:00.000"
"79529","1","28","2025-12-31T00:00:00.000"
"79529","3","220","2025-12-31T00:00:00.000"
"79529","4","38","2025-12-31T00:00:00.000"
"79529","5","10","2025-12-31T00:00:00.000"
"79530","1","11","2025-12-31T00:00:00.000"
"79530","3","111","2025-12-31T00:00:00.000"
"79530","4","17","2025-12-31T00:00:00.000"
"79530","5","11","2025-12-31T00:00:00.000"
"79532","1","12","2025-12-31T00:00:00.000"
"79532","3","64","2025-12-31T00:00:00.000"
"79532","4","16","2025-12-31T00:00:00.000"
"79532","5","8","2025-12-31T00:00:00.000"
"79533","1","13","2025-12-31T00:00:00.000"
"79533","3","39","2025-12-31T00:00:00.000"
"79533","4","8","2025-12-31T00:00:00.000"
"79533","5","4","2025-12-31T00:00:00.000"
"79534","1","1","2025-12-31T00:00:00.000"
"79534","3","29","2025-12-31T00:00:00.000"
"79534","4","4","2025-12-31T00:00:00.000"
"79534","5","5","2025-12-31T00:00:00.000"
"79535","1","2","2025-12-31T00:00:00.000"
"79535","3","14","2025-12-31T00:00:00.000"
"79535","4","3","2025-12-31T00:00:00.000"
"79535","5","6","2025-12-31T00:00:00.000"
"79536","1","136","2025-12-31T00:00:00.000"
"79536","3","866","2025-12-31T00:00:00.000"
"79536","4","152","2025-12-31T00:00:00.000"
"79536","5","143","2025-12-31T00:00:00.000"
"79537","1","3","2025-12-31T00:00:00.000"
"79537","3","13","2025-12-31T00:00:00.000"
"79537","4","5","2025-12-31T00:00:00.000"
"79537","5","2","2025-12-31T00:00:00.000"
"79538","1","9","2025-12-31T00:00:00.000"
"79538","3","20","2025-12-31T00:00:00.000"
"79538","4","2","2025-12-31T00:00:00.000"
"79538","5","2","2025-12-31T00:00:00.000"
"79539","1","2","2025-12-31T00:00:00.000"
"79539","3","21","2025-12-31T00:00:00.000"
"79539","4","2","2025-12-31T00:00:00.000"
"79540","1","1","2025-12-31T00:00:00.000"
"79540","3","19","2025-12-31T00:00:00.000"
"79540","4","2","2025-12-31T00:00:00.000"
"79541","1","29","2025-12-31T00:00:00.000"
"79541","3","268","2025-12-31T00:00:00.000"
"79541","4","20","2025-12-31T00:00:00.000"
"79541","5","30","2025-12-31T00:00:00.000"
"79541","6","1","2025-12-31T00:00:00.000"
"79543","1","18","2025-12-31T00:00:00.000"
"79543","3","193","2025-12-31T00:00:00.000"
"79543","4","21","2025-12-31T00:00:00.000"
"79543","5","19","2025-12-31T00:00:00.000"
"79544","1","5","2025-12-31T00:00:00.000"
"79544","3","50","2025-12-31T00:00:00.000"
"79544","4","9","2025-12-31T00:00:00.000"
"79544","5","6","2025-12-31T00:00:00.000"
"79545","1","24","2025-12-31T00:00:00.000"
"79545","3","254","2025-12-31T00:00:00.000"
"79545","4","43","2025-12-31T00:00:00.000"
"79545","5","16","2025-12-31T00:00:00.000"
"79546","1","23","2025-12-31T00:00:00.000"
"79546","3","249","2025-12-31T00:00:00.000"
"79546","4","31","2025-12-31T00:00:00.000"
"79546","5","13","2025-12-31T00:00:00.000"
"79547","1","8","2025-12-31T00:00:00.000"
"79547","3","106","2025-12-31T00:00:00.000"
"79547","4","22","2025-12-31T00:00:00.000"
"79547","5","3","2025-12-31T00:00:00.000"
"79548","1","3","2025-12-31T00:00:00.000"
"79548","3","13","2025-12-31T00:00:00.000"
"79548","4","3","2025-12-31T00:00:00.000"
"79548","5","5","2025-12-31T00:00:00.000"
"79548","6","1","2025-12-31T00:00:00.000"
"79549","1","282","2025-12-31T00:00:00.000"
"79549","3","2342","2025-12-31T00:00:00.000"
"79549","4","377","2025-12-31T00:00:00.000"
"79549","5","139","2025-12-31T00:00:00.000"
"79553","1","73","2025-12-31T00:00:00.000"
"79553","3","524","2025-12-31T00:00:00.000"
"79553","4","121","2025-12-31T00:00:00.000"
"79553","5","15","2025-12-31T00:00:00.000"
"79556","1","452","2025-12-31T00:00:00.000"
"79556","3","2036","2025-12-31T00:00:00.000"
"79556","4","428","2025-12-31T00:00:00.000"
"79556","5","88","2025-12-31T00:00:00.000"
"79560","1","4","2025-12-31T00:00:00.000"
"79560","3","18","2025-12-31T00:00:00.000"
"79560","4","4","2025-12-31T00:00:00.000"
"79560","5","2","2025-12-31T00:00:00.000"
"79561","1","17","2025-12-31T00:00:00.000"
"79561","3","89","2025-12-31T00:00:00.000"
"79561","4","14","2025-12-31T00:00:00.000"
"79561","5","18","2025-12-31T00:00:00.000"
"79562","1","154","2025-12-31T00:00:00.000"
"79562","3","1835","2025-12-31T00:00:00.000"
"79562","4","150","2025-12-31T00:00:00.000"
"79562","5","87","2025-12-31T00:00:00.000"
"79562","6","1","2025-12-31T00:00:00.000"
"79563","1","44","2025-12-31T00:00:00.000"
"79563","3","96","2025-12-31T00:00:00.000"
"79563","4","35","2025-12-31T00:00:00.000"
"79563","5","89","2025-12-31T00:00:00.000"
"79565","1","17","2025-12-31T00:00:00.000"
"79565","3","22","2025-12-31T00:00:00.000"
"79565","4","2","2025-12-31T00:00:00.000"
"79565","5","17","2025-12-31T00:00:00.000"
"79566","1","7","2025-12-31T00:00:00.000"
"79566","3","25","2025-12-31T00:00:00.000"
"79566","4","3","2025-12-31T00:00:00.000"
"79566","5","12","2025-12-31T00:00:00.000"
"79567","1","60","2025-12-31T00:00:00.000"
"79567","3","354","2025-12-31T00:00:00.000"
"79567","4","83","2025-12-31T00:00:00.000"
"79567","5","24","2025-12-31T00:00:00.000"
"79601","1","2374","2025-12-31T00:00:00.000"
"79601","2","68","2025-12-31T00:00:00.000"
"79601","3","3309","2025-12-31T00:00:00.000"
"79601","4","1267","2025-12-31T00:00:00.000"
"79601","5","152","2025-12-31T00:00:00.000"
"79601","6","7","2025-12-31T00:00:00.000"
"79602","1","1677","2025-12-31T00:00:00.000"
"79602","2","7","2025-12-31T00:00:00.000"
"79602","3","7661","2025-12-31T00:00:00.000"
"79602","4","1537","2025-12-31T00:00:00.000"
"79602","5","41","2025-12-31T00:00:00.000"
"79602","6","2","2025-12-31T00:00:00.000"
"79603","1","952","2025-12-31T00:00:00.000"
"79603","2","6","2025-12-31T00:00:00.000"
"79603","3","4073","2025-12-31T00:00:00.000"
"79603","4","1377","2025-12-31T00:00:00.000"
"79603","5","44","2025-12-31T00:00:00.000"
"79603","6","87","2025-12-31T00:00:00.000"
"79605","1","2819","2025-12-31T00:00:00.000"
"79605","2","74","2025-12-31T00:00:00.000"
"79605","3","6234","2025-12-31T00:00:00.000"
"79605","4","1776","2025-12-31T00:00:00.000"
"79605","5","80","2025-12-31T00:00:00.000"
"79605","6","89","2025-12-31T00:00:00.000"
"79606","1","5531","2025-12-31T00:00:00.000"
"79606","2","25","2025-12-31T00:00:00.000"
"79606","3","8292","2025-12-31T00:00:00.000"
"79606","4","1077","2025-12-31T00:00:00.000"
"79606","5","57","2025-12-31T00:00:00.000"
"79606","6","16","2025-12-31T00:00:00.000"
"79607","1","1033","2025-12-31T00:00:00.000"
"79607","3","12","2025-12-31T00:00:00.000"
"79697","1","4","2025-12-31T00:00:00.000"
"79698","1","23","2025-12-31T00:00:00.000"
"79699","1","4063","2025-12-31T00:00:00.000"
"79699","3","1","2025-12-31T00:00:00.000"
"79699","4","1","2025-12-31T00:00:00.000"
"79701","1","1456","2025-12-31T00:00:00.000"
"79701","2","36","2025-12-31T00:00:00.000"
"79701","3","4741","2025-12-31T00:00:00.000"
"79701","4","736","2025-12-31T00:00:00.000"
"79701","5","99","2025-12-31T00:00:00.000"
"79703","1","1911","2025-12-31T00:00:00.000"
"79703","2","46","2025-12-31T00:00:00.000"
"79703","3","4707","2025-12-31T00:00:00.000"
"79703","4","679","2025-12-31T00:00:00.000"
"79703","5","13","2025-12-31T00:00:00.000"
"79705","1","5217","2025-12-31T00:00:00.000"
"79705","2","165","2025-12-31T00:00:00.000"
"79705","3","13566","2025-12-31T00:00:00.000"
"79705","4","1231","2025-12-31T00:00:00.000"
"79705","5","283","2025-12-31T00:00:00.000"
"79705","6","2","2025-12-31T00:00:00.000"
"79706","1","1340","2025-12-31T00:00:00.000"
"79706","3","5014","2025-12-31T00:00:00.000"
"79706","4","508","2025-12-31T00:00:00.000"
"79706","5","1056","2025-12-31T00:00:00.000"
"79707","1","6059","2025-12-31T00:00:00.000"
"79707","2","112","2025-12-31T00:00:00.000"
"79707","3","10748","2025-12-31T00:00:00.000"
"79707","4","737","2025-12-31T00:00:00.000"
"79707","5","78","2025-12-31T00:00:00.000"
"79707","6","1","2025-12-31T00:00:00.000"
"79712","1","22","2025-12-31T00:00:00.000"
"79712","3","1","2025-12-31T00:00:00.000"
"79712","5","62","2025-12-31T00:00:00.000"
"79713","1","29","2025-12-31T00:00:00.000"
"79713","3","42","2025-12-31T00:00:00.000"
"79713","4","13","2025-12-31T00:00:00.000"
"79713","5","10","2025-12-31T00:00:00.000"
"79714","1","463","2025-12-31T00:00:00.000"
"79714","2","1","2025-12-31T00:00:00.000"
"79714","3","3060","2025-12-31T00:00:00.000"
"79714","4","316","2025-12-31T00:00:00.000"
"79714","5","263","2025-12-31T00:00:00.000"
"79718","1","11","2025-12-31T00:00:00.000"
"79718","3","27","2025-12-31T00:00:00.000"
"79718","4","5","2025-12-31T00:00:00.000"
"79718","5","21","2025-12-31T00:00:00.000"
"79719","1","3","2025-12-31T00:00:00.000"
"79719","3","18","2025-12-31T00:00:00.000"
"79719","4","2","2025-12-31T00:00:00.000"
"79719","5","10","2025-12-31T00:00:00.000"
"79720","1","1215","2025-12-31T00:00:00.000"
"79720","2","2","2025-12-31T00:00:00.000"
"79720","3","4588","2025-12-31T00:00:00.000"
"79720","4","939","2025-12-31T00:00:00.000"
"79720","5","240","2025-12-31T00:00:00.000"
"79730","1","4","2025-12-31T00:00:00.000"
"79730","3","5","2025-12-31T00:00:00.000"
"79730","5","3","2025-12-31T00:00:00.000"
"79731","1","63","2025-12-31T00:00:00.000"
"79731","3","607","2025-12-31T00:00:00.000"
"79731","4","44","2025-12-31T00:00:00.000"
"79731","5","50","2025-12-31T00:00:00.000"
"79733","1","25","2025-12-31T00:00:00.000"
"79733","3","17","2025-12-31T00:00:00.000"
"79733","4","3","2025-12-31T00:00:00.000"
"79733","5","11","2025-12-31T00:00:00.000"
"79734","1","36","2025-12-31T00:00:00.000"
"79734","3","493","2025-12-31T00:00:00.000"
"79734","4","59","2025-12-31T00:00:00.000"
"79734","5","71","2025-12-31T00:00:00.000"
"79735","1","243","2025-12-31T00:00:00.000"
"79735","2","2","2025-12-31T00:00:00.000"
"79735","3","1542","2025-12-31T00:00:00.000"
"79735","4","302","2025-12-31T00:00:00.000"
"79735","5","199","2025-12-31T00:00:00.000"
"79738","1","25","2025-12-31T00:00:00.000"
"79738","3","17","2025-12-31T00:00:00.000"
"79738","4","2","2025-12-31T00:00:00.000"
"79738","5","16","2025-12-31T00:00:00.000"
"79739","1","39","2025-12-31T00:00:00.000"
"79739","3","56","2025-12-31T00:00:00.000"
"79739","4","13","2025-12-31T00:00:00.000"
"79739","5","16","2025-12-31T00:00:00.000"
"79740","1","1","2025-12-31T00:00:00.000"
"79740","4","1","2025-12-31T00:00:00.000"
"79740","5","2","2025-12-31T00:00:00.000"
"79741","1","7","2025-12-31T00:00:00.000"
"79741","3","39","2025-12-31T00:00:00.000"
"79741","4","6","2025-12-31T00:00:00.000"
"79741","5","27","2025-12-31T00:00:00.000"
"79742","1","11","2025-12-31T00:00:00.000"
"79742","3","15","2025-12-31T00:00:00.000"
"79742","4","2","2025-12-31T00:00:00.000"
"79742","5","22","2025-12-31T00:00:00.000"
"79743","1","8","2025-12-31T00:00:00.000"
"79743","3","16","2025-12-31T00:00:00.000"
"79743","4","1","2025-12-31T00:00:00.000"
"79743","5","12","2025-12-31T00:00:00.000"
"79744","1","17","2025-12-31T00:00:00.000"
"79744","3","170","2025-12-31T00:00:00.000"
"79744","4","23","2025-12-31T00:00:00.000"
"79744","5","17","2025-12-31T00:00:00.000"
"79745","1","156","2025-12-31T00:00:00.000"
"79745","3","871","2025-12-31T00:00:00.000"
"79745","4","125","2025-12-31T00:00:00.000"
"79745","5","47","2025-12-31T00:00:00.000"
"79748","1","6","2025-12-31T00:00:00.000"
"79748","3","11","2025-12-31T00:00:00.000"
"79748","4","1","2025-12-31T00:00:00.000"
"79748","5","6","2025-12-31T00:00:00.000"
"79749","1","13","2025-12-31T00:00:00.000"
"79749","3","27","2025-12-31T00:00:00.000"
"79749","4","3","2025-12-31T00:00:00.000"
"79749","5","8","2025-12-31T00:00:00.000"
"79752","1","28","2025-12-31T00:00:00.000"
"79752","3","247","2025-12-31T00:00:00.000"
"79752","4","26","2025-12-31T00:00:00.000"
"79752","5","52","2025-12-31T00:00:00.000"
"79754","1","1","2025-12-31T00:00:00.000"
"79754","3","4","2025-12-31T00:00:00.000"
"79754","5","1","2025-12-31T00:00:00.000"
"79755","1","2","2025-12-31T00:00:00.000"
"79755","3","4","2025-12-31T00:00:00.000"
"79755","4","1","2025-12-31T00:00:00.000"
"79755","5","2","2025-12-31T00:00:00.000"
"79756","1","248","2025-12-31T00:00:00.000"
"79756","3","1566","2025-12-31T00:00:00.000"
"79756","4","187","2025-12-31T00:00:00.000"
"79756","5","139","2025-12-31T00:00:00.000"
"79758","1","67","2025-12-31T00:00:00.000"
"79758","2","1","2025-12-31T00:00:00.000"
"79758","3","488","2025-12-31T00:00:00.000"
"79758","4","36","2025-12-31T00:00:00.000"
"79758","5","204","2025-12-31T00:00:00.000"
"79761","1","1343","2025-12-31T00:00:00.000"
"79761","2","53","2025-12-31T00:00:00.000"
"79761","3","4857","2025-12-31T00:00:00.000"
"79761","4","740","2025-12-31T00:00:00.000"
"79761","5","170","2025-12-31T00:00:00.000"
"79762","1","6269","2025-12-31T00:00:00.000"
"79762","2","127","2025-12-31T00:00:00.000"
"79762","3","9637","2025-12-31T00:00:00.000"
"79762","4","1182","2025-12-31T00:00:00.000"
"79762","5","116","2025-12-31T00:00:00.000"
"79763","1","756","2025-12-31T00:00:00.000"
"79763","2","31","2025-12-31T00:00:00.000"
"79763","3","4150","2025-12-31T00:00:00.000"
"79763","4","561","2025-12-31T00:00:00.000"
"79763","5","913","2025-12-31T00:00:00.000"
"79763","6","4","2025-12-31T00:00:00.000"
"79764","1","438","2025-12-31T00:00:00.000"
"79764","2","1","2025-12-31T00:00:00.000"
"79764","3","2362","2025-12-31T00:00:00.000"
"79764","4","232","2025-12-31T00:00:00.000"
"79764","5","919","2025-12-31T00:00:00.000"
"79765","1","2798","2025-12-31T00:00:00.000"
"79765","2","8","2025-12-31T00:00:00.000"
"79765","3","9838","2025-12-31T00:00:00.000"
"79765","4","754","2025-12-31T00:00:00.000"
"79765","5","61","2025-12-31T00:00:00.000"
"79766","1","108","2025-12-31T00:00:00.000"
"79766","3","511","2025-12-31T00:00:00.000"
"79766","4","16","2025-12-31T00:00:00.000"
"79766","5","555","2025-12-31T00:00:00.000"
"79770","1","2","2025-12-31T00:00:00.000"
"79770","4","1","2025-12-31T00:00:00.000"
"79770","5","1","2025-12-31T00:00:00.000"
"79772","1","415","2025-12-31T00:00:00.000"
"79772","3","1232","2025-12-31T00:00:00.000"
"79772","4","199","2025-12-31T00:00:00.000"
"79772","5","140","2025-12-31T00:00:00.000"
"79772","6","1","2025-12-31T00:00:00.000"
"79776","3","4","2025-12-31T00:00:00.000"
"79777","1","3","2025-12-31T00:00:00.000"
"79777","3","9","2025-12-31T00:00:00.000"
"79777","4","2","2025-12-31T00:00:00.000"
"79777","5","8","2025-12-31T00:00:00.000"
"79778","1","40","2025-12-31T00:00:00.000"
"79778","3","92","2025-12-31T00:00:00.000"
"79778","4","11","2025-12-31T00:00:00.000"
"79778","5","32","2025-12-31T00:00:00.000"
"79780","1","4","2025-12-31T00:00:00.000"
"79780","3","4","2025-12-31T00:00:00.000"
"79780","4","3","2025-12-31T00:00:00.000"
"79780","5","5","2025-12-31T00:00:00.000"
"79781","1","5","2025-12-31T00:00:00.000"
"79781","3","12","2025-12-31T00:00:00.000"
"79781","4","2","2025-12-31T00:00:00.000"
"79781","5","7","2025-12-31T00:00:00.000"
"79782","1","79","2025-12-31T00:00:00.000"
"79782","3","667","2025-12-31T00:00:00.000"
"79782","4","67","2025-12-31T00:00:00.000"
"79782","5","138","2025-12-31T00:00:00.000"
"79783","1","5","2025-12-31T00:00:00.000"
"79783","3","6","2025-12-31T00:00:00.000"
"79783","4","3","2025-12-31T00:00:00.000"
"79783","5","4","2025-12-31T00:00:00.000"
"79785","1","3","2025-12-31T00:00:00.000"
"79785","3","1","2025-12-31T00:00:00.000"
"79786","3","1","2025-12-31T00:00:00.000"
"79786","4","1","2025-12-31T00:00:00.000"
"79788","1","5","2025-12-31T00:00:00.000"
"79788","3","38","2025-12-31T00:00:00.000"
"79788","4","5","2025-12-31T00:00:00.000"
"79788","5","14","2025-12-31T00:00:00.000"
"79789","1","30","2025-12-31T00:00:00.000"
"79789","3","148","2025-12-31T00:00:00.000"
"79789","4","11","2025-12-31T00:00:00.000"
"79789","5","38","2025-12-31T00:00:00.000"
"79821","1","56","2025-12-31T00:00:00.000"
"79821","3","1066","2025-12-31T00:00:00.000"
"79821","4","113","2025-12-31T00:00:00.000"
"79821","5","50","2025-12-31T00:00:00.000"
"79830","1","301","2025-12-31T00:00:00.000"
"79830","3","1637","2025-12-31T00:00:00.000"
"79830","4","301","2025-12-31T00:00:00.000"
"79830","5","110","2025-12-31T00:00:00.000"
"79830","6","4","2025-12-31T00:00:00.000"
"79832","1","949","2025-12-31T00:00:00.000"
"79832","3","2","2025-12-31T00:00:00.000"
"79832","4","1","2025-12-31T00:00:00.000"
"79834","1","15","2025-12-31T00:00:00.000"
"79834","2","1","2025-12-31T00:00:00.000"
"79834","3","2","2025-12-31T00:00:00.000"
"79834","4","2","2025-12-31T00:00:00.000"
"79835","1","164","2025-12-31T00:00:00.000"
"79835","3","1372","2025-12-31T00:00:00.000"
"79835","4","209","2025-12-31T00:00:00.000"
"79835","5","163","2025-12-31T00:00:00.000"
"79836","1","75","2025-12-31T00:00:00.000"
"79836","3","959","2025-12-31T00:00:00.000"
"79836","4","83","2025-12-31T00:00:00.000"
"79836","5","95","2025-12-31T00:00:00.000"
"79837","1","10","2025-12-31T00:00:00.000"
"79837","3","18","2025-12-31T00:00:00.000"
"79837","4","14","2025-12-31T00:00:00.000"
"79837","5","9","2025-12-31T00:00:00.000"
"79838","1","83","2025-12-31T00:00:00.000"
"79838","3","573","2025-12-31T00:00:00.000"
"79838","4","71","2025-12-31T00:00:00.000"
"79838","5","89","2025-12-31T00:00:00.000"
"79839","1","9","2025-12-31T00:00:00.000"
"79839","3","26","2025-12-31T00:00:00.000"
"79839","4","6","2025-12-31T00:00:00.000"
"79839","5","17","2025-12-31T00:00:00.000"
"79842","1","14","2025-12-31T00:00:00.000"
"79842","3","117","2025-12-31T00:00:00.000"
"79842","4","22","2025-12-31T00:00:00.000"
"79842","5","8","2025-12-31T00:00:00.000"
"79843","1","63","2025-12-31T00:00:00.000"
"79843","2","5","2025-12-31T00:00:00.000"
"79843","3","527","2025-12-31T00:00:00.000"
"79843","4","143","2025-12-31T00:00:00.000"
"79843","5","33","2025-12-31T00:00:00.000"
"79843","6","1","2025-12-31T00:00:00.000"
"79845","1","56","2025-12-31T00:00:00.000"
"79845","3","156","2025-12-31T00:00:00.000"
"79845","4","22","2025-12-31T00:00:00.000"
"79845","5","38","2025-12-31T00:00:00.000"
"79846","3","1","2025-12-31T00:00:00.000"
"79846","5","1","2025-12-31T00:00:00.000"
"79847","1","11","2025-12-31T00:00:00.000"
"79847","3","7","2025-12-31T00:00:00.000"
"79847","5","5","2025-12-31T00:00:00.000"
"79848","1","18","2025-12-31T00:00:00.000"
"79848","3","145","2025-12-31T00:00:00.000"
"79848","4","29","2025-12-31T00:00:00.000"
"79848","5","10","2025-12-31T00:00:00.000"
"79849","1","768","2025-12-31T00:00:00.000"
"79849","3","897","2025-12-31T00:00:00.000"
"79849","4","132","2025-12-31T00:00:00.000"
"79849","5","96","2025-12-31T00:00:00.000"
"79851","1","12","2025-12-31T00:00:00.000"
"79851","3","31","2025-12-31T00:00:00.000"
"79851","4","31","2025-12-31T00:00:00.000"
"79851","5","23","2025-12-31T00:00:00.000"
"79852","1","20","2025-12-31T00:00:00.000"
"79852","2","3","2025-12-31T00:00:00.000"
"79852","3","98","2025-12-31T00:00:00.000"
"79852","4","45","2025-12-31T00:00:00.000"
"79852","5","13","2025-12-31T00:00:00.000"
"79853","1","29","2025-12-31T00:00:00.000"
"79853","3","164","2025-12-31T00:00:00.000"
"79853","4","12","2025-12-31T00:00:00.000"
"79853","5","45","2025-12-31T00:00:00.000"
"79854","1","1","2025-12-31T00:00:00.000"
"79854","3","5","2025-12-31T00:00:00.000"
"79854","4","2","2025-12-31T00:00:00.000"
"79854","5","6","2025-12-31T00:00:00.000"
"79855","1","48","2025-12-31T00:00:00.000"
"79855","3","211","2025-12-31T00:00:00.000"
"79855","4","95","2025-12-31T00:00:00.000"
"79855","5","35","2025-12-31T00:00:00.000"
"79901","1","337","2025-12-31T00:00:00.000"
"79901","3","128","2025-12-31T00:00:00.000"
"79901","4","151","2025-12-31T00:00:00.000"
"79902","1","1708","2025-12-31T00:00:00.000"
"79902","2","454","2025-12-31T00:00:00.000"
"79902","3","2862","2025-12-31T00:00:00.000"
"79902","4","890","2025-12-31T00:00:00.000"
"79903","1","813","2025-12-31T00:00:00.000"
"79903","3","2586","2025-12-31T00:00:00.000"
"79903","4","1114","2025-12-31T00:00:00.000"
"79904","1","2975","2025-12-31T00:00:00.000"
"79904","2","9","2025-12-31T00:00:00.000"
"79904","3","4590","2025-12-31T00:00:00.000"
"79904","4","1306","2025-12-31T00:00:00.000"
"79904","5","3","2025-12-31T00:00:00.000"
"79905","1","300","2025-12-31T00:00:00.000"
"79905","3","2200","2025-12-31T00:00:00.000"
"79905","4","902","2025-12-31T00:00:00.000"
"79905","5","1","2025-12-31T00:00:00.000"
"79906","1","2282","2025-12-31T00:00:00.000"
"79906","3","27","2025-12-31T00:00:00.000"
"79907","1","5565","2025-12-31T00:00:00.000"
"79907","2","2","2025-12-31T00:00:00.000"
"79907","3","7925","2025-12-31T00:00:00.000"
"79907","4","1534","2025-12-31T00:00:00.000"
"79907","5","160","2025-12-31T00:00:00.000"
"79908","1","1650","2025-12-31T00:00:00.000"
"79908","3","14","2025-12-31T00:00:00.000"
"79910","3","1","2025-12-31T00:00:00.000"
"79911","1","1052","2025-12-31T00:00:00.000"
"79911","2","1","2025-12-31T00:00:00.000"
"79911","3","3441","2025-12-31T00:00:00.000"
"79911","4","313","2025-12-31T00:00:00.000"
"79912","1","16943","2025-12-31T00:00:00.000"
"79912","2","441","2025-12-31T00:00:00.000"
"79912","3","17843","2025-12-31T00:00:00.000"
"79912","4","2556","2025-12-31T00:00:00.000"
"79912","5","2","2025-12-31T00:00:00.000"
"79915","1","1970","2025-12-31T00:00:00.000"
"79915","2","2","2025-12-31T00:00:00.000"
"79915","3","5313","2025-12-31T00:00:00.000"
"79915","4","1275","2025-12-31T00:00:00.000"
"79915","5","4","2025-12-31T00:00:00.000"
"79915","6","1","2025-12-31T00:00:00.000"
"79916","1","496","2025-12-31T00:00:00.000"
"79916","3","14","2025-12-31T00:00:00.000"
"79918","1","416","2025-12-31T00:00:00.000"
"79918","3","9","2025-12-31T00:00:00.000"
"79922","1","139","2025-12-31T00:00:00.000"
"79922","3","2382","2025-12-31T00:00:00.000"
"79922","4","247","2025-12-31T00:00:00.000"
"79922","5","1","2025-12-31T00:00:00.000"
"79922","6","3","2025-12-31T00:00:00.000"
"79924","1","5130","2025-12-31T00:00:00.000"
"79924","2","7","2025-12-31T00:00:00.000"
"79924","3","13068","2025-12-31T00:00:00.000"
"79924","4","2680","2025-12-31T00:00:00.000"
"79924","5","82","2025-12-31T00:00:00.000"
"79924","6","1","2025-12-31T00:00:00.000"
"79925","1","14156","2025-12-31T00:00:00.000"
"79925","2","82","2025-12-31T00:00:00.000"
"79925","3","7960","2025-12-31T00:00:00.000"
"79925","4","1276","2025-12-31T00:00:00.000"
"79925","5","1","2025-12-31T00:00:00.000"
"79927","1","1234","2025-12-31T00:00:00.000"
"79927","2","3","2025-12-31T00:00:00.000"
"79927","3","7677","2025-12-31T00:00:00.000"
"79927","4","915","2025-12-31T00:00:00.000"
"79927","5","273","2025-12-31T00:00:00.000"
"79928","1","1894","2025-12-31T00:00:00.000"
"79928","2","22","2025-12-31T00:00:00.000"
"79928","3","25695","2025-12-31T00:00:00.000"
"79928","4","2094","2025-12-31T00:00:00.000"
"79928","5","250","2025-12-31T00:00:00.000"
"79930","1","2781","2025-12-31T00:00:00.000"
"79930","2","34","2025-12-31T00:00:00.000"
"79930","3","3688","2025-12-31T00:00:00.000"
"79930","4","1392","2025-12-31T00:00:00.000"
"79930","6","1","2025-12-31T00:00:00.000"
"79932","1","2176","2025-12-31T00:00:00.000"
"79932","2","7","2025-12-31T00:00:00.000"
"79932","3","8060","2025-12-31T00:00:00.000"
"79932","4","834","2025-12-31T00:00:00.000"
"79932","5","58","2025-12-31T00:00:00.000"
"79934","1","5475","2025-12-31T00:00:00.000"
"79934","3","8247","2025-12-31T00:00:00.000"
"79934","4","1187","2025-12-31T00:00:00.000"
"79934","5","20","2025-12-31T00:00:00.000"
"79935","1","3186","2025-12-31T00:00:00.000"
"79935","2","106","2025-12-31T00:00:00.000"
"79935","3","3580","2025-12-31T00:00:00.000"
"79935","4","645","2025-12-31T00:00:00.000"
"79935","5","1","2025-12-31T00:00:00.000"
"79936","1","12547","2025-12-31T00:00:00.000"
"79936","2","24","2025-12-31T00:00:00.000"
"79936","3","25416","2025-12-31T00:00:00.000"
"79936","4","4485","2025-12-31T00:00:00.000"
"79936","5","90","2025-12-31T00:00:00.000"
"79936","6","1","2025-12-31T00:00:00.000"
"79938","1","4138","2025-12-31T00:00:00.000"
"79938","2","1","2025-12-31T00:00:00.000"
"79938","3","24732","2025-12-31T00:00:00.000"
"79938","4","3265","2025-12-31T00:00:00.000"
"79938","5","259","2025-12-31T00:00:00.000"
"78642","3","10966","2025-12-31T00:00:00.000"
"78642","4","1122","2025-12-31T00:00:00.000"
"78642","5","285","2025-12-31T00:00:00.000"
"78643","1","237","2025-12-31T00:00:00.000"
"78643","2","1","2025-12-31T00:00:00.000"
"78643","3","2252","2025-12-31T00:00:00.000"
"78643","4","316","2025-12-31T00:00:00.000"
"78643","5","147","2025-12-31T00:00:00.000"
"78644","1","1285","2025-12-31T00:00:00.000"
"78644","2","3","2025-12-31T00:00:00.000"
"78644","3","4126","2025-12-31T00:00:00.000"
"78644","4","880","2025-12-31T00:00:00.000"
"78644","5","341","2025-12-31T00:00:00.000"
"78645","1","843","2025-12-31T00:00:00.000"
"78645","2","672","2025-12-31T00:00:00.000"
"78645","3","7387","2025-12-31T00:00:00.000"
"78645","4","844","2025-12-31T00:00:00.000"
"78645","5","72","2025-12-31T00:00:00.000"
"78645","6","5","2025-12-31T00:00:00.000"
"78648","1","206","2025-12-31T00:00:00.000"
"78648","3","1059","2025-12-31T00:00:00.000"
"78648","4","187","2025-12-31T00:00:00.000"
"78648","5","126","2025-12-31T00:00:00.000"
"78650","1","46","2025-12-31T00:00:00.000"
"78650","3","226","2025-12-31T00:00:00.000"
"78650","4","38","2025-12-31T00:00:00.000"
"78650","5","26","2025-12-31T00:00:00.000"
"78651","1","5","2025-12-31T00:00:00.000"
"78651","2","1","2025-12-31T00:00:00.000"
"78651","3","1","2025-12-31T00:00:00.000"
"78652","1","645","2025-12-31T00:00:00.000"
"78652","3","2129","2025-12-31T00:00:00.000"
"78652","4","220","2025-12-31T00:00:00.000"
"78652","5","23","2025-12-31T00:00:00.000"
"78653","1","5526","2025-12-31T00:00:00.000"
"78653","2","9","2025-12-31T00:00:00.000"
"78653","3","12695","2025-12-31T00:00:00.000"
"78653","4","1646","2025-12-31T00:00:00.000"
"78653","5","127","2025-12-31T00:00:00.000"
"78654","1","1585","2025-12-31T00:00:00.000"
"78654","2","100","2025-12-31T00:00:00.000"
"78654","3","6078","2025-12-31T00:00:00.000"
"78654","4","939","2025-12-31T00:00:00.000"
"78654","5","205","2025-12-31T00:00:00.000"
"78654","6","3","2025-12-31T00:00:00.000"
"78655","1","76","2025-12-31T00:00:00.000"
"78655","3","474","2025-12-31T00:00:00.000"
"78655","4","69","2025-12-31T00:00:00.000"
"78655","5","46","2025-12-31T00:00:00.000"
"78655","6","3","2025-12-31T00:00:00.000"
"78656","1","868","2025-12-31T00:00:00.000"
"78656","3","1622","2025-12-31T00:00:00.000"
"78656","4","326","2025-12-31T00:00:00.000"
"78656","5","102","2025-12-31T00:00:00.000"
"78657","1","440","2025-12-31T00:00:00.000"
"78657","2","744","2025-12-31T00:00:00.000"
"78657","3","4345","2025-12-31T00:00:00.000"
"78657","4","536","2025-12-31T00:00:00.000"
"78657","5","78","2025-12-31T00:00:00.000"
"78657","6","2","2025-12-31T00:00:00.000"
"78658","3","1","2025-12-31T00:00:00.000"
"78659","1","81","2025-12-31T00:00:00.000"
"78659","3","669","2025-12-31T00:00:00.000"
"78659","4","39","2025-12-31T00:00:00.000"
"78659","5","187","2025-12-31T00:00:00.000"
"78660","1","25312","2025-12-31T00:00:00.000"
"78660","2","646","2025-12-31T00:00:00.000"
"78660","3","31798","2025-12-31T00:00:00.000"
"78660","4","5397","2025-12-31T00:00:00.000"
"78660","5","472","2025-12-31T00:00:00.000"
"78660","6","4","2025-12-31T00:00:00.000"
"78661","1","7","2025-12-31T00:00:00.000"
"78661","3","28","2025-12-31T00:00:00.000"
"78661","4","4","2025-12-31T00:00:00.000"
"78661","5","8","2025-12-31T00:00:00.000"
"78662","1","67","2025-12-31T00:00:00.000"
"78662","3","324","2025-12-31T00:00:00.000"
"78662","4","49","2025-12-31T00:00:00.000"
"78662","5","89","2025-12-31T00:00:00.000"
"78663","1","30","2025-12-31T00:00:00.000"
"78663","3","237","2025-12-31T00:00:00.000"
"78663","4","30","2025-12-31T00:00:00.000"
"78663","5","14","2025-12-31T00:00:00.000"
"78664","1","10616","2025-12-31T00:00:00.000"
"78664","2","648","2025-12-31T00:00:00.000"
"78664","3","12782","2025-12-31T00:00:00.000"
"78664","4","3308","2025-12-31T00:00:00.000"
"78664","5","10","2025-12-31T00:00:00.000"
"78664","6","2","2025-12-31T00:00:00.000"
"78665","1","11471","2025-12-31T00:00:00.000"
"78665","2","244","2025-12-31T00:00:00.000"
"78665","3","17682","2025-12-31T00:00:00.000"
"78665","4","3268","2025-12-31T00:00:00.000"
"78665","5","5","2025-12-31T00:00:00.000"
"78665","6","1","2025-12-31T00:00:00.000"
"78666","1","30505","2025-12-31T00:00:00.000"
"78666","2","365","2025-12-31T00:00:00.000"
"78666","3","13091","2025-12-31T00:00:00.000"
"78666","4","2886","2025-12-31T00:00:00.000"
"78666","5","714","2025-12-31T00:00:00.000"
"78666","6","12","2025-12-31T00:00:00.000"
"78669","1","526","2025-12-31T00:00:00.000"
"78669","2","77","2025-12-31T00:00:00.000"
"78669","3","5448","2025-12-31T00:00:00.000"
"78669","4","505","2025-12-31T00:00:00.000"
"78669","5","131","2025-12-31T00:00:00.000"
"78669","6","7","2025-12-31T00:00:00.000"
"78670","1","5","2025-12-31T00:00:00.000"
"78670","3","24","2025-12-31T00:00:00.000"
"78670","4","7","2025-12-31T00:00:00.000"
"78670","5","3","2025-12-31T00:00:00.000"
"78671","1","129","2025-12-31T00:00:00.000"
"78671","3","88","2025-12-31T00:00:00.000"
"78671","4","28","2025-12-31T00:00:00.000"
"78671","5","17","2025-12-31T00:00:00.000"
"78672","1","17","2025-12-31T00:00:00.000"
"78672","3","394","2025-12-31T00:00:00.000"
"78672","4","63","2025-12-31T00:00:00.000"
"78672","5","29","2025-12-31T00:00:00.000"
"78673","1","1","2025-12-31T00:00:00.000"
"78673","3","1","2025-12-31T00:00:00.000"
"78674","1","6","2025-12-31T00:00:00.000"
"78674","3","14","2025-12-31T00:00:00.000"
"78674","4","2","2025-12-31T00:00:00.000"
"78674","5","20","2025-12-31T00:00:00.000"
"78675","1","10","2025-12-31T00:00:00.000"
"78675","3","47","2025-12-31T00:00:00.000"
"78675","4","7","2025-12-31T00:00:00.000"
"78675","5","3","2025-12-31T00:00:00.000"
"78676","1","814","2025-12-31T00:00:00.000"
"78676","2","31","2025-12-31T00:00:00.000"
"78676","3","5265","2025-12-31T00:00:00.000"
"78676","4","818","2025-12-31T00:00:00.000"
"78676","5","100","2025-12-31T00:00:00.000"
"78676","6","5","2025-12-31T00:00:00.000"
"78677","3","4","2025-12-31T00:00:00.000"
"78677","4","2","2025-12-31T00:00:00.000"
"78681","1","6419","2025-12-31T00:00:00.000"
"78681","2","264","2025-12-31T00:00:00.000"
"78681","3","15694","2025-12-31T00:00:00.000"
"78681","4","2496","2025-12-31T00:00:00.000"
"78681","5","26","2025-12-31T00:00:00.000"
"78681","6","2","2025-12-31T00:00:00.000"
"78701","1","15311","2025-12-31T00:00:00.000"
"78701","2","4397","2025-12-31T00:00:00.000"
"78701","3","200","2025-12-31T00:00:00.000"
"78701","4","397","2025-12-31T00:00:00.000"
"78701","5","2","2025-12-31T00:00:00.000"
"78701","6","1","2025-12-31T00:00:00.000"
"78702","1","11283","2025-12-31T00:00:00.000"
"78702","2","1222","2025-12-31T00:00:00.000"
"78702","3","4402","2025-12-31T00:00:00.000"
"78702","4","2026","2025-12-31T00:00:00.000"
"78702","5","9","2025-12-31T00:00:00.000"
"78703","1","5939","2025-12-31T00:00:00.000"
"78703","2","1536","2025-12-31T00:00:00.000"
"78703","3","4915","2025-12-31T00:00:00.000"
"78703","4","923","2025-12-31T00:00:00.000"
"78703","6","20","2025-12-31T00:00:00.000"
"78704","1","24685","2025-12-31T00:00:00.000"
"78704","2","4115","2025-12-31T00:00:00.000"
"78704","3","7073","2025-12-31T00:00:00.000"
"78704","4","2560","2025-12-31T00:00:00.000"
"78704","5","5","2025-12-31T00:00:00.000"
"78704","6","9","2025-12-31T00:00:00.000"
"78705","1","38278","2025-12-31T00:00:00.000"
"78705","2","1934","2025-12-31T00:00:00.000"
"78705","3","1301","2025-12-31T00:00:00.000"
"78705","4","1215","2025-12-31T00:00:00.000"
"78705","5","19","2025-12-31T00:00:00.000"
"78705","6","1","2025-12-31T00:00:00.000"
"78710","1","3","2025-12-31T00:00:00.000"
"78710","3","1","2025-12-31T00:00:00.000"
"78712","1","155","2025-12-31T00:00:00.000"
"78712","2","8","2025-12-31T00:00:00.000"
"78712","3","4","2025-12-31T00:00:00.000"
"78717","1","14356","2025-12-31T00:00:00.000"
"78717","2","628","2025-12-31T00:00:00.000"
"78717","3","8077","2025-12-31T00:00:00.000"
"78717","4","1534","2025-12-31T00:00:00.000"
"78717","5","4","2025-12-31T00:00:00.000"
"78717","6","1","2025-12-31T00:00:00.000"
"78719","1","45","2025-12-31T00:00:00.000"
"78719","3","148","2025-12-31T00:00:00.000"
"78719","4","33","2025-12-31T00:00:00.000"
"78719","5","34","2025-12-31T00:00:00.000"
"78721","1","3202","2025-12-31T00:00:00.000"
"78721","2","194","2025-12-31T00:00:00.000"
"78721","3","2489","2025-12-31T00:00:00.000"
"78721","4","873","2025-12-31T00:00:00.000"
"78721","5","8","2025-12-31T00:00:00.000"
"78721","6","1","2025-12-31T00:00:00.000"
"78722","1","2535","2025-12-31T00:00:00.000"
"78722","2","207","2025-12-31T00:00:00.000"
"78722","3","1465","2025-12-31T00:00:00.000"
"78722","4","595","2025-12-31T00:00:00.000"
"78723","1","13066","2025-12-31T00:00:00.000"
"78723","2","1916","2025-12-31T00:00:00.000"
"78723","3","6839","2025-12-31T00:00:00.000"
"78723","4","1616","2025-12-31T00:00:00.000"
"78723","5","7","2025-12-31T00:00:00.000"
"78723","6","4","2025-12-31T00:00:00.000"
"78724","1","4102","2025-12-31T00:00:00.000"
"78724","2","3","2025-12-31T00:00:00.000"
"78724","3","4437","2025-12-31T00:00:00.000"
"78724","4","1102","2025-12-31T00:00:00.000"
"78724","5","657","2025-12-31T00:00:00.000"
"78724","6","1","2025-12-31T00:00:00.000"
"78725","1","764","2025-12-31T00:00:00.000"
"78725","2","33","2025-12-31T00:00:00.000"
"78725","3","3030","2025-12-31T00:00:00.000"
"78725","4","762","2025-12-31T00:00:00.000"
"78725","5","23","2025-12-31T00:00:00.000"
"78726","1","4812","2025-12-31T00:00:00.000"
"78726","2","150","2025-12-31T00:00:00.000"
"78726","3","2570","2025-12-31T00:00:00.000"
"78726","4","226","2025-12-31T00:00:00.000"
"78726","5","12","2025-12-31T00:00:00.000"
"78727","1","9340","2025-12-31T00:00:00.000"
"78727","2","635","2025-12-31T00:00:00.000"
"78727","3","5819","2025-12-31T00:00:00.000"
"78727","4","1369","2025-12-31T00:00:00.000"
"78727","5","1","2025-12-31T00:00:00.000"
"78728","1","9587","2025-12-31T00:00:00.000"
"78728","2","16","2025-12-31T00:00:00.000"
"78728","3","3870","2025-12-31T00:00:00.000"
"78728","4","1062","2025-12-31T00:00:00.000"
"78728","5","12","2025-12-31T00:00:00.000"
"78729","1","10373","2025-12-31T00:00:00.000"
"78729","2","542","2025-12-31T00:00:00.000"
"78729","3","5287","2025-12-31T00:00:00.000"
"78729","4","1658","2025-12-31T00:00:00.000"
"78729","5","7","2025-12-31T00:00:00.000"
"78730","1","3073","2025-12-31T00:00:00.000"
"78730","2","596","2025-12-31T00:00:00.000"
"78730","3","2533","2025-12-31T00:00:00.000"
"78730","4","141","2025-12-31T00:00:00.000"
"78730","5","1","2025-12-31T00:00:00.000"
"78730","6","2","2025-12-31T00:00:00.000"
"78731","1","6905","2025-12-31T00:00:00.000"
"78731","2","1554","2025-12-31T00:00:00.000"
"78731","3","7130","2025-12-31T00:00:00.000"
"78731","4","804","2025-12-31T00:00:00.000"
"78731","5","1","2025-12-31T00:00:00.000"
"78731","6","15","2025-12-31T00:00:00.000"
"78732","1","2284","2025-12-31T00:00:00.000"
"78732","2","55","2025-12-31T00:00:00.000"
"78732","3","5244","2025-12-31T00:00:00.000"
"78732","4","466","2025-12-31T00:00:00.000"
"78732","5","5","2025-12-31T00:00:00.000"
"78732","6","6","2025-12-31T00:00:00.000"
"78733","1","417","2025-12-31T00:00:00.000"
"78733","2","31","2025-12-31T00:00:00.000"
"78733","3","3039","2025-12-31T00:00:00.000"
"78733","4","318","2025-12-31T00:00:00.000"
"78733","5","20","2025-12-31T00:00:00.000"
"78733","6","2","2025-12-31T00:00:00.000"
"78734","1","1883","2025-12-31T00:00:00.000"
"78734","2","1103","2025-12-31T00:00:00.000"
"78734","3","7483","2025-12-31T00:00:00.000"
"78734","4","1085","2025-12-31T00:00:00.000"
"78734","5","53","2025-12-31T00:00:00.000"
"78734","6","8","2025-12-31T00:00:00.000"
"78735","1","8536","2025-12-31T00:00:00.000"
"78735","2","418","2025-12-31T00:00:00.000"
"78735","3","4054","2025-12-31T00:00:00.000"
"78735","4","310","2025-12-31T00:00:00.000"
"78735","5","19","2025-12-31T00:00:00.000"
"78735","6","7","2025-12-31T00:00:00.000"
"78736","1","1497","2025-12-31T00:00:00.000"
"78736","2","127","2025-12-31T00:00:00.000"
"78736","3","2556","2025-12-31T00:00:00.000"
"78736","4","314","2025-12-31T00:00:00.000"
"78736","5","25","2025-12-31T00:00:00.000"
"78736","6","1","2025-12-31T00:00:00.000"
"78737","1","1833","2025-12-31T00:00:00.000"
"78737","2","12","2025-12-31T00:00:00.000"
"78737","3","7805","2025-12-31T00:00:00.000"
"78737","4","492","2025-12-31T00:00:00.000"
"78737","5","25","2025-12-31T00:00:00.000"
"78737","6","3","2025-12-31T00:00:00.000"
"78738","1","3970","2025-12-31T00:00:00.000"
"78738","2","426","2025-12-31T00:00:00.000"
"78738","3","11408","2025-12-31T00:00:00.000"
"78738","4","811","2025-12-31T00:00:00.000"
"78738","5","11","2025-12-31T00:00:00.000"
"78738","6","11","2025-12-31T00:00:00.000"
"78739","1","745","2025-12-31T00:00:00.000"
"78739","2","4","2025-12-31T00:00:00.000"
"78739","3","7208","2025-12-31T00:00:00.000"
"78739","4","459","2025-12-31T00:00:00.000"
"78739","5","1","2025-12-31T00:00:00.000"
"78739","6","1","2025-12-31T00:00:00.000"
"78741","1","22162","2025-12-31T00:00:00.000"
"78741","2","1601","2025-12-31T00:00:00.000"
"78741","3","2440","2025-12-31T00:00:00.000"
"78741","4","1236","2025-12-31T00:00:00.000"
"78741","5","28","2025-12-31T00:00:00.000"
"78741","6","1","2025-12-31T00:00:00.000"
"78742","1","28","2025-12-31T00:00:00.000"
"78742","3","58","2025-12-31T00:00:00.000"
"78742","4","20","2025-12-31T00:00:00.000"
"78742","5","3","2025-12-31T00:00:00.000"
"78744","1","10780","2025-12-31T00:00:00.000"
"78744","2","253","2025-12-31T00:00:00.000"
"78744","3","9404","2025-12-31T00:00:00.000"
"78744","4","2128","2025-12-31T00:00:00.000"
"78744","5","189","2025-12-31T00:00:00.000"
"78745","1","19541","2025-12-31T00:00:00.000"
"78745","2","1838","2025-12-31T00:00:00.000"
"78745","3","12306","2025-12-31T00:00:00.000"
"78745","4","3712","2025-12-31T00:00:00.000"
"78745","5","31","2025-12-31T00:00:00.000"
"78745","6","2","2025-12-31T00:00:00.000"
"78746","1","4581","2025-12-31T00:00:00.000"
"78746","2","770","2025-12-31T00:00:00.000"
"78746","3","8025","2025-12-31T00:00:00.000"
"78746","4","627","2025-12-31T00:00:00.000"
"78746","5","2","2025-12-31T00:00:00.000"
"78746","6","24","2025-12-31T00:00:00.000"
"78747","1","4846","2025-12-31T00:00:00.000"
"78747","2","317","2025-12-31T00:00:00.000"
"78747","3","6075","2025-12-31T00:00:00.000"
"78747","4","1052","2025-12-31T00:00:00.000"
"78747","5","194","2025-12-31T00:00:00.000"
"78747","6","1","2025-12-31T00:00:00.000"
"78748","1","14345","2025-12-31T00:00:00.000"
"78748","2","865","2025-12-31T00:00:00.000"
"78748","3","13279","2025-12-31T00:00:00.000"
"78748","4","2581","2025-12-31T00:00:00.000"
"78748","5","63","2025-12-31T00:00:00.000"
"78748","6","2","2025-12-31T00:00:00.000"
"78749","1","7885","2025-12-31T00:00:00.000"
"78749","2","361","2025-12-31T00:00:00.000"
"78749","3","9548","2025-12-31T00:00:00.000"
"78749","4","1411","2025-12-31T00:00:00.000"
"78749","5","12","2025-12-31T00:00:00.000"
"78749","6","1","2025-12-31T00:00:00.000"
"78750","1","4003","2025-12-31T00:00:00.000"
"78750","2","742","2025-12-31T00:00:00.000"
"78750","3","7076","2025-12-31T00:00:00.000"
"78750","4","1152","2025-12-31T00:00:00.000"
"78750","5","2","2025-12-31T00:00:00.000"
"78750","6","1","2025-12-31T00:00:00.000"
"78751","1","7316","2025-12-31T00:00:00.000"
"78751","2","486","2025-12-31T00:00:00.000"
"78751","3","2457","2025-12-31T00:00:00.000"
"78751","4","1229","2025-12-31T00:00:00.000"
"78751","5","2","2025-12-31T00:00:00.000"
"78751","6","1","2025-12-31T00:00:00.000"
"78752","1","7605","2025-12-31T00:00:00.000"
"78752","2","525","2025-12-31T00:00:00.000"
"78752","3","1642","2025-12-31T00:00:00.000"
"78752","4","826","2025-12-31T00:00:00.000"
"78752","5","8","2025-12-31T00:00:00.000"
"78753","1","13509","2025-12-31T00:00:00.000"
"78753","2","510","2025-12-31T00:00:00.000"
"78753","3","6105","2025-12-31T00:00:00.000"
"78753","4","1542","2025-12-31T00:00:00.000"
"78753","5","113","2025-12-31T00:00:00.000"
"78754","1","8570","2025-12-31T00:00:00.000"
"78754","2","128","2025-12-31T00:00:00.000"
"78754","3","5663","2025-12-31T00:00:00.000"
"78754","4","1327","2025-12-31T00:00:00.000"
"78754","5","325","2025-12-31T00:00:00.000"
"78754","6","1","2025-12-31T00:00:00.000"
"78756","1","2801","2025-12-31T00:00:00.000"
"78756","2","422","2025-12-31T00:00:00.000"
"78756","3","1858","2025-12-31T00:00:00.000"
"78756","4","546","2025-12-31T00:00:00.000"
"78756","6","1","2025-12-31T00:00:00.000"
"78757","1","7157","2025-12-31T00:00:00.000"
"78757","2","1044","2025-12-31T00:00:00.000"
"78757","3","6394","2025-12-31T00:00:00.000"
"78757","4","1505","2025-12-31T00:00:00.000"
"78757","6","5","2025-12-31T00:00:00.000"
"78758","1","18599","2025-12-31T00:00:00.000"
"78758","2","1224","2025-12-31T00:00:00.000"
"78758","3","5125","2025-12-31T00:00:00.000"
"78758","4","2030","2025-12-31T00:00:00.000"
"78758","5","18","2025-12-31T00:00:00.000"
"78758","6","1","2025-12-31T00:00:00.000"
"78759","1","13657","2025-12-31T00:00:00.000"
"78759","2","1338","2025-12-31T00:00:00.000"
"78759","3","8849","2025-12-31T00:00:00.000"
"78759","4","1188","2025-12-31T00:00:00.000"
"78759","5","5","2025-12-31T00:00:00.000"
"78759","6","2","2025-12-31T00:00:00.000"
"78769","1","4","2025-12-31T00:00:00.000"
"78769","2","1","2025-12-31T00:00:00.000"
"78801","1","464","2025-12-31T00:00:00.000"
"78801","2","2","2025-12-31T00:00:00.000"
"78801","3","3155","2025-12-31T00:00:00.000"
"78801","4","721","2025-12-31T00:00:00.000"
"78801","5","126","2025-12-31T00:00:00.000"
"78827","1","5","2025-12-31T00:00:00.000"
"78827","3","65","2025-12-31T00:00:00.000"
"78827","4","13","2025-12-31T00:00:00.000"
"78827","5","23","2025-12-31T00:00:00.000"
"78828","1","5","2025-12-31T00:00:00.000"
"78828","3","53","2025-12-31T00:00:00.000"
"78828","4","12","2025-12-31T00:00:00.000"
"78828","5","5","2025-12-31T00:00:00.000"
"78829","1","6","2025-12-31T00:00:00.000"
"78829","3","26","2025-12-31T00:00:00.000"
"78829","4","10","2025-12-31T00:00:00.000"
"78829","5","18","2025-12-31T00:00:00.000"
"78830","1","1","2025-12-31T00:00:00.000"
"78830","3","42","2025-12-31T00:00:00.000"
"78830","4","6","2025-12-31T00:00:00.000"
"78830","5","16","2025-12-31T00:00:00.000"
"78832","1","41","2025-12-31T00:00:00.000"
"78832","2","20","2025-12-31T00:00:00.000"
"78832","3","569","2025-12-31T00:00:00.000"
"78832","4","95","2025-12-31T00:00:00.000"
"78832","5","82","2025-12-31T00:00:00.000"
"78833","1","18","2025-12-31T00:00:00.000"
"78833","3","189","2025-12-31T00:00:00.000"
"78833","4","47","2025-12-31T00:00:00.000"
"78833","5","30","2025-12-31T00:00:00.000"
"78833","6","2","2025-12-31T00:00:00.000"
"78834","1","85","2025-12-31T00:00:00.000"
"78834","3","741","2025-12-31T00:00:00.000"
"78834","4","191","2025-12-31T00:00:00.000"
"78834","5","109","2025-12-31T00:00:00.000"
"78834","6","1","2025-12-31T00:00:00.000"
"78836","3","6","2025-12-31T00:00:00.000"
"78836","4","1","2025-12-31T00:00:00.000"
"78836","5","3","2025-12-31T00:00:00.000"
"78837","1","6","2025-12-31T00:00:00.000"
"78837","3","50","2025-12-31T00:00:00.000"
"78837","4","7","2025-12-31T00:00:00.000"
"78837","5","12","2025-12-31T00:00:00.000"
"78838","1","7","2025-12-31T00:00:00.000"
"78838","2","6","2025-12-31T00:00:00.000"
"78838","3","284","2025-12-31T00:00:00.000"
"78838","4","117","2025-12-31T00:00:00.000"
"78839","1","57","2025-12-31T00:00:00.000"
"78839","3","626","2025-12-31T00:00:00.000"
"78839","4","151","2025-12-31T00:00:00.000"
"78839","5","90","2025-12-31T00:00:00.000"
"78840","1","1685","2025-12-31T00:00:00.000"
"78840","2","66","2025-12-31T00:00:00.000"
"78840","3","7839","2025-12-31T00:00:00.000"
"78840","4","1494","2025-12-31T00:00:00.000"
"78840","5","317","2025-12-31T00:00:00.000"
"78843","1","61","2025-12-31T00:00:00.000"
"78843","3","1","2025-12-31T00:00:00.000"
"78843","5","1","2025-12-31T00:00:00.000"
"78850","1","32","2025-12-31T00:00:00.000"
"78850","3","140","2025-12-31T00:00:00.000"
"78850","4","18","2025-12-31T00:00:00.000"
"78850","5","24","2025-12-31T00:00:00.000"
"78851","1","2","2025-12-31T00:00:00.000"
"78851","3","6","2025-12-31T00:00:00.000"
"78851","5","1","2025-12-31T00:00:00.000"
"78852","1","1190","2025-12-31T00:00:00.000"
"78852","2","30","2025-12-31T00:00:00.000"
"78852","3","6051","2025-12-31T00:00:00.000"
"78852","4","1052","2025-12-31T00:00:00.000"
"78852","5","187","2025-12-31T00:00:00.000"
"78860","1","3","2025-12-31T00:00:00.000"
"78860","2","1","2025-12-31T00:00:00.000"
"78860","3","13","2025-12-31T00:00:00.000"
"78860","4","3","2025-12-31T00:00:00.000"
"78860","5","4","2025-12-31T00:00:00.000"
"78861","1","453","2025-12-31T00:00:00.000"
"78861","3","1642","2025-12-31T00:00:00.000"
"78861","4","371","2025-12-31T00:00:00.000"
"78861","5","321","2025-12-31T00:00:00.000"
"78861","6","2","2025-12-31T00:00:00.000"
"78870","1","15","2025-12-31T00:00:00.000"
"78870","3","63","2025-12-31T00:00:00.000"
"78870","4","11","2025-12-31T00:00:00.000"
"78870","5","13","2025-12-31T00:00:00.000"
"78871","1","1","2025-12-31T00:00:00.000"
"78871","3","7","2025-12-31T00:00:00.000"
"78871","4","1","2025-12-31T00:00:00.000"
"78871","5","3","2025-12-31T00:00:00.000"
"78872","1","14","2025-12-31T00:00:00.000"
"78872","3","107","2025-12-31T00:00:00.000"
"78872","4","31","2025-12-31T00:00:00.000"
"78872","5","28","2025-12-31T00:00:00.000"
"78873","1","31","2025-12-31T00:00:00.000"
"78873","2","1","2025-12-31T00:00:00.000"
"78873","3","496","2025-12-31T00:00:00.000"
"78873","4","88","2025-12-31T00:00:00.000"
"78873","5","48","2025-12-31T00:00:00.000"
"78873","6","5","2025-12-31T00:00:00.000"
"78877","1","7","2025-12-31T00:00:00.000"
"78877","3","85","2025-12-31T00:00:00.000"
"78877","4","24","2025-12-31T00:00:00.000"
"78877","5","7","2025-12-31T00:00:00.000"
"78879","1","2","2025-12-31T00:00:00.000"
"78879","3","120","2025-12-31T00:00:00.000"
"78879","4","12","2025-12-31T00:00:00.000"
"78879","5","12","2025-12-31T00:00:00.000"
"78880","1","34","2025-12-31T00:00:00.000"
"78880","3","297","2025-12-31T00:00:00.000"
"78880","4","80","2025-12-31T00:00:00.000"
"78880","5","71","2025-12-31T00:00:00.000"
"78881","1","22","2025-12-31T00:00:00.000"
"78881","3","218","2025-12-31T00:00:00.000"
"78881","4","42","2025-12-31T00:00:00.000"
"78881","5","39","2025-12-31T00:00:00.000"
"78883","1","12","2025-12-31T00:00:00.000"
"78883","3","97","2025-12-31T00:00:00.000"
"78883","4","8","2025-12-31T00:00:00.000"
"78883","5","10","2025-12-31T00:00:00.000"
"78884","1","38","2025-12-31T00:00:00.000"
"78884","3","200","2025-12-31T00:00:00.000"
"78884","4","24","2025-12-31T00:00:00.000"
"78884","5","33","2025-12-31T00:00:00.000"
"78885","1","7","2025-12-31T00:00:00.000"
"78885","3","54","2025-12-31T00:00:00.000"
"78885","4","9","2025-12-31T00:00:00.000"
"78885","5","4","2025-12-31T00:00:00.000"
"78886","1","8","2025-12-31T00:00:00.000"
"78886","3","55","2025-12-31T00:00:00.000"
"78886","4","8","2025-12-31T00:00:00.000"
"78886","5","29","2025-12-31T00:00:00.000"
"78931","1","6","2025-12-31T00:00:00.000"
"78931","3","41","2025-12-31T00:00:00.000"
"78931","4","3","2025-12-31T00:00:00.000"
"78931","5","4","2025-12-31T00:00:00.000"
"78932","1","15","2025-12-31T00:00:00.000"
"78932","3","160","2025-12-31T00:00:00.000"
"78932","4","31","2025-12-31T00:00:00.000"
"78932","5","16","2025-12-31T00:00:00.000"
"78932","6","1","2025-12-31T00:00:00.000"
"78933","1","34","2025-12-31T00:00:00.000"
"78933","3","273","2025-12-31T00:00:00.000"
"78933","4","17","2025-12-31T00:00:00.000"
"78933","5","27","2025-12-31T00:00:00.000"
"78933","6","2","2025-12-31T00:00:00.000"
"78934","1","189","2025-12-31T00:00:00.000"
"78934","2","1","2025-12-31T00:00:00.000"
"78934","3","1040","2025-12-31T00:00:00.000"
"78934","4","160","2025-12-31T00:00:00.000"
"78934","5","78","2025-12-31T00:00:00.000"
"78934","6","6","2025-12-31T00:00:00.000"
"78935","1","18","2025-12-31T00:00:00.000"
"78935","3","130","2025-12-31T00:00:00.000"
"78935","4","5","2025-12-31T00:00:00.000"
"78935","5","25","2025-12-31T00:00:00.000"
"78935","6","2","2025-12-31T00:00:00.000"
"78938","1","8","2025-12-31T00:00:00.000"
"78938","3","27","2025-12-31T00:00:00.000"
"78938","4","3","2025-12-31T00:00:00.000"
"78938","5","4","2025-12-31T00:00:00.000"
"78940","1","44","2025-12-31T00:00:00.000"
"78940","3","310","2025-12-31T00:00:00.000"
"78940","4","47","2025-12-31T00:00:00.000"
"78940","5","26","2025-12-31T00:00:00.000"
"78941","1","75","2025-12-31T00:00:00.000"
"78941","3","359","2025-12-31T00:00:00.000"
"78941","4","59","2025-12-31T00:00:00.000"
"78941","5","49","2025-12-31T00:00:00.000"
"78942","1","300","2025-12-31T00:00:00.000"
"78942","2","2","2025-12-31T00:00:00.000"
"78942","3","1182","2025-12-31T00:00:00.000"
"78942","4","227","2025-12-31T00:00:00.000"
"78942","5","122","2025-12-31T00:00:00.000"
"78943","1","6","2025-12-31T00:00:00.000"
"78943","3","20","2025-12-31T00:00:00.000"
"78943","4","12","2025-12-31T00:00:00.000"
"78943","5","8","2025-12-31T00:00:00.000"
"78944","1","12","2025-12-31T00:00:00.000"
"78944","3","66","2025-12-31T00:00:00.000"
"78944","4","5","2025-12-31T00:00:00.000"
"78944","5","6","2025-12-31T00:00:00.000"
"78945","1","287","2025-12-31T00:00:00.000"
"78945","3","1715","2025-12-31T00:00:00.000"
"78945","4","232","2025-12-31T00:00:00.000"
"78945","5","114","2025-12-31T00:00:00.000"
"78946","1","19","2025-12-31T00:00:00.000"
"78946","3","131","2025-12-31T00:00:00.000"
"78946","4","20","2025-12-31T00:00:00.000"
"78946","5","47","2025-12-31T00:00:00.000"
"78947","1","105","2025-12-31T00:00:00.000"
"78947","3","625","2025-12-31T00:00:00.000"
"78947","4","88","2025-12-31T00:00:00.000"
"78947","5","95","2025-12-31T00:00:00.000"
"78947","6","1","2025-12-31T00:00:00.000"
"78948","1","16","2025-12-31T00:00:00.000"
"78948","3","97","2025-12-31T00:00:00.000"
"78948","4","5","2025-12-31T00:00:00.000"
"78948","5","32","2025-12-31T00:00:00.000"
"78949","1","6","2025-12-31T00:00:00.000"
"78949","3","60","2025-12-31T00:00:00.000"
"78949","4","4","2025-12-31T00:00:00.000"
"78949","5","9","2025-12-31T00:00:00.000"
"78950","1","34","2025-12-31T00:00:00.000"
"78950","3","427","2025-12-31T00:00:00.000"
"78950","4","23","2025-12-31T00:00:00.000"
"78950","5","43","2025-12-31T00:00:00.000"
"78950","6","1","2025-12-31T00:00:00.000"
"78951","1","1","2025-12-31T00:00:00.000"
"78951","3","4","2025-12-31T00:00:00.000"
"78952","3","8","2025-12-31T00:00:00.000"
"78952","5","2","2025-12-31T00:00:00.000"
"78953","1","38","2025-12-31T00:00:00.000"
"78953","3","155","2025-12-31T00:00:00.000"
"78953","4","21","2025-12-31T00:00:00.000"
"78953","5","39","2025-12-31T00:00:00.000"
"78954","1","32","2025-12-31T00:00:00.000"
"78954","3","280","2025-12-31T00:00:00.000"
"78954","4","23","2025-12-31T00:00:00.000"
"78954","5","12","2025-12-31T00:00:00.000"
"78956","1","117","2025-12-31T00:00:00.000"
"78956","3","594","2025-12-31T00:00:00.000"
"78956","4","121","2025-12-31T00:00:00.000"
"78956","5","42","2025-12-31T00:00:00.000"
"78957","1","351","2025-12-31T00:00:00.000"
"78957","2","2","2025-12-31T00:00:00.000"
"78957","3","2048","2025-12-31T00:00:00.000"
"78957","4","385","2025-12-31T00:00:00.000"
"78957","5","229","2025-12-31T00:00:00.000"
"78959","1","23","2025-12-31T00:00:00.000"
"78959","3","176","2025-12-31T00:00:00.000"
"78959","4","30","2025-12-31T00:00:00.000"
"78959","5","64","2025-12-31T00:00:00.000"
"78960","3","11","2025-12-31T00:00:00.000"
"78960","4","1","2025-12-31T00:00:00.000"
"78962","1","78","2025-12-31T00:00:00.000"
"78962","3","827","2025-12-31T00:00:00.000"
"78962","4","97","2025-12-31T00:00:00.000"
"78962","5","51","2025-12-31T00:00:00.000"
"78962","6","1","2025-12-31T00:00:00.000"
"78963","1","9","2025-12-31T00:00:00.000"
"78963","3","105","2025-12-31T00:00:00.000"
"78963","4","15","2025-12-31T00:00:00.000"
"78963","5","24","2025-12-31T00:00:00.000"
"79001","1","14","2025-12-31T00:00:00.000"
"79001","3","31","2025-12-31T00:00:00.000"
"79001","4","1","2025-12-31T00:00:00.000"
"79001","5","2","2025-12-31T00:00:00.000"
"79002","3","2","2025-12-31T00:00:00.000"
"79002","5","1","2025-12-31T00:00:00.000"
"79003","1","2","2025-12-31T00:00:00.000"
"79003","3","20","2025-12-31T00:00:00.000"
"79003","4","5","2025-12-31T00:00:00.000"
"79005","1","17","2025-12-31T00:00:00.000"
"79005","3","280","2025-12-31T00:00:00.000"
"79005","4","28","2025-12-31T00:00:00.000"
"79005","5","11","2025-12-31T00:00:00.000"
"79007","1","416","2025-12-31T00:00:00.000"
"79007","3","3003","2025-12-31T00:00:00.000"
"79007","4","547","2025-12-31T00:00:00.000"
"79007","5","17","2025-12-31T00:00:00.000"
"79009","1","21","2025-12-31T00:00:00.000"
"79009","3","171","2025-12-31T00:00:00.000"
"79009","4","27","2025-12-31T00:00:00.000"
"79009","5","14","2025-12-31T00:00:00.000"
"79010","1","36","2025-12-31T00:00:00.000"
"79010","3","20","2025-12-31T00:00:00.000"
"79010","4","5","2025-12-31T00:00:00.000"
"79010","5","15","2025-12-31T00:00:00.000"
"79011","1","13","2025-12-31T00:00:00.000"
"79011","3","14","2025-12-31T00:00:00.000"
"79011","4","1","2025-12-31T00:00:00.000"
"79011","5","2","2025-12-31T00:00:00.000"
"79012","1","4","2025-12-31T00:00:00.000"
"79012","3","43","2025-12-31T00:00:00.000"
"79012","4","1","2025-12-31T00:00:00.000"
"79012","5","2","2025-12-31T00:00:00.000"
"79013","1","36","2025-12-31T00:00:00.000"
"79013","2","1","2025-12-31T00:00:00.000"
"79013","3","50","2025-12-31T00:00:00.000"
"79013","4","7","2025-12-31T00:00:00.000"
"79013","5","67","2025-12-31T00:00:00.000"
"79014","1","100","2025-12-31T00:00:00.000"
"79014","3","630","2025-12-31T00:00:00.000"
"79014","4","76","2025-12-31T00:00:00.000"
"79014","5","33","2025-12-31T00:00:00.000"
"79015","1","4822","2025-12-31T00:00:00.000"
"79015","2","77","2025-12-31T00:00:00.000"
"79015","3","6154","2025-12-31T00:00:00.000"
"79015","4","889","2025-12-31T00:00:00.000"
"79015","5","200","2025-12-31T00:00:00.000"
"79016","1","95","2025-12-31T00:00:00.000"
"79018","1","16","2025-12-31T00:00:00.000"
"79018","3","40","2025-12-31T00:00:00.000"
"79018","4","8","2025-12-31T00:00:00.000"
"79018","5","15","2025-12-31T00:00:00.000"
"79019","1","50","2025-12-31T00:00:00.000"
"79019","3","446","2025-12-31T00:00:00.000"
"79019","4","59","2025-12-31T00:00:00.000"
"79019","5","33","2025-12-31T00:00:00.000"
"79021","3","10","2025-12-31T00:00:00.000"
"79021","4","1","2025-12-31T00:00:00.000"
"79021","5","2","2025-12-31T00:00:00.000"
"79022","1","241","2025-12-31T00:00:00.000"
"79022","3","1823","2025-12-31T00:00:00.000"
"79022","4","404","2025-12-31T00:00:00.000"
"79022","5","76","2025-12-31T00:00:00.000"
"79024","1","8","2025-12-31T00:00:00.000"
"79024","3","52","2025-12-31T00:00:00.000"
"79024","4","8","2025-12-31T00:00:00.000"
"79024","5","5","2025-12-31T00:00:00.000"
"79025","1","1","2025-12-31T00:00:00.000"
"79025","3","9","2025-12-31T00:00:00.000"
"79025","4","2","2025-12-31T00:00:00.000"
"79027","1","51","2025-12-31T00:00:00.000"
"79027","3","570","2025-12-31T00:00:00.000"
"79027","4","117","2025-12-31T00:00:00.000"
"79027","5","12","2025-12-31T00:00:00.000"
"79029","1","356","2025-12-31T00:00:00.000"
"79029","3","3159","2025-12-31T00:00:00.000"
"79029","4","446","2025-12-31T00:00:00.000"
"79029","5","146","2025-12-31T00:00:00.000"
"79031","1","20","2025-12-31T00:00:00.000"
"79031","3","148","2025-12-31T00:00:00.000"
"79031","4","19","2025-12-31T00:00:00.000"
"79032","3","13","2025-12-31T00:00:00.000"
"79032","5","-1","2025-12-31T00:00:00.000"
"79033","3","15","2025-12-31T00:00:00.000"
"79033","4","2","2025-12-31T00:00:00.000"
"79034","1","12","2025-12-31T00:00:00.000"
"79034","3","85","2025-12-31T00:00:00.000"
"79034","4","9","2025-12-31T00:00:00.000"
"79034","5","1","2025-12-31T00:00:00.000"
"79035","1","80","2025-12-31T00:00:00.000"
"79035","3","602","2025-12-31T00:00:00.000"
"79035","4","124","2025-12-31T00:00:00.000"
"79035","5","13","2025-12-31T00:00:00.000"
"79036","1","96","2025-12-31T00:00:00.000"
"79036","3","1108","2025-12-31T00:00:00.000"
"79036","4","78","2025-12-31T00:00:00.000"
"79036","5","130","2025-12-31T00:00:00.000"
"79039","1","20","2025-12-31T00:00:00.000"
"79039","3","124","2025-12-31T00:00:00.000"
"79039","4","19","2025-12-31T00:00:00.000"
"79039","5","10","2025-12-31T00:00:00.000"
"79040","1","23","2025-12-31T00:00:00.000"
"79040","3","331","2025-12-31T00:00:00.000"
"79040","4","33","2025-12-31T00:00:00.000"
"79040","5","16","2025-12-31T00:00:00.000"
"79041","1","44","2025-12-31T00:00:00.000"
"79041","3","357","2025-12-31T00:00:00.000"
"79041","4","63","2025-12-31T00:00:00.000"
"79041","5","13","2025-12-31T00:00:00.000"
"79042","1","36","2025-12-31T00:00:00.000"
"79042","3","197","2025-12-31T00:00:00.000"
"79042","4","27","2025-12-31T00:00:00.000"
"79042","5","36","2025-12-31T00:00:00.000"
"79043","1","17","2025-12-31T00:00:00.000"
"79043","3","114","2025-12-31T00:00:00.000"
"79043","4","16","2025-12-31T00:00:00.000"
"79043","5","3","2025-12-31T00:00:00.000"
"79044","1","10","2025-12-31T00:00:00.000"
"79044","3","66","2025-12-31T00:00:00.000"
"79044","4","16","2025-12-31T00:00:00.000"
"79044","5","11","2025-12-31T00:00:00.000"
"79045","1","297","2025-12-31T00:00:00.000"
"79045","3","2681","2025-12-31T00:00:00.000"
"79045","4","384","2025-12-31T00:00:00.000"
"79045","5","81","2025-12-31T00:00:00.000"
"79046","1","5","2025-12-31T00:00:00.000"
"79046","3","66","2025-12-31T00:00:00.000"
"79046","4","4","2025-12-31T00:00:00.000"
"79046","5","4","2025-12-31T00:00:00.000"
"79051","3","1","2025-12-31T00:00:00.000"
"79051","4","1","2025-12-31T00:00:00.000"
"79052","1","14","2025-12-31T00:00:00.000"
"79052","3","120","2025-12-31T00:00:00.000"
"79052","4","41","2025-12-31T00:00:00.000"
"79052","5","5","2025-12-31T00:00:00.000"
"79053","1","1","2025-12-31T00:00:00.000"
"79053","3","4","2025-12-31T00:00:00.000"
"79053","4","2","2025-12-31T00:00:00.000"
"79053","5","1","2025-12-31T00:00:00.000"
"79054","1","8","2025-12-31T00:00:00.000"
"79054","3","58","2025-12-31T00:00:00.000"
"79054","4","3","2025-12-31T00:00:00.000"
"79054","5","8","2025-12-31T00:00:00.000"
"79056","1","1","2025-12-31T00:00:00.000"
"79056","3","11","2025-12-31T00:00:00.000"
"79056","4","3","2025-12-31T00:00:00.000"
"79056","5","3","2025-12-31T00:00:00.000"
"79057","1","32","2025-12-31T00:00:00.000"
"79057","3","145","2025-12-31T00:00:00.000"
"79057","4","25","2025-12-31T00:00:00.000"
"79057","5","8","2025-12-31T00:00:00.000"
"79058","1","3","2025-12-31T00:00:00.000"
"79059","1","31","2025-12-31T00:00:00.000"
"79059","3","146","2025-12-31T00:00:00.000"
"79059","4","20","2025-12-31T00:00:00.000"
"79059","5","5","2025-12-31T00:00:00.000"
"79061","1","9","2025-12-31T00:00:00.000"
"79061","3","38","2025-12-31T00:00:00.000"
"79061","4","1","2025-12-31T00:00:00.000"
"79061","5","9","2025-12-31T00:00:00.000"
"79062","1","5","2025-12-31T00:00:00.000"
"79062","3","13","2025-12-31T00:00:00.000"
"79063","1","13","2025-12-31T00:00:00.000"
"79063","3","142","2025-12-31T00:00:00.000"
"79063","4","10","2025-12-31T00:00:00.000"
"79063","5","4","2025-12-31T00:00:00.000"
"79064","1","31","2025-12-31T00:00:00.000"
"79064","3","315","2025-12-31T00:00:00.000"
"79064","4","56","2025-12-31T00:00:00.000"
"79064","5","12","2025-12-31T00:00:00.000"
"79065","1","489","2025-12-31T00:00:00.000"
"79065","2","19","2025-12-31T00:00:00.000"
"79065","3","3661","2025-12-31T00:00:00.000"
"79065","4","713","2025-12-31T00:00:00.000"
"79065","5","107","2025-12-31T00:00:00.000"
"79068","1","147","2025-12-31T00:00:00.000"
"79068","3","783","2025-12-31T00:00:00.000"
"79068","4","103","2025-12-31T00:00:00.000"
"79068","5","41","2025-12-31T00:00:00.000"
"79070","1","184","2025-12-31T00:00:00.000"
"79070","3","1683","2025-12-31T00:00:00.000"
"79070","4","234","2025-12-31T00:00:00.000"
"79070","5","46","2025-12-31T00:00:00.000"
"79072","1","543","2025-12-31T00:00:00.000"
"79072","2","1","2025-12-31T00:00:00.000"
"79072","3","3853","2025-12-31T00:00:00.000"
"79072","4","800","2025-12-31T00:00:00.000"
"79072","5","25","2025-12-31T00:00:00.000"
"79078","1","5","2025-12-31T00:00:00.000"
"79078","3","43","2025-12-31T00:00:00.000"
"79078","4","3","2025-12-31T00:00:00.000"
"79078","5","12","2025-12-31T00:00:00.000"
"79079","1","53","2025-12-31T00:00:00.000"
"79079","3","368","2025-12-31T00:00:00.000"
"79079","4","74","2025-12-31T00:00:00.000"
"79079","5","23","2025-12-31T00:00:00.000"
"79080","1","11","2025-12-31T00:00:00.000"
"79080","3","67","2025-12-31T00:00:00.000"
"79080","4","7","2025-12-31T00:00:00.000"
"79080","5","7","2025-12-31T00:00:00.000"
"79081","1","60","2025-12-31T00:00:00.000"
"79081","3","702","2025-12-31T00:00:00.000"
"79081","4","75","2025-12-31T00:00:00.000"
"79081","5","18","2025-12-31T00:00:00.000"
"79082","1","9","2025-12-31T00:00:00.000"
"79082","3","40","2025-12-31T00:00:00.000"
"79082","4","3","2025-12-31T00:00:00.000"
"79083","1","75","2025-12-31T00:00:00.000"
"79083","3","482","2025-12-31T00:00:00.000"
"79083","4","63","2025-12-31T00:00:00.000"
"79083","5","36","2025-12-31T00:00:00.000"
"79084","1","46","2025-12-31T00:00:00.000"
"79084","3","453","2025-12-31T00:00:00.000"
"79084","4","65","2025-12-31T00:00:00.000"
"79084","5","33","2025-12-31T00:00:00.000"
"79085","1","2","2025-12-31T00:00:00.000"
"79085","3","2","2025-12-31T00:00:00.000"
"79085","5","2","2025-12-31T00:00:00.000"
"79086","1","30","2025-12-31T00:00:00.000"
"79086","3","330","2025-12-31T00:00:00.000"
"79086","4","56","2025-12-31T00:00:00.000"
"79086","5","16","2025-12-31T00:00:00.000"
"79087","1","20","2025-12-31T00:00:00.000"
"79087","3","37","2025-12-31T00:00:00.000"
"79087","4","14","2025-12-31T00:00:00.000"
"79087","5","16","2025-12-31T00:00:00.000"
"79088","1","77","2025-12-31T00:00:00.000"
"79088","3","725","2025-12-31T00:00:00.000"
"79088","4","139","2025-12-31T00:00:00.000"
"79088","5","6","2025-12-31T00:00:00.000"
"79091","1","2","2025-12-31T00:00:00.000"
"79091","3","20","2025-12-31T00:00:00.000"
"79091","4","2","2025-12-31T00:00:00.000"
"79091","5","2","2025-12-31T00:00:00.000"
"79092","1","34","2025-12-31T00:00:00.000"
"79092","3","276","2025-12-31T00:00:00.000"
"79092","4","17","2025-12-31T00:00:00.000"
"79092","5","26","2025-12-31T00:00:00.000"
"79093","1","3","2025-12-31T00:00:00.000"
"79093","3","8","2025-12-31T00:00:00.000"
"79093","4","3","2025-12-31T00:00:00.000"
"79094","1","2","2025-12-31T00:00:00.000"
"79094","3","6","2025-12-31T00:00:00.000"
"79094","5","1","2025-12-31T00:00:00.000"
"79095","1","29","2025-12-31T00:00:00.000"
"79095","3","389","2025-12-31T00:00:00.000"
"79095","4","69","2025-12-31T00:00:00.000"
"79095","5","12","2025-12-31T00:00:00.000"
"79096","1","45","2025-12-31T00:00:00.000"
"79096","3","258","2025-12-31T00:00:00.000"
"79096","4","42","2025-12-31T00:00:00.000"
"79096","5","18","2025-12-31T00:00:00.000"
"79097","1","30","2025-12-31T00:00:00.000"
"79097","3","266","2025-12-31T00:00:00.000"
"79097","4","33","2025-12-31T00:00:00.000"
"79097","5","8","2025-12-31T00:00:00.000"
"79098","1","13","2025-12-31T00:00:00.000"
"76934","5","34","2025-12-31T00:00:00.000"
"76935","1","37","2025-12-31T00:00:00.000"
"76935","3","479","2025-12-31T00:00:00.000"
"76935","4","36","2025-12-31T00:00:00.000"
"76935","5","49","2025-12-31T00:00:00.000"
"76936","1","46","2025-12-31T00:00:00.000"
"76936","3","267","2025-12-31T00:00:00.000"
"76936","4","39","2025-12-31T00:00:00.000"
"76936","5","44","2025-12-31T00:00:00.000"
"76937","1","6","2025-12-31T00:00:00.000"
"76937","3","14","2025-12-31T00:00:00.000"
"76937","4","10","2025-12-31T00:00:00.000"
"76937","5","2","2025-12-31T00:00:00.000"
"76939","1","3","2025-12-31T00:00:00.000"
"76939","3","16","2025-12-31T00:00:00.000"
"76939","4","4","2025-12-31T00:00:00.000"
"76939","5","3","2025-12-31T00:00:00.000"
"76940","1","2","2025-12-31T00:00:00.000"
"76940","3","18","2025-12-31T00:00:00.000"
"76940","4","2","2025-12-31T00:00:00.000"
"76940","5","2","2025-12-31T00:00:00.000"
"76941","1","42","2025-12-31T00:00:00.000"
"76941","3","194","2025-12-31T00:00:00.000"
"76941","4","35","2025-12-31T00:00:00.000"
"76941","5","34","2025-12-31T00:00:00.000"
"76943","1","55","2025-12-31T00:00:00.000"
"76943","3","387","2025-12-31T00:00:00.000"
"76943","4","62","2025-12-31T00:00:00.000"
"76943","5","43","2025-12-31T00:00:00.000"
"76945","1","42","2025-12-31T00:00:00.000"
"76945","3","262","2025-12-31T00:00:00.000"
"76945","4","28","2025-12-31T00:00:00.000"
"76945","5","49","2025-12-31T00:00:00.000"
"76949","5","3","2025-12-31T00:00:00.000"
"76950","1","88","2025-12-31T00:00:00.000"
"76950","3","486","2025-12-31T00:00:00.000"
"76950","4","73","2025-12-31T00:00:00.000"
"76950","5","86","2025-12-31T00:00:00.000"
"76951","1","37","2025-12-31T00:00:00.000"
"76951","3","115","2025-12-31T00:00:00.000"
"76951","4","8","2025-12-31T00:00:00.000"
"76951","5","18","2025-12-31T00:00:00.000"
"76953","3","5","2025-12-31T00:00:00.000"
"76953","4","1","2025-12-31T00:00:00.000"
"76953","5","2","2025-12-31T00:00:00.000"
"76955","1","4","2025-12-31T00:00:00.000"
"76955","3","17","2025-12-31T00:00:00.000"
"76955","5","3","2025-12-31T00:00:00.000"
"76957","1","3","2025-12-31T00:00:00.000"
"76957","3","74","2025-12-31T00:00:00.000"
"76957","4","4","2025-12-31T00:00:00.000"
"76957","5","1","2025-12-31T00:00:00.000"
"76958","1","6","2025-12-31T00:00:00.000"
"76958","3","33","2025-12-31T00:00:00.000"
"76958","4","4","2025-12-31T00:00:00.000"
"76958","5","5","2025-12-31T00:00:00.000"
"77002","1","14830","2025-12-31T00:00:00.000"
"77002","2","1020","2025-12-31T00:00:00.000"
"77002","3","144","2025-12-31T00:00:00.000"
"77002","4","207","2025-12-31T00:00:00.000"
"77002","5","100","2025-12-31T00:00:00.000"
"77002","6","2","2025-12-31T00:00:00.000"
"77003","1","2264","2025-12-31T00:00:00.000"
"77003","2","266","2025-12-31T00:00:00.000"
"77003","3","2322","2025-12-31T00:00:00.000"
"77003","4","823","2025-12-31T00:00:00.000"
"77003","5","4","2025-12-31T00:00:00.000"
"77003","6","14","2025-12-31T00:00:00.000"
"77004","1","9668","2025-12-31T00:00:00.000"
"77004","2","1169","2025-12-31T00:00:00.000"
"77004","3","4458","2025-12-31T00:00:00.000"
"77004","4","1832","2025-12-31T00:00:00.000"
"77004","5","3","2025-12-31T00:00:00.000"
"77004","6","28","2025-12-31T00:00:00.000"
"77005","1","6325","2025-12-31T00:00:00.000"
"77005","2","352","2025-12-31T00:00:00.000"
"77005","3","7091","2025-12-31T00:00:00.000"
"77005","4","436","2025-12-31T00:00:00.000"
"77005","5","2","2025-12-31T00:00:00.000"
"77005","6","131","2025-12-31T00:00:00.000"
"77006","1","13021","2025-12-31T00:00:00.000"
"77006","2","1102","2025-12-31T00:00:00.000"
"77006","3","4171","2025-12-31T00:00:00.000"
"77006","4","829","2025-12-31T00:00:00.000"
"77006","5","1","2025-12-31T00:00:00.000"
"77006","6","41","2025-12-31T00:00:00.000"
"77007","1","25607","2025-12-31T00:00:00.000"
"77007","2","719","2025-12-31T00:00:00.000"
"77007","3","11407","2025-12-31T00:00:00.000"
"77007","4","2636","2025-12-31T00:00:00.000"
"77007","5","63","2025-12-31T00:00:00.000"
"77007","6","48","2025-12-31T00:00:00.000"
"77008","1","11904","2025-12-31T00:00:00.000"
"77008","2","246","2025-12-31T00:00:00.000"
"77008","3","11994","2025-12-31T00:00:00.000"
"77008","4","1975","2025-12-31T00:00:00.000"
"77008","5","7","2025-12-31T00:00:00.000"
"77008","6","34","2025-12-31T00:00:00.000"
"77009","1","4694","2025-12-31T00:00:00.000"
"77009","2","289","2025-12-31T00:00:00.000"
"77009","3","7444","2025-12-31T00:00:00.000"
"77009","4","2030","2025-12-31T00:00:00.000"
"77009","5","5","2025-12-31T00:00:00.000"
"77009","6","27","2025-12-31T00:00:00.000"
"77010","1","867","2025-12-31T00:00:00.000"
"77010","2","39","2025-12-31T00:00:00.000"
"77010","3","18","2025-12-31T00:00:00.000"
"77011","1","511","2025-12-31T00:00:00.000"
"77011","2","8","2025-12-31T00:00:00.000"
"77011","3","1209","2025-12-31T00:00:00.000"
"77011","4","940","2025-12-31T00:00:00.000"
"77011","5","1","2025-12-31T00:00:00.000"
"77011","6","1","2025-12-31T00:00:00.000"
"77012","1","885","2025-12-31T00:00:00.000"
"77012","2","7","2025-12-31T00:00:00.000"
"77012","3","905","2025-12-31T00:00:00.000"
"77012","4","574","2025-12-31T00:00:00.000"
"77012","5","5","2025-12-31T00:00:00.000"
"77012","6","4","2025-12-31T00:00:00.000"
"77013","1","483","2025-12-31T00:00:00.000"
"77013","2","17","2025-12-31T00:00:00.000"
"77013","3","1403","2025-12-31T00:00:00.000"
"77013","4","489","2025-12-31T00:00:00.000"
"77013","5","39","2025-12-31T00:00:00.000"
"77013","6","6","2025-12-31T00:00:00.000"
"77014","1","3809","2025-12-31T00:00:00.000"
"77014","2","260","2025-12-31T00:00:00.000"
"77014","3","4874","2025-12-31T00:00:00.000"
"77014","4","882","2025-12-31T00:00:00.000"
"77014","5","84","2025-12-31T00:00:00.000"
"77014","6","9","2025-12-31T00:00:00.000"
"77015","1","4619","2025-12-31T00:00:00.000"
"77015","2","130","2025-12-31T00:00:00.000"
"77015","3","5503","2025-12-31T00:00:00.000"
"77015","4","1473","2025-12-31T00:00:00.000"
"77015","5","94","2025-12-31T00:00:00.000"
"77015","6","9","2025-12-31T00:00:00.000"
"77016","1","797","2025-12-31T00:00:00.000"
"77016","3","5028","2025-12-31T00:00:00.000"
"77016","4","1457","2025-12-31T00:00:00.000"
"77016","5","17","2025-12-31T00:00:00.000"
"77016","6","9","2025-12-31T00:00:00.000"
"77017","1","1306","2025-12-31T00:00:00.000"
"77017","2","171","2025-12-31T00:00:00.000"
"77017","3","2805","2025-12-31T00:00:00.000"
"77017","4","1030","2025-12-31T00:00:00.000"
"77017","5","1","2025-12-31T00:00:00.000"
"77018","1","4832","2025-12-31T00:00:00.000"
"77018","2","72","2025-12-31T00:00:00.000"
"77018","3","9436","2025-12-31T00:00:00.000"
"77018","4","1248","2025-12-31T00:00:00.000"
"77018","5","12","2025-12-31T00:00:00.000"
"77018","6","40","2025-12-31T00:00:00.000"
"77019","1","17042","2025-12-31T00:00:00.000"
"77019","2","1648","2025-12-31T00:00:00.000"
"77019","3","4768","2025-12-31T00:00:00.000"
"77019","4","663","2025-12-31T00:00:00.000"
"77019","6","141","2025-12-31T00:00:00.000"
"77020","1","1216","2025-12-31T00:00:00.000"
"77020","2","13","2025-12-31T00:00:00.000"
"77020","3","2650","2025-12-31T00:00:00.000"
"77020","4","1275","2025-12-31T00:00:00.000"
"77020","5","1","2025-12-31T00:00:00.000"
"77020","6","7","2025-12-31T00:00:00.000"
"77021","1","2984","2025-12-31T00:00:00.000"
"77021","2","61","2025-12-31T00:00:00.000"
"77021","3","3545","2025-12-31T00:00:00.000"
"77021","4","1563","2025-12-31T00:00:00.000"
"77021","6","7","2025-12-31T00:00:00.000"
"77022","1","1173","2025-12-31T00:00:00.000"
"77022","2","1","2025-12-31T00:00:00.000"
"77022","3","2767","2025-12-31T00:00:00.000"
"77022","4","1287","2025-12-31T00:00:00.000"
"77022","5","2","2025-12-31T00:00:00.000"
"77022","6","1","2025-12-31T00:00:00.000"
"77023","1","1548","2025-12-31T00:00:00.000"
"77023","3","3036","2025-12-31T00:00:00.000"
"77023","4","1142","2025-12-31T00:00:00.000"
"77023","5","1","2025-12-31T00:00:00.000"
"77023","6","11","2025-12-31T00:00:00.000"
"77024","1","6851","2025-12-31T00:00:00.000"
"77024","2","2360","2025-12-31T00:00:00.000"
"77024","3","8525","2025-12-31T00:00:00.000"
"77024","4","380","2025-12-31T00:00:00.000"
"77024","6","187","2025-12-31T00:00:00.000"
"77025","1","6592","2025-12-31T00:00:00.000"
"77025","2","543","2025-12-31T00:00:00.000"
"77025","3","5470","2025-12-31T00:00:00.000"
"77025","4","1064","2025-12-31T00:00:00.000"
"77025","5","5","2025-12-31T00:00:00.000"
"77025","6","36","2025-12-31T00:00:00.000"
"77026","1","741","2025-12-31T00:00:00.000"
"77026","2","1","2025-12-31T00:00:00.000"
"77026","3","1820","2025-12-31T00:00:00.000"
"77026","4","1136","2025-12-31T00:00:00.000"
"77026","5","3","2025-12-31T00:00:00.000"
"77026","6","2","2025-12-31T00:00:00.000"
"77027","1","12563","2025-12-31T00:00:00.000"
"77027","2","1548","2025-12-31T00:00:00.000"
"77027","3","2391","2025-12-31T00:00:00.000"
"77027","4","254","2025-12-31T00:00:00.000"
"77027","5","42","2025-12-31T00:00:00.000"
"77027","6","68","2025-12-31T00:00:00.000"
"77028","1","867","2025-12-31T00:00:00.000"
"77028","2","1","2025-12-31T00:00:00.000"
"77028","3","2705","2025-12-31T00:00:00.000"
"77028","4","914","2025-12-31T00:00:00.000"
"77028","5","5","2025-12-31T00:00:00.000"
"77028","6","3","2025-12-31T00:00:00.000"
"77029","1","294","2025-12-31T00:00:00.000"
"77029","3","1955","2025-12-31T00:00:00.000"
"77029","4","853","2025-12-31T00:00:00.000"
"77029","5","3","2025-12-31T00:00:00.000"
"77029","6","3","2025-12-31T00:00:00.000"
"77030","1","6572","2025-12-31T00:00:00.000"
"77030","2","929","2025-12-31T00:00:00.000"
"77030","3","1559","2025-12-31T00:00:00.000"
"77030","4","206","2025-12-31T00:00:00.000"
"77030","5","5","2025-12-31T00:00:00.000"
"77030","6","19","2025-12-31T00:00:00.000"
"77031","1","897","2025-12-31T00:00:00.000"
"77031","2","66","2025-12-31T00:00:00.000"
"77031","3","2237","2025-12-31T00:00:00.000"
"77031","4","451","2025-12-31T00:00:00.000"
"77031","6","13","2025-12-31T00:00:00.000"
"77032","1","797","2025-12-31T00:00:00.000"
"77032","2","69","2025-12-31T00:00:00.000"
"77032","3","639","2025-12-31T00:00:00.000"
"77032","4","285","2025-12-31T00:00:00.000"
"77032","5","20","2025-12-31T00:00:00.000"
"77032","6","3","2025-12-31T00:00:00.000"
"77033","1","667","2025-12-31T00:00:00.000"
"77033","2","60","2025-12-31T00:00:00.000"
"77033","3","2995","2025-12-31T00:00:00.000"
"77033","4","1582","2025-12-31T00:00:00.000"
"77033","5","4","2025-12-31T00:00:00.000"
"77033","6","6","2025-12-31T00:00:00.000"
"77034","1","2999","2025-12-31T00:00:00.000"
"77034","2","29","2025-12-31T00:00:00.000"
"77034","3","4368","2025-12-31T00:00:00.000"
"77034","4","1165","2025-12-31T00:00:00.000"
"77034","5","2","2025-12-31T00:00:00.000"
"77034","6","14","2025-12-31T00:00:00.000"
"77035","1","2871","2025-12-31T00:00:00.000"
"77035","2","716","2025-12-31T00:00:00.000"
"77035","3","4857","2025-12-31T00:00:00.000"
"77035","4","1011","2025-12-31T00:00:00.000"
"77035","6","43","2025-12-31T00:00:00.000"
"77036","1","5733","2025-12-31T00:00:00.000"
"77036","2","1046","2025-12-31T00:00:00.000"
"77036","3","3082","2025-12-31T00:00:00.000"
"77036","4","1425","2025-12-31T00:00:00.000"
"77036","6","38","2025-12-31T00:00:00.000"
"77037","1","153","2025-12-31T00:00:00.000"
"77037","3","1560","2025-12-31T00:00:00.000"
"77037","4","525","2025-12-31T00:00:00.000"
"77037","5","45","2025-12-31T00:00:00.000"
"77037","6","4","2025-12-31T00:00:00.000"
"77038","1","1769","2025-12-31T00:00:00.000"
"77038","2","18","2025-12-31T00:00:00.000"
"77038","3","3849","2025-12-31T00:00:00.000"
"77038","4","895","2025-12-31T00:00:00.000"
"77038","5","144","2025-12-31T00:00:00.000"
"77038","6","11","2025-12-31T00:00:00.000"
"77039","1","286","2025-12-31T00:00:00.000"
"77039","2","166","2025-12-31T00:00:00.000"
"77039","3","2197","2025-12-31T00:00:00.000"
"77039","4","815","2025-12-31T00:00:00.000"
"77039","5","244","2025-12-31T00:00:00.000"
"77039","6","7","2025-12-31T00:00:00.000"
"77040","1","4246","2025-12-31T00:00:00.000"
"77040","2","113","2025-12-31T00:00:00.000"
"77040","3","8773","2025-12-31T00:00:00.000"
"77040","4","1377","2025-12-31T00:00:00.000"
"77040","5","113","2025-12-31T00:00:00.000"
"77040","6","41","2025-12-31T00:00:00.000"
"77041","1","2871","2025-12-31T00:00:00.000"
"77041","2","3","2025-12-31T00:00:00.000"
"77041","3","7427","2025-12-31T00:00:00.000"
"77041","4","1469","2025-12-31T00:00:00.000"
"77041","5","91","2025-12-31T00:00:00.000"
"77041","6","21","2025-12-31T00:00:00.000"
"77042","1","10807","2025-12-31T00:00:00.000"
"77042","2","1641","2025-12-31T00:00:00.000"
"77042","3","3925","2025-12-31T00:00:00.000"
"77042","4","396","2025-12-31T00:00:00.000"
"77042","5","4","2025-12-31T00:00:00.000"
"77042","6","27","2025-12-31T00:00:00.000"
"77043","1","4779","2025-12-31T00:00:00.000"
"77043","2","650","2025-12-31T00:00:00.000"
"77043","3","5234","2025-12-31T00:00:00.000"
"77043","4","877","2025-12-31T00:00:00.000"
"77043","5","1","2025-12-31T00:00:00.000"
"77043","6","29","2025-12-31T00:00:00.000"
"77044","1","5057","2025-12-31T00:00:00.000"
"77044","2","120","2025-12-31T00:00:00.000"
"77044","3","12857","2025-12-31T00:00:00.000"
"77044","4","1130","2025-12-31T00:00:00.000"
"77044","5","303","2025-12-31T00:00:00.000"
"77044","6","25","2025-12-31T00:00:00.000"
"77045","1","2012","2025-12-31T00:00:00.000"
"77045","2","10","2025-12-31T00:00:00.000"
"77045","3","4985","2025-12-31T00:00:00.000"
"77045","4","1490","2025-12-31T00:00:00.000"
"77045","5","30","2025-12-31T00:00:00.000"
"77045","6","10","2025-12-31T00:00:00.000"
"77046","1","745","2025-12-31T00:00:00.000"
"77046","2","336","2025-12-31T00:00:00.000"
"77046","3","20","2025-12-31T00:00:00.000"
"77046","4","8","2025-12-31T00:00:00.000"
"77046","6","1","2025-12-31T00:00:00.000"
"77047","1","3481","2025-12-31T00:00:00.000"
"77047","2","134","2025-12-31T00:00:00.000"
"77047","3","7407","2025-12-31T00:00:00.000"
"77047","4","1543","2025-12-31T00:00:00.000"
"77047","5","185","2025-12-31T00:00:00.000"
"77047","6","15","2025-12-31T00:00:00.000"
"77048","1","2105","2025-12-31T00:00:00.000"
"77048","3","4123","2025-12-31T00:00:00.000"
"77048","4","698","2025-12-31T00:00:00.000"
"77048","5","71","2025-12-31T00:00:00.000"
"77048","6","6","2025-12-31T00:00:00.000"
"77049","1","3065","2025-12-31T00:00:00.000"
"77049","2","3","2025-12-31T00:00:00.000"
"77049","3","6597","2025-12-31T00:00:00.000"
"77049","4","1120","2025-12-31T00:00:00.000"
"77049","5","68","2025-12-31T00:00:00.000"
"77049","6","9","2025-12-31T00:00:00.000"
"77050","1","59","2025-12-31T00:00:00.000"
"77050","2","1","2025-12-31T00:00:00.000"
"77050","3","478","2025-12-31T00:00:00.000"
"77050","4","106","2025-12-31T00:00:00.000"
"77050","5","14","2025-12-31T00:00:00.000"
"77050","6","1","2025-12-31T00:00:00.000"
"77051","1","1084","2025-12-31T00:00:00.000"
"77051","2","8","2025-12-31T00:00:00.000"
"77051","3","2895","2025-12-31T00:00:00.000"
"77051","4","1095","2025-12-31T00:00:00.000"
"77051","6","2","2025-12-31T00:00:00.000"
"77053","1","904","2025-12-31T00:00:00.000"
"77053","2","4","2025-12-31T00:00:00.000"
"77053","3","4354","2025-12-31T00:00:00.000"
"77053","4","1607","2025-12-31T00:00:00.000"
"77053","5","163","2025-12-31T00:00:00.000"
"77053","6","13","2025-12-31T00:00:00.000"
"77054","1","10578","2025-12-31T00:00:00.000"
"77054","2","2118","2025-12-31T00:00:00.000"
"77054","3","595","2025-12-31T00:00:00.000"
"77054","4","219","2025-12-31T00:00:00.000"
"77054","5","2","2025-12-31T00:00:00.000"
"77054","6","2","2025-12-31T00:00:00.000"
"77055","1","5465","2025-12-31T00:00:00.000"
"77055","2","515","2025-12-31T00:00:00.000"
"77055","3","8313","2025-12-31T00:00:00.000"
"77055","4","1055","2025-12-31T00:00:00.000"
"77055","5","2","2025-12-31T00:00:00.000"
"77055","6","50","2025-12-31T00:00:00.000"
"77056","1","14079","2025-12-31T00:00:00.000"
"77056","2","2507","2025-12-31T00:00:00.000"
"77056","3","3063","2025-12-31T00:00:00.000"
"77056","4","219","2025-12-31T00:00:00.000"
"77056","6","85","2025-12-31T00:00:00.000"
"77057","1","10902","2025-12-31T00:00:00.000"
"77057","2","4188","2025-12-31T00:00:00.000"
"77057","3","3511","2025-12-31T00:00:00.000"
"77057","4","424","2025-12-31T00:00:00.000"
"77057","5","9","2025-12-31T00:00:00.000"
"77057","6","64","2025-12-31T00:00:00.000"
"77058","1","4457","2025-12-31T00:00:00.000"
"77058","2","1265","2025-12-31T00:00:00.000"
"77058","3","1829","2025-12-31T00:00:00.000"
"77058","4","238","2025-12-31T00:00:00.000"
"77058","5","4","2025-12-31T00:00:00.000"
"77059","1","551","2025-12-31T00:00:00.000"
"77059","2","1","2025-12-31T00:00:00.000"
"77059","3","5672","2025-12-31T00:00:00.000"
"77059","4","397","2025-12-31T00:00:00.000"
"77059","6","12","2025-12-31T00:00:00.000"
"77060","1","1837","2025-12-31T00:00:00.000"
"77060","2","111","2025-12-31T00:00:00.000"
"77060","3","1839","2025-12-31T00:00:00.000"
"77060","4","682","2025-12-31T00:00:00.000"
"77060","5","39","2025-12-31T00:00:00.000"
"77060","6","2","2025-12-31T00:00:00.000"
"77061","1","1372","2025-12-31T00:00:00.000"
"77061","2","221","2025-12-31T00:00:00.000"
"77061","3","2000","2025-12-31T00:00:00.000"
"77061","4","511","2025-12-31T00:00:00.000"
"77061","6","3","2025-12-31T00:00:00.000"
"77062","1","1256","2025-12-31T00:00:00.000"
"77062","2","208","2025-12-31T00:00:00.000"
"77062","3","6630","2025-12-31T00:00:00.000"
"77062","4","931","2025-12-31T00:00:00.000"
"77062","6","13","2025-12-31T00:00:00.000"
"77063","1","8395","2025-12-31T00:00:00.000"
"77063","2","1877","2025-12-31T00:00:00.000"
"77063","3","3104","2025-12-31T00:00:00.000"
"77063","4","516","2025-12-31T00:00:00.000"
"77063","5","2","2025-12-31T00:00:00.000"
"77063","6","21","2025-12-31T00:00:00.000"
"77064","1","5653","2025-12-31T00:00:00.000"
"77064","2","143","2025-12-31T00:00:00.000"
"77064","3","9173","2025-12-31T00:00:00.000"
"77064","4","1660","2025-12-31T00:00:00.000"
"77064","5","70","2025-12-31T00:00:00.000"
"77064","6","30","2025-12-31T00:00:00.000"
"77065","1","5227","2025-12-31T00:00:00.000"
"77065","2","3","2025-12-31T00:00:00.000"
"77065","3","6462","2025-12-31T00:00:00.000"
"77065","4","1083","2025-12-31T00:00:00.000"
"77065","5","15","2025-12-31T00:00:00.000"
"77065","6","30","2025-12-31T00:00:00.000"
"77066","1","1511","2025-12-31T00:00:00.000"
"77066","2","109","2025-12-31T00:00:00.000"
"77066","3","7083","2025-12-31T00:00:00.000"
"77066","4","1461","2025-12-31T00:00:00.000"
"77066","5","21","2025-12-31T00:00:00.000"
"77066","6","12","2025-12-31T00:00:00.000"
"77067","1","3215","2025-12-31T00:00:00.000"
"77067","3","3558","2025-12-31T00:00:00.000"
"77067","4","1028","2025-12-31T00:00:00.000"
"77067","5","14","2025-12-31T00:00:00.000"
"77067","6","5","2025-12-31T00:00:00.000"
"77068","1","2104","2025-12-31T00:00:00.000"
"77068","3","3302","2025-12-31T00:00:00.000"
"77068","4","272","2025-12-31T00:00:00.000"
"77068","5","3","2025-12-31T00:00:00.000"
"77068","6","6","2025-12-31T00:00:00.000"
"77069","1","3420","2025-12-31T00:00:00.000"
"77069","2","756","2025-12-31T00:00:00.000"
"77069","3","4881","2025-12-31T00:00:00.000"
"77069","4","397","2025-12-31T00:00:00.000"
"77069","6","36","2025-12-31T00:00:00.000"
"77070","1","11658","2025-12-31T00:00:00.000"
"77070","2","596","2025-12-31T00:00:00.000"
"77070","3","10131","2025-12-31T00:00:00.000"
"77070","4","1471","2025-12-31T00:00:00.000"
"77070","5","116","2025-12-31T00:00:00.000"
"77070","6","34","2025-12-31T00:00:00.000"
"77071","1","2239","2025-12-31T00:00:00.000"
"77071","2","364","2025-12-31T00:00:00.000"
"77071","3","4527","2025-12-31T00:00:00.000"
"77071","4","922","2025-12-31T00:00:00.000"
"77071","6","15","2025-12-31T00:00:00.000"
"77072","1","2713","2025-12-31T00:00:00.000"
"77072","2","1465","2025-12-31T00:00:00.000"
"77072","3","5025","2025-12-31T00:00:00.000"
"77072","4","3119","2025-12-31T00:00:00.000"
"77072","5","4","2025-12-31T00:00:00.000"
"77072","6","61","2025-12-31T00:00:00.000"
"77073","1","3601","2025-12-31T00:00:00.000"
"77073","2","1","2025-12-31T00:00:00.000"
"77073","3","8052","2025-12-31T00:00:00.000"
"77073","4","1327","2025-12-31T00:00:00.000"
"77073","5","112","2025-12-31T00:00:00.000"
"77073","6","9","2025-12-31T00:00:00.000"
"77074","1","1469","2025-12-31T00:00:00.000"
"77074","2","512","2025-12-31T00:00:00.000"
"77074","3","2947","2025-12-31T00:00:00.000"
"77074","4","1167","2025-12-31T00:00:00.000"
"77074","5","2","2025-12-31T00:00:00.000"
"77074","6","49","2025-12-31T00:00:00.000"
"77075","1","2491","2025-12-31T00:00:00.000"
"77075","2","127","2025-12-31T00:00:00.000"
"77075","3","5984","2025-12-31T00:00:00.000"
"77075","4","1379","2025-12-31T00:00:00.000"
"77075","5","52","2025-12-31T00:00:00.000"
"77075","6","18","2025-12-31T00:00:00.000"
"77076","1","590","2025-12-31T00:00:00.000"
"77076","2","6","2025-12-31T00:00:00.000"
"77076","3","2766","2025-12-31T00:00:00.000"
"77076","4","1029","2025-12-31T00:00:00.000"
"77076","5","50","2025-12-31T00:00:00.000"
"77076","6","3","2025-12-31T00:00:00.000"
"77077","1","18274","2025-12-31T00:00:00.000"
"77077","2","1052","2025-12-31T00:00:00.000"
"77077","3","9517","2025-12-31T00:00:00.000"
"77077","4","1246","2025-12-31T00:00:00.000"
"77077","5","1","2025-12-31T00:00:00.000"
"77077","6","35","2025-12-31T00:00:00.000"
"77078","1","304","2025-12-31T00:00:00.000"
"77078","2","4","2025-12-31T00:00:00.000"
"77078","3","2063","2025-12-31T00:00:00.000"
"77078","4","687","2025-12-31T00:00:00.000"
"77078","6","7","2025-12-31T00:00:00.000"
"77079","1","6767","2025-12-31T00:00:00.000"
"77079","2","1114","2025-12-31T00:00:00.000"
"77079","3","7921","2025-12-31T00:00:00.000"
"77079","4","629","2025-12-31T00:00:00.000"
"77079","5","2","2025-12-31T00:00:00.000"
"77079","6","39","2025-12-31T00:00:00.000"
"77080","1","4367","2025-12-31T00:00:00.000"
"77080","2","281","2025-12-31T00:00:00.000"
"77080","3","7457","2025-12-31T00:00:00.000"
"77080","4","1369","2025-12-31T00:00:00.000"
"77080","5","5","2025-12-31T00:00:00.000"
"77080","6","37","2025-12-31T00:00:00.000"
"77081","1","5324","2025-12-31T00:00:00.000"
"77081","2","201","2025-12-31T00:00:00.000"
"77081","3","1045","2025-12-31T00:00:00.000"
"77081","4","141","2025-12-31T00:00:00.000"
"77081","6","11","2025-12-31T00:00:00.000"
"77082","1","9468","2025-12-31T00:00:00.000"
"77082","2","476","2025-12-31T00:00:00.000"
"77082","3","7206","2025-12-31T00:00:00.000"
"77082","4","1804","2025-12-31T00:00:00.000"
"77082","5","9","2025-12-31T00:00:00.000"
"77082","6","42","2025-12-31T00:00:00.000"
"77083","1","2714","2025-12-31T00:00:00.000"
"77083","2","34","2025-12-31T00:00:00.000"
"77083","3","13038","2025-12-31T00:00:00.000"
"77083","4","4036","2025-12-31T00:00:00.000"
"77083","5","9","2025-12-31T00:00:00.000"
"77083","6","26","2025-12-31T00:00:00.000"
"77084","1","18126","2025-12-31T00:00:00.000"
"77084","2","487","2025-12-31T00:00:00.000"
"77084","3","21498","2025-12-31T00:00:00.000"
"77084","4","4435","2025-12-31T00:00:00.000"
"77084","5","17","2025-12-31T00:00:00.000"
"77084","6","28","2025-12-31T00:00:00.000"
"77085","1","1302","2025-12-31T00:00:00.000"
"77085","3","2693","2025-12-31T00:00:00.000"
"77085","4","605","2025-12-31T00:00:00.000"
"77085","6","3","2025-12-31T00:00:00.000"
"77086","1","1416","2025-12-31T00:00:00.000"
"77086","2","2","2025-12-31T00:00:00.000"
"77086","3","3688","2025-12-31T00:00:00.000"
"77086","4","1160","2025-12-31T00:00:00.000"
"77086","5","45","2025-12-31T00:00:00.000"
"77086","6","5","2025-12-31T00:00:00.000"
"77087","1","698","2025-12-31T00:00:00.000"
"77087","2","6","2025-12-31T00:00:00.000"
"77087","3","3187","2025-12-31T00:00:00.000"
"77087","4","1271","2025-12-31T00:00:00.000"
"77087","5","13","2025-12-31T00:00:00.000"
"77087","6","7","2025-12-31T00:00:00.000"
"77088","1","1733","2025-12-31T00:00:00.000"
"77088","2","136","2025-12-31T00:00:00.000"
"77088","3","8918","2025-12-31T00:00:00.000"
"77088","4","2426","2025-12-31T00:00:00.000"
"77088","5","28","2025-12-31T00:00:00.000"
"77088","6","5","2025-12-31T00:00:00.000"
"77089","1","4698","2025-12-31T00:00:00.000"
"77089","2","162","2025-12-31T00:00:00.000"
"77089","3","11158","2025-12-31T00:00:00.000"
"77089","4","2154","2025-12-31T00:00:00.000"
"77089","5","6","2025-12-31T00:00:00.000"
"77089","6","26","2025-12-31T00:00:00.000"
"77090","1","5814","2025-12-31T00:00:00.000"
"77090","2","334","2025-12-31T00:00:00.000"
"77090","3","4222","2025-12-31T00:00:00.000"
"77090","4","665","2025-12-31T00:00:00.000"
"77090","5","7","2025-12-31T00:00:00.000"
"77090","6","5","2025-12-31T00:00:00.000"
"77091","1","1940","2025-12-31T00:00:00.000"
"77091","2","122","2025-12-31T00:00:00.000"
"77091","3","4218","2025-12-31T00:00:00.000"
"77091","4","1161","2025-12-31T00:00:00.000"
"77091","5","2","2025-12-31T00:00:00.000"
"77091","6","19","2025-12-31T00:00:00.000"
"77092","1","3399","2025-12-31T00:00:00.000"
"77092","2","581","2025-12-31T00:00:00.000"
"77092","3","4583","2025-12-31T00:00:00.000"
"77092","4","954","2025-12-31T00:00:00.000"
"77092","5","6","2025-12-31T00:00:00.000"
"77092","6","23","2025-12-31T00:00:00.000"
"77093","1","488","2025-12-31T00:00:00.000"
"77093","3","2713","2025-12-31T00:00:00.000"
"77093","4","1243","2025-12-31T00:00:00.000"
"77093","5","72","2025-12-31T00:00:00.000"
"77093","6","3","2025-12-31T00:00:00.000"
"77094","1","1022","2025-12-31T00:00:00.000"
"77094","2","118","2025-12-31T00:00:00.000"
"77094","3","2841","2025-12-31T00:00:00.000"
"77094","4","202","2025-12-31T00:00:00.000"
"77094","5","3","2025-12-31T00:00:00.000"
"77094","6","16","2025-12-31T00:00:00.000"
"77095","1","6685","2025-12-31T00:00:00.000"
"77095","2","111","2025-12-31T00:00:00.000"
"77095","3","17539","2025-12-31T00:00:00.000"
"77095","4","2257","2025-12-31T00:00:00.000"
"77095","5","3","2025-12-31T00:00:00.000"
"77095","6","28","2025-12-31T00:00:00.000"
"77096","1","4091","2025-12-31T00:00:00.000"
"77096","2","191","2025-12-31T00:00:00.000"
"77096","3","6792","2025-12-31T00:00:00.000"
"77096","4","760","2025-12-31T00:00:00.000"
"77096","6","36","2025-12-31T00:00:00.000"
"77097","4","1","2025-12-31T00:00:00.000"
"77098","1","9939","2025-12-31T00:00:00.000"
"77098","2","849","2025-12-31T00:00:00.000"
"77098","3","2091","2025-12-31T00:00:00.000"
"77098","4","320","2025-12-31T00:00:00.000"
"77098","5","2","2025-12-31T00:00:00.000"
"77098","6","39","2025-12-31T00:00:00.000"
"77099","1","3758","2025-12-31T00:00:00.000"
"77099","2","506","2025-12-31T00:00:00.000"
"77099","3","4323","2025-12-31T00:00:00.000"
"77099","4","1878","2025-12-31T00:00:00.000"
"77099","5","4","2025-12-31T00:00:00.000"
"77099","6","46","2025-12-31T00:00:00.000"
"77201","1","2","2025-12-31T00:00:00.000"
"77204","1","4414","2025-12-31T00:00:00.000"
"77204","3","11","2025-12-31T00:00:00.000"
"77204","4","2","2025-12-31T00:00:00.000"
"77301","1","4424","2025-12-31T00:00:00.000"
"77301","2","54","2025-12-31T00:00:00.000"
"77301","3","7418","2025-12-31T00:00:00.000"
"77301","4","1275","2025-12-31T00:00:00.000"
"77301","5","171","2025-12-31T00:00:00.000"
"77301","6","9","2025-12-31T00:00:00.000"
"77302","1","809","2025-12-31T00:00:00.000"
"77302","2","1","2025-12-31T00:00:00.000"
"77302","3","7054","2025-12-31T00:00:00.000"
"77302","4","605","2025-12-31T00:00:00.000"
"77302","5","634","2025-12-31T00:00:00.000"
"77302","6","14","2025-12-31T00:00:00.000"
"77303","1","2001","2025-12-31T00:00:00.000"
"77303","2","3","2025-12-31T00:00:00.000"
"77303","3","5509","2025-12-31T00:00:00.000"
"77303","4","563","2025-12-31T00:00:00.000"
"77303","5","758","2025-12-31T00:00:00.000"
"77303","6","1","2025-12-31T00:00:00.000"
"77304","1","8494","2025-12-31T00:00:00.000"
"77304","2","114","2025-12-31T00:00:00.000"
"77304","3","12968","2025-12-31T00:00:00.000"
"77304","4","1169","2025-12-31T00:00:00.000"
"77304","5","95","2025-12-31T00:00:00.000"
"77304","6","26","2025-12-31T00:00:00.000"
"77306","1","488","2025-12-31T00:00:00.000"
"77306","3","2125","2025-12-31T00:00:00.000"
"77306","4","282","2025-12-31T00:00:00.000"
"77306","5","782","2025-12-31T00:00:00.000"
"77306","6","1","2025-12-31T00:00:00.000"
"77315","3","3","2025-12-31T00:00:00.000"
"77316","1","3415","2025-12-31T00:00:00.000"
"77316","2","184","2025-12-31T00:00:00.000"
"77316","3","13746","2025-12-31T00:00:00.000"
"77316","4","1294","2025-12-31T00:00:00.000"
"77316","5","521","2025-12-31T00:00:00.000"
"77316","6","23","2025-12-31T00:00:00.000"
"77318","1","1041","2025-12-31T00:00:00.000"
"77318","2","119","2025-12-31T00:00:00.000"
"77318","3","8083","2025-12-31T00:00:00.000"
"77318","4","875","2025-12-31T00:00:00.000"
"77318","5","818","2025-12-31T00:00:00.000"
"77318","6","3","2025-12-31T00:00:00.000"
"77320","1","2234","2025-12-31T00:00:00.000"
"77320","2","82","2025-12-31T00:00:00.000"
"77320","3","4595","2025-12-31T00:00:00.000"
"77320","4","781","2025-12-31T00:00:00.000"
"77320","5","757","2025-12-31T00:00:00.000"
"77320","6","2","2025-12-31T00:00:00.000"
"77326","3","10","2025-12-31T00:00:00.000"
"77326","4","2","2025-12-31T00:00:00.000"
"77327","1","752","2025-12-31T00:00:00.000"
"77327","3","4316","2025-12-31T00:00:00.000"
"77327","4","668","2025-12-31T00:00:00.000"
"77327","5","2569","2025-12-31T00:00:00.000"
"77327","6","5","2025-12-31T00:00:00.000"
"77328","1","447","2025-12-31T00:00:00.000"
"77328","3","2464","2025-12-31T00:00:00.000"
"77328","4","276","2025-12-31T00:00:00.000"
"77328","5","661","2025-12-31T00:00:00.000"
"77328","6","1","2025-12-31T00:00:00.000"
"77331","1","166","2025-12-31T00:00:00.000"
"77331","2","43","2025-12-31T00:00:00.000"
"77331","3","2136","2025-12-31T00:00:00.000"
"77331","4","223","2025-12-31T00:00:00.000"
"77331","5","198","2025-12-31T00:00:00.000"
"77331","6","6","2025-12-31T00:00:00.000"
"77332","1","1","2025-12-31T00:00:00.000"
"77332","3","1","2025-12-31T00:00:00.000"
"77333","1","6","2025-12-31T00:00:00.000"
"77333","3","58","2025-12-31T00:00:00.000"
"77333","4","19","2025-12-31T00:00:00.000"
"77333","5","5","2025-12-31T00:00:00.000"
"77334","1","3","2025-12-31T00:00:00.000"
"77334","3","22","2025-12-31T00:00:00.000"
"77334","4","8","2025-12-31T00:00:00.000"
"77334","5","8","2025-12-31T00:00:00.000"
"77335","1","35","2025-12-31T00:00:00.000"
"77335","3","384","2025-12-31T00:00:00.000"
"77335","4","50","2025-12-31T00:00:00.000"
"77335","5","60","2025-12-31T00:00:00.000"
"77336","1","456","2025-12-31T00:00:00.000"
"77336","3","3963","2025-12-31T00:00:00.000"
"77336","4","406","2025-12-31T00:00:00.000"
"77336","5","296","2025-12-31T00:00:00.000"
"77336","6","32","2025-12-31T00:00:00.000"
"77337","5","1","2025-12-31T00:00:00.000"
"77338","1","4923","2025-12-31T00:00:00.000"
"77338","2","176","2025-12-31T00:00:00.000"
"77338","3","8093","2025-12-31T00:00:00.000"
"77338","4","1345","2025-12-31T00:00:00.000"
"77338","5","45","2025-12-31T00:00:00.000"
"77338","6","20","2025-12-31T00:00:00.000"
"77339","1","7132","2025-12-31T00:00:00.000"
"77339","2","69","2025-12-31T00:00:00.000"
"77339","3","10645","2025-12-31T00:00:00.000"
"77339","4","1257","2025-12-31T00:00:00.000"
"77339","5","6","2025-12-31T00:00:00.000"
"77339","6","33","2025-12-31T00:00:00.000"
"77340","1","6088","2025-12-31T00:00:00.000"
"77340","2","77","2025-12-31T00:00:00.000"
"77340","3","4857","2025-12-31T00:00:00.000"
"77340","4","974","2025-12-31T00:00:00.000"
"77340","5","317","2025-12-31T00:00:00.000"
"77340","6","4","2025-12-31T00:00:00.000"
"77341","1","264","2025-12-31T00:00:00.000"
"77341","3","2","2025-12-31T00:00:00.000"
"77341","4","1","2025-12-31T00:00:00.000"
"77345","1","1562","2025-12-31T00:00:00.000"
"77345","2","182","2025-12-31T00:00:00.000"
"77345","3","8876","2025-12-31T00:00:00.000"
"77345","4","485","2025-12-31T00:00:00.000"
"77345","5","2","2025-12-31T00:00:00.000"
"77345","6","37","2025-12-31T00:00:00.000"
"77346","1","7296","2025-12-31T00:00:00.000"
"77346","2","321","2025-12-31T00:00:00.000"
"77346","3","22231","2025-12-31T00:00:00.000"
"77346","4","2017","2025-12-31T00:00:00.000"
"77346","5","6","2025-12-31T00:00:00.000"
"77346","6","30","2025-12-31T00:00:00.000"
"77350","1","1","2025-12-31T00:00:00.000"
"77350","3","9","2025-12-31T00:00:00.000"
"77350","4","2","2025-12-31T00:00:00.000"
"77350","5","5","2025-12-31T00:00:00.000"
"77351","1","973","2025-12-31T00:00:00.000"
"77351","2","28","2025-12-31T00:00:00.000"
"77351","3","6761","2025-12-31T00:00:00.000"
"77351","4","789","2025-12-31T00:00:00.000"
"77351","5","837","2025-12-31T00:00:00.000"
"77351","6","10","2025-12-31T00:00:00.000"
"77354","1","4605","2025-12-31T00:00:00.000"
"77354","2","71","2025-12-31T00:00:00.000"
"77354","3","15245","2025-12-31T00:00:00.000"
"77354","4","1445","2025-12-31T00:00:00.000"
"77354","5","629","2025-12-31T00:00:00.000"
"77354","6","27","2025-12-31T00:00:00.000"
"77355","1","980","2025-12-31T00:00:00.000"
"77355","3","9111","2025-12-31T00:00:00.000"
"77355","4","414","2025-12-31T00:00:00.000"
"77355","5","769","2025-12-31T00:00:00.000"
"77355","6","14","2025-12-31T00:00:00.000"
"77356","1","2398","2025-12-31T00:00:00.000"
"77356","2","1396","2025-12-31T00:00:00.000"
"77356","3","12850","2025-12-31T00:00:00.000"
"77356","4","1394","2025-12-31T00:00:00.000"
"77356","5","261","2025-12-31T00:00:00.000"
"77356","6","17","2025-12-31T00:00:00.000"
"77357","1","1862","2025-12-31T00:00:00.000"
"77357","3","10105","2025-12-31T00:00:00.000"
"77357","4","1054","2025-12-31T00:00:00.000"
"77357","5","931","2025-12-31T00:00:00.000"
"77357","6","19","2025-12-31T00:00:00.000"
"77358","1","125","2025-12-31T00:00:00.000"
"77358","3","1004","2025-12-31T00:00:00.000"
"77358","4","82","2025-12-31T00:00:00.000"
"77358","5","185","2025-12-31T00:00:00.000"
"77359","1","16","2025-12-31T00:00:00.000"
"77359","3","124","2025-12-31T00:00:00.000"
"77359","4","8","2025-12-31T00:00:00.000"
"77359","5","34","2025-12-31T00:00:00.000"
"77360","1","145","2025-12-31T00:00:00.000"
"77360","2","25","2025-12-31T00:00:00.000"
"77360","3","1432","2025-12-31T00:00:00.000"
"77360","4","205","2025-12-31T00:00:00.000"
"77360","5","271","2025-12-31T00:00:00.000"
"77360","6","3","2025-12-31T00:00:00.000"
"77362","1","231","2025-12-31T00:00:00.000"
"77362","2","2","2025-12-31T00:00:00.000"
"77362","3","2287","2025-12-31T00:00:00.000"
"77362","4","147","2025-12-31T00:00:00.000"
"77362","5","143","2025-12-31T00:00:00.000"
"77362","6","4","2025-12-31T00:00:00.000"
"77363","1","78","2025-12-31T00:00:00.000"
"77363","3","622","2025-12-31T00:00:00.000"
"77363","4","81","2025-12-31T00:00:00.000"
"77363","5","141","2025-12-31T00:00:00.000"
"77363","6","2","2025-12-31T00:00:00.000"
"77364","1","50","2025-12-31T00:00:00.000"
"77364","2","1","2025-12-31T00:00:00.000"
"77364","3","899","2025-12-31T00:00:00.000"
"77364","4","111","2025-12-31T00:00:00.000"
"77364","5","223","2025-12-31T00:00:00.000"
"77365","1","3186","2025-12-31T00:00:00.000"
"77365","2","10","2025-12-31T00:00:00.000"
"77365","3","11713","2025-12-31T00:00:00.000"
"77365","4","1003","2025-12-31T00:00:00.000"
"77365","5","835","2025-12-31T00:00:00.000"
"77365","6","28","2025-12-31T00:00:00.000"
"77367","1","3","2025-12-31T00:00:00.000"
"77367","3","33","2025-12-31T00:00:00.000"
"77367","4","4","2025-12-31T00:00:00.000"
"77367","5","13","2025-12-31T00:00:00.000"
"77368","1","1","2025-12-31T00:00:00.000"
"77368","3","14","2025-12-31T00:00:00.000"
"77368","4","1","2025-12-31T00:00:00.000"
"77368","5","5","2025-12-31T00:00:00.000"
"77369","1","3","2025-12-31T00:00:00.000"
"77369","3","16","2025-12-31T00:00:00.000"
"77369","4","8","2025-12-31T00:00:00.000"
"77369","5","13","2025-12-31T00:00:00.000"
"77371","1","103","2025-12-31T00:00:00.000"
"77371","3","737","2025-12-31T00:00:00.000"
"77371","4","109","2025-12-31T00:00:00.000"
"77371","5","255","2025-12-31T00:00:00.000"
"77371","6","1","2025-12-31T00:00:00.000"
"77372","1","845","2025-12-31T00:00:00.000"
"77372","3","3027","2025-12-31T00:00:00.000"
"77372","4","237","2025-12-31T00:00:00.000"
"77372","5","624","2025-12-31T00:00:00.000"
"77372","6","7","2025-12-31T00:00:00.000"
"77373","1","5402","2025-12-31T00:00:00.000"
"77373","2","6","2025-12-31T00:00:00.000"
"77373","3","19150","2025-12-31T00:00:00.000"
"77373","4","3277","2025-12-31T00:00:00.000"
"77373","5","60","2025-12-31T00:00:00.000"
"77373","6","35","2025-12-31T00:00:00.000"
"77374","1","2","2025-12-31T00:00:00.000"
"77374","3","65","2025-12-31T00:00:00.000"
"77374","4","6","2025-12-31T00:00:00.000"
"77374","5","24","2025-12-31T00:00:00.000"
"77375","1","8412","2025-12-31T00:00:00.000"
"77375","2","51","2025-12-31T00:00:00.000"
"77375","3","17936","2025-12-31T00:00:00.000"
"77375","4","2538","2025-12-31T00:00:00.000"
"77375","5","236","2025-12-31T00:00:00.000"
"77375","6","38","2025-12-31T00:00:00.000"
"77376","1","3","2025-12-31T00:00:00.000"
"77376","3","27","2025-12-31T00:00:00.000"
"77376","5","9","2025-12-31T00:00:00.000"
"77377","1","2922","2025-12-31T00:00:00.000"
"77377","2","198","2025-12-31T00:00:00.000"
"77377","3","13675","2025-12-31T00:00:00.000"
"77377","4","1049","2025-12-31T00:00:00.000"
"77377","5","168","2025-12-31T00:00:00.000"
"77377","6","38","2025-12-31T00:00:00.000"
"77378","1","1128","2025-12-31T00:00:00.000"
"77378","2","1","2025-12-31T00:00:00.000"
"77378","3","4279","2025-12-31T00:00:00.000"
"77378","4","596","2025-12-31T00:00:00.000"
"77378","5","570","2025-12-31T00:00:00.000"
"77378","6","5","2025-12-31T00:00:00.000"
"77379","1","7673","2025-12-31T00:00:00.000"
"77379","2","589","2025-12-31T00:00:00.000"
"77379","3","23303","2025-12-31T00:00:00.000"
"77379","4","2070","2025-12-31T00:00:00.000"
"77379","5","27","2025-12-31T00:00:00.000"
"77379","6","34","2025-12-31T00:00:00.000"
"77380","1","10877","2025-12-31T00:00:00.000"
"77380","2","479","2025-12-31T00:00:00.000"
"77380","3","5218","2025-12-31T00:00:00.000"
"77380","4","1011","2025-12-31T00:00:00.000"
"77380","5","8","2025-12-31T00:00:00.000"
"77380","6","43","2025-12-31T00:00:00.000"
"77381","1","2528","2025-12-31T00:00:00.000"
"77381","2","373","2025-12-31T00:00:00.000"
"77381","3","10985","2025-12-31T00:00:00.000"
"77381","4","1419","2025-12-31T00:00:00.000"
"77381","6","38","2025-12-31T00:00:00.000"
"77382","1","9426","2025-12-31T00:00:00.000"
"77382","2","1225","2025-12-31T00:00:00.000"
"77382","3","10238","2025-12-31T00:00:00.000"
"77382","4","1219","2025-12-31T00:00:00.000"
"77382","5","2","2025-12-31T00:00:00.000"
"77382","6","41","2025-12-31T00:00:00.000"
"77384","1","11149","2025-12-31T00:00:00.000"
"77384","2","452","2025-12-31T00:00:00.000"
"77384","3","7303","2025-12-31T00:00:00.000"
"77384","4","652","2025-12-31T00:00:00.000"
"77384","5","39","2025-12-31T00:00:00.000"
"77384","6","25","2025-12-31T00:00:00.000"
"77385","1","2364","2025-12-31T00:00:00.000"
"77385","2","1","2025-12-31T00:00:00.000"
"77385","3","8532","2025-12-31T00:00:00.000"
"77385","4","1318","2025-12-31T00:00:00.000"
"77385","5","189","2025-12-31T00:00:00.000"
"77385","6","20","2025-12-31T00:00:00.000"
"77386","1","5402","2025-12-31T00:00:00.000"
"77386","2","21","2025-12-31T00:00:00.000"
"77386","3","19229","2025-12-31T00:00:00.000"
"77386","4","2310","2025-12-31T00:00:00.000"
"77386","5","22","2025-12-31T00:00:00.000"
"77386","6","29","2025-12-31T00:00:00.000"
"77388","1","6351","2025-12-31T00:00:00.000"
"77388","2","66","2025-12-31T00:00:00.000"
"77388","3","12812","2025-12-31T00:00:00.000"
"77388","4","1945","2025-12-31T00:00:00.000"
"77388","5","36","2025-12-31T00:00:00.000"
"77388","6","43","2025-12-31T00:00:00.000"
"77389","1","4735","2025-12-31T00:00:00.000"
"77389","2","59","2025-12-31T00:00:00.000"
"77389","3","11396","2025-12-31T00:00:00.000"
"77389","4","1173","2025-12-31T00:00:00.000"
"77389","5","581","2025-12-31T00:00:00.000"
"77389","6","41","2025-12-31T00:00:00.000"
"77396","1","5523","2025-12-31T00:00:00.000"
"77396","2","21","2025-12-31T00:00:00.000"
"77396","3","11050","2025-12-31T00:00:00.000"
"77396","4","1258","2025-12-31T00:00:00.000"
"77396","5","259","2025-12-31T00:00:00.000"
"77396","6","19","2025-12-31T00:00:00.000"
"77399","1","261","2025-12-31T00:00:00.000"
"77399","3","13","2025-12-31T00:00:00.000"
"77399","5","79","2025-12-31T00:00:00.000"
"77401","1","498","2025-12-31T00:00:00.000"
"77401","2","14","2025-12-31T00:00:00.000"
"77401","3","5679","2025-12-31T00:00:00.000"
"77401","4","385","2025-12-31T00:00:00.000"
"77401","6","47","2025-12-31T00:00:00.000"
"77406","1","5320","2025-12-31T00:00:00.000"
"77406","2","64","2025-12-31T00:00:00.000"
"77406","3","22210","2025-12-31T00:00:00.000"
"77406","4","2007","2025-12-31T00:00:00.000"
"77406","5","32","2025-12-31T00:00:00.000"
"77406","6","38","2025-12-31T00:00:00.000"
"77407","1","9966","2025-12-31T00:00:00.000"
"77407","2","6","2025-12-31T00:00:00.000"
"77407","3","21936","2025-12-31T00:00:00.000"
"77407","4","2710","2025-12-31T00:00:00.000"
"77407","5","6","2025-12-31T00:00:00.000"
"77407","6","27","2025-12-31T00:00:00.000"
"77411","1","46","2025-12-31T00:00:00.000"
"77411","3","3","2025-12-31T00:00:00.000"
"77412","1","1","2025-12-31T00:00:00.000"
"77412","3","19","2025-12-31T00:00:00.000"
"77412","4","1","2025-12-31T00:00:00.000"
"77412","5","4","2025-12-31T00:00:00.000"
"77413","1","1","2025-12-31T00:00:00.000"
"77414","1","864","2025-12-31T00:00:00.000"
"77414","2","3","2025-12-31T00:00:00.000"
"77414","3","4667","2025-12-31T00:00:00.000"
"77414","4","4160","2025-12-31T00:00:00.000"
"77414","5","147","2025-12-31T00:00:00.000"
"77414","6","4","2025-12-31T00:00:00.000"
"77415","1","2","2025-12-31T00:00:00.000"
"77415","3","28","2025-12-31T00:00:00.000"
"77415","4","28","2025-12-31T00:00:00.000"
"77415","5","3","2025-12-31T00:00:00.000"
"77415","6","1","2025-12-31T00:00:00.000"
"77417","1","79","2025-12-31T00:00:00.000"
"77417","3","806","2025-12-31T00:00:00.000"
"77417","4","130","2025-12-31T00:00:00.000"
"77417","5","78","2025-12-31T00:00:00.000"
"77417","6","2","2025-12-31T00:00:00.000"
"77418","1","337","2025-12-31T00:00:00.000"
"77418","2","2","2025-12-31T00:00:00.000"
"77418","3","1921","2025-12-31T00:00:00.000"
"77418","4","291","2025-12-31T00:00:00.000"
"77418","5","173","2025-12-31T00:00:00.000"
"77418","6","13","2025-12-31T00:00:00.000"
"77419","1","8","2025-12-31T00:00:00.000"
"77419","3","173","2025-12-31T00:00:00.000"
"77419","4","166","2025-12-31T00:00:00.000"
"77419","5","50","2025-12-31T00:00:00.000"
"77420","1","42","2025-12-31T00:00:00.000"
"77420","3","220","2025-12-31T00:00:00.000"
"77420","4","35","2025-12-31T00:00:00.000"
"77420","5","63","2025-12-31T00:00:00.000"
"77422","1","180","2025-12-31T00:00:00.000"
"77422","3","2769","2025-12-31T00:00:00.000"
"77422","4","2439","2025-12-31T00:00:00.000"
"77422","5","359","2025-12-31T00:00:00.000"
"77422","6","10","2025-12-31T00:00:00.000"
"77423","1","1096","2025-12-31T00:00:00.000"
"77423","2","18","2025-12-31T00:00:00.000"
"77423","3","5727","2025-12-31T00:00:00.000"
"77423","4","715","2025-12-31T00:00:00.000"
"77423","5","243","2025-12-31T00:00:00.000"
"77423","6","8","2025-12-31T00:00:00.000"
"77426","1","58","2025-12-31T00:00:00.000"
"77426","3","470","2025-12-31T00:00:00.000"
"77426","4","46","2025-12-31T00:00:00.000"
"77426","5","38","2025-12-31T00:00:00.000"
"77428","1","1","2025-12-31T00:00:00.000"
"77428","3","7","2025-12-31T00:00:00.000"
"77428","4","22","2025-12-31T00:00:00.000"
"77428","5","2","2025-12-31T00:00:00.000"
"77429","1","5728","2025-12-31T00:00:00.000"
"77429","2","321","2025-12-31T00:00:00.000"
"77429","3","26253","2025-12-31T00:00:00.000"
"77429","4","2703","2025-12-31T00:00:00.000"
"77429","5","78","2025-12-31T00:00:00.000"
"77429","6","45","2025-12-31T00:00:00.000"
"77430","1","33","2025-12-31T00:00:00.000"
"77430","3","466","2025-12-31T00:00:00.000"
"77430","4","226","2025-12-31T00:00:00.000"
"77430","5","89","2025-12-31T00:00:00.000"
"77430","6","1","2025-12-31T00:00:00.000"
"77431","1","1","2025-12-31T00:00:00.000"
"77431","3","2","2025-12-31T00:00:00.000"
"77431","4","3","2025-12-31T00:00:00.000"
"77431","5","2","2025-12-31T00:00:00.000"
"77432","1","1","2025-12-31T00:00:00.000"
"77432","3","8","2025-12-31T00:00:00.000"
"77432","4","3","2025-12-31T00:00:00.000"
"77432","5","1","2025-12-31T00:00:00.000"
"77433","1","11695","2025-12-31T00:00:00.000"
"77433","2","137","2025-12-31T00:00:00.000"
"77433","3","40275","2025-12-31T00:00:00.000"
"77433","4","4124","2025-12-31T00:00:00.000"
"77433","5","43","2025-12-31T00:00:00.000"
"77433","6","25","2025-12-31T00:00:00.000"
"77434","1","90","2025-12-31T00:00:00.000"
"77434","3","413","2025-12-31T00:00:00.000"
"77434","4","119","2025-12-31T00:00:00.000"
"77434","5","75","2025-12-31T00:00:00.000"
"77435","1","157","2025-12-31T00:00:00.000"
"77435","3","710","2025-12-31T00:00:00.000"
"77435","4","124","2025-12-31T00:00:00.000"
"77435","5","135","2025-12-31T00:00:00.000"
"77435","6","5","2025-12-31T00:00:00.000"
"77436","1","4","2025-12-31T00:00:00.000"
"77436","3","11","2025-12-31T00:00:00.000"
"77436","4","4","2025-12-31T00:00:00.000"
"77436","5","7","2025-12-31T00:00:00.000"
"77437","1","354","2025-12-31T00:00:00.000"
"77437","2","3","2025-12-31T00:00:00.000"
"77437","3","1987","2025-12-31T00:00:00.000"
"77437","4","409","2025-12-31T00:00:00.000"
"77437","5","188","2025-12-31T00:00:00.000"
"77437","6","10","2025-12-31T00:00:00.000"
"77440","1","1","2025-12-31T00:00:00.000"
"77440","3","7","2025-12-31T00:00:00.000"
"77440","4","11","2025-12-31T00:00:00.000"
"77441","1","2562","2025-12-31T00:00:00.000"
"77441","2","134","2025-12-31T00:00:00.000"
"77441","3","15130","2025-12-31T00:00:00.000"
"77441","4","1348","2025-12-31T00:00:00.000"
"77441","5","15","2025-12-31T00:00:00.000"
"77441","6","23","2025-12-31T00:00:00.000"
"77442","1","14","2025-12-31T00:00:00.000"
"77442","3","105","2025-12-31T00:00:00.000"
"77442","4","25","2025-12-31T00:00:00.000"
"77442","5","15","2025-12-31T00:00:00.000"
"77442","6","1","2025-12-31T00:00:00.000"
"77443","1","6","2025-12-31T00:00:00.000"
"77443","3","31","2025-12-31T00:00:00.000"
"77443","4","8","2025-12-31T00:00:00.000"
"77443","5","5","2025-12-31T00:00:00.000"
"77444","1","7","2025-12-31T00:00:00.000"
"77444","3","75","2025-12-31T00:00:00.000"
"77444","4","17","2025-12-31T00:00:00.000"
"77444","5","34","2025-12-31T00:00:00.000"
"77445","1","912","2025-12-31T00:00:00.000"
"77445","2","2","2025-12-31T00:00:00.000"
"77445","3","2016","2025-12-31T00:00:00.000"
"77445","4","406","2025-12-31T00:00:00.000"
"77445","5","202","2025-12-31T00:00:00.000"
"77445","6","1","2025-12-31T00:00:00.000"
"77446","1","1322","2025-12-31T00:00:00.000"
"77446","3","65","2025-12-31T00:00:00.000"
"77446","4","53","2025-12-31T00:00:00.000"
"77446","5","7","2025-12-31T00:00:00.000"
"77447","1","1505","2025-12-31T00:00:00.000"
"77447","2","2","2025-12-31T00:00:00.000"
"77447","3","11204","2025-12-31T00:00:00.000"
"77447","4","1102","2025-12-31T00:00:00.000"
"77447","5","403","2025-12-31T00:00:00.000"
"77447","6","13","2025-12-31T00:00:00.000"
"77448","1","3","2025-12-31T00:00:00.000"
"77448","3","27","2025-12-31T00:00:00.000"
"77448","4","9","2025-12-31T00:00:00.000"
"77448","5","14","2025-12-31T00:00:00.000"
"77449","1","17365","2025-12-31T00:00:00.000"
"77449","2","44","2025-12-31T00:00:00.000"
"77449","3","29928","2025-12-31T00:00:00.000"
"77449","4","6783","2025-12-31T00:00:00.000"
"77449","5","338","2025-12-31T00:00:00.000"
"77449","6","30","2025-12-31T00:00:00.000"
"77450","1","6079","2025-12-31T00:00:00.000"
"77450","2","78","2025-12-31T00:00:00.000"
"77450","3","17414","2025-12-31T00:00:00.000"
"77450","4","2784","2025-12-31T00:00:00.000"
"77450","5","2","2025-12-31T00:00:00.000"
"77450","6","30","2025-12-31T00:00:00.000"
"77451","1","9","2025-12-31T00:00:00.000"
"77451","3","59","2025-12-31T00:00:00.000"
"77451","4","33","2025-12-31T00:00:00.000"
"77451","5","25","2025-12-31T00:00:00.000"
"77451","6","1","2025-12-31T00:00:00.000"
"77452","1","1","2025-12-31T00:00:00.000"
"77452","3","9","2025-12-31T00:00:00.000"
"77452","4","2","2025-12-31T00:00:00.000"
"77452","5","2","2025-12-31T00:00:00.000"
"77453","1","1","2025-12-31T00:00:00.000"
"77453","3","12","2025-12-31T00:00:00.000"
"77453","4","4","2025-12-31T00:00:00.000"
"77453","5","3","2025-12-31T00:00:00.000"
"77454","1","5","2025-12-31T00:00:00.000"
"77454","3","23","2025-12-31T00:00:00.000"
"77454","4","3","2025-12-31T00:00:00.000"
"77454","5","1","2025-12-31T00:00:00.000"
"77455","1","25","2025-12-31T00:00:00.000"
"77455","3","172","2025-12-31T00:00:00.000"
"77455","4","42","2025-12-31T00:00:00.000"
"77455","5","53","2025-12-31T00:00:00.000"
"77456","1","15","2025-12-31T00:00:00.000"
"77456","3","172","2025-12-31T00:00:00.000"
"77456","4","146","2025-12-31T00:00:00.000"
"77456","5","37","2025-12-31T00:00:00.000"
"77457","1","7","2025-12-31T00:00:00.000"
"77457","3","470","2025-12-31T00:00:00.000"
"77457","4","778","2025-12-31T00:00:00.000"
"77457","5","35","2025-12-31T00:00:00.000"
"77458","1","5","2025-12-31T00:00:00.000"
"77458","3","42","2025-12-31T00:00:00.000"
"77458","4","36","2025-12-31T00:00:00.000"
"77458","5","15","2025-12-31T00:00:00.000"
"77458","6","1","2025-12-31T00:00:00.000"
"77459","1","4954","2025-12-31T00:00:00.000"
"77459","2","310","2025-12-31T00:00:00.000"
"77459","3","25431","2025-12-31T00:00:00.000"
"77459","4","2897","2025-12-31T00:00:00.000"
"77459","5","7","2025-12-31T00:00:00.000"
"77459","6","43","2025-12-31T00:00:00.000"
"77460","3","5","2025-12-31T00:00:00.000"
"77460","4","2","2025-12-31T00:00:00.000"
"77460","5","2","2025-12-31T00:00:00.000"
"77461","1","306","2025-12-31T00:00:00.000"
"77461","3","1897","2025-12-31T00:00:00.000"
"77461","4","240","2025-12-31T00:00:00.000"
"77461","5","296","2025-12-31T00:00:00.000"
"77461","6","24","2025-12-31T00:00:00.000"
"77463","3","1","2025-12-31T00:00:00.000"
"77463","4","1","2025-12-31T00:00:00.000"
"77464","1","9","2025-12-31T00:00:00.000"
"77464","3","57","2025-12-31T00:00:00.000"
"77464","4","9","2025-12-31T00:00:00.000"
"77464","5","11","2025-12-31T00:00:00.000"
"77465","1","87","2025-12-31T00:00:00.000"
"77465","3","1326","2025-12-31T00:00:00.000"
"77465","4","1173","2025-12-31T00:00:00.000"
"77465","5","129","2025-12-31T00:00:00.000"
"77465","6","2","2025-12-31T00:00:00.000"
"77466","1","1","2025-12-31T00:00:00.000"
"77466","3","25","2025-12-31T00:00:00.000"
"77466","4","9","2025-12-31T00:00:00.000"
"77466","5","10","2025-12-31T00:00:00.000"
"77467","1","1","2025-12-31T00:00:00.000"
"77467","3","1","2025-12-31T00:00:00.000"
"77467","4","1","2025-12-31T00:00:00.000"
"77467","5","2","2025-12-31T00:00:00.000"
"77468","1","1","2025-12-31T00:00:00.000"
"77468","3","32","2025-12-31T00:00:00.000"
"77468","4","27","2025-12-31T00:00:00.000"
"77468","5","10","2025-12-31T00:00:00.000"
"77468","6","1","2025-12-31T00:00:00.000"
"77469","1","4592","2025-12-31T00:00:00.000"
"77469","2","106","2025-12-31T00:00:00.000"
"77469","3","20929","2025-12-31T00:00:00.000"
"77469","4","2502","2025-12-31T00:00:00.000"
"77469","5","153","2025-12-31T00:00:00.000"
"77469","6","39","2025-12-31T00:00:00.000"
"77470","1","4","2025-12-31T00:00:00.000"
"77470","3","24","2025-12-31T00:00:00.000"
"77470","4","3","2025-12-31T00:00:00.000"
"77470","5","15","2025-12-31T00:00:00.000"
"77471","1","3673","2025-12-31T00:00:00.000"
"77471","2","7","2025-12-31T00:00:00.000"
"77471","3","8118","2025-12-31T00:00:00.000"
"77471","4","1532","2025-12-31T00:00:00.000"
"77471","5","322","2025-12-31T00:00:00.000"
"77471","6","26","2025-12-31T00:00:00.000"
"77473","1","2","2025-12-31T00:00:00.000"
"77473","3","16","2025-12-31T00:00:00.000"
"77473","4","4","2025-12-31T00:00:00.000"
"77473","5","4","2025-12-31T00:00:00.000"
"77474","1","509","2025-12-31T00:00:00.000"
"77474","2","20","2025-12-31T00:00:00.000"
"77474","3","2460","2025-12-31T00:00:00.000"
"77474","4","354","2025-12-31T00:00:00.000"
"77474","5","329","2025-12-31T00:00:00.000"
"77474","6","1","2025-12-31T00:00:00.000"
"77475","1","11","2025-12-31T00:00:00.000"
"77475","3","120","2025-12-31T00:00:00.000"
"77475","4","7","2025-12-31T00:00:00.000"
"77475","5","28","2025-12-31T00:00:00.000"
"77476","1","19","2025-12-31T00:00:00.000"
"77476","3","98","2025-12-31T00:00:00.000"
"77476","4","4","2025-12-31T00:00:00.000"
"77476","5","7","2025-12-31T00:00:00.000"
"77477","1","8386","2025-12-31T00:00:00.000"
"77477","2","48","2025-12-31T00:00:00.000"
"77477","3","4566","2025-12-31T00:00:00.000"
"77477","4","1190","2025-12-31T00:00:00.000"
"77477","5","97","2025-12-31T00:00:00.000"
"77477","6","12","2025-12-31T00:00:00.000"
"77478","1","1594","2025-12-31T00:00:00.000"
"77478","2","29","2025-12-31T00:00:00.000"
"77478","3","6993","2025-12-31T00:00:00.000"
"77478","4","1122","2025-12-31T00:00:00.000"
"77478","6","31","2025-12-31T00:00:00.000"
"77479","1","4313","2025-12-31T00:00:00.000"
"77479","2","666","2025-12-31T00:00:00.000"
"77479","3","24258","2025-12-31T00:00:00.000"
"77479","4","3124","2025-12-31T00:00:00.000"
"77479","5","10","2025-12-31T00:00:00.000"
"77479","6","40","2025-12-31T00:00:00.000"
"77480","1","217","2025-12-31T00:00:00.000"
"77480","3","1527","2025-12-31T00:00:00.000"
"77480","4","1194","2025-12-31T00:00:00.000"
"77480","5","141","2025-12-31T00:00:00.000"
"77480","6","7","2025-12-31T00:00:00.000"
"77481","1","1","2025-12-31T00:00:00.000"
"77481","3","11","2025-12-31T00:00:00.000"
"77481","4","2","2025-12-31T00:00:00.000"
"77481","5","1","2025-12-31T00:00:00.000"
"77482","1","30","2025-12-31T00:00:00.000"
"77482","3","409","2025-12-31T00:00:00.000"
"77482","4","290","2025-12-31T00:00:00.000"
"77482","5","54","2025-12-31T00:00:00.000"
"77483","1","5","2025-12-31T00:00:00.000"
"77483","3","48","2025-12-31T00:00:00.000"
"77483","4","72","2025-12-31T00:00:00.000"
"77483","5","12","2025-12-31T00:00:00.000"
"77484","1","828","2025-12-31T00:00:00.000"
"77484","3","3395","2025-12-31T00:00:00.000"
"77484","4","281","2025-12-31T00:00:00.000"
"77484","5","292","2025-12-31T00:00:00.000"
"77484","6","4","2025-12-31T00:00:00.000"
"77485","1","95","2025-12-31T00:00:00.000"
"77485","3","553","2025-12-31T00:00:00.000"
"77485","4","100","2025-12-31T00:00:00.000"
"77485","5","105","2025-12-31T00:00:00.000"
"77485","6","1","2025-12-31T00:00:00.000"
"77486","1","180","2025-12-31T00:00:00.000"
"77486","2","1","2025-12-31T00:00:00.000"
"77486","3","2384","2025-12-31T00:00:00.000"
"77486","4","1627","2025-12-31T00:00:00.000"
"77486","5","20","2025-12-31T00:00:00.000"
"77486","6","9","2025-12-31T00:00:00.000"
"77488","1","442","2025-12-31T00:00:00.000"
"77488","2","1","2025-12-31T00:00:00.000"
"77488","3","1563","2025-12-31T00:00:00.000"
"77488","4","336","2025-12-31T00:00:00.000"
"77488","5","157","2025-12-31T00:00:00.000"
"77488","6","10","2025-12-31T00:00:00.000"
"77489","1","1433","2025-12-31T00:00:00.000"
"77489","2","126","2025-12-31T00:00:00.000"
"77489","3","8269","2025-12-31T00:00:00.000"
"77489","4","2019","2025-12-31T00:00:00.000"
"77489","5","14","2025-12-31T00:00:00.000"
"77489","6","6","2025-12-31T00:00:00.000"
"77493","1","8863","2025-12-31T00:00:00.000"
"77493","2","12","2025-12-31T00:00:00.000"
"77493","3","29206","2025-12-31T00:00:00.000"
"77493","4","4502","2025-12-31T00:00:00.000"
"77493","5","267","2025-12-31T00:00:00.000"
"77493","6","22","2025-12-31T00:00:00.000"
"77494","1","18826","2025-12-31T00:00:00.000"
"77494","2","284","2025-12-31T00:00:00.000"
"77494","3","34468","2025-12-31T00:00:00.000"
"77494","4","4853","2025-12-31T00:00:00.000"
"77494","5","54","2025-12-31T00:00:00.000"
"77494","6","32","2025-12-31T00:00:00.000"
"77498","1","2935","2025-12-31T00:00:00.000"
"77498","2","13","2025-12-31T00:00:00.000"
"77498","3","10596","2025-12-31T00:00:00.000"
"77498","4","2406","2025-12-31T00:00:00.000"
"77498","5","44","2025-12-31T00:00:00.000"
"77498","6","35","2025-12-31T00:00:00.000"
"77502","1","1403","2025-12-31T00:00:00.000"
"77502","2","31","2025-12-31T00:00:00.000"
"77502","3","4509","2025-12-31T00:00:00.000"
"77502","4","1202","2025-12-31T00:00:00.000"
"77502","5","82","2025-12-31T00:00:00.000"
"77502","6","6","2025-12-31T00:00:00.000"
"77503","1","1320","2025-12-31T00:00:00.000"
"77503","2","132","2025-12-31T00:00:00.000"
"77503","3","2938","2025-12-31T00:00:00.000"
"77503","4","785","2025-12-31T00:00:00.000"
"77503","5","68","2025-12-31T00:00:00.000"
"77503","6","6","2025-12-31T00:00:00.000"
"77504","1","1800","2025-12-31T00:00:00.000"
"77504","2","204","2025-12-31T00:00:00.000"
"77504","3","2780","2025-12-31T00:00:00.000"
"77504","4","466","2025-12-31T00:00:00.000"
"77504","5","143","2025-12-31T00:00:00.000"
"77504","6","11","2025-12-31T00:00:00.000"
"77505","1","2676","2025-12-31T00:00:00.000"
"77505","2","36","2025-12-31T00:00:00.000"
"77505","3","5425","2025-12-31T00:00:00.000"
"77505","4","548","2025-12-31T00:00:00.000"
"77505","5","35","2025-12-31T00:00:00.000"
"77505","6","12","2025-12-31T00:00:00.000"
"77506","1","505","2025-12-31T00:00:00.000"
"77506","2","22","2025-12-31T00:00:00.000"
"77506","3","2380","2025-12-31T00:00:00.000"
"77506","4","1065","2025-12-31T00:00:00.000"
"77506","5","33","2025-12-31T00:00:00.000"
"77507","1","520","2025-12-31T00:00:00.000"
"77507","3","5","2025-12-31T00:00:00.000"
"77507","4","2","2025-12-31T00:00:00.000"
"77510","1","655","2025-12-31T00:00:00.000"
"77510","3","4097","2025-12-31T00:00:00.000"
"77510","4","3712","2025-12-31T00:00:00.000"
"77510","5","354","2025-12-31T00:00:00.000"
"77510","6","5","2025-12-31T00:00:00.000"
"77511","1","2321","2025-12-31T00:00:00.000"
"77511","2","6","2025-12-31T00:00:00.000"
"77511","3","10739","2025-12-31T00:00:00.000"
"77511","4","7724","2025-12-31T00:00:00.000"
"77511","5","983","2025-12-31T00:00:00.000"
"77511","6","44","2025-12-31T00:00:00.000"
"77514","1","87","2025-12-31T00:00:00.000"
"77514","3","1379","2025-12-31T00:00:00.000"
"77514","4","1191","2025-12-31T00:00:00.000"
"77514","5","139","2025-12-31T00:00:00.000"
"77514","6","1","2025-12-31T00:00:00.000"
"77515","1","1350","2025-12-31T00:00:00.000"
"77515","3","7692","2025-12-31T00:00:00.000"
"77515","4","6407","2025-12-31T00:00:00.000"
"77515","5","373","2025-12-31T00:00:00.000"
"77515","6","22","2025-12-31T00:00:00.000"
"77517","1","82","2025-12-31T00:00:00.000"
"77517","3","1616","2025-12-31T00:00:00.000"
"77517","4","1283","2025-12-31T00:00:00.000"
"77517","5","169","2025-12-31T00:00:00.000"
"77517","6","5","2025-12-31T00:00:00.000"
"77518","1","217","2025-12-31T00:00:00.000"
"77518","3","1389","2025-12-31T00:00:00.000"
"77518","4","1870","2025-12-31T00:00:00.000"
"77518","5","162","2025-12-31T00:00:00.000"
"77518","6","3","2025-12-31T00:00:00.000"
"77519","1","8","2025-12-31T00:00:00.000"
"77519","3","99","2025-12-31T00:00:00.000"
"77519","4","9","2025-12-31T00:00:00.000"
"77519","5","71","2025-12-31T00:00:00.000"
"77519","6","1","2025-12-31T00:00:00.000"
"77520","1","1593","2025-12-31T00:00:00.000"
"77520","2","99","2025-12-31T00:00:00.000"
"77520","3","4256","2025-12-31T00:00:00.000"
"77520","4","1404","2025-12-31T00:00:00.000"
"77520","5","125","2025-12-31T00:00:00.000"
"77520","6","4","2025-12-31T00:00:00.000"
"77521","1","10288","2025-12-31T00:00:00.000"
"77521","2","20","2025-12-31T00:00:00.000"
"77521","3","13395","2025-12-31T00:00:00.000"
"77521","4","2206","2025-12-31T00:00:00.000"
"77521","5","501","2025-12-31T00:00:00.000"
"77521","6","19","2025-12-31T00:00:00.000"
"77523","1","2975","2025-12-31T00:00:00.000"
"77523","2","1","2025-12-31T00:00:00.000"
"77523","3","9885","2025-12-31T00:00:00.000"
"77523","4","6337","2025-12-31T00:00:00.000"
"77523","5","265","2025-12-31T00:00:00.000"
"77523","6","27","2025-12-31T00:00:00.000"
"77530","1","522","2025-12-31T00:00:00.000"
"77530","2","1","2025-12-31T00:00:00.000"
"77530","3","3822","2025-12-31T00:00:00.000"
"77530","4","1035","2025-12-31T00:00:00.000"
"77530","5","238","2025-12-31T00:00:00.000"
"77530","6","8","2025-12-31T00:00:00.000"
"77531","1","2424","2025-12-31T00:00:00.000"
"77531","3","2854","2025-12-31T00:00:00.000"
"77531","4","2399","2025-12-31T00:00:00.000"
"77531","5","53","2025-12-31T00:00:00.000"
"77532","1","868","2025-12-31T00:00:00.000"
"77532","2","71","2025-12-31T00:00:00.000"
"77532","3","10175","2025-12-31T00:00:00.000"
"77532","4","879","2025-12-31T00:00:00.000"
"77532","5","496","2025-12-31T00:00:00.000"
"77532","6","15","2025-12-31T00:00:00.000"
"77533","1","21","2025-12-31T00:00:00.000"
"77533","3","59","2025-12-31T00:00:00.000"
"77533","4","28","2025-12-31T00:00:00.000"
"77533","5","51","2025-12-31T00:00:00.000"
"77534","1","43","2025-12-31T00:00:00.000"
"77534","3","702","2025-12-31T00:00:00.000"
"77534","4","711","2025-12-31T00:00:00.000"
"77534","5","52","2025-12-31T00:00:00.000"
"77534","6","1","2025-12-31T00:00:00.000"
"77535","1","812","2025-12-31T00:00:00.000"
"77535","3","6270","2025-12-31T00:00:00.000"
"77535","4","815","2025-12-31T00:00:00.000"
"77535","5","1997","2025-12-31T00:00:00.000"
"77535","6","20","2025-12-31T00:00:00.000"
"77536","1","1452","2025-12-31T00:00:00.000"
"77536","3","8179","2025-12-31T00:00:00.000"
"77536","4","919","2025-12-31T00:00:00.000"
"77536","5","44","2025-12-31T00:00:00.000"
"77536","6","40","2025-12-31T00:00:00.000"
"77538","1","8","2025-12-31T00:00:00.000"
"77538","3","131","2025-12-31T00:00:00.000"
"77538","4","17","2025-12-31T00:00:00.000"
"77538","5","45","2025-12-31T00:00:00.000"
"77538","6","1","2025-12-31T00:00:00.000"
"77539","1","1891","2025-12-31T00:00:00.000"
"77539","2","86","2025-12-31T00:00:00.000"
"77539","3","10942","2025-12-31T00:00:00.000"
"77539","4","9818","2025-12-31T00:00:00.000"
"77539","5","439","2025-12-31T00:00:00.000"
"77539","6","3","2025-12-31T00:00:00.000"
"77541","1","449","2025-12-31T00:00:00.000"
"77541","2","14","2025-12-31T00:00:00.000"
"77541","3","3155","2025-12-31T00:00:00.000"
"77541","4","4683","2025-12-31T00:00:00.000"
"77541","5","101","2025-12-31T00:00:00.000"
"77541","6","1","2025-12-31T00:00:00.000"
"77545","1","1163","2025-12-31T00:00:00.000"
"77545","3","6233","2025-12-31T00:00:00.000"
"77545","4","932","2025-12-31T00:00:00.000"
"77545","5","162","2025-12-31T00:00:00.000"
"77545","6","7","2025-12-31T00:00:00.000"
"77546","1","4107","2025-12-31T00:00:00.000"
"77546","2","190","2025-12-31T00:00:00.000"
"77546","3","14959","2025-12-31T00:00:00.000"
"77546","4","7542","2025-12-31T00:00:00.000"
"77546","5","5","2025-12-31T00:00:00.000"
"77546","6","31","2025-12-31T00:00:00.000"
"77547","1","100","2025-12-31T00:00:00.000"
"77547","3","913","2025-12-31T00:00:00.000"
"77547","4","484","2025-12-31T00:00:00.000"
"77547","5","1","2025-12-31T00:00:00.000"
"77550","1","2358","2025-12-31T00:00:00.000"
"77550","2","839","2025-12-31T00:00:00.000"
"77550","3","3120","2025-12-31T00:00:00.000"
"77550","4","7726","2025-12-31T00:00:00.000"
"77550","5","13","2025-12-31T00:00:00.000"
"77551","1","1636","2025-12-31T00:00:00.000"
"77551","2","693","2025-12-31T00:00:00.000"
"77551","3","2776","2025-12-31T00:00:00.000"
"77551","4","5857","2025-12-31T00:00:00.000"
"77551","5","18","2025-12-31T00:00:00.000"
"77553","1","1","2025-12-31T00:00:00.000"
"77553","3","3","2025-12-31T00:00:00.000"
"77553","4","17","2025-12-31T00:00:00.000"
"77554","1","1447","2025-12-31T00:00:00.000"
"77554","2","685","2025-12-31T00:00:00.000"
"77554","3","5121","2025-12-31T00:00:00.000"
"77554","4","10031","2025-12-31T00:00:00.000"
"77560","1","21","2025-12-31T00:00:00.000"
"77560","3","144","2025-12-31T00:00:00.000"
"77560","4","81","2025-12-31T00:00:00.000"
"77560","5","50","2025-12-31T00:00:00.000"
"77560","6","1","2025-12-31T00:00:00.000"
"77561","1","1","2025-12-31T00:00:00.000"
"77561","3","22","2025-12-31T00:00:00.000"
"77561","4","7","2025-12-31T00:00:00.000"
"77561","5","17","2025-12-31T00:00:00.000"
"77561","6","1","2025-12-31T00:00:00.000"
"77562","1","210","2025-12-31T00:00:00.000"
"77562","3","1629","2025-12-31T00:00:00.000"
"77562","4","325","2025-12-31T00:00:00.000"
"77562","5","257","2025-12-31T00:00:00.000"
"77562","6","6","2025-12-31T00:00:00.000"
"77563","1","264","2025-12-31T00:00:00.000"
"77563","3","2445","2025-12-31T00:00:00.000"
"77563","4","3066","2025-12-31T00:00:00.000"
"77563","5","73","2025-12-31T00:00:00.000"
"77563","6","2","2025-12-31T00:00:00.000"
"77564","1","34","2025-12-31T00:00:00.000"
"77564","3","263","2025-12-31T00:00:00.000"
"77564","4","23","2025-12-31T00:00:00.000"
"77564","5","152","2025-12-31T00:00:00.000"
"77565","1","2752","2025-12-31T00:00:00.000"
"77565","2","36","2025-12-31T00:00:00.000"
"77565","3","2199","2025-12-31T00:00:00.000"
"77565","4","2216","2025-12-31T00:00:00.000"
"77565","5","7","2025-12-31T00:00:00.000"
"77566","1","3119","2025-12-31T00:00:00.000"
"77566","2","43","2025-12-31T00:00:00.000"
"77566","3","8291","2025-12-31T00:00:00.000"
"77566","4","7244","2025-12-31T00:00:00.000"
"77566","5","4","2025-12-31T00:00:00.000"
"77566","6","12","2025-12-31T00:00:00.000"
"77568","1","1244","2025-12-31T00:00:00.000"
"77568","3","7450","2025-12-31T00:00:00.000"
"77568","4","6674","2025-12-31T00:00:00.000"
"77568","5","39","2025-12-31T00:00:00.000"
"77568","6","18","2025-12-31T00:00:00.000"
"77571","1","1927","2025-12-31T00:00:00.000"
"77571","2","146","2025-12-31T00:00:00.000"
"77571","3","9521","2025-12-31T00:00:00.000"
"77571","4","3734","2025-12-31T00:00:00.000"
"77571","5","129","2025-12-31T00:00:00.000"
"77571","6","8","2025-12-31T00:00:00.000"
"77573","1","7552","2025-12-31T00:00:00.000"
"77573","2","214","2025-12-31T00:00:00.000"
"77573","3","27557","2025-12-31T00:00:00.000"
"77573","4","24516","2025-12-31T00:00:00.000"
"77573","5","93","2025-12-31T00:00:00.000"
"77573","6","16","2025-12-31T00:00:00.000"
"77575","1","355","2025-12-31T00:00:00.000"
"77575","3","2456","2025-12-31T00:00:00.000"
"77575","4","475","2025-12-31T00:00:00.000"
"77575","5","503","2025-12-31T00:00:00.000"
"77575","6","12","2025-12-31T00:00:00.000"
"77577","1","15","2025-12-31T00:00:00.000"
"77577","3","262","2025-12-31T00:00:00.000"
"77577","4","244","2025-12-31T00:00:00.000"
"77577","5","66","2025-12-31T00:00:00.000"
"77578","1","2259","2025-12-31T00:00:00.000"
"77578","2","1","2025-12-31T00:00:00.000"
"77578","3","10461","2025-12-31T00:00:00.000"
"77578","4","5104","2025-12-31T00:00:00.000"
"77578","5","297","2025-12-31T00:00:00.000"
"77578","6","26","2025-12-31T00:00:00.000"
"77580","1","2","2025-12-31T00:00:00.000"
"77580","3","56","2025-12-31T00:00:00.000"
"77580","4","33","2025-12-31T00:00:00.000"
"77581","1","3292","2025-12-31T00:00:00.000"
"77581","2","25","2025-12-31T00:00:00.000"
"77581","3","12896","2025-12-31T00:00:00.000"
"77581","4","7841","2025-12-31T00:00:00.000"
"77581","5","385","2025-12-31T00:00:00.000"
"77581","6","30","2025-12-31T00:00:00.000"
"77582","1","6","2025-12-31T00:00:00.000"
"77582","3","39","2025-12-31T00:00:00.000"
"77582","4","6","2025-12-31T00:00:00.000"
"77582","5","16","2025-12-31T00:00:00.000"
"77583","1","2146","2025-12-31T00:00:00.000"
"77583","2","5","2025-12-31T00:00:00.000"
"77583","3","16882","2025-12-31T00:00:00.000"
"77583","4","6458","2025-12-31T00:00:00.000"
"77583","5","421","2025-12-31T00:00:00.000"
"77583","6","23","2025-12-31T00:00:00.000"
"77584","1","8539","2025-12-31T00:00:00.000"
"77584","2","202","2025-12-31T00:00:00.000"
"77584","3","22670","2025-12-31T00:00:00.000"
"77584","4","13952","2025-12-31T00:00:00.000"
"77584","5","214","2025-12-31T00:00:00.000"
"77584","6","25","2025-12-31T00:00:00.000"
"77585","1","15","2025-12-31T00:00:00.000"
"77585","3","106","2025-12-31T00:00:00.000"
"77585","4","11","2025-12-31T00:00:00.000"
"77585","5","45","2025-12-31T00:00:00.000"
"77586","1","5954","2025-12-31T00:00:00.000"
"77586","2","467","2025-12-31T00:00:00.000"
"77586","3","5461","2025-12-31T00:00:00.000"
"77586","4","2427","2025-12-31T00:00:00.000"
"77586","5","14","2025-12-31T00:00:00.000"
"77587","1","350","2025-12-31T00:00:00.000"
"77587","2","8","2025-12-31T00:00:00.000"
"77587","3","1345","2025-12-31T00:00:00.000"
"77587","4","419","2025-12-31T00:00:00.000"
"77587","5","19","2025-12-31T00:00:00.000"
"77587","6","2","2025-12-31T00:00:00.000"
"77590","1","1438","2025-12-31T00:00:00.000"
"77590","2","3","2025-12-31T00:00:00.000"
"77590","3","5443","2025-12-31T00:00:00.000"
"77590","4","7231","2025-12-31T00:00:00.000"
"77590","5","3","2025-12-31T00:00:00.000"
"77591","1","1739","2025-12-31T00:00:00.000"
"77591","2","81","2025-12-31T00:00:00.000"
"77591","3","4233","2025-12-31T00:00:00.000"
"77591","4","3853","2025-12-31T00:00:00.000"
"77591","5","7","2025-12-31T00:00:00.000"
"77591","6","7","2025-12-31T00:00:00.000"
"77597","1","12","2025-12-31T00:00:00.000"
"77597","3","198","2025-12-31T00:00:00.000"
"77597","4","130","2025-12-31T00:00:00.000"
"77597","5","36","2025-12-31T00:00:00.000"
"77598","1","7930","2025-12-31T00:00:00.000"
"77598","2","374","2025-12-31T00:00:00.000"
"77598","3","2135","2025-12-31T00:00:00.000"
"77598","4","471","2025-12-31T00:00:00.000"
"77598","5","13","2025-12-31T00:00:00.000"
"77598","6","3","2025-12-31T00:00:00.000"
"77611","1","302","2025-12-31T00:00:00.000"
"77611","3","2396","2025-12-31T00:00:00.000"
"77611","4","403","2025-12-31T00:00:00.000"
"77611","5","104","2025-12-31T00:00:00.000"
"77612","1","149","2025-12-31T00:00:00.000"
"77612","3","1587","2025-12-31T00:00:00.000"
"77612","4","141","2025-12-31T00:00:00.000"
"77612","5","364","2025-12-31T00:00:00.000"
"77613","1","28","2025-12-31T00:00:00.000"
"77613","3","290","2025-12-31T00:00:00.000"
"77613","4","188","2025-12-31T00:00:00.000"
"77613","5","25","2025-12-31T00:00:00.000"
"77614","3","27","2025-12-31T00:00:00.000"
"77614","4","3","2025-12-31T00:00:00.000"
"77614","5","29","2025-12-31T00:00:00.000"
"77615","1","8","2025-12-31T00:00:00.000"
"77615","3","131","2025-12-31T00:00:00.000"
"77615","4","18","2025-12-31T00:00:00.000"
"77615","5","36","2025-12-31T00:00:00.000"
"77616","1","4","2025-12-31T00:00:00.000"
"77616","3","106","2025-12-31T00:00:00.000"
"77616","4","5","2025-12-31T00:00:00.000"
"77616","5","59","2025-12-31T00:00:00.000"
"77617","1","1","2025-12-31T00:00:00.000"
"77617","3","120","2025-12-31T00:00:00.000"
"77617","4","432","2025-12-31T00:00:00.000"
"77619","1","451","2025-12-31T00:00:00.000"
"77619","2","4","2025-12-31T00:00:00.000"
"77619","3","4355","2025-12-31T00:00:00.000"
"77619","4","4812","2025-12-31T00:00:00.000"
"77622","1","19","2025-12-31T00:00:00.000"
"77622","3","343","2025-12-31T00:00:00.000"
"77622","4","297","2025-12-31T00:00:00.000"
"77622","5","72","2025-12-31T00:00:00.000"
"77623","1","3","2025-12-31T00:00:00.000"
"77623","3","62","2025-12-31T00:00:00.000"
"77623","4","76","2025-12-31T00:00:00.000"
"77623","5","13","2025-12-31T00:00:00.000"
"77624","1","4","2025-12-31T00:00:00.000"
"77624","3","121","2025-12-31T00:00:00.000"
"77624","4","23","2025-12-31T00:00:00.000"
"77624","5","36","2025-12-31T00:00:00.000"
"77625","1","172","2025-12-31T00:00:00.000"
"77625","3","1504","2025-12-31T00:00:00.000"
"77625","4","134","2025-12-31T00:00:00.000"
"77625","5","679","2025-12-31T00:00:00.000"
"77625","6","3","2025-12-31T00:00:00.000"
"77626","3","13","2025-12-31T00:00:00.000"
"77626","4","2","2025-12-31T00:00:00.000"
"77626","5","3","2025-12-31T00:00:00.000"
"77627","1","1317","2025-12-31T00:00:00.000"
"77627","2","27","2025-12-31T00:00:00.000"
"77627","3","6175","2025-12-31T00:00:00.000"
"77627","4","5941","2025-12-31T00:00:00.000"
"77627","5","77","2025-12-31T00:00:00.000"
"77627","6","1","2025-12-31T00:00:00.000"
"77629","1","6","2025-12-31T00:00:00.000"
"77629","3","156","2025-12-31T00:00:00.000"
"77629","4","115","2025-12-31T00:00:00.000"
"77629","5","37","2025-12-31T00:00:00.000"
"77630","1","962","2025-12-31T00:00:00.000"
"77630","3","5388","2025-12-31T00:00:00.000"
"77630","4","1480","2025-12-31T00:00:00.000"
"77630","5","501","2025-12-31T00:00:00.000"
"77632","1","511","2025-12-31T00:00:00.000"
"77632","2","11","2025-12-31T00:00:00.000"
"77632","3","5025","2025-12-31T00:00:00.000"
"77632","4","481","2025-12-31T00:00:00.000"
"77632","5","923","2025-12-31T00:00:00.000"
"77632","6","3","2025-12-31T00:00:00.000"
"77639","3","4","2025-12-31T00:00:00.000"
"77639","4","2","2025-12-31T00:00:00.000"
"77640","1","859","2025-12-31T00:00:00.000"
"77640","2","27","2025-12-31T00:00:00.000"
"77640","3","2947","2025-12-31T00:00:00.000"
"77640","4","3305","2025-12-31T00:00:00.000"
"77640","5","12","2025-12-31T00:00:00.000"
"77642","1","2402","2025-12-31T00:00:00.000"
"77642","2","15","2025-12-31T00:00:00.000"
"77642","3","5037","2025-12-31T00:00:00.000"
"77642","4","5900","2025-12-31T00:00:00.000"
"77642","5","3","2025-12-31T00:00:00.000"
"77650","1","23","2025-12-31T00:00:00.000"
"77650","3","1523","2025-12-31T00:00:00.000"
"77650","4","4170","2025-12-31T00:00:00.000"
"77650","5","2","2025-12-31T00:00:00.000"
"77651","1","455","2025-12-31T00:00:00.000"
"77651","2","46","2025-12-31T00:00:00.000"
"77651","3","4185","2025-12-31T00:00:00.000"
"77651","4","3935","2025-12-31T00:00:00.000"
"77651","5","10","2025-12-31T00:00:00.000"
"77655","1","12","2025-12-31T00:00:00.000"
"77655","3","41","2025-12-31T00:00:00.000"
"77655","4","67","2025-12-31T00:00:00.000"
"77655","5","3","2025-12-31T00:00:00.000"
"77656","1","392","2025-12-31T00:00:00.000"
"77656","3","2866","2025-12-31T00:00:00.000"
"77656","4","409","2025-12-31T00:00:00.000"
"77656","5","564","2025-12-31T00:00:00.000"
"77656","6","1","2025-12-31T00:00:00.000"
"77657","1","1207","2025-12-31T00:00:00.000"
"77657","2","22","2025-12-31T00:00:00.000"
"77657","3","5690","2025-12-31T00:00:00.000"
"77657","4","556","2025-12-31T00:00:00.000"
"77657","5","716","2025-12-31T00:00:00.000"
"77657","6","16","2025-12-31T00:00:00.000"
"77659","1","126","2025-12-31T00:00:00.000"
"77659","3","1372","2025-12-31T00:00:00.000"
"77659","4","118","2025-12-31T00:00:00.000"
"77659","5","141","2025-12-31T00:00:00.000"
"77659","6","7","2025-12-31T00:00:00.000"
"77660","1","22","2025-12-31T00:00:00.000"
"77660","3","171","2025-12-31T00:00:00.000"
"77660","4","25","2025-12-31T00:00:00.000"
"77660","5","74","2025-12-31T00:00:00.000"
"77661","1","5","2025-12-31T00:00:00.000"
"77661","3","58","2025-12-31T00:00:00.000"
"77661","4","70","2025-12-31T00:00:00.000"
"77661","5","17","2025-12-31T00:00:00.000"
"77662","1","524","2025-12-31T00:00:00.000"
"77662","2","1","2025-12-31T00:00:00.000"
"77662","3","4617","2025-12-31T00:00:00.000"
"77662","4","584","2025-12-31T00:00:00.000"
"77662","5","1049","2025-12-31T00:00:00.000"
"77662","6","4","2025-12-31T00:00:00.000"
"77663","1","12","2025-12-31T00:00:00.000"
"77663","3","519","2025-12-31T00:00:00.000"
"77663","4","37","2025-12-31T00:00:00.000"
"77663","5","13","2025-12-31T00:00:00.000"
"77663","6","1","2025-12-31T00:00:00.000"
"77664","1","39","2025-12-31T00:00:00.000"
"77664","3","531","2025-12-31T00:00:00.000"
"77664","4","74","2025-12-31T00:00:00.000"
"77664","5","127","2025-12-31T00:00:00.000"
"77665","1","114","2025-12-31T00:00:00.000"
"77665","3","1210","2025-12-31T00:00:00.000"
"77665","4","980","2025-12-31T00:00:00.000"
"77665","5","340","2025-12-31T00:00:00.000"
"77665","6","1","2025-12-31T00:00:00.000"
"77701","1","326","2025-12-31T00:00:00.000"
"77701","2","21","2025-12-31T00:00:00.000"
"77701","3","1312","2025-12-31T00:00:00.000"
"77701","4","1442","2025-12-31T00:00:00.000"
"77701","5","1","2025-12-31T00:00:00.000"
"77701","6","1","2025-12-31T00:00:00.000"
"77702","1","132","2025-12-31T00:00:00.000"
"77702","2","1","2025-12-31T00:00:00.000"
"77702","3","431","2025-12-31T00:00:00.000"
"77702","4","465","2025-12-31T00:00:00.000"
"77702","5","1","2025-12-31T00:00:00.000"
"77703","1","451","2025-12-31T00:00:00.000"
"77703","2","13","2025-12-31T00:00:00.000"
"77703","3","1382","2025-12-31T00:00:00.000"
"77703","4","1603","2025-12-31T00:00:00.000"
"77703","6","1","2025-12-31T00:00:00.000"
"77705","1","1062","2025-12-31T00:00:00.000"
"77705","2","1","2025-12-31T00:00:00.000"
"77705","3","4393","2025-12-31T00:00:00.000"
"77705","4","4266","2025-12-31T00:00:00.000"
"77705","5","261","2025-12-31T00:00:00.000"
"77705","6","1","2025-12-31T00:00:00.000"
"77706","1","3465","2025-12-31T00:00:00.000"
"77706","2","628","2025-12-31T00:00:00.000"
"77706","3","7062","2025-12-31T00:00:00.000"
"77706","4","5193","2025-12-31T00:00:00.000"
"77706","5","2","2025-12-31T00:00:00.000"
"77706","6","19","2025-12-31T00:00:00.000"
"77707","1","521","2025-12-31T00:00:00.000"
"77707","2","252","2025-12-31T00:00:00.000"
"77707","3","4083","2025-12-31T00:00:00.000"
"77707","4","3397","2025-12-31T00:00:00.000"
"77707","5","23","2025-12-31T00:00:00.000"
"77707","6","1","2025-12-31T00:00:00.000"
"77708","1","772","2025-12-31T00:00:00.000"
"77708","2","12","2025-12-31T00:00:00.000"
"77708","3","2503","2025-12-31T00:00:00.000"
"77708","4","1804","2025-12-31T00:00:00.000"
"77708","5","1","2025-12-31T00:00:00.000"
"77708","6","5","2025-12-31T00:00:00.000"
"77709","3","1","2025-12-31T00:00:00.000"
"77713","1","2667","2025-12-31T00:00:00.000"
"77713","2","62","2025-12-31T00:00:00.000"
"77713","3","3565","2025-12-31T00:00:00.000"
"77713","4","2142","2025-12-31T00:00:00.000"
"77713","5","178","2025-12-31T00:00:00.000"
"77713","6","11","2025-12-31T00:00:00.000"
"77801","1","4104","2025-12-31T00:00:00.000"
"77801","2","178","2025-12-31T00:00:00.000"
"77801","3","1114","2025-12-31T00:00:00.000"
"77801","4","1079","2025-12-31T00:00:00.000"
"77801","5","17","2025-12-31T00:00:00.000"
"77801","6","2","2025-12-31T00:00:00.000"
"77802","1","4710","2025-12-31T00:00:00.000"
"77802","2","347","2025-12-31T00:00:00.000"
"77802","3","5892","2025-12-31T00:00:00.000"
"77802","4","1228","2025-12-31T00:00:00.000"
"77802","5","3","2025-12-31T00:00:00.000"
"77802","6","2","2025-12-31T00:00:00.000"
"77803","1","2241","2025-12-31T00:00:00.000"
"77803","2","47","2025-12-31T00:00:00.000"
"77803","3","4055","2025-12-31T00:00:00.000"
"77803","4","1245","2025-12-31T00:00:00.000"
"77803","5","238","2025-12-31T00:00:00.000"
"77803","6","1","2025-12-31T00:00:00.000"
"77807","1","2147","2025-12-31T00:00:00.000"
"77807","2","88","2025-12-31T00:00:00.000"
"77807","3","3675","2025-12-31T00:00:00.000"
"77807","4","717","2025-12-31T00:00:00.000"
"77807","5","160","2025-12-31T00:00:00.000"
"77807","6","1","2025-12-31T00:00:00.000"
"77808","1","407","2025-12-31T00:00:00.000"
"77808","2","3","2025-12-31T00:00:00.000"
"77808","3","4536","2025-12-31T00:00:00.000"
"77808","4","387","2025-12-31T00:00:00.000"
"77808","5","267","2025-12-31T00:00:00.000"
"77808","6","2","2025-12-31T00:00:00.000"
"77830","1","104","2025-12-31T00:00:00.000"
"77830","3","603","2025-12-31T00:00:00.000"
"77830","4","63","2025-12-31T00:00:00.000"
"77830","5","96","2025-12-31T00:00:00.000"
"77831","1","62","2025-12-31T00:00:00.000"
"77831","3","499","2025-12-31T00:00:00.000"
"77831","4","64","2025-12-31T00:00:00.000"
"77831","5","152","2025-12-31T00:00:00.000"
"77833","1","1214","2025-12-31T00:00:00.000"
"77833","2","6","2025-12-31T00:00:00.000"
"77833","3","5296","2025-12-31T00:00:00.000"
"77833","4","877","2025-12-31T00:00:00.000"
"77833","5","310","2025-12-31T00:00:00.000"
"77833","6","5","2025-12-31T00:00:00.000"
"77835","1","71","2025-12-31T00:00:00.000"
"77835","3","469","2025-12-31T00:00:00.000"
"77835","4","39","2025-12-31T00:00:00.000"
"77835","5","57","2025-12-31T00:00:00.000"
"77835","6","3","2025-12-31T00:00:00.000"
"77836","1","298","2025-12-31T00:00:00.000"
"77836","2","2","2025-12-31T00:00:00.000"
"77836","3","1522","2025-12-31T00:00:00.000"
"77836","4","279","2025-12-31T00:00:00.000"
"77836","5","303","2025-12-31T00:00:00.000"
"77837","1","26","2025-12-31T00:00:00.000"
"77837","3","219","2025-12-31T00:00:00.000"
"77837","4","31","2025-12-31T00:00:00.000"
"77837","5","39","2025-12-31T00:00:00.000"
"77838","3","1","2025-12-31T00:00:00.000"
"77838","5","4","2025-12-31T00:00:00.000"
"77840","1","48439","2025-12-31T00:00:00.000"
"77840","2","1583","2025-12-31T00:00:00.000"
"77840","3","2634","2025-12-31T00:00:00.000"
"77840","4","2888","2025-12-31T00:00:00.000"
"77840","5","23","2025-12-31T00:00:00.000"
"77840","6","1","2025-12-31T00:00:00.000"
"77841","1","2","2025-12-31T00:00:00.000"
"77841","4","1","2025-12-31T00:00:00.000"
"77843","1","369","2025-12-31T00:00:00.000"
"77843","2","1","2025-12-31T00:00:00.000"
"77843","3","48","2025-12-31T00:00:00.000"
"77844","1","1","2025-12-31T00:00:00.000"
"77844","3","2","2025-12-31T00:00:00.000"
"77845","1","13723","2025-12-31T00:00:00.000"
"77845","2","432","2025-12-31T00:00:00.000"
"77845","3","18925","2025-12-31T00:00:00.000"
"77845","4","5121","2025-12-31T00:00:00.000"
"77845","5","300","2025-12-31T00:00:00.000"
"77845","6","16","2025-12-31T00:00:00.000"
"77852","3","1","2025-12-31T00:00:00.000"
"77852","4","2","2025-12-31T00:00:00.000"
"77853","1","18","2025-12-31T00:00:00.000"
"77853","3","77","2025-12-31T00:00:00.000"
"77853","4","14","2025-12-31T00:00:00.000"
"77853","5","38","2025-12-31T00:00:00.000"
"77855","1","3","2025-12-31T00:00:00.000"
"77855","3","14","2025-12-31T00:00:00.000"
"77855","5","3","2025-12-31T00:00:00.000"
"77856","1","138","2025-12-31T00:00:00.000"
"77856","2","1","2025-12-31T00:00:00.000"
"77856","3","950","2025-12-31T00:00:00.000"
"77856","4","158","2025-12-31T00:00:00.000"
"77856","5","170","2025-12-31T00:00:00.000"
"77857","1","17","2025-12-31T00:00:00.000"
"77857","3","136","2025-12-31T00:00:00.000"
"77857","4","14","2025-12-31T00:00:00.000"
"77857","5","20","2025-12-31T00:00:00.000"
"77859","1","121","2025-12-31T00:00:00.000"
"77859","3","1017","2025-12-31T00:00:00.000"
"77859","4","238","2025-12-31T00:00:00.000"
"77859","5","144","2025-12-31T00:00:00.000"
"77859","6","2","2025-12-31T00:00:00.000"
"77861","1","62","2025-12-31T00:00:00.000"
"77861","3","741","2025-12-31T00:00:00.000"
"77861","4","52","2025-12-31T00:00:00.000"
"77861","5","126","2025-12-31T00:00:00.000"
"77862","5","4","2025-12-31T00:00:00.000"
"77863","1","3","2025-12-31T00:00:00.000"
"77863","3","13","2025-12-31T00:00:00.000"
"77863","5","7","2025-12-31T00:00:00.000"
"77864","1","153","2025-12-31T00:00:00.000"
"77864","3","820","2025-12-31T00:00:00.000"
"77864","4","166","2025-12-31T00:00:00.000"
"77864","5","150","2025-12-31T00:00:00.000"
"77865","1","23","2025-12-31T00:00:00.000"
"77865","3","339","2025-12-31T00:00:00.000"
"77865","4","34","2025-12-31T00:00:00.000"
"77865","5","69","2025-12-31T00:00:00.000"
"77866","1","8","2025-12-31T00:00:00.000"
"77866","3","25","2025-12-31T00:00:00.000"
"77866","4","4","2025-12-31T00:00:00.000"
"77866","5","6","2025-12-31T00:00:00.000"
"77867","1","1","2025-12-31T00:00:00.000"
"77867","3","1","2025-12-31T00:00:00.000"
"77868","1","363","2025-12-31T00:00:00.000"
"77868","3","2493","2025-12-31T00:00:00.000"
"77868","4","430","2025-12-31T00:00:00.000"
"77868","5","229","2025-12-31T00:00:00.000"
"77868","6","3","2025-12-31T00:00:00.000"
"77870","3","9","2025-12-31T00:00:00.000"
"77870","5","1","2025-12-31T00:00:00.000"
"77871","1","72","2025-12-31T00:00:00.000"
"77871","3","841","2025-12-31T00:00:00.000"
"77871","4","91","2025-12-31T00:00:00.000"
"77871","5","94","2025-12-31T00:00:00.000"
"77872","1","51","2025-12-31T00:00:00.000"
"77872","3","292","2025-12-31T00:00:00.000"
"77872","4","29","2025-12-31T00:00:00.000"
"77872","5","83","2025-12-31T00:00:00.000"
"77873","1","29","2025-12-31T00:00:00.000"
"77873","3","277","2025-12-31T00:00:00.000"
"77873","4","38","2025-12-31T00:00:00.000"
"77873","5","54","2025-12-31T00:00:00.000"
"77875","3","1","2025-12-31T00:00:00.000"
"77875","5","1","2025-12-31T00:00:00.000"
"77876","1","1","2025-12-31T00:00:00.000"
"77876","3","24","2025-12-31T00:00:00.000"
"77876","4","5","2025-12-31T00:00:00.000"
"77876","5","1","2025-12-31T00:00:00.000"
"77878","1","16","2025-12-31T00:00:00.000"
"77878","3","142","2025-12-31T00:00:00.000"
"77878","4","9","2025-12-31T00:00:00.000"
"77878","5","10","2025-12-31T00:00:00.000"
"77879","1","108","2025-12-31T00:00:00.000"
"77879","3","971","2025-12-31T00:00:00.000"
"77879","4","146","2025-12-31T00:00:00.000"
"77879","5","296","2025-12-31T00:00:00.000"
"77880","1","36","2025-12-31T00:00:00.000"
"77880","3","256","2025-12-31T00:00:00.000"
"77880","4","30","2025-12-31T00:00:00.000"
"77880","5","43","2025-12-31T00:00:00.000"
"77880","6","1","2025-12-31T00:00:00.000"
"77881","3","2","2025-12-31T00:00:00.000"
"77881","5","3","2025-12-31T00:00:00.000"
"77882","3","10","2025-12-31T00:00:00.000"
"77882","4","2","2025-12-31T00:00:00.000"
"77882","5","2","2025-12-31T00:00:00.000"
"77901","1","2873","2025-12-31T00:00:00.000"
"77901","2","10","2025-12-31T00:00:00.000"
"77901","3","5241","2025-12-31T00:00:00.000"
"77901","4","1453","2025-12-31T00:00:00.000"
"77901","5","189","2025-12-31T00:00:00.000"
"77901","6","5","2025-12-31T00:00:00.000"
"77904","1","2608","2025-12-31T00:00:00.000"
"77904","2","4","2025-12-31T00:00:00.000"
"77904","3","6773","2025-12-31T00:00:00.000"
"77904","4","618","2025-12-31T00:00:00.000"
"77904","5","242","2025-12-31T00:00:00.000"
"77904","6","11","2025-12-31T00:00:00.000"
"77905","1","162","2025-12-31T00:00:00.000"
"77905","3","2327","2025-12-31T00:00:00.000"
"77905","4","161","2025-12-31T00:00:00.000"
"77905","5","513","2025-12-31T00:00:00.000"
"77905","6","1","2025-12-31T00:00:00.000"
"77950","1","6","2025-12-31T00:00:00.000"
"77950","3","84","2025-12-31T00:00:00.000"
"77950","4","89","2025-12-31T00:00:00.000"
"77950","5","15","2025-12-31T00:00:00.000"
"77951","1","13","2025-12-31T00:00:00.000"
"77951","3","155","2025-12-31T00:00:00.000"
"77951","4","25","2025-12-31T00:00:00.000"
"77951","5","43","2025-12-31T00:00:00.000"
"77954","1","220","2025-12-31T00:00:00.000"
"77954","3","1135","2025-12-31T00:00:00.000"
"77954","4","273","2025-12-31T00:00:00.000"
"77954","5","147","2025-12-31T00:00:00.000"
"77954","6","3","2025-12-31T00:00:00.000"
"77957","1","194","2025-12-31T00:00:00.000"
"77957","3","1094","2025-12-31T00:00:00.000"
"77957","4","226","2025-12-31T00:00:00.000"
"77957","5","177","2025-12-31T00:00:00.000"
"77957","6","7","2025-12-31T00:00:00.000"
"77960","3","15","2025-12-31T00:00:00.000"
"77960","4","2","2025-12-31T00:00:00.000"
"77960","5","5","2025-12-31T00:00:00.000"
"77961","1","1","2025-12-31T00:00:00.000"
"77961","3","20","2025-12-31T00:00:00.000"
"77961","5","10","2025-12-31T00:00:00.000"
"77962","1","54","2025-12-31T00:00:00.000"
"77962","3","372","2025-12-31T00:00:00.000"
"77962","4","67","2025-12-31T00:00:00.000"
"77962","5","61","2025-12-31T00:00:00.000"
"77962","6","2","2025-12-31T00:00:00.000"
"77963","1","88","2025-12-31T00:00:00.000"
"77963","2","1","2025-12-31T00:00:00.000"
"77963","3","613","2025-12-31T00:00:00.000"
"77963","4","78","2025-12-31T00:00:00.000"
"77963","5","154","2025-12-31T00:00:00.000"
"77964","1","154","2025-12-31T00:00:00.000"
"77964","3","807","2025-12-31T00:00:00.000"
"77964","4","143","2025-12-31T00:00:00.000"
"77964","5","152","2025-12-31T00:00:00.000"
"77967","3","1","2025-12-31T00:00:00.000"
"77967","4","1","2025-12-31T00:00:00.000"
"77968","1","37","2025-12-31T00:00:00.000"
"77968","3","606","2025-12-31T00:00:00.000"
"77968","4","38","2025-12-31T00:00:00.000"
"77968","5","102","2025-12-31T00:00:00.000"
"77968","6","1","2025-12-31T00:00:00.000"
"77969","1","5","2025-12-31T00:00:00.000"
"77969","3","24","2025-12-31T00:00:00.000"
"77969","4","5","2025-12-31T00:00:00.000"
"77969","5","9","2025-12-31T00:00:00.000"
"77970","1","3","2025-12-31T00:00:00.000"
"77970","3","23","2025-12-31T00:00:00.000"
"77970","4","4","2025-12-31T00:00:00.000"
"77970","5","9","2025-12-31T00:00:00.000"
"77971","1","12","2025-12-31T00:00:00.000"
"77971","3","83","2025-12-31T00:00:00.000"
"77971","4","29","2025-12-31T00:00:00.000"
"77971","5","16","2025-12-31T00:00:00.000"
"77973","1","2","2025-12-31T00:00:00.000"
"77973","5","2","2025-12-31T00:00:00.000"
"77974","1","11","2025-12-31T00:00:00.000"
"77974","3","49","2025-12-31T00:00:00.000"
"77974","4","6","2025-12-31T00:00:00.000"
"77974","5","16","2025-12-31T00:00:00.000"
"77975","1","15","2025-12-31T00:00:00.000"
"77975","3","138","2025-12-31T00:00:00.000"
"77975","4","42","2025-12-31T00:00:00.000"
"77975","5","20","2025-12-31T00:00:00.000"
"77976","1","2","2025-12-31T00:00:00.000"
"77976","3","18","2025-12-31T00:00:00.000"
"77976","4","4","2025-12-31T00:00:00.000"
"77976","5","6","2025-12-31T00:00:00.000"
"77977","1","5","2025-12-31T00:00:00.000"
"77977","3","36","2025-12-31T00:00:00.000"
"77977","4","4","2025-12-31T00:00:00.000"
"77977","5","16","2025-12-31T00:00:00.000"
"77978","1","20","2025-12-31T00:00:00.000"
"77978","3","92","2025-12-31T00:00:00.000"
"77978","4","131","2025-12-31T00:00:00.000"
"77979","1","197","2025-12-31T00:00:00.000"
"77979","2","1","2025-12-31T00:00:00.000"
"77979","3","3018","2025-12-31T00:00:00.000"
"77979","4","3043","2025-12-31T00:00:00.000"
"77979","5","169","2025-12-31T00:00:00.000"
"77979","6","2","2025-12-31T00:00:00.000"
"77982","1","11","2025-12-31T00:00:00.000"
"77982","2","45","2025-12-31T00:00:00.000"
"77982","3","676","2025-12-31T00:00:00.000"
"77982","4","1374","2025-12-31T00:00:00.000"
"77982","5","136","2025-12-31T00:00:00.000"
"77983","1","21","2025-12-31T00:00:00.000"
"77983","3","473","2025-12-31T00:00:00.000"
"77983","4","594","2025-12-31T00:00:00.000"
"77983","5","113","2025-12-31T00:00:00.000"
"77983","6","2","2025-12-31T00:00:00.000"
"77984","1","80","2025-12-31T00:00:00.000"
"77984","3","563","2025-12-31T00:00:00.000"
"77984","4","116","2025-12-31T00:00:00.000"
"77984","5","55","2025-12-31T00:00:00.000"
"77986","3","8","2025-12-31T00:00:00.000"
"77986","4","1","2025-12-31T00:00:00.000"
"77986","5","2","2025-12-31T00:00:00.000"
"77987","1","1","2025-12-31T00:00:00.000"
"77987","3","12","2025-12-31T00:00:00.000"
"77987","5","7","2025-12-31T00:00:00.000"
"77988","1","5","2025-12-31T00:00:00.000"
"77988","3","28","2025-12-31T00:00:00.000"
"77988","4","6","2025-12-31T00:00:00.000"
"77988","5","10","2025-12-31T00:00:00.000"
"77989","1","1","2025-12-31T00:00:00.000"
"77989","3","5","2025-12-31T00:00:00.000"
"77989","5","4","2025-12-31T00:00:00.000"
"77990","1","11","2025-12-31T00:00:00.000"
"77990","3","98","2025-12-31T00:00:00.000"
"77990","4","77","2025-12-31T00:00:00.000"
"77990","5","19","2025-12-31T00:00:00.000"
"77991","1","7","2025-12-31T00:00:00.000"
"77991","3","32","2025-12-31T00:00:00.000"
"77991","4","12","2025-12-31T00:00:00.000"
"77991","5","16","2025-12-31T00:00:00.000"
"77991","6","1","2025-12-31T00:00:00.000"
"77993","1","1","2025-12-31T00:00:00.000"
"77993","3","7","2025-12-31T00:00:00.000"
"77993","4","2","2025-12-31T00:00:00.000"
"77993","5","4","2025-12-31T00:00:00.000"
"77994","1","11","2025-12-31T00:00:00.000"
"77994","3","15","2025-12-31T00:00:00.000"
"77994","4","3","2025-12-31T00:00:00.000"
"77994","5","10","2025-12-31T00:00:00.000"
"77995","1","155","2025-12-31T00:00:00.000"
"77995","3","953","2025-12-31T00:00:00.000"
"77995","4","229","2025-12-31T00:00:00.000"
"77995","5","127","2025-12-31T00:00:00.000"
"78001","1","1","2025-12-31T00:00:00.000"
"78001","3","3","2025-12-31T00:00:00.000"
"78001","4","1","2025-12-31T00:00:00.000"
"78001","5","1","2025-12-31T00:00:00.000"
"78002","1","101","2025-12-31T00:00:00.000"
"78002","3","872","2025-12-31T00:00:00.000"
"78002","4","101","2025-12-31T00:00:00.000"
"78002","5","215","2025-12-31T00:00:00.000"
"78003","1","360","2025-12-31T00:00:00.000"
"78003","3","2360","2025-12-31T00:00:00.000"
"78003","4","301","2025-12-31T00:00:00.000"
"78003","5","461","2025-12-31T00:00:00.000"
"78004","1","17","2025-12-31T00:00:00.000"
"78004","3","162","2025-12-31T00:00:00.000"
"78004","4","10","2025-12-31T00:00:00.000"
"78005","1","14","2025-12-31T00:00:00.000"
"78005","3","93","2025-12-31T00:00:00.000"
"78005","4","17","2025-12-31T00:00:00.000"
"78005","5","43","2025-12-31T00:00:00.000"
"78006","1","4664","2025-12-31T00:00:00.000"
"78006","2","100","2025-12-31T00:00:00.000"
"78006","3","14464","2025-12-31T00:00:00.000"
"78006","4","1533","2025-12-31T00:00:00.000"
"78006","5","229","2025-12-31T00:00:00.000"
"78006","6","5","2025-12-31T00:00:00.000"
"78007","1","6","2025-12-31T00:00:00.000"
"78007","3","19","2025-12-31T00:00:00.000"
"78007","4","5","2025-12-31T00:00:00.000"
"78007","5","6","2025-12-31T00:00:00.000"
"78008","1","3","2025-12-31T00:00:00.000"
"78008","3","13","2025-12-31T00:00:00.000"
"78008","4","6","2025-12-31T00:00:00.000"
"78008","5","8","2025-12-31T00:00:00.000"
"78009","1","310","2025-12-31T00:00:00.000"
"78009","2","1","2025-12-31T00:00:00.000"
"78009","3","2500","2025-12-31T00:00:00.000"
"78009","4","199","2025-12-31T00:00:00.000"
"78009","5","220","2025-12-31T00:00:00.000"
"78010","1","110","2025-12-31T00:00:00.000"
"78010","2","1","2025-12-31T00:00:00.000"
"78010","3","575","2025-12-31T00:00:00.000"
"78010","4","95","2025-12-31T00:00:00.000"
"78010","5","66","2025-12-31T00:00:00.000"
"78011","1","36","2025-12-31T00:00:00.000"
"78011","3","178","2025-12-31T00:00:00.000"
"78011","4","41","2025-12-31T00:00:00.000"
"78011","5","71","2025-12-31T00:00:00.000"
"78012","1","6","2025-12-31T00:00:00.000"
"78012","3","16","2025-12-31T00:00:00.000"
"78012","4","7","2025-12-31T00:00:00.000"
"78012","5","20","2025-12-31T00:00:00.000"
"78013","1","308","2025-12-31T00:00:00.000"
"78013","2","1","2025-12-31T00:00:00.000"
"78013","3","1085","2025-12-31T00:00:00.000"
"78013","4","188","2025-12-31T00:00:00.000"
"78013","5","84","2025-12-31T00:00:00.000"
"78013","6","1","2025-12-31T00:00:00.000"
"78014","1","68","2025-12-31T00:00:00.000"
"78014","3","278","2025-12-31T00:00:00.000"
"78014","4","58","2025-12-31T00:00:00.000"
"78014","5","98","2025-12-31T00:00:00.000"
"78015","1","1790","2025-12-31T00:00:00.000"
"78015","3","8391","2025-12-31T00:00:00.000"
"78015","4","548","2025-12-31T00:00:00.000"
"78015","5","21","2025-12-31T00:00:00.000"
"78015","6","12","2025-12-31T00:00:00.000"
"78016","1","235","2025-12-31T00:00:00.000"
"78016","3","1464","2025-12-31T00:00:00.000"
"78016","4","232","2025-12-31T00:00:00.000"
"78016","5","300","2025-12-31T00:00:00.000"
"78017","1","50","2025-12-31T00:00:00.000"
"78017","3","205","2025-12-31T00:00:00.000"
"78017","4","48","2025-12-31T00:00:00.000"
"78017","5","58","2025-12-31T00:00:00.000"
"78019","1","11","2025-12-31T00:00:00.000"
"78019","3","35","2025-12-31T00:00:00.000"
"78019","4","7","2025-12-31T00:00:00.000"
"78019","5","24","2025-12-31T00:00:00.000"
"78021","1","1","2025-12-31T00:00:00.000"
"78021","3","4","2025-12-31T00:00:00.000"
"78021","4","2","2025-12-31T00:00:00.000"
"78021","5","3","2025-12-31T00:00:00.000"
"78022","1","69","2025-12-31T00:00:00.000"
"78022","3","489","2025-12-31T00:00:00.000"
"78022","4","64","2025-12-31T00:00:00.000"
"78022","5","56","2025-12-31T00:00:00.000"
"78023","1","1764","2025-12-31T00:00:00.000"
"78023","3","9804","2025-12-31T00:00:00.000"
"78023","4","640","2025-12-31T00:00:00.000"
"78023","5","41","2025-12-31T00:00:00.000"
"78024","1","55","2025-12-31T00:00:00.000"
"78024","2","6","2025-12-31T00:00:00.000"
"78024","3","583","2025-12-31T00:00:00.000"
"78024","4","85","2025-12-31T00:00:00.000"
"78024","5","8","2025-12-31T00:00:00.000"
"78024","6","1","2025-12-31T00:00:00.000"
"78025","1","180","2025-12-31T00:00:00.000"
"78025","3","959","2025-12-31T00:00:00.000"
"78025","4","143","2025-12-31T00:00:00.000"
"78025","5","183","2025-12-31T00:00:00.000"
"78026","1","153","2025-12-31T00:00:00.000"
"78026","3","873","2025-12-31T00:00:00.000"
"78026","4","150","2025-12-31T00:00:00.000"
"78026","5","174","2025-12-31T00:00:00.000"
"78027","1","8","2025-12-31T00:00:00.000"
"78027","3","109","2025-12-31T00:00:00.000"
"78027","4","8","2025-12-31T00:00:00.000"
"78027","5","5","2025-12-31T00:00:00.000"
"78028","1","3750","2025-12-31T00:00:00.000"
"78028","2","212","2025-12-31T00:00:00.000"
"78028","3","10770","2025-12-31T00:00:00.000"
"78028","4","1632","2025-12-31T00:00:00.000"
"78028","5","580","2025-12-31T00:00:00.000"
"78028","6","4","2025-12-31T00:00:00.000"
"78039","1","58","2025-12-31T00:00:00.000"
"78039","3","271","2025-12-31T00:00:00.000"
"78039","4","52","2025-12-31T00:00:00.000"
"78039","5","48","2025-12-31T00:00:00.000"
"78040","1","218","2025-12-31T00:00:00.000"
"78040","2","19","2025-12-31T00:00:00.000"
"78040","3","1422","2025-12-31T00:00:00.000"
"78040","4","725","2025-12-31T00:00:00.000"
"78040","5","39","2025-12-31T00:00:00.000"
"78041","1","1668","2025-12-31T00:00:00.000"
"78041","2","545","2025-12-31T00:00:00.000"
"78041","3","6409","2025-12-31T00:00:00.000"
"78041","4","797","2025-12-31T00:00:00.000"
"78041","5","42","2025-12-31T00:00:00.000"
"78043","1","424","2025-12-31T00:00:00.000"
"78043","2","67","2025-12-31T00:00:00.000"
"78043","3","3966","2025-12-31T00:00:00.000"
"78043","4","729","2025-12-31T00:00:00.000"
"78043","5","173","2025-12-31T00:00:00.000"
"78045","1","2007","2025-12-31T00:00:00.000"
"78045","2","616","2025-12-31T00:00:00.000"
"78045","3","16100","2025-12-31T00:00:00.000"
"78045","4","1265","2025-12-31T00:00:00.000"
"78045","5","88","2025-12-31T00:00:00.000"
"78046","1","1289","2025-12-31T00:00:00.000"
"78046","2","2","2025-12-31T00:00:00.000"
"78046","3","10870","2025-12-31T00:00:00.000"
"78046","4","887","2025-12-31T00:00:00.000"
"78046","5","461","2025-12-31T00:00:00.000"
"78050","1","15","2025-12-31T00:00:00.000"
"78050","3","39","2025-12-31T00:00:00.000"
"78050","4","9","2025-12-31T00:00:00.000"
"78050","5","20","2025-12-31T00:00:00.000"
"78052","1","187","2025-12-31T00:00:00.000"
"78052","3","1502","2025-12-31T00:00:00.000"
"78052","4","113","2025-12-31T00:00:00.000"
"78052","5","242","2025-12-31T00:00:00.000"
"78054","3","9","2025-12-31T00:00:00.000"
"78054","4","3","2025-12-31T00:00:00.000"
"78054","5","6","2025-12-31T00:00:00.000"
"78055","1","62","2025-12-31T00:00:00.000"
"78055","3","328","2025-12-31T00:00:00.000"
"78055","4","40","2025-12-31T00:00:00.000"
"78055","5","29","2025-12-31T00:00:00.000"
"78055","6","2","2025-12-31T00:00:00.000"
"78056","1","49","2025-12-31T00:00:00.000"
"78056","3","992","2025-12-31T00:00:00.000"
"78056","4","45","2025-12-31T00:00:00.000"
"78056","5","28","2025-12-31T00:00:00.000"
"78057","1","21","2025-12-31T00:00:00.000"
"78057","3","191","2025-12-31T00:00:00.000"
"78057","4","24","2025-12-31T00:00:00.000"
"78057","5","78","2025-12-31T00:00:00.000"
"78058","1","41","2025-12-31T00:00:00.000"
"78058","3","258","2025-12-31T00:00:00.000"
"78058","4","11","2025-12-31T00:00:00.000"
"78058","5","79","2025-12-31T00:00:00.000"
"78059","1","94","2025-12-31T00:00:00.000"
"78059","3","885","2025-12-31T00:00:00.000"
"78059","4","91","2025-12-31T00:00:00.000"
"78059","5","188","2025-12-31T00:00:00.000"
"78060","3","2","2025-12-31T00:00:00.000"
"78061","1","132","2025-12-31T00:00:00.000"
"78061","3","803","2025-12-31T00:00:00.000"
"78061","4","188","2025-12-31T00:00:00.000"
"78061","5","117","2025-12-31T00:00:00.000"
"78062","3","2","2025-12-31T00:00:00.000"
"78063","1","313","2025-12-31T00:00:00.000"
"78063","3","2478","2025-12-31T00:00:00.000"
"78063","4","220","2025-12-31T00:00:00.000"
"78063","5","346","2025-12-31T00:00:00.000"
"78063","6","1","2025-12-31T00:00:00.000"
"78064","1","644","2025-12-31T00:00:00.000"
"78064","3","2542","2025-12-31T00:00:00.000"
"78064","4","486","2025-12-31T00:00:00.000"
"78064","5","289","2025-12-31T00:00:00.000"
"78064","6","1","2025-12-31T00:00:00.000"
"78065","1","187","2025-12-31T00:00:00.000"
"78065","3","1075","2025-12-31T00:00:00.000"
"78065","4","137","2025-12-31T00:00:00.000"
"78065","5","382","2025-12-31T00:00:00.000"
"78066","1","8","2025-12-31T00:00:00.000"
"78066","3","189","2025-12-31T00:00:00.000"
"78066","4","10","2025-12-31T00:00:00.000"
"78066","5","5","2025-12-31T00:00:00.000"
"78067","1","1","2025-12-31T00:00:00.000"
"78067","3","61","2025-12-31T00:00:00.000"
"78067","4","11","2025-12-31T00:00:00.000"
"78067","5","8","2025-12-31T00:00:00.000"
"78069","1","85","2025-12-31T00:00:00.000"
"78069","3","499","2025-12-31T00:00:00.000"
"78069","4","119","2025-12-31T00:00:00.000"
"78069","5","165","2025-12-31T00:00:00.000"
"78070","1","964","2025-12-31T00:00:00.000"
"78070","3","7097","2025-12-31T00:00:00.000"
"78070","4","453","2025-12-31T00:00:00.000"
"78070","5","513","2025-12-31T00:00:00.000"
"78070","6","1","2025-12-31T00:00:00.000"
"78071","1","55","2025-12-31T00:00:00.000"
"78071","3","310","2025-12-31T00:00:00.000"
"78071","4","66","2025-12-31T00:00:00.000"
"78071","5","44","2025-12-31T00:00:00.000"
"78072","1","16","2025-12-31T00:00:00.000"
"78072","3","51","2025-12-31T00:00:00.000"
"78072","4","6","2025-12-31T00:00:00.000"
"78072","5","26","2025-12-31T00:00:00.000"
"78073","1","358","2025-12-31T00:00:00.000"
"78073","2","1","2025-12-31T00:00:00.000"
"78073","3","2533","2025-12-31T00:00:00.000"
"78073","4","177","2025-12-31T00:00:00.000"
"78073","5","286","2025-12-31T00:00:00.000"
"78074","1","12","2025-12-31T00:00:00.000"
"78074","3","13","2025-12-31T00:00:00.000"
"78074","4","11","2025-12-31T00:00:00.000"
"78074","5","4","2025-12-31T00:00:00.000"
"78075","1","4","2025-12-31T00:00:00.000"
"78075","3","21","2025-12-31T00:00:00.000"
"78075","5","4","2025-12-31T00:00:00.000"
"78076","1","40","2025-12-31T00:00:00.000"
"78076","2","1","2025-12-31T00:00:00.000"
"78076","3","1160","2025-12-31T00:00:00.000"
"78076","4","137","2025-12-31T00:00:00.000"
"78076","5","121","2025-12-31T00:00:00.000"
"78076","6","1","2025-12-31T00:00:00.000"
"78101","1","180","2025-12-31T00:00:00.000"
"78101","3","2220","2025-12-31T00:00:00.000"
"78101","4","124","2025-12-31T00:00:00.000"
"78101","5","232","2025-12-31T00:00:00.000"
"78102","1","1198","2025-12-31T00:00:00.000"
"78102","2","6","2025-12-31T00:00:00.000"
"78102","3","2145","2025-12-31T00:00:00.000"
"78102","4","563","2025-12-31T00:00:00.000"
"78102","5","203","2025-12-31T00:00:00.000"
"78102","6","2","2025-12-31T00:00:00.000"
"78107","1","3","2025-12-31T00:00:00.000"
"78107","3","10","2025-12-31T00:00:00.000"
"78107","4","3","2025-12-31T00:00:00.000"
"78107","5","8","2025-12-31T00:00:00.000"
"78108","1","3116","2025-12-31T00:00:00.000"
"78108","2","1","2025-12-31T00:00:00.000"
"78108","3","14788","2025-12-31T00:00:00.000"
"78108","4","1755","2025-12-31T00:00:00.000"
"78108","5","94","2025-12-31T00:00:00.000"
"78108","6","1","2025-12-31T00:00:00.000"
"78109","1","5044","2025-12-31T00:00:00.000"
"78109","2","4","2025-12-31T00:00:00.000"
"78109","3","19773","2025-12-31T00:00:00.000"
"78109","4","3176","2025-12-31T00:00:00.000"
"78109","5","260","2025-12-31T00:00:00.000"
"78111","3","1","2025-12-31T00:00:00.000"
"78111","5","1","2025-12-31T00:00:00.000"
"78112","1","314","2025-12-31T00:00:00.000"
"78112","3","1652","2025-12-31T00:00:00.000"
"78112","4","126","2025-12-31T00:00:00.000"
"78112","5","412","2025-12-31T00:00:00.000"
"78113","1","45","2025-12-31T00:00:00.000"
"78113","3","278","2025-12-31T00:00:00.000"
"78113","4","42","2025-12-31T00:00:00.000"
"78113","5","36","2025-12-31T00:00:00.000"
"78114","1","684","2025-12-31T00:00:00.000"
"78114","3","4393","2025-12-31T00:00:00.000"
"78114","4","350","2025-12-31T00:00:00.000"
"78114","5","498","2025-12-31T00:00:00.000"
"78115","3","2","2025-12-31T00:00:00.000"
"78115","4","4","2025-12-31T00:00:00.000"
"78116","1","4","2025-12-31T00:00:00.000"
"78116","3","20","2025-12-31T00:00:00.000"
"78116","4","2","2025-12-31T00:00:00.000"
"78116","5","10","2025-12-31T00:00:00.000"
"78117","1","8","2025-12-31T00:00:00.000"
"78117","3","50","2025-12-31T00:00:00.000"
"78117","4","4","2025-12-31T00:00:00.000"
"78117","5","12","2025-12-31T00:00:00.000"
"78118","1","55","2025-12-31T00:00:00.000"
"78118","3","322","2025-12-31T00:00:00.000"
"78118","4","78","2025-12-31T00:00:00.000"
"78118","5","77","2025-12-31T00:00:00.000"
"78119","1","196","2025-12-31T00:00:00.000"
"78119","3","433","2025-12-31T00:00:00.000"
"78119","4","111","2025-12-31T00:00:00.000"
"78119","5","83","2025-12-31T00:00:00.000"
"78119","6","1","2025-12-31T00:00:00.000"
"78121","1","411","2025-12-31T00:00:00.000"
"78121","3","4010","2025-12-31T00:00:00.000"
"78121","4","283","2025-12-31T00:00:00.000"
"78121","5","348","2025-12-31T00:00:00.000"
"78122","1","10","2025-12-31T00:00:00.000"
"78122","3","14","2025-12-31T00:00:00.000"
"78122","4","3","2025-12-31T00:00:00.000"
"78122","5","13","2025-12-31T00:00:00.000"
"78123","1","79","2025-12-31T00:00:00.000"
"78123","2","39","2025-12-31T00:00:00.000"
"78123","3","716","2025-12-31T00:00:00.000"
"78123","4","82","2025-12-31T00:00:00.000"
"78123","5","57","2025-12-31T00:00:00.000"
"78124","1","284","2025-12-31T00:00:00.000"
"78124","3","2206","2025-12-31T00:00:00.000"
"78124","4","219","2025-12-31T00:00:00.000"
"78124","5","226","2025-12-31T00:00:00.000"
"78124","6","1","2025-12-31T00:00:00.000"
"78125","1","2","2025-12-31T00:00:00.000"
"78125","3","12","2025-12-31T00:00:00.000"
"78125","4","2","2025-12-31T00:00:00.000"
"78125","5","3","2025-12-31T00:00:00.000"
"78130","1","17349","2025-12-31T00:00:00.000"
"78130","2","492","2025-12-31T00:00:00.000"
"78130","3","27241","2025-12-31T00:00:00.000"
"78130","4","5310","2025-12-31T00:00:00.000"
"78130","5","505","2025-12-31T00:00:00.000"
"78130","6","14","2025-12-31T00:00:00.000"
"78132","1","2980","2025-12-31T00:00:00.000"
"78132","2","102","2025-12-31T00:00:00.000"
"78132","3","15800","2025-12-31T00:00:00.000"
"78132","4","1063","2025-12-31T00:00:00.000"
"78132","5","157","2025-12-31T00:00:00.000"
"78132","6","2","2025-12-31T00:00:00.000"
"78133","1","1005","2025-12-31T00:00:00.000"
"78133","2","199","2025-12-31T00:00:00.000"
"78133","3","8341","2025-12-31T00:00:00.000"
"78133","4","1181","2025-12-31T00:00:00.000"
"78133","5","615","2025-12-31T00:00:00.000"
"78133","6","4","2025-12-31T00:00:00.000"
"78140","1","31","2025-12-31T00:00:00.000"
"78140","3","171","2025-12-31T00:00:00.000"
"78140","4","50","2025-12-31T00:00:00.000"
"78140","5","69","2025-12-31T00:00:00.000"
"78141","1","9","2025-12-31T00:00:00.000"
"78141","3","58","2025-12-31T00:00:00.000"
"78141","4","16","2025-12-31T00:00:00.000"
"78141","5","19","2025-12-31T00:00:00.000"
"78142","1","2","2025-12-31T00:00:00.000"
"78142","3","22","2025-12-31T00:00:00.000"
"78142","4","2","2025-12-31T00:00:00.000"
"78142","5","12","2025-12-31T00:00:00.000"
"78143","1","1","2025-12-31T00:00:00.000"
"78143","3","32","2025-12-31T00:00:00.000"
"78143","4","2","2025-12-31T00:00:00.000"
"78144","1","1","2025-12-31T00:00:00.000"
"78144","3","4","2025-12-31T00:00:00.000"
"78144","4","1","2025-12-31T00:00:00.000"
"78144","5","1","2025-12-31T00:00:00.000"
"78145","1","1","2025-12-31T00:00:00.000"
"78145","3","11","2025-12-31T00:00:00.000"
"78145","5","7","2025-12-31T00:00:00.000"
"78146","1","18","2025-12-31T00:00:00.000"
"78146","3","67","2025-12-31T00:00:00.000"
"78146","4","23","2025-12-31T00:00:00.000"
"78146","5","9","2025-12-31T00:00:00.000"
"78147","1","39","2025-12-31T00:00:00.000"
"78147","3","325","2025-12-31T00:00:00.000"
"78147","4","76","2025-12-31T00:00:00.000"
"78147","5","22","2025-12-31T00:00:00.000"
"78148","1","2497","2025-12-31T00:00:00.000"
"78148","3","5084","2025-12-31T00:00:00.000"
"78148","4","798","2025-12-31T00:00:00.000"
"78148","5","18","2025-12-31T00:00:00.000"
"78150","1","50","2025-12-31T00:00:00.000"
"78150","4","1","2025-12-31T00:00:00.000"
"78151","1","18","2025-12-31T00:00:00.000"
"78151","3","56","2025-12-31T00:00:00.000"
"78151","4","28","2025-12-31T00:00:00.000"
"78151","5","27","2025-12-31T00:00:00.000"
"78152","1","677","2025-12-31T00:00:00.000"
"78152","3","2398","2025-12-31T00:00:00.000"
"78152","4","198","2025-12-31T00:00:00.000"
"78152","5","68","2025-12-31T00:00:00.000"
"78154","1","3934","2025-12-31T00:00:00.000"
"78154","2","2","2025-12-31T00:00:00.000"
"78154","3","12767","2025-12-31T00:00:00.000"
"78154","4","1731","2025-12-31T00:00:00.000"
"78154","5","117","2025-12-31T00:00:00.000"
"78154","6","7","2025-12-31T00:00:00.000"
"78155","1","4178","2025-12-31T00:00:00.000"
"78155","2","79","2025-12-31T00:00:00.000"
"78155","3","13931","2025-12-31T00:00:00.000"
"78155","4","2236","2025-12-31T00:00:00.000"
"78155","5","832","2025-12-31T00:00:00.000"
"78155","6","6","2025-12-31T00:00:00.000"
"78159","1","12","2025-12-31T00:00:00.000"
"78159","3","53","2025-12-31T00:00:00.000"
"78159","4","16","2025-12-31T00:00:00.000"
"78159","5","28","2025-12-31T00:00:00.000"
"78160","1","95","2025-12-31T00:00:00.000"
"78160","2","1","2025-12-31T00:00:00.000"
"78160","3","527","2025-12-31T00:00:00.000"
"78160","4","79","2025-12-31T00:00:00.000"
"78160","5","124","2025-12-31T00:00:00.000"
"78161","1","14","2025-12-31T00:00:00.000"
"78161","3","100","2025-12-31T00:00:00.000"
"78161","4","11","2025-12-31T00:00:00.000"
"78161","5","22","2025-12-31T00:00:00.000"
"78162","1","5","2025-12-31T00:00:00.000"
"78162","3","40","2025-12-31T00:00:00.000"
"78162","4","12","2025-12-31T00:00:00.000"
"78162","5","17","2025-12-31T00:00:00.000"
"78163","1","861","2025-12-31T00:00:00.000"
"78163","3","8961","2025-12-31T00:00:00.000"
"78163","4","471","2025-12-31T00:00:00.000"
"78163","5","85","2025-12-31T00:00:00.000"
"78164","1","69","2025-12-31T00:00:00.000"
"78164","2","1","2025-12-31T00:00:00.000"
"78164","3","291","2025-12-31T00:00:00.000"
"78164","4","76","2025-12-31T00:00:00.000"
"78164","5","50","2025-12-31T00:00:00.000"
"78201","1","2592","2025-12-31T00:00:00.000"
"78201","2","98","2025-12-31T00:00:00.000"
"78201","3","6490","2025-12-31T00:00:00.000"
"78201","4","2474","2025-12-31T00:00:00.000"
"78201","5","2","2025-12-31T00:00:00.000"
"78201","6","2","2025-12-31T00:00:00.000"
"78202","1","814","2025-12-31T00:00:00.000"
"78202","2","163","2025-12-31T00:00:00.000"
"78202","3","1425","2025-12-31T00:00:00.000"
"78202","4","1299","2025-12-31T00:00:00.000"
"78202","5","1","2025-12-31T00:00:00.000"
"78203","1","240","2025-12-31T00:00:00.000"
"78203","2","19","2025-12-31T00:00:00.000"
"78203","3","810","2025-12-31T00:00:00.000"
"78203","4","630","2025-12-31T00:00:00.000"
"78204","1","2311","2025-12-31T00:00:00.000"
"78204","2","282","2025-12-31T00:00:00.000"
"78204","3","1442","2025-12-31T00:00:00.000"
"78204","4","837","2025-12-31T00:00:00.000"
"78204","5","4","2025-12-31T00:00:00.000"
"78205","1","786","2025-12-31T00:00:00.000"
"78205","2","251","2025-12-31T00:00:00.000"
"78205","3","22","2025-12-31T00:00:00.000"
"78205","4","25","2025-12-31T00:00:00.000"
"78205","5","1","2025-12-31T00:00:00.000"
"78206","2","1","2025-12-31T00:00:00.000"
"78207","1","1267","2025-12-31T00:00:00.000"
"78207","3","3263","2025-12-31T00:00:00.000"
"78207","4","2377","2025-12-31T00:00:00.000"
"78207","5","2","2025-12-31T00:00:00.000"
"78208","1","763","2025-12-31T00:00:00.000"
"78208","2","2","2025-12-31T00:00:00.000"
"78208","3","388","2025-12-31T00:00:00.000"
"78208","4","309","2025-12-31T00:00:00.000"
"78209","1","7105","2025-12-31T00:00:00.000"
"78209","2","2286","2025-12-31T00:00:00.000"
"78209","3","9503","2025-12-31T00:00:00.000"
"78209","4","1693","2025-12-31T00:00:00.000"
"78209","5","2","2025-12-31T00:00:00.000"
"78209","6","12","2025-12-31T00:00:00.000"
"78210","1","2311","2025-12-31T00:00:00.000"
"78210","2","109","2025-12-31T00:00:00.000"
"78210","3","5415","2025-12-31T00:00:00.000"
"78210","4","2602","2025-12-31T00:00:00.000"
"78210","5","8","2025-12-31T00:00:00.000"
"78211","1","797","2025-12-31T00:00:00.000"
"78211","3","3846","2025-12-31T00:00:00.000"
"78211","4","1494","2025-12-31T00:00:00.000"
"78211","5","15","2025-12-31T00:00:00.000"
"78212","1","3238","2025-12-31T00:00:00.000"
"78212","2","350","2025-12-31T00:00:00.000"
"78212","3","4999","2025-12-31T00:00:00.000"
"78212","4","1700","2025-12-31T00:00:00.000"
"78212","5","1","2025-12-31T00:00:00.000"
"78212","6","5","2025-12-31T00:00:00.000"
"78213","1","4376","2025-12-31T00:00:00.000"
"78213","2","315","2025-12-31T00:00:00.000"
"78213","3","7719","2025-12-31T00:00:00.000"
"78213","4","1865","2025-12-31T00:00:00.000"
"78213","5","2","2025-12-31T00:00:00.000"
"78214","1","392","2025-12-31T00:00:00.000"
"78214","3","2864","2025-12-31T00:00:00.000"
"78214","4","1251","2025-12-31T00:00:00.000"
"78214","5","13","2025-12-31T00:00:00.000"
"78215","1","3616","2025-12-31T00:00:00.000"
"78215","2","36","2025-12-31T00:00:00.000"
"78215","3","132","2025-12-31T00:00:00.000"
"78215","4","48","2025-12-31T00:00:00.000"
"78215","5","1","2025-12-31T00:00:00.000"
"78216","1","9252","2025-12-31T00:00:00.000"
"78216","2","794","2025-12-31T00:00:00.000"
"78216","3","6275","2025-12-31T00:00:00.000"
"78216","4","1140","2025-12-31T00:00:00.000"
"78216","5","5","2025-12-31T00:00:00.000"
"78217","1","6878","2025-12-31T00:00:00.000"
"78217","2","839","2025-12-31T00:00:00.000"
"78217","3","6220","2025-12-31T00:00:00.000"
"78217","4","1207","2025-12-31T00:00:00.000"
"78217","5","5","2025-12-31T00:00:00.000"
"78218","1","3882","2025-12-31T00:00:00.000"
"78218","2","3","2025-12-31T00:00:00.000"
"78218","3","7014","2025-12-31T00:00:00.000"
"78218","4","1657","2025-12-31T00:00:00.000"
"78218","5","170","2025-12-31T00:00:00.000"
"78218","6","2","2025-12-31T00:00:00.000"
"78219","1","1189","2025-12-31T00:00:00.000"
"78219","3","2765","2025-12-31T00:00:00.000"
"78219","4","824","2025-12-31T00:00:00.000"
"78219","5","40","2025-12-31T00:00:00.000"
"78220","1","695","2025-12-31T00:00:00.000"
"78220","2","2","2025-12-31T00:00:00.000"
"78220","3","3182","2025-12-31T00:00:00.000"
"78220","4","1388","2025-12-31T00:00:00.000"
"78220","5","43","2025-12-31T00:00:00.000"
"78221","1","1265","2025-12-31T00:00:00.000"
"78221","2","2","2025-12-31T00:00:00.000"
"78221","3","8043","2025-12-31T00:00:00.000"
"78221","4","1751","2025-12-31T00:00:00.000"
"78221","5","98","2025-12-31T00:00:00.000"
"78222","1","887","2025-12-31T00:00:00.000"
"78222","2","2","2025-12-31T00:00:00.000"
"78222","3","7032","2025-12-31T00:00:00.000"
"78222","4","861","2025-12-31T00:00:00.000"
"78222","5","166","2025-12-31T00:00:00.000"
"78223","1","2840","2025-12-31T00:00:00.000"
"78223","2","1","2025-12-31T00:00:00.000"
"78223","3","11202","2025-12-31T00:00:00.000"
"78223","4","2428","2025-12-31T00:00:00.000"
"78223","5","204","2025-12-31T00:00:00.000"
"78224","1","1507","2025-12-31T00:00:00.000"
"78224","2","1","2025-12-31T00:00:00.000"
"78224","3","4389","2025-12-31T00:00:00.000"
"78224","4","753","2025-12-31T00:00:00.000"
"78224","5","78","2025-12-31T00:00:00.000"
"78225","1","204","2025-12-31T00:00:00.000"
"78225","3","1848","2025-12-31T00:00:00.000"
"78225","4","906","2025-12-31T00:00:00.000"
"78226","1","253","2025-12-31T00:00:00.000"
"78226","2","1","2025-12-31T00:00:00.000"
"78226","3","775","2025-12-31T00:00:00.000"
"78226","4","277","2025-12-31T00:00:00.000"
"78226","5","1","2025-12-31T00:00:00.000"
"78227","1","2899","2025-12-31T00:00:00.000"
"78227","2","2","2025-12-31T00:00:00.000"
"78227","3","7127","2025-12-31T00:00:00.000"
"78227","4","2234","2025-12-31T00:00:00.000"
"78227","5","23","2025-12-31T00:00:00.000"
"78227","6","1","2025-12-31T00:00:00.000"
"78228","1","12761","2025-12-31T00:00:00.000"
"78228","2","31","2025-12-31T00:00:00.000"
"78228","3","9774","2025-12-31T00:00:00.000"
"78228","4","2821","2025-12-31T00:00:00.000"
"78228","5","2","2025-12-31T00:00:00.000"
"78229","1","10669","2025-12-31T00:00:00.000"
"78229","2","1467","2025-12-31T00:00:00.000"
"78229","3","1604","2025-12-31T00:00:00.000"
"78229","4","605","2025-12-31T00:00:00.000"
"78230","1","8376","2025-12-31T00:00:00.000"
"78230","2","705","2025-12-31T00:00:00.000"
"78230","3","9444","2025-12-31T00:00:00.000"
"78230","4","1122","2025-12-31T00:00:00.000"
"78230","5","1","2025-12-31T00:00:00.000"
"78230","6","4","2025-12-31T00:00:00.000"
"78231","1","1230","2025-12-31T00:00:00.000"
"78231","2","3","2025-12-31T00:00:00.000"
"78231","3","3000","2025-12-31T00:00:00.000"
"78231","4","245","2025-12-31T00:00:00.000"
"78231","6","1","2025-12-31T00:00:00.000"
"78232","1","8066","2025-12-31T00:00:00.000"
"78232","2","198","2025-12-31T00:00:00.000"
"78232","3","10135","2025-12-31T00:00:00.000"
"78232","4","942","2025-12-31T00:00:00.000"
"78232","5","31","2025-12-31T00:00:00.000"
"78232","6","2","2025-12-31T00:00:00.000"
"78233","1","6703","2025-12-31T00:00:00.000"
"78233","2","76","2025-12-31T00:00:00.000"
"78233","3","11992","2025-12-31T00:00:00.000"
"78233","4","2561","2025-12-31T00:00:00.000"
"78233","5","90","2025-12-31T00:00:00.000"
"78233","6","2","2025-12-31T00:00:00.000"
"78234","1","1301","2025-12-31T00:00:00.000"
"78234","3","25","2025-12-31T00:00:00.000"
"78234","4","1","2025-12-31T00:00:00.000"
"78235","1","1079","2025-12-31T00:00:00.000"
"78235","3","16","2025-12-31T00:00:00.000"
"78235","4","7","2025-12-31T00:00:00.000"
"78236","1","935","2025-12-31T00:00:00.000"
"78236","3","7","2025-12-31T00:00:00.000"
"78237","1","483","2025-12-31T00:00:00.000"
"78237","3","3833","2025-12-31T00:00:00.000"
"78237","4","1726","2025-12-31T00:00:00.000"
"78237","5","7","2025-12-31T00:00:00.000"
"78238","1","3727","2025-12-31T00:00:00.000"
"78238","2","5","2025-12-31T00:00:00.000"
"78238","3","4516","2025-12-31T00:00:00.000"
"78238","4","830","2025-12-31T00:00:00.000"
"78238","5","19","2025-12-31T00:00:00.000"
"78239","1","1982","2025-12-31T00:00:00.000"
"78239","2","94","2025-12-31T00:00:00.000"
"78239","3","7554","2025-12-31T00:00:00.000"
"78239","4","1686","2025-12-31T00:00:00.000"
"78239","5","100","2025-12-31T00:00:00.000"
"78239","6","2","2025-12-31T00:00:00.000"
"78240","1","15615","2025-12-31T00:00:00.000"
"78240","2","486","2025-12-31T00:00:00.000"
"78240","3","9830","2025-12-31T00:00:00.000"
"78240","4","2069","2025-12-31T00:00:00.000"
"78240","5","16","2025-12-31T00:00:00.000"
"78241","3","3","2025-12-31T00:00:00.000"
"78242","1","1306","2025-12-31T00:00:00.000"
"78242","2","1","2025-12-31T00:00:00.000"
"78242","3","4962","2025-12-31T00:00:00.000"
"78242","4","1749","2025-12-31T00:00:00.000"
"78242","5","20","2025-12-31T00:00:00.000"
"78243","1","1","2025-12-31T00:00:00.000"
"78244","1","2607","2025-12-31T00:00:00.000"
"78244","2","20","2025-12-31T00:00:00.000"
"78244","3","8932","2025-12-31T00:00:00.000"
"78244","4","2051","2025-12-31T00:00:00.000"
"78244","5","183","2025-12-31T00:00:00.000"
"78244","6","2","2025-12-31T00:00:00.000"
"78245","1","10508","2025-12-31T00:00:00.000"
"78245","2","19","2025-12-31T00:00:00.000"
"78245","3","28534","2025-12-31T00:00:00.000"
"78245","4","4193","2025-12-31T00:00:00.000"
"78245","5","184","2025-12-31T00:00:00.000"
"78247","1","5149","2025-12-31T00:00:00.000"
"78247","2","126","2025-12-31T00:00:00.000"
"78247","3","15583","2025-12-31T00:00:00.000"
"78247","4","2297","2025-12-31T00:00:00.000"
"78247","5","15","2025-12-31T00:00:00.000"
"78248","1","1470","2025-12-31T00:00:00.000"
"78248","2","215","2025-12-31T00:00:00.000"
"78248","3","4733","2025-12-31T00:00:00.000"
"78248","4","278","2025-12-31T00:00:00.000"
"78248","5","2","2025-12-31T00:00:00.000"
"78248","6","2","2025-12-31T00:00:00.000"
"78249","1","13968","2025-12-31T00:00:00.000"
"78249","2","168","2025-12-31T00:00:00.000"
"78249","3","12944","2025-12-31T00:00:00.000"
"78249","4","2446","2025-12-31T00:00:00.000"
"78249","5","14","2025-12-31T00:00:00.000"
"78249","6","3","2025-12-31T00:00:00.000"
"78250","1","3095","2025-12-31T00:00:00.000"
"78250","2","270","2025-12-31T00:00:00.000"
"78250","3","15411","2025-12-31T00:00:00.000"
"78250","4","2609","2025-12-31T00:00:00.000"
"78250","5","10","2025-12-31T00:00:00.000"
"78250","6","1","2025-12-31T00:00:00.000"
"78251","1","9218","2025-12-31T00:00:00.000"
"78251","2","65","2025-12-31T00:00:00.000"
"78251","3","11835","2025-12-31T00:00:00.000"
"78251","4","1836","2025-12-31T00:00:00.000"
"78251","5","14","2025-12-31T00:00:00.000"
"78252","1","1718","2025-12-31T00:00:00.000"
"78252","2","2","2025-12-31T00:00:00.000"
"78252","3","9937","2025-12-31T00:00:00.000"
"78252","4","1125","2025-12-31T00:00:00.000"
"78252","5","33","2025-12-31T00:00:00.000"
"78253","1","9222","2025-12-31T00:00:00.000"
"78253","3","28390","2025-12-31T00:00:00.000"
"78253","4","2637","2025-12-31T00:00:00.000"
"78253","5","351","2025-12-31T00:00:00.000"
"78253","6","2","2025-12-31T00:00:00.000"
"78254","1","5608","2025-12-31T00:00:00.000"
"78254","2","20","2025-12-31T00:00:00.000"
"78254","3","27723","2025-12-31T00:00:00.000"
"78254","4","3076","2025-12-31T00:00:00.000"
"78254","5","114","2025-12-31T00:00:00.000"
"78254","6","2","2025-12-31T00:00:00.000"
"78255","1","2095","2025-12-31T00:00:00.000"
"78255","2","61","2025-12-31T00:00:00.000"
"78255","3","6319","2025-12-31T00:00:00.000"
"78255","4","454","2025-12-31T00:00:00.000"
"78255","5","3","2025-12-31T00:00:00.000"
"78256","1","10227","2025-12-31T00:00:00.000"
"78256","2","39","2025-12-31T00:00:00.000"
"78256","3","2211","2025-12-31T00:00:00.000"
"78256","4","133","2025-12-31T00:00:00.000"
"78256","5","7","2025-12-31T00:00:00.000"
"78257","1","7301","2025-12-31T00:00:00.000"
"78257","2","92","2025-12-31T00:00:00.000"
"78257","3","2427","2025-12-31T00:00:00.000"
"78257","4","136","2025-12-31T00:00:00.000"
"78257","5","25","2025-12-31T00:00:00.000"
"78257","6","5","2025-12-31T00:00:00.000"
"78258","1","14128","2025-12-31T00:00:00.000"
"78258","2","27","2025-12-31T00:00:00.000"
"78258","3","12719","2025-12-31T00:00:00.000"
"78258","4","988","2025-12-31T00:00:00.000"
"78258","5","3","2025-12-31T00:00:00.000"
"78258","6","2","2025-12-31T00:00:00.000"
"78259","1","6325","2025-12-31T00:00:00.000"
"78259","2","2","2025-12-31T00:00:00.000"
"78259","3","8396","2025-12-31T00:00:00.000"
"78259","4","756","2025-12-31T00:00:00.000"
"78259","5","4","2025-12-31T00:00:00.000"
"78260","1","2576","2025-12-31T00:00:00.000"
"78260","2","107","2025-12-31T00:00:00.000"
"78260","3","13610","2025-12-31T00:00:00.000"
"78260","4","954","2025-12-31T00:00:00.000"
"78260","5","41","2025-12-31T00:00:00.000"
"78260","6","2","2025-12-31T00:00:00.000"
"78261","1","2344","2025-12-31T00:00:00.000"
"78261","2","1","2025-12-31T00:00:00.000"
"78261","3","10237","2025-12-31T00:00:00.000"
"78261","4","831","2025-12-31T00:00:00.000"
"78261","5","9","2025-12-31T00:00:00.000"
"78261","6","1","2025-12-31T00:00:00.000"
"78263","1","116","2025-12-31T00:00:00.000"
"78263","3","1811","2025-12-31T00:00:00.000"
"78263","4","97","2025-12-31T00:00:00.000"
"78263","5","81","2025-12-31T00:00:00.000"
"78264","1","316","2025-12-31T00:00:00.000"
"78264","3","1619","2025-12-31T00:00:00.000"
"78264","4","195","2025-12-31T00:00:00.000"
"78264","5","449","2025-12-31T00:00:00.000"
"78266","1","269","2025-12-31T00:00:00.000"
"78266","2","1","2025-12-31T00:00:00.000"
"78266","3","3536","2025-12-31T00:00:00.000"
"78266","4","210","2025-12-31T00:00:00.000"
"78266","5","15","2025-12-31T00:00:00.000"
"78284","1","6","2025-12-31T00:00:00.000"
"78284","3","1","2025-12-31T00:00:00.000"
"78284","4","1","2025-12-31T00:00:00.000"
"78285","1","13","2025-12-31T00:00:00.000"
"78285","3","1","2025-12-31T00:00:00.000"
"78330","1","10","2025-12-31T00:00:00.000"
"78330","3","107","2025-12-31T00:00:00.000"
"78330","4","63","2025-12-31T00:00:00.000"
"78330","5","6","2025-12-31T00:00:00.000"
"78332","1","271","2025-12-31T00:00:00.000"
"78332","2","2","2025-12-31T00:00:00.000"
"78332","3","3479","2025-12-31T00:00:00.000"
"78332","4","862","2025-12-31T00:00:00.000"
"78332","5","226","2025-12-31T00:00:00.000"
"78332","6","5","2025-12-31T00:00:00.000"
"78336","1","299","2025-12-31T00:00:00.000"
"78336","2","17","2025-12-31T00:00:00.000"
"78336","3","2623","2025-12-31T00:00:00.000"
"78336","4","2700","2025-12-31T00:00:00.000"
"78336","5","368","2025-12-31T00:00:00.000"
"78336","6","5","2025-12-31T00:00:00.000"
"78338","1","3","2025-12-31T00:00:00.000"
"78338","3","4","2025-12-31T00:00:00.000"
"78338","4","23","2025-12-31T00:00:00.000"
"78338","5","1","2025-12-31T00:00:00.000"
"78339","1","5","2025-12-31T00:00:00.000"
"78339","3","56","2025-12-31T00:00:00.000"
"78339","4","20","2025-12-31T00:00:00.000"
"78339","5","9","2025-12-31T00:00:00.000"
"78340","1","10","2025-12-31T00:00:00.000"
"78340","3","132","2025-12-31T00:00:00.000"
"78340","4","135","2025-12-31T00:00:00.000"
"78340","5","22","2025-12-31T00:00:00.000"
"78341","1","10","2025-12-31T00:00:00.000"
"78341","3","138","2025-12-31T00:00:00.000"
"78341","4","44","2025-12-31T00:00:00.000"
"78341","5","15","2025-12-31T00:00:00.000"
"78342","1","2","2025-12-31T00:00:00.000"
"78342","3","24","2025-12-31T00:00:00.000"
"78342","4","9","2025-12-31T00:00:00.000"
"78342","5","10","2025-12-31T00:00:00.000"
"78343","1","42","2025-12-31T00:00:00.000"
"78343","3","706","2025-12-31T00:00:00.000"
"78343","4","316","2025-12-31T00:00:00.000"
"78343","5","26","2025-12-31T00:00:00.000"
"78344","1","2","2025-12-31T00:00:00.000"
"78344","3","42","2025-12-31T00:00:00.000"
"78344","4","3","2025-12-31T00:00:00.000"
"78344","5","4","2025-12-31T00:00:00.000"
"78347","1","3","2025-12-31T00:00:00.000"
"78347","3","3","2025-12-31T00:00:00.000"
"78347","4","1","2025-12-31T00:00:00.000"
"78349","1","7","2025-12-31T00:00:00.000"
"78349","3","40","2025-12-31T00:00:00.000"
"78349","4","12","2025-12-31T00:00:00.000"
"78349","5","10","2025-12-31T00:00:00.000"
"78350","1","1","2025-12-31T00:00:00.000"
"78350","3","1","2025-12-31T00:00:00.000"
"78350","4","1","2025-12-31T00:00:00.000"
"78351","1","4","2025-12-31T00:00:00.000"
"78351","3","61","2025-12-31T00:00:00.000"
"78351","4","24","2025-12-31T00:00:00.000"
"78351","5","8","2025-12-31T00:00:00.000"
"78352","1","3","2025-12-31T00:00:00.000"
"78352","3","17","2025-12-31T00:00:00.000"
"78352","4","6","2025-12-31T00:00:00.000"
"78352","5","1","2025-12-31T00:00:00.000"
"78353","1","3","2025-12-31T00:00:00.000"
"78353","3","36","2025-12-31T00:00:00.000"
"78353","4","9","2025-12-31T00:00:00.000"
"78353","5","10","2025-12-31T00:00:00.000"
"78355","1","56","2025-12-31T00:00:00.000"
"78355","3","461","2025-12-31T00:00:00.000"
"78355","4","113","2025-12-31T00:00:00.000"
"78355","5","49","2025-12-31T00:00:00.000"
"78355","6","2","2025-12-31T00:00:00.000"
"78357","1","36","2025-12-31T00:00:00.000"
"78357","3","312","2025-12-31T00:00:00.000"
"78357","4","52","2025-12-31T00:00:00.000"
"78357","5","61","2025-12-31T00:00:00.000"
"78358","1","35","2025-12-31T00:00:00.000"
"78358","2","7","2025-12-31T00:00:00.000"
"78358","3","293","2025-12-31T00:00:00.000"
"78358","4","487","2025-12-31T00:00:00.000"
"78358","5","155","2025-12-31T00:00:00.000"
"78358","6","4","2025-12-31T00:00:00.000"
"78359","1","57","2025-12-31T00:00:00.000"
"78359","3","225","2025-12-31T00:00:00.000"
"78359","4","240","2025-12-31T00:00:00.000"
"78359","5","6","2025-12-31T00:00:00.000"
"78359","6","2","2025-12-31T00:00:00.000"
"78360","4","1","2025-12-31T00:00:00.000"
"78360","5","1","2025-12-31T00:00:00.000"
"78361","1","30","2025-12-31T00:00:00.000"
"78361","3","418","2025-12-31T00:00:00.000"
"78361","4","151","2025-12-31T00:00:00.000"
"78361","5","34","2025-12-31T00:00:00.000"
"78361","6","1","2025-12-31T00:00:00.000"
"78362","1","616","2025-12-31T00:00:00.000"
"78362","3","2393","2025-12-31T00:00:00.000"
"78362","4","2380","2025-12-31T00:00:00.000"
"78362","5","30","2025-12-31T00:00:00.000"
"78362","6","5","2025-12-31T00:00:00.000"
"78363","1","2875","2025-12-31T00:00:00.000"
"78363","2","5","2025-12-31T00:00:00.000"
"78363","3","3838","2025-12-31T00:00:00.000"
"78363","4","1987","2025-12-31T00:00:00.000"
"78363","5","51","2025-12-31T00:00:00.000"
"78363","6","3","2025-12-31T00:00:00.000"
"78368","1","96","2025-12-31T00:00:00.000"
"78368","3","1059","2025-12-31T00:00:00.000"
"78368","4","391","2025-12-31T00:00:00.000"
"78368","5","150","2025-12-31T00:00:00.000"
"78369","1","9","2025-12-31T00:00:00.000"
"78369","3","18","2025-12-31T00:00:00.000"
"78369","4","4","2025-12-31T00:00:00.000"
"78369","5","6","2025-12-31T00:00:00.000"
"78370","1","53","2025-12-31T00:00:00.000"
"78370","3","983","2025-12-31T00:00:00.000"
"78370","4","481","2025-12-31T00:00:00.000"
"78370","5","55","2025-12-31T00:00:00.000"
"78370","6","1","2025-12-31T00:00:00.000"
"78371","1","2","2025-12-31T00:00:00.000"
"78371","3","11","2025-12-31T00:00:00.000"
"78371","4","1","2025-12-31T00:00:00.000"
"78371","5","3","2025-12-31T00:00:00.000"
"78372","1","48","2025-12-31T00:00:00.000"
"78372","3","640","2025-12-31T00:00:00.000"
"78372","4","85","2025-12-31T00:00:00.000"
"78372","5","133","2025-12-31T00:00:00.000"
"78373","1","121","2025-12-31T00:00:00.000"
"78373","2","1076","2025-12-31T00:00:00.000"
"78373","3","1639","2025-12-31T00:00:00.000"
"78373","4","6397","2025-12-31T00:00:00.000"
"78373","5","14","2025-12-31T00:00:00.000"
"78374","1","1612","2025-12-31T00:00:00.000"
"78374","2","39","2025-12-31T00:00:00.000"
"78374","3","4790","2025-12-31T00:00:00.000"
"78374","4","5007","2025-12-31T00:00:00.000"
"78374","5","28","2025-12-31T00:00:00.000"
"78374","6","9","2025-12-31T00:00:00.000"
"78375","1","23","2025-12-31T00:00:00.000"
"78375","3","271","2025-12-31T00:00:00.000"
"78375","4","107","2025-12-31T00:00:00.000"
"78375","5","31","2025-12-31T00:00:00.000"
"78376","2","1","2025-12-31T00:00:00.000"
"78376","3","25","2025-12-31T00:00:00.000"
"78376","4","3","2025-12-31T00:00:00.000"
"78376","5","2","2025-12-31T00:00:00.000"
"78377","1","71","2025-12-31T00:00:00.000"
"78377","3","614","2025-12-31T00:00:00.000"
"78377","4","230","2025-12-31T00:00:00.000"
"78377","5","63","2025-12-31T00:00:00.000"
"78379","1","22","2025-12-31T00:00:00.000"
"78379","3","318","2025-12-31T00:00:00.000"
"78379","4","245","2025-12-31T00:00:00.000"
"78379","5","21","2025-12-31T00:00:00.000"
"78379","6","1","2025-12-31T00:00:00.000"
"78380","1","234","2025-12-31T00:00:00.000"
"78380","3","2760","2025-12-31T00:00:00.000"
"78380","4","1358","2025-12-31T00:00:00.000"
"78380","5","193","2025-12-31T00:00:00.000"
"78380","6","2","2025-12-31T00:00:00.000"
"78382","1","1220","2025-12-31T00:00:00.000"
"78382","2","587","2025-12-31T00:00:00.000"
"78382","3","6802","2025-12-31T00:00:00.000"
"78382","4","8881","2025-12-31T00:00:00.000"
"78382","5","789","2025-12-31T00:00:00.000"
"78382","6","24","2025-12-31T00:00:00.000"
"78383","1","63","2025-12-31T00:00:00.000"
"78383","3","837","2025-12-31T00:00:00.000"
"78383","4","101","2025-12-31T00:00:00.000"
"78383","5","97","2025-12-31T00:00:00.000"
"78383","6","1","2025-12-31T00:00:00.000"
"78384","1","40","2025-12-31T00:00:00.000"
"78384","3","410","2025-12-31T00:00:00.000"
"78384","4","80","2025-12-31T00:00:00.000"
"78384","5","72","2025-12-31T00:00:00.000"
"78385","1","2","2025-12-31T00:00:00.000"
"78385","3","16","2025-12-31T00:00:00.000"
"78385","4","25","2025-12-31T00:00:00.000"
"78387","1","121","2025-12-31T00:00:00.000"
"78387","2","1","2025-12-31T00:00:00.000"
"78387","3","1391","2025-12-31T00:00:00.000"
"78387","4","696","2025-12-31T00:00:00.000"
"78387","5","141","2025-12-31T00:00:00.000"
"78387","6","1","2025-12-31T00:00:00.000"
"78389","1","16","2025-12-31T00:00:00.000"
"78389","3","148","2025-12-31T00:00:00.000"
"78389","4","33","2025-12-31T00:00:00.000"
"78389","5","55","2025-12-31T00:00:00.000"
"78389","6","2","2025-12-31T00:00:00.000"
"78390","1","46","2025-12-31T00:00:00.000"
"78390","2","2","2025-12-31T00:00:00.000"
"78390","3","871","2025-12-31T00:00:00.000"
"78390","4","655","2025-12-31T00:00:00.000"
"78390","5","68","2025-12-31T00:00:00.000"
"78391","1","1","2025-12-31T00:00:00.000"
"78391","3","14","2025-12-31T00:00:00.000"
"78391","4","1","2025-12-31T00:00:00.000"
"78391","5","3","2025-12-31T00:00:00.000"
"78393","1","28","2025-12-31T00:00:00.000"
"78393","3","440","2025-12-31T00:00:00.000"
"78393","4","159","2025-12-31T00:00:00.000"
"78393","5","55","2025-12-31T00:00:00.000"
"78401","1","351","2025-12-31T00:00:00.000"
"78401","2","115","2025-12-31T00:00:00.000"
"78401","3","68","2025-12-31T00:00:00.000"
"78401","4","266","2025-12-31T00:00:00.000"
"78401","5","1","2025-12-31T00:00:00.000"
"78402","1","484","2025-12-31T00:00:00.000"
"78402","2","268","2025-12-31T00:00:00.000"
"78402","3","47","2025-12-31T00:00:00.000"
"78402","4","324","2025-12-31T00:00:00.000"
"78404","1","510","2025-12-31T00:00:00.000"
"78404","2","111","2025-12-31T00:00:00.000"
"78404","3","2108","2025-12-31T00:00:00.000"
"78404","4","3349","2025-12-31T00:00:00.000"
"78404","6","3","2025-12-31T00:00:00.000"
"78405","1","122","2025-12-31T00:00:00.000"
"78405","3","779","2025-12-31T00:00:00.000"
"78405","4","1413","2025-12-31T00:00:00.000"
"78405","5","23","2025-12-31T00:00:00.000"
"78406","1","15","2025-12-31T00:00:00.000"
"78406","3","34","2025-12-31T00:00:00.000"
"78406","4","39","2025-12-31T00:00:00.000"
"78406","5","53","2025-12-31T00:00:00.000"
"78407","1","8","2025-12-31T00:00:00.000"
"78407","3","149","2025-12-31T00:00:00.000"
"78407","4","242","2025-12-31T00:00:00.000"
"78407","5","1","2025-12-31T00:00:00.000"
"78407","6","1","2025-12-31T00:00:00.000"
"78408","1","170","2025-12-31T00:00:00.000"
"78408","2","1","2025-12-31T00:00:00.000"
"78408","3","735","2025-12-31T00:00:00.000"
"78408","4","1177","2025-12-31T00:00:00.000"
"78408","5","28","2025-12-31T00:00:00.000"
"78409","1","54","2025-12-31T00:00:00.000"
"78409","2","1","2025-12-31T00:00:00.000"
"78409","3","331","2025-12-31T00:00:00.000"
"78409","4","215","2025-12-31T00:00:00.000"
"78409","5","46","2025-12-31T00:00:00.000"
"78410","1","1291","2025-12-31T00:00:00.000"
"78410","2","81","2025-12-31T00:00:00.000"
"78410","3","6932","2025-12-31T00:00:00.000"
"78410","4","3375","2025-12-31T00:00:00.000"
"78410","5","43","2025-12-31T00:00:00.000"
"78410","6","5","2025-12-31T00:00:00.000"
"78411","1","1194","2025-12-31T00:00:00.000"
"78411","2","152","2025-12-31T00:00:00.000"
"78411","3","5259","2025-12-31T00:00:00.000"
"78411","4","6370","2025-12-31T00:00:00.000"
"78411","5","1","2025-12-31T00:00:00.000"
"78411","6","11","2025-12-31T00:00:00.000"
"78412","1","5916","2025-12-31T00:00:00.000"
"78412","2","500","2025-12-31T00:00:00.000"
"78412","3","5363","2025-12-31T00:00:00.000"
"78412","4","6914","2025-12-31T00:00:00.000"
"78412","5","25","2025-12-31T00:00:00.000"
"78412","6","7","2025-12-31T00:00:00.000"
"78413","1","2709","2025-12-31T00:00:00.000"
"78413","2","492","2025-12-31T00:00:00.000"
"78413","3","7785","2025-12-31T00:00:00.000"
"78413","4","5436","2025-12-31T00:00:00.000"
"78413","6","15","2025-12-31T00:00:00.000"
"78414","1","5485","2025-12-31T00:00:00.000"
"78414","2","368","2025-12-31T00:00:00.000"
"78414","3","13708","2025-12-31T00:00:00.000"
"78414","4","8620","2025-12-31T00:00:00.000"
"78414","5","8","2025-12-31T00:00:00.000"
"78414","6","27","2025-12-31T00:00:00.000"
"78415","1","1864","2025-12-31T00:00:00.000"
"78415","2","2","2025-12-31T00:00:00.000"
"78415","3","7011","2025-12-31T00:00:00.000"
"78415","4","7351","2025-12-31T00:00:00.000"
"78415","5","139","2025-12-31T00:00:00.000"
"78415","6","9","2025-12-31T00:00:00.000"
"78416","1","130","2025-12-31T00:00:00.000"
"78416","3","1433","2025-12-31T00:00:00.000"
"78416","4","1813","2025-12-31T00:00:00.000"
"78416","5","7","2025-12-31T00:00:00.000"
"78416","6","7","2025-12-31T00:00:00.000"
"78417","1","93","2025-12-31T00:00:00.000"
"78417","3","849","2025-12-31T00:00:00.000"
"78417","4","576","2025-12-31T00:00:00.000"
"78417","5","61","2025-12-31T00:00:00.000"
"78417","6","5","2025-12-31T00:00:00.000"
"78418","1","1903","2025-12-31T00:00:00.000"
"78418","2","1205","2025-12-31T00:00:00.000"
"78418","3","8573","2025-12-31T00:00:00.000"
"78418","4","11569","2025-12-31T00:00:00.000"
"78418","5","126","2025-12-31T00:00:00.000"
"78418","6","32","2025-12-31T00:00:00.000"
"78419","1","5","2025-12-31T00:00:00.000"
"78419","4","2","2025-12-31T00:00:00.000"
"78470","4","1","2025-12-31T00:00:00.000"
"78471","4","1","2025-12-31T00:00:00.000"
"78473","4","1","2025-12-31T00:00:00.000"
"78476","4","1","2025-12-31T00:00:00.000"
"78477","4","1","2025-12-31T00:00:00.000"
"78480","4","1","2025-12-31T00:00:00.000"
"78501","1","1591","2025-12-31T00:00:00.000"
"78501","2","198","2025-12-31T00:00:00.000"
"78501","3","7865","2025-12-31T00:00:00.000"
"78501","4","2595","2025-12-31T00:00:00.000"
"78501","5","351","2025-12-31T00:00:00.000"
"78501","6","7","2025-12-31T00:00:00.000"
"78503","1","378","2025-12-31T00:00:00.000"
"78503","2","235","2025-12-31T00:00:00.000"
"78503","3","2842","2025-12-31T00:00:00.000"
"78503","4","708","2025-12-31T00:00:00.000"
"78503","5","1","2025-12-31T00:00:00.000"
"78503","6","1","2025-12-31T00:00:00.000"
"78504","1","1826","2025-12-31T00:00:00.000"
"78504","2","58","2025-12-31T00:00:00.000"
"78504","3","14316","2025-12-31T00:00:00.000"
"78504","4","2621","2025-12-31T00:00:00.000"
"78504","5","105","2025-12-31T00:00:00.000"
"78504","6","8","2025-12-31T00:00:00.000"
"78516","1","253","2025-12-31T00:00:00.000"
"78516","3","3467","2025-12-31T00:00:00.000"
"78516","4","679","2025-12-31T00:00:00.000"
"78516","5","800","2025-12-31T00:00:00.000"
"78516","6","1","2025-12-31T00:00:00.000"
"78520","1","936","2025-12-31T00:00:00.000"
"78520","2","136","2025-12-31T00:00:00.000"
"78520","3","7729","2025-12-31T00:00:00.000"
"78520","4","3004","2025-12-31T00:00:00.000"
"78520","5","92","2025-12-31T00:00:00.000"
"78520","6","4","2025-12-31T00:00:00.000"
"78521","1","1636","2025-12-31T00:00:00.000"
"78521","2","70","2025-12-31T00:00:00.000"
"78521","3","7009","2025-12-31T00:00:00.000"
"78521","4","3703","2025-12-31T00:00:00.000"
"78521","5","161","2025-12-31T00:00:00.000"
"78521","6","2","2025-12-31T00:00:00.000"
"78526","1","1241","2025-12-31T00:00:00.000"
"78526","2","90","2025-12-31T00:00:00.000"
"78526","3","9358","2025-12-31T00:00:00.000"
"78526","4","3069","2025-12-31T00:00:00.000"
"78526","5","60","2025-12-31T00:00:00.000"
"78526","6","3","2025-12-31T00:00:00.000"
"78535","1","4","2025-12-31T00:00:00.000"
"78535","3","77","2025-12-31T00:00:00.000"
"78535","4","20","2025-12-31T00:00:00.000"
"78535","5","7","2025-12-31T00:00:00.000"
"78536","1","2","2025-12-31T00:00:00.000"
"78536","3","15","2025-12-31T00:00:00.000"
"78536","4","2","2025-12-31T00:00:00.000"
"78536","5","1","2025-12-31T00:00:00.000"
"78537","1","388","2025-12-31T00:00:00.000"
"78537","3","2828","2025-12-31T00:00:00.000"
"78537","4","492","2025-12-31T00:00:00.000"
"78537","5","702","2025-12-31T00:00:00.000"
"78538","1","67","2025-12-31T00:00:00.000"
"78538","3","916","2025-12-31T00:00:00.000"
"78538","4","179","2025-12-31T00:00:00.000"
"78538","5","79","2025-12-31T00:00:00.000"
"78539","1","1547","2025-12-31T00:00:00.000"
"78539","2","14","2025-12-31T00:00:00.000"
"78539","3","6929","2025-12-31T00:00:00.000"
"78539","4","1690","2025-12-31T00:00:00.000"
"78539","5","98","2025-12-31T00:00:00.000"
"78539","6","1","2025-12-31T00:00:00.000"
"78541","1","1354","2025-12-31T00:00:00.000"
"78541","2","2","2025-12-31T00:00:00.000"
"78541","3","5494","2025-12-31T00:00:00.000"
"78541","4","2326","2025-12-31T00:00:00.000"
"78541","5","132","2025-12-31T00:00:00.000"
"78541","6","2","2025-12-31T00:00:00.000"
"78542","1","813","2025-12-31T00:00:00.000"
"78542","2","5","2025-12-31T00:00:00.000"
"78542","3","8541","2025-12-31T00:00:00.000"
"78542","4","1322","2025-12-31T00:00:00.000"
"78542","5","334","2025-12-31T00:00:00.000"
"78542","6","3","2025-12-31T00:00:00.000"
"78543","1","45","2025-12-31T00:00:00.000"
"78543","3","556","2025-12-31T00:00:00.000"
"78543","4","136","2025-12-31T00:00:00.000"
"78543","5","23","2025-12-31T00:00:00.000"
"78543","6","1","2025-12-31T00:00:00.000"
"78545","1","5","2025-12-31T00:00:00.000"
"78545","3","23","2025-12-31T00:00:00.000"
"78545","4","1","2025-12-31T00:00:00.000"
"78545","5","5","2025-12-31T00:00:00.000"
"78547","1","3","2025-12-31T00:00:00.000"
"78547","3","22","2025-12-31T00:00:00.000"
"78547","4","-1","2025-12-31T00:00:00.000"
"78547","5","1","2025-12-31T00:00:00.000"
"78548","1","5","2025-12-31T00:00:00.000"
"78548","3","59","2025-12-31T00:00:00.000"
"78548","4","3","2025-12-31T00:00:00.000"
"78548","5","2","2025-12-31T00:00:00.000"
"78549","1","4","2025-12-31T00:00:00.000"
"78549","3","29","2025-12-31T00:00:00.000"
"78549","4","8","2025-12-31T00:00:00.000"
"78549","5","6","2025-12-31T00:00:00.000"
"78550","1","1533","2025-12-31T00:00:00.000"
"78550","2","98","2025-12-31T00:00:00.000"
"78550","3","6460","2025-12-31T00:00:00.000"
"78550","4","2921","2025-12-31T00:00:00.000"
"78550","5","158","2025-12-31T00:00:00.000"
"78550","6","18","2025-12-31T00:00:00.000"
"78552","1","573","2025-12-31T00:00:00.000"
"78552","2","134","2025-12-31T00:00:00.000"
"78552","3","6685","2025-12-31T00:00:00.000"
"78552","4","1677","2025-12-31T00:00:00.000"
"78552","5","349","2025-12-31T00:00:00.000"
"78552","6","26","2025-12-31T00:00:00.000"
"78557","1","91","2025-12-31T00:00:00.000"
"78557","2","1","2025-12-31T00:00:00.000"
"78557","3","2419","2025-12-31T00:00:00.000"
"78557","4","425","2025-12-31T00:00:00.000"
"78557","5","5","2025-12-31T00:00:00.000"
"78558","1","2","2025-12-31T00:00:00.000"
"78558","3","38","2025-12-31T00:00:00.000"
"78558","4","3","2025-12-31T00:00:00.000"
"78558","5","5","2025-12-31T00:00:00.000"
"78559","1","154","2025-12-31T00:00:00.000"
"78559","2","2","2025-12-31T00:00:00.000"
"78559","3","1669","2025-12-31T00:00:00.000"
"78559","4","481","2025-12-31T00:00:00.000"
"78559","5","178","2025-12-31T00:00:00.000"
"78559","6","1","2025-12-31T00:00:00.000"
"78560","1","39","2025-12-31T00:00:00.000"
"78560","3","588","2025-12-31T00:00:00.000"
"78560","4","137","2025-12-31T00:00:00.000"
"78560","5","4","2025-12-31T00:00:00.000"
"78561","1","2","2025-12-31T00:00:00.000"
"78561","3","35","2025-12-31T00:00:00.000"
"78561","4","10","2025-12-31T00:00:00.000"
"78561","5","7","2025-12-31T00:00:00.000"
"78562","1","8","2025-12-31T00:00:00.000"
"78562","3","134","2025-12-31T00:00:00.000"
"78562","4","17","2025-12-31T00:00:00.000"
"78562","5","6","2025-12-31T00:00:00.000"
"78563","1","2","2025-12-31T00:00:00.000"
"78563","3","43","2025-12-31T00:00:00.000"
"78563","4","1","2025-12-31T00:00:00.000"
"78563","5","4","2025-12-31T00:00:00.000"
"78564","1","1","2025-12-31T00:00:00.000"
"78564","3","8","2025-12-31T00:00:00.000"
"78564","4","3","2025-12-31T00:00:00.000"
"78564","5","3","2025-12-31T00:00:00.000"
"78565","1","1","2025-12-31T00:00:00.000"
"78565","3","13","2025-12-31T00:00:00.000"
"78565","4","1","2025-12-31T00:00:00.000"
"78566","1","243","2025-12-31T00:00:00.000"
"78566","3","3128","2025-12-31T00:00:00.000"
"78566","4","967","2025-12-31T00:00:00.000"
"78566","5","215","2025-12-31T00:00:00.000"
"78566","6","5","2025-12-31T00:00:00.000"
"78567","1","5","2025-12-31T00:00:00.000"
"78567","3","19","2025-12-31T00:00:00.000"
"78567","4","7","2025-12-31T00:00:00.000"
"78568","3","8","2025-12-31T00:00:00.000"
"78568","4","1","2025-12-31T00:00:00.000"
"78568","5","1","2025-12-31T00:00:00.000"
"78569","1","22","2025-12-31T00:00:00.000"
"78569","3","409","2025-12-31T00:00:00.000"
"78569","4","97","2025-12-31T00:00:00.000"
"78569","5","22","2025-12-31T00:00:00.000"
"78570","1","237","2025-12-31T00:00:00.000"
"78570","2","2","2025-12-31T00:00:00.000"
"78570","3","2260","2025-12-31T00:00:00.000"
"78570","4","558","2025-12-31T00:00:00.000"
"78570","5","381","2025-12-31T00:00:00.000"
"78570","6","7","2025-12-31T00:00:00.000"
"78572","1","1264","2025-12-31T00:00:00.000"
"78572","2","114","2025-12-31T00:00:00.000"
"78572","3","12232","2025-12-31T00:00:00.000"
"78572","4","2299","2025-12-31T00:00:00.000"
"78572","5","2033","2025-12-31T00:00:00.000"
"78572","6","4","2025-12-31T00:00:00.000"
"78573","1","458","2025-12-31T00:00:00.000"
"78573","2","6","2025-12-31T00:00:00.000"
"78573","3","5221","2025-12-31T00:00:00.000"
"78573","4","1309","2025-12-31T00:00:00.000"
"78573","5","119","2025-12-31T00:00:00.000"
"78574","1","308","2025-12-31T00:00:00.000"
"78574","2","15","2025-12-31T00:00:00.000"
"78574","3","5652","2025-12-31T00:00:00.000"
"78574","4","790","2025-12-31T00:00:00.000"
"78574","5","272","2025-12-31T00:00:00.000"
"78575","1","113","2025-12-31T00:00:00.000"
"78575","2","88","2025-12-31T00:00:00.000"
"78575","3","1037","2025-12-31T00:00:00.000"
"78575","4","348","2025-12-31T00:00:00.000"
"78575","5","6","2025-12-31T00:00:00.000"
"78575","6","1","2025-12-31T00:00:00.000"
"78576","1","52","2025-12-31T00:00:00.000"
"78576","3","775","2025-12-31T00:00:00.000"
"78576","4","118","2025-12-31T00:00:00.000"
"78576","5","36","2025-12-31T00:00:00.000"
"78577","1","1250","2025-12-31T00:00:00.000"
"78577","2","70","2025-12-31T00:00:00.000"
"78577","3","7237","2025-12-31T00:00:00.000"
"78577","4","2486","2025-12-31T00:00:00.000"
"78577","5","818","2025-12-31T00:00:00.000"
"78577","6","3","2025-12-31T00:00:00.000"
"78578","1","155","2025-12-31T00:00:00.000"
"78578","2","567","2025-12-31T00:00:00.000"
"78578","3","2001","2025-12-31T00:00:00.000"
"78578","4","2746","2025-12-31T00:00:00.000"
"78578","5","162","2025-12-31T00:00:00.000"
"78578","6","6","2025-12-31T00:00:00.000"
"78579","1","5","2025-12-31T00:00:00.000"
"78579","3","109","2025-12-31T00:00:00.000"
"78579","4","16","2025-12-31T00:00:00.000"
"78579","5","7","2025-12-31T00:00:00.000"
"78580","1","124","2025-12-31T00:00:00.000"
"78580","3","820","2025-12-31T00:00:00.000"
"78580","4","261","2025-12-31T00:00:00.000"
"78580","5","48","2025-12-31T00:00:00.000"
"78582","1","242","2025-12-31T00:00:00.000"
"78582","2","4","2025-12-31T00:00:00.000"
"78582","3","3497","2025-12-31T00:00:00.000"
"78582","4","399","2025-12-31T00:00:00.000"
"78582","5","94","2025-12-31T00:00:00.000"
"78582","6","2","2025-12-31T00:00:00.000"
"78583","1","47","2025-12-31T00:00:00.000"
"78583","2","3","2025-12-31T00:00:00.000"
"78583","3","843","2025-12-31T00:00:00.000"
"78583","4","338","2025-12-31T00:00:00.000"
"78583","5","68","2025-12-31T00:00:00.000"
"78583","6","3","2025-12-31T00:00:00.000"
"78584","1","68","2025-12-31T00:00:00.000"
"78584","3","1069","2025-12-31T00:00:00.000"
"78584","4","119","2025-12-31T00:00:00.000"
"78584","5","32","2025-12-31T00:00:00.000"
"78585","3","6","2025-12-31T00:00:00.000"
"78586","1","367","2025-12-31T00:00:00.000"
"78586","2","15","2025-12-31T00:00:00.000"
"78586","3","4276","2025-12-31T00:00:00.000"
"78586","4","1204","2025-12-31T00:00:00.000"
"78586","5","290","2025-12-31T00:00:00.000"
"78586","6","10","2025-12-31T00:00:00.000"
"78588","1","3","2025-12-31T00:00:00.000"
"78588","3","18","2025-12-31T00:00:00.000"
"78588","4","2","2025-12-31T00:00:00.000"
"78588","5","1","2025-12-31T00:00:00.000"
"78589","1","305","2025-12-31T00:00:00.000"
"78589","3","5286","2025-12-31T00:00:00.000"
"78589","4","925","2025-12-31T00:00:00.000"
"78589","5","112","2025-12-31T00:00:00.000"
"78589","6","1","2025-12-31T00:00:00.000"
"78590","1","3","2025-12-31T00:00:00.000"
"78590","3","26","2025-12-31T00:00:00.000"
"78590","4","3","2025-12-31T00:00:00.000"
"78590","5","1","2025-12-31T00:00:00.000"
"78591","1","1","2025-12-31T00:00:00.000"
"78591","3","24","2025-12-31T00:00:00.000"
"78591","5","3","2025-12-31T00:00:00.000"
"78592","1","1","2025-12-31T00:00:00.000"
"78592","3","14","2025-12-31T00:00:00.000"
"78592","4","4","2025-12-31T00:00:00.000"
"78593","1","28","2025-12-31T00:00:00.000"
"78593","3","397","2025-12-31T00:00:00.000"
"78593","4","85","2025-12-31T00:00:00.000"
"78593","5","34","2025-12-31T00:00:00.000"
"78593","6","2","2025-12-31T00:00:00.000"
"78594","1","11","2025-12-31T00:00:00.000"
"78594","3","82","2025-12-31T00:00:00.000"
"78594","4","25","2025-12-31T00:00:00.000"
"78594","5","20","2025-12-31T00:00:00.000"
"78595","1","17","2025-12-31T00:00:00.000"
"78595","3","228","2025-12-31T00:00:00.000"
"78595","4","43","2025-12-31T00:00:00.000"
"78595","5","22","2025-12-31T00:00:00.000"
"78596","1","812","2025-12-31T00:00:00.000"
"78596","2","83","2025-12-31T00:00:00.000"
"78596","3","5045","2025-12-31T00:00:00.000"
"78596","4","1160","2025-12-31T00:00:00.000"
"78596","5","884","2025-12-31T00:00:00.000"
"78596","6","3","2025-12-31T00:00:00.000"
"78597","1","77","2025-12-31T00:00:00.000"
"78597","2","1929","2025-12-31T00:00:00.000"
"78597","3","633","2025-12-31T00:00:00.000"
"78597","4","3770","2025-12-31T00:00:00.000"
"78597","6","1","2025-12-31T00:00:00.000"
"78598","1","11","2025-12-31T00:00:00.000"
"78598","2","14","2025-12-31T00:00:00.000"
"78598","3","276","2025-12-31T00:00:00.000"
"78598","4","294","2025-12-31T00:00:00.000"
"78598","5","28","2025-12-31T00:00:00.000"
"78598","6","1","2025-12-31T00:00:00.000"
"78599","1","498","2025-12-31T00:00:00.000"
"78599","2","11","2025-12-31T00:00:00.000"
"78599","3","3272","2025-12-31T00:00:00.000"
"78599","4","693","2025-12-31T00:00:00.000"
"78599","5","154","2025-12-31T00:00:00.000"
"78602","1","2598","2025-12-31T00:00:00.000"
"78602","2","2","2025-12-31T00:00:00.000"
"78602","3","8558","2025-12-31T00:00:00.000"
"78602","4","1262","2025-12-31T00:00:00.000"
"78602","5","579","2025-12-31T00:00:00.000"
"78604","3","4","2025-12-31T00:00:00.000"
"78604","4","5","2025-12-31T00:00:00.000"
"78605","1","208","2025-12-31T00:00:00.000"
"78605","3","1530","2025-12-31T00:00:00.000"
"78605","4","163","2025-12-31T00:00:00.000"
"78605","5","198","2025-12-31T00:00:00.000"
"78606","1","301","2025-12-31T00:00:00.000"
"78606","2","1","2025-12-31T00:00:00.000"
"78606","3","2034","2025-12-31T00:00:00.000"
"78606","4","242","2025-12-31T00:00:00.000"
"78606","5","105","2025-12-31T00:00:00.000"
"78606","6","1","2025-12-31T00:00:00.000"
"78607","1","6","2025-12-31T00:00:00.000"
"78607","3","86","2025-12-31T00:00:00.000"
"78607","4","17","2025-12-31T00:00:00.000"
"78607","5","3","2025-12-31T00:00:00.000"
"78608","1","24","2025-12-31T00:00:00.000"
"78608","3","137","2025-12-31T00:00:00.000"
"78608","4","9","2025-12-31T00:00:00.000"
"78608","5","19","2025-12-31T00:00:00.000"
"78609","1","66","2025-12-31T00:00:00.000"
"78609","3","697","2025-12-31T00:00:00.000"
"78609","4","83","2025-12-31T00:00:00.000"
"78609","5","66","2025-12-31T00:00:00.000"
"78610","1","9818","2025-12-31T00:00:00.000"
"78610","2","132","2025-12-31T00:00:00.000"
"78610","3","15381","2025-12-31T00:00:00.000"
"78610","4","1803","2025-12-31T00:00:00.000"
"78610","5","191","2025-12-31T00:00:00.000"
"78611","1","539","2025-12-31T00:00:00.000"
"78611","3","4793","2025-12-31T00:00:00.000"
"78611","4","650","2025-12-31T00:00:00.000"
"78611","5","187","2025-12-31T00:00:00.000"
"78612","1","353","2025-12-31T00:00:00.000"
"78612","3","2495","2025-12-31T00:00:00.000"
"78612","4","212","2025-12-31T00:00:00.000"
"78612","5","429","2025-12-31T00:00:00.000"
"78612","6","1","2025-12-31T00:00:00.000"
"78613","1","13191","2025-12-31T00:00:00.000"
"78613","2","884","2025-12-31T00:00:00.000"
"78613","3","21932","2025-12-31T00:00:00.000"
"78613","4","3865","2025-12-31T00:00:00.000"
"78613","5","89","2025-12-31T00:00:00.000"
"78613","6","2","2025-12-31T00:00:00.000"
"78614","1","11","2025-12-31T00:00:00.000"
"78614","3","33","2025-12-31T00:00:00.000"
"78614","4","8","2025-12-31T00:00:00.000"
"78614","5","23","2025-12-31T00:00:00.000"
"78615","1","55","2025-12-31T00:00:00.000"
"78615","3","224","2025-12-31T00:00:00.000"
"78615","4","31","2025-12-31T00:00:00.000"
"78615","5","40","2025-12-31T00:00:00.000"
"78616","1","151","2025-12-31T00:00:00.000"
"78616","3","615","2025-12-31T00:00:00.000"
"78616","4","61","2025-12-31T00:00:00.000"
"78616","5","468","2025-12-31T00:00:00.000"
"78617","1","1439","2025-12-31T00:00:00.000"
"78617","2","22","2025-12-31T00:00:00.000"
"78617","3","3877","2025-12-31T00:00:00.000"
"78617","4","740","2025-12-31T00:00:00.000"
"78617","5","724","2025-12-31T00:00:00.000"
"78617","6","4","2025-12-31T00:00:00.000"
"78618","1","7","2025-12-31T00:00:00.000"
"78618","3","48","2025-12-31T00:00:00.000"
"78618","4","4","2025-12-31T00:00:00.000"
"78618","5","3","2025-12-31T00:00:00.000"
"78619","1","167","2025-12-31T00:00:00.000"
"78619","2","2","2025-12-31T00:00:00.000"
"78619","3","2027","2025-12-31T00:00:00.000"
"78619","4","114","2025-12-31T00:00:00.000"
"78619","5","18","2025-12-31T00:00:00.000"
"78620","1","1463","2025-12-31T00:00:00.000"
"78620","2","16","2025-12-31T00:00:00.000"
"78620","3","8999","2025-12-31T00:00:00.000"
"78620","4","879","2025-12-31T00:00:00.000"
"78620","5","125","2025-12-31T00:00:00.000"
"78620","6","1","2025-12-31T00:00:00.000"
"78621","1","1035","2025-12-31T00:00:00.000"
"78621","2","4","2025-12-31T00:00:00.000"
"78621","3","6201","2025-12-31T00:00:00.000"
"78621","4","855","2025-12-31T00:00:00.000"
"78621","5","509","2025-12-31T00:00:00.000"
"78622","1","12","2025-12-31T00:00:00.000"
"78622","3","19","2025-12-31T00:00:00.000"
"78622","4","9","2025-12-31T00:00:00.000"
"78622","5","9","2025-12-31T00:00:00.000"
"78623","1","70","2025-12-31T00:00:00.000"
"78623","2","1","2025-12-31T00:00:00.000"
"78623","3","1008","2025-12-31T00:00:00.000"
"78623","4","50","2025-12-31T00:00:00.000"
"78623","5","11","2025-12-31T00:00:00.000"
"78623","6","2","2025-12-31T00:00:00.000"
"78624","1","2050","2025-12-31T00:00:00.000"
"78624","2","77","2025-12-31T00:00:00.000"
"78624","3","6099","2025-12-31T00:00:00.000"
"78624","4","1609","2025-12-31T00:00:00.000"
"78624","5","276","2025-12-31T00:00:00.000"
"78624","6","5","2025-12-31T00:00:00.000"
"78626","1","10317","2025-12-31T00:00:00.000"
"78626","2","556","2025-12-31T00:00:00.000"
"78626","3","11755","2025-12-31T00:00:00.000"
"78626","4","2258","2025-12-31T00:00:00.000"
"78626","5","193","2025-12-31T00:00:00.000"
"78626","6","1","2025-12-31T00:00:00.000"
"78627","3","2","2025-12-31T00:00:00.000"
"78628","1","7273","2025-12-31T00:00:00.000"
"78628","2","71","2025-12-31T00:00:00.000"
"78628","3","20778","2025-12-31T00:00:00.000"
"78628","4","2084","2025-12-31T00:00:00.000"
"78628","5","9","2025-12-31T00:00:00.000"
"78628","6","6","2025-12-31T00:00:00.000"
"78629","1","266","2025-12-31T00:00:00.000"
"78629","3","1298","2025-12-31T00:00:00.000"
"78629","4","418","2025-12-31T00:00:00.000"
"78629","5","236","2025-12-31T00:00:00.000"
"78631","1","77","2025-12-31T00:00:00.000"
"78631","3","451","2025-12-31T00:00:00.000"
"78631","4","69","2025-12-31T00:00:00.000"
"78631","5","140","2025-12-31T00:00:00.000"
"78632","1","17","2025-12-31T00:00:00.000"
"78632","3","102","2025-12-31T00:00:00.000"
"78632","4","4","2025-12-31T00:00:00.000"
"78632","5","37","2025-12-31T00:00:00.000"
"78633","1","2014","2025-12-31T00:00:00.000"
"78633","2","103","2025-12-31T00:00:00.000"
"78633","3","15946","2025-12-31T00:00:00.000"
"78633","4","966","2025-12-31T00:00:00.000"
"78633","5","63","2025-12-31T00:00:00.000"
"78633","6","3","2025-12-31T00:00:00.000"
"78634","1","8925","2025-12-31T00:00:00.000"
"78634","2","23","2025-12-31T00:00:00.000"
"78634","3","14878","2025-12-31T00:00:00.000"
"78634","4","2516","2025-12-31T00:00:00.000"
"78634","5","95","2025-12-31T00:00:00.000"
"78634","6","2","2025-12-31T00:00:00.000"
"78635","1","9","2025-12-31T00:00:00.000"
"78635","3","13","2025-12-31T00:00:00.000"
"78635","4","8","2025-12-31T00:00:00.000"
"78635","5","2","2025-12-31T00:00:00.000"
"78636","1","188","2025-12-31T00:00:00.000"
"78636","3","984","2025-12-31T00:00:00.000"
"78636","4","180","2025-12-31T00:00:00.000"
"78636","5","63","2025-12-31T00:00:00.000"
"78638","1","59","2025-12-31T00:00:00.000"
"78638","3","274","2025-12-31T00:00:00.000"
"78638","4","39","2025-12-31T00:00:00.000"
"78638","5","111","2025-12-31T00:00:00.000"
"78639","1","393","2025-12-31T00:00:00.000"
"78639","2","9","2025-12-31T00:00:00.000"
"78639","3","2749","2025-12-31T00:00:00.000"
"78639","4","500","2025-12-31T00:00:00.000"
"78639","5","239","2025-12-31T00:00:00.000"
"78640","1","9644","2025-12-31T00:00:00.000"
"78640","2","22","2025-12-31T00:00:00.000"
"78640","3","19168","2025-12-31T00:00:00.000"
"78640","4","3310","2025-12-31T00:00:00.000"
"78640","5","945","2025-12-31T00:00:00.000"
"78640","6","2","2025-12-31T00:00:00.000"
"78641","1","14084","2025-12-31T00:00:00.000"
"78641","2","201","2025-12-31T00:00:00.000"
"78641","3","33613","2025-12-31T00:00:00.000"
"78641","4","5213","2025-12-31T00:00:00.000"
"78641","5","299","2025-12-31T00:00:00.000"
"78641","6","3","2025-12-31T00:00:00.000"
"78642","1","1787","2025-12-31T00:00:00.000"
"78642","2","59","2025-12-31T00:00:00.000"
"76475","3","298","2025-12-31T00:00:00.000"
"76475","4","53","2025-12-31T00:00:00.000"
"76475","5","18","2025-12-31T00:00:00.000"
"76476","1","125","2025-12-31T00:00:00.000"
"76476","2","1","2025-12-31T00:00:00.000"
"76476","3","763","2025-12-31T00:00:00.000"
"76476","4","149","2025-12-31T00:00:00.000"
"76476","5","72","2025-12-31T00:00:00.000"
"76481","1","4","2025-12-31T00:00:00.000"
"76481","3","32","2025-12-31T00:00:00.000"
"76481","4","5","2025-12-31T00:00:00.000"
"76481","5","12","2025-12-31T00:00:00.000"
"76483","1","31","2025-12-31T00:00:00.000"
"76483","3","123","2025-12-31T00:00:00.000"
"76483","4","37","2025-12-31T00:00:00.000"
"76483","5","12","2025-12-31T00:00:00.000"
"76484","1","28","2025-12-31T00:00:00.000"
"76484","3","269","2025-12-31T00:00:00.000"
"76484","4","37","2025-12-31T00:00:00.000"
"76484","5","45","2025-12-31T00:00:00.000"
"76485","1","4","2025-12-31T00:00:00.000"
"76485","3","4","2025-12-31T00:00:00.000"
"76485","5","1","2025-12-31T00:00:00.000"
"76486","1","35","2025-12-31T00:00:00.000"
"76486","3","220","2025-12-31T00:00:00.000"
"76486","4","16","2025-12-31T00:00:00.000"
"76486","5","43","2025-12-31T00:00:00.000"
"76487","1","127","2025-12-31T00:00:00.000"
"76487","3","1439","2025-12-31T00:00:00.000"
"76487","4","95","2025-12-31T00:00:00.000"
"76487","5","113","2025-12-31T00:00:00.000"
"76490","1","2","2025-12-31T00:00:00.000"
"76490","3","19","2025-12-31T00:00:00.000"
"76490","4","2","2025-12-31T00:00:00.000"
"76490","5","3","2025-12-31T00:00:00.000"
"76491","1","13","2025-12-31T00:00:00.000"
"76491","3","64","2025-12-31T00:00:00.000"
"76491","4","11","2025-12-31T00:00:00.000"
"76491","5","14","2025-12-31T00:00:00.000"
"76501","1","889","2025-12-31T00:00:00.000"
"76501","2","4","2025-12-31T00:00:00.000"
"76501","3","3285","2025-12-31T00:00:00.000"
"76501","4","961","2025-12-31T00:00:00.000"
"76501","5","75","2025-12-31T00:00:00.000"
"76502","1","6998","2025-12-31T00:00:00.000"
"76502","2","7","2025-12-31T00:00:00.000"
"76502","3","16255","2025-12-31T00:00:00.000"
"76502","4","3199","2025-12-31T00:00:00.000"
"76502","5","140","2025-12-31T00:00:00.000"
"76502","6","1","2025-12-31T00:00:00.000"
"76504","1","5248","2025-12-31T00:00:00.000"
"76504","3","4275","2025-12-31T00:00:00.000"
"76504","4","1602","2025-12-31T00:00:00.000"
"76504","5","65","2025-12-31T00:00:00.000"
"76511","1","58","2025-12-31T00:00:00.000"
"76511","3","379","2025-12-31T00:00:00.000"
"76511","4","61","2025-12-31T00:00:00.000"
"76511","5","25","2025-12-31T00:00:00.000"
"76513","1","3317","2025-12-31T00:00:00.000"
"76513","2","115","2025-12-31T00:00:00.000"
"76513","3","11631","2025-12-31T00:00:00.000"
"76513","4","1708","2025-12-31T00:00:00.000"
"76513","5","295","2025-12-31T00:00:00.000"
"76513","6","1","2025-12-31T00:00:00.000"
"76518","1","15","2025-12-31T00:00:00.000"
"76518","3","117","2025-12-31T00:00:00.000"
"76518","4","18","2025-12-31T00:00:00.000"
"76518","5","24","2025-12-31T00:00:00.000"
"76519","1","15","2025-12-31T00:00:00.000"
"76519","3","62","2025-12-31T00:00:00.000"
"76519","4","7","2025-12-31T00:00:00.000"
"76519","5","7","2025-12-31T00:00:00.000"
"76520","1","305","2025-12-31T00:00:00.000"
"76520","3","1035","2025-12-31T00:00:00.000"
"76520","4","462","2025-12-31T00:00:00.000"
"76520","5","86","2025-12-31T00:00:00.000"
"76522","1","4252","2025-12-31T00:00:00.000"
"76522","2","3","2025-12-31T00:00:00.000"
"76522","3","11043","2025-12-31T00:00:00.000"
"76522","4","3016","2025-12-31T00:00:00.000"
"76522","5","204","2025-12-31T00:00:00.000"
"76522","6","1","2025-12-31T00:00:00.000"
"76523","1","1","2025-12-31T00:00:00.000"
"76523","3","4","2025-12-31T00:00:00.000"
"76523","4","2","2025-12-31T00:00:00.000"
"76523","5","4","2025-12-31T00:00:00.000"
"76524","1","56","2025-12-31T00:00:00.000"
"76524","3","446","2025-12-31T00:00:00.000"
"76524","4","50","2025-12-31T00:00:00.000"
"76524","5","67","2025-12-31T00:00:00.000"
"76525","1","28","2025-12-31T00:00:00.000"
"76525","3","183","2025-12-31T00:00:00.000"
"76525","4","46","2025-12-31T00:00:00.000"
"76525","5","15","2025-12-31T00:00:00.000"
"76526","5","2","2025-12-31T00:00:00.000"
"76527","1","143","2025-12-31T00:00:00.000"
"76527","2","1","2025-12-31T00:00:00.000"
"76527","3","728","2025-12-31T00:00:00.000"
"76527","4","107","2025-12-31T00:00:00.000"
"76527","5","111","2025-12-31T00:00:00.000"
"76528","1","740","2025-12-31T00:00:00.000"
"76528","3","3144","2025-12-31T00:00:00.000"
"76528","4","733","2025-12-31T00:00:00.000"
"76528","5","226","2025-12-31T00:00:00.000"
"76530","1","77","2025-12-31T00:00:00.000"
"76530","3","468","2025-12-31T00:00:00.000"
"76530","4","71","2025-12-31T00:00:00.000"
"76530","5","43","2025-12-31T00:00:00.000"
"76531","1","115","2025-12-31T00:00:00.000"
"76531","3","742","2025-12-31T00:00:00.000"
"76531","4","143","2025-12-31T00:00:00.000"
"76531","5","18","2025-12-31T00:00:00.000"
"76533","1","1","2025-12-31T00:00:00.000"
"76533","3","9","2025-12-31T00:00:00.000"
"76533","5","3","2025-12-31T00:00:00.000"
"76534","1","58","2025-12-31T00:00:00.000"
"76534","3","456","2025-12-31T00:00:00.000"
"76534","4","48","2025-12-31T00:00:00.000"
"76534","5","36","2025-12-31T00:00:00.000"
"76537","1","1751","2025-12-31T00:00:00.000"
"76537","2","34","2025-12-31T00:00:00.000"
"76537","3","8021","2025-12-31T00:00:00.000"
"76537","4","1017","2025-12-31T00:00:00.000"
"76537","5","42","2025-12-31T00:00:00.000"
"76538","1","15","2025-12-31T00:00:00.000"
"76538","3","123","2025-12-31T00:00:00.000"
"76538","4","16","2025-12-31T00:00:00.000"
"76538","5","14","2025-12-31T00:00:00.000"
"76539","1","242","2025-12-31T00:00:00.000"
"76539","3","2482","2025-12-31T00:00:00.000"
"76539","4","183","2025-12-31T00:00:00.000"
"76539","5","245","2025-12-31T00:00:00.000"
"76541","1","2575","2025-12-31T00:00:00.000"
"76541","3","2026","2025-12-31T00:00:00.000"
"76541","4","1694","2025-12-31T00:00:00.000"
"76541","5","3","2025-12-31T00:00:00.000"
"76542","1","7732","2025-12-31T00:00:00.000"
"76542","2","1","2025-12-31T00:00:00.000"
"76542","3","14850","2025-12-31T00:00:00.000"
"76542","4","3257","2025-12-31T00:00:00.000"
"76542","5","175","2025-12-31T00:00:00.000"
"76542","6","2","2025-12-31T00:00:00.000"
"76543","1","5771","2025-12-31T00:00:00.000"
"76543","3","5640","2025-12-31T00:00:00.000"
"76543","4","2647","2025-12-31T00:00:00.000"
"76543","5","107","2025-12-31T00:00:00.000"
"76543","6","1","2025-12-31T00:00:00.000"
"76544","1","8851","2025-12-31T00:00:00.000"
"76544","3","92","2025-12-31T00:00:00.000"
"76548","1","3372","2025-12-31T00:00:00.000"
"76548","2","1","2025-12-31T00:00:00.000"
"76548","3","7907","2025-12-31T00:00:00.000"
"76548","4","1986","2025-12-31T00:00:00.000"
"76548","5","151","2025-12-31T00:00:00.000"
"76549","1","6473","2025-12-31T00:00:00.000"
"76549","2","2","2025-12-31T00:00:00.000"
"76549","3","12690","2025-12-31T00:00:00.000"
"76549","4","4705","2025-12-31T00:00:00.000"
"76549","5","61","2025-12-31T00:00:00.000"
"76549","6","1","2025-12-31T00:00:00.000"
"76550","1","531","2025-12-31T00:00:00.000"
"76550","3","2581","2025-12-31T00:00:00.000"
"76550","4","605","2025-12-31T00:00:00.000"
"76550","5","144","2025-12-31T00:00:00.000"
"76550","6","1","2025-12-31T00:00:00.000"
"76554","1","142","2025-12-31T00:00:00.000"
"76554","3","443","2025-12-31T00:00:00.000"
"76554","4","116","2025-12-31T00:00:00.000"
"76554","5","9","2025-12-31T00:00:00.000"
"76556","1","34","2025-12-31T00:00:00.000"
"76556","3","163","2025-12-31T00:00:00.000"
"76556","4","31","2025-12-31T00:00:00.000"
"76556","5","43","2025-12-31T00:00:00.000"
"76557","1","121","2025-12-31T00:00:00.000"
"76557","3","975","2025-12-31T00:00:00.000"
"76557","4","100","2025-12-31T00:00:00.000"
"76557","5","105","2025-12-31T00:00:00.000"
"76557","6","1","2025-12-31T00:00:00.000"
"76558","1","1","2025-12-31T00:00:00.000"
"76558","3","4","2025-12-31T00:00:00.000"
"76558","5","2","2025-12-31T00:00:00.000"
"76559","1","445","2025-12-31T00:00:00.000"
"76559","3","2116","2025-12-31T00:00:00.000"
"76559","4","333","2025-12-31T00:00:00.000"
"76559","5","47","2025-12-31T00:00:00.000"
"76559","6","1","2025-12-31T00:00:00.000"
"76561","1","31","2025-12-31T00:00:00.000"
"76561","3","167","2025-12-31T00:00:00.000"
"76561","4","27","2025-12-31T00:00:00.000"
"76561","5","32","2025-12-31T00:00:00.000"
"76564","1","1","2025-12-31T00:00:00.000"
"76564","3","2","2025-12-31T00:00:00.000"
"76564","4","2","2025-12-31T00:00:00.000"
"76564","5","3","2025-12-31T00:00:00.000"
"76565","1","4","2025-12-31T00:00:00.000"
"76565","3","7","2025-12-31T00:00:00.000"
"76566","1","6","2025-12-31T00:00:00.000"
"76566","3","48","2025-12-31T00:00:00.000"
"76566","4","7","2025-12-31T00:00:00.000"
"76566","5","2","2025-12-31T00:00:00.000"
"76567","1","287","2025-12-31T00:00:00.000"
"76567","3","1418","2025-12-31T00:00:00.000"
"76567","4","249","2025-12-31T00:00:00.000"
"76567","5","76","2025-12-31T00:00:00.000"
"76569","1","57","2025-12-31T00:00:00.000"
"76569","3","412","2025-12-31T00:00:00.000"
"76569","4","48","2025-12-31T00:00:00.000"
"76569","5","48","2025-12-31T00:00:00.000"
"76569","6","2","2025-12-31T00:00:00.000"
"76570","1","49","2025-12-31T00:00:00.000"
"76570","3","337","2025-12-31T00:00:00.000"
"76570","4","69","2025-12-31T00:00:00.000"
"76570","5","24","2025-12-31T00:00:00.000"
"76571","1","455","2025-12-31T00:00:00.000"
"76571","2","20","2025-12-31T00:00:00.000"
"76571","3","3617","2025-12-31T00:00:00.000"
"76571","4","341","2025-12-31T00:00:00.000"
"76571","5","71","2025-12-31T00:00:00.000"
"76571","6","2","2025-12-31T00:00:00.000"
"76573","3","10","2025-12-31T00:00:00.000"
"76574","1","1136","2025-12-31T00:00:00.000"
"76574","2","4","2025-12-31T00:00:00.000"
"76574","3","4790","2025-12-31T00:00:00.000"
"76574","4","932","2025-12-31T00:00:00.000"
"76574","5","94","2025-12-31T00:00:00.000"
"76577","1","99","2025-12-31T00:00:00.000"
"76577","3","541","2025-12-31T00:00:00.000"
"76577","4","80","2025-12-31T00:00:00.000"
"76577","5","51","2025-12-31T00:00:00.000"
"76578","1","56","2025-12-31T00:00:00.000"
"76578","3","315","2025-12-31T00:00:00.000"
"76578","4","49","2025-12-31T00:00:00.000"
"76578","5","24","2025-12-31T00:00:00.000"
"76579","1","366","2025-12-31T00:00:00.000"
"76579","3","1547","2025-12-31T00:00:00.000"
"76579","4","240","2025-12-31T00:00:00.000"
"76579","5","80","2025-12-31T00:00:00.000"
"76621","1","17","2025-12-31T00:00:00.000"
"76621","3","190","2025-12-31T00:00:00.000"
"76621","4","21","2025-12-31T00:00:00.000"
"76621","5","18","2025-12-31T00:00:00.000"
"76622","1","27","2025-12-31T00:00:00.000"
"76622","3","154","2025-12-31T00:00:00.000"
"76622","4","14","2025-12-31T00:00:00.000"
"76622","5","50","2025-12-31T00:00:00.000"
"76623","1","10","2025-12-31T00:00:00.000"
"76623","3","30","2025-12-31T00:00:00.000"
"76623","4","15","2025-12-31T00:00:00.000"
"76623","5","6","2025-12-31T00:00:00.000"
"76624","1","66","2025-12-31T00:00:00.000"
"76624","3","396","2025-12-31T00:00:00.000"
"76624","4","62","2025-12-31T00:00:00.000"
"76624","5","69","2025-12-31T00:00:00.000"
"76624","6","1","2025-12-31T00:00:00.000"
"76626","1","48","2025-12-31T00:00:00.000"
"76626","3","273","2025-12-31T00:00:00.000"
"76626","4","77","2025-12-31T00:00:00.000"
"76626","5","35","2025-12-31T00:00:00.000"
"76627","1","35","2025-12-31T00:00:00.000"
"76627","3","203","2025-12-31T00:00:00.000"
"76627","4","26","2025-12-31T00:00:00.000"
"76627","5","65","2025-12-31T00:00:00.000"
"76628","1","1","2025-12-31T00:00:00.000"
"76628","3","4","2025-12-31T00:00:00.000"
"76628","5","6","2025-12-31T00:00:00.000"
"76629","1","33","2025-12-31T00:00:00.000"
"76629","3","254","2025-12-31T00:00:00.000"
"76629","4","61","2025-12-31T00:00:00.000"
"76629","5","62","2025-12-31T00:00:00.000"
"76630","1","112","2025-12-31T00:00:00.000"
"76630","3","341","2025-12-31T00:00:00.000"
"76630","4","31","2025-12-31T00:00:00.000"
"76630","5","41","2025-12-31T00:00:00.000"
"76631","1","10","2025-12-31T00:00:00.000"
"76631","3","60","2025-12-31T00:00:00.000"
"76631","4","9","2025-12-31T00:00:00.000"
"76631","5","15","2025-12-31T00:00:00.000"
"76632","1","24","2025-12-31T00:00:00.000"
"76632","3","159","2025-12-31T00:00:00.000"
"76632","4","31","2025-12-31T00:00:00.000"
"76632","5","18","2025-12-31T00:00:00.000"
"76633","1","176","2025-12-31T00:00:00.000"
"76633","3","1802","2025-12-31T00:00:00.000"
"76633","4","146","2025-12-31T00:00:00.000"
"76633","5","57","2025-12-31T00:00:00.000"
"76633","6","1","2025-12-31T00:00:00.000"
"76634","1","237","2025-12-31T00:00:00.000"
"76634","3","1863","2025-12-31T00:00:00.000"
"76634","4","288","2025-12-31T00:00:00.000"
"76634","5","50","2025-12-31T00:00:00.000"
"76635","1","16","2025-12-31T00:00:00.000"
"76635","3","70","2025-12-31T00:00:00.000"
"76635","4","20","2025-12-31T00:00:00.000"
"76635","5","35","2025-12-31T00:00:00.000"
"76636","1","53","2025-12-31T00:00:00.000"
"76636","3","312","2025-12-31T00:00:00.000"
"76636","4","41","2025-12-31T00:00:00.000"
"76636","5","62","2025-12-31T00:00:00.000"
"76637","1","9","2025-12-31T00:00:00.000"
"76637","3","94","2025-12-31T00:00:00.000"
"76637","4","19","2025-12-31T00:00:00.000"
"76637","5","10","2025-12-31T00:00:00.000"
"76638","1","62","2025-12-31T00:00:00.000"
"76638","3","836","2025-12-31T00:00:00.000"
"76638","4","49","2025-12-31T00:00:00.000"
"76638","5","18","2025-12-31T00:00:00.000"
"76639","1","27","2025-12-31T00:00:00.000"
"76639","3","176","2025-12-31T00:00:00.000"
"76639","4","48","2025-12-31T00:00:00.000"
"76639","5","51","2025-12-31T00:00:00.000"
"76640","1","80","2025-12-31T00:00:00.000"
"76640","3","403","2025-12-31T00:00:00.000"
"76640","4","94","2025-12-31T00:00:00.000"
"76640","5","47","2025-12-31T00:00:00.000"
"76641","1","28","2025-12-31T00:00:00.000"
"76641","3","221","2025-12-31T00:00:00.000"
"76641","4","65","2025-12-31T00:00:00.000"
"76641","5","77","2025-12-31T00:00:00.000"
"76642","1","138","2025-12-31T00:00:00.000"
"76642","3","1022","2025-12-31T00:00:00.000"
"76642","4","242","2025-12-31T00:00:00.000"
"76642","5","165","2025-12-31T00:00:00.000"
"76642","6","2","2025-12-31T00:00:00.000"
"76643","1","1385","2025-12-31T00:00:00.000"
"76643","2","12","2025-12-31T00:00:00.000"
"76643","3","4240","2025-12-31T00:00:00.000"
"76643","4","663","2025-12-31T00:00:00.000"
"76643","5","8","2025-12-31T00:00:00.000"
"76643","6","2","2025-12-31T00:00:00.000"
"76645","1","379","2025-12-31T00:00:00.000"
"76645","2","2","2025-12-31T00:00:00.000"
"76645","3","1724","2025-12-31T00:00:00.000"
"76645","4","362","2025-12-31T00:00:00.000"
"76645","5","99","2025-12-31T00:00:00.000"
"76648","1","57","2025-12-31T00:00:00.000"
"76648","3","382","2025-12-31T00:00:00.000"
"76648","4","64","2025-12-31T00:00:00.000"
"76648","5","57","2025-12-31T00:00:00.000"
"76649","1","21","2025-12-31T00:00:00.000"
"76649","3","179","2025-12-31T00:00:00.000"
"76649","4","20","2025-12-31T00:00:00.000"
"76649","5","13","2025-12-31T00:00:00.000"
"76650","3","6","2025-12-31T00:00:00.000"
"76650","4","3","2025-12-31T00:00:00.000"
"76650","5","4","2025-12-31T00:00:00.000"
"76651","1","128","2025-12-31T00:00:00.000"
"76651","2","1","2025-12-31T00:00:00.000"
"76651","3","591","2025-12-31T00:00:00.000"
"76651","4","168","2025-12-31T00:00:00.000"
"76651","5","21","2025-12-31T00:00:00.000"
"76652","1","24","2025-12-31T00:00:00.000"
"76652","3","149","2025-12-31T00:00:00.000"
"76652","4","18","2025-12-31T00:00:00.000"
"76652","5","35","2025-12-31T00:00:00.000"
"76653","1","12","2025-12-31T00:00:00.000"
"76653","3","165","2025-12-31T00:00:00.000"
"76653","4","22","2025-12-31T00:00:00.000"
"76653","5","44","2025-12-31T00:00:00.000"
"76654","1","1","2025-12-31T00:00:00.000"
"76654","3","14","2025-12-31T00:00:00.000"
"76654","4","1","2025-12-31T00:00:00.000"
"76654","5","2","2025-12-31T00:00:00.000"
"76655","1","448","2025-12-31T00:00:00.000"
"76655","3","3794","2025-12-31T00:00:00.000"
"76655","4","374","2025-12-31T00:00:00.000"
"76655","5","62","2025-12-31T00:00:00.000"
"76656","1","50","2025-12-31T00:00:00.000"
"76656","3","272","2025-12-31T00:00:00.000"
"76656","4","62","2025-12-31T00:00:00.000"
"76656","5","51","2025-12-31T00:00:00.000"
"76657","1","427","2025-12-31T00:00:00.000"
"76657","2","1","2025-12-31T00:00:00.000"
"76657","3","3094","2025-12-31T00:00:00.000"
"76657","4","404","2025-12-31T00:00:00.000"
"76657","5","60","2025-12-31T00:00:00.000"
"76657","6","1","2025-12-31T00:00:00.000"
"76660","1","10","2025-12-31T00:00:00.000"
"76660","3","44","2025-12-31T00:00:00.000"
"76660","4","13","2025-12-31T00:00:00.000"
"76660","5","9","2025-12-31T00:00:00.000"
"76661","1","128","2025-12-31T00:00:00.000"
"76661","3","832","2025-12-31T00:00:00.000"
"76661","4","310","2025-12-31T00:00:00.000"
"76661","5","35","2025-12-31T00:00:00.000"
"76664","1","77","2025-12-31T00:00:00.000"
"76664","3","442","2025-12-31T00:00:00.000"
"76664","4","80","2025-12-31T00:00:00.000"
"76664","5","37","2025-12-31T00:00:00.000"
"76665","1","77","2025-12-31T00:00:00.000"
"76665","3","507","2025-12-31T00:00:00.000"
"76665","4","62","2025-12-31T00:00:00.000"
"76665","5","23","2025-12-31T00:00:00.000"
"76666","1","5","2025-12-31T00:00:00.000"
"76666","3","27","2025-12-31T00:00:00.000"
"76666","4","10","2025-12-31T00:00:00.000"
"76666","5","4","2025-12-31T00:00:00.000"
"76667","1","202","2025-12-31T00:00:00.000"
"76667","3","1393","2025-12-31T00:00:00.000"
"76667","4","447","2025-12-31T00:00:00.000"
"76667","5","214","2025-12-31T00:00:00.000"
"76670","1","37","2025-12-31T00:00:00.000"
"76670","3","227","2025-12-31T00:00:00.000"
"76670","4","46","2025-12-31T00:00:00.000"
"76670","5","30","2025-12-31T00:00:00.000"
"76671","1","26","2025-12-31T00:00:00.000"
"76671","3","544","2025-12-31T00:00:00.000"
"76671","4","64","2025-12-31T00:00:00.000"
"76671","5","55","2025-12-31T00:00:00.000"
"76673","1","21","2025-12-31T00:00:00.000"
"76673","3","121","2025-12-31T00:00:00.000"
"76673","4","14","2025-12-31T00:00:00.000"
"76673","5","36","2025-12-31T00:00:00.000"
"76676","1","3","2025-12-31T00:00:00.000"
"76676","3","30","2025-12-31T00:00:00.000"
"76676","4","7","2025-12-31T00:00:00.000"
"76676","5","10","2025-12-31T00:00:00.000"
"76678","1","3","2025-12-31T00:00:00.000"
"76678","3","12","2025-12-31T00:00:00.000"
"76678","4","4","2025-12-31T00:00:00.000"
"76678","5","6","2025-12-31T00:00:00.000"
"76679","1","27","2025-12-31T00:00:00.000"
"76679","3","145","2025-12-31T00:00:00.000"
"76679","4","33","2025-12-31T00:00:00.000"
"76679","5","62","2025-12-31T00:00:00.000"
"76680","1","6","2025-12-31T00:00:00.000"
"76680","3","20","2025-12-31T00:00:00.000"
"76680","4","4","2025-12-31T00:00:00.000"
"76680","5","7","2025-12-31T00:00:00.000"
"76681","1","8","2025-12-31T00:00:00.000"
"76681","3","55","2025-12-31T00:00:00.000"
"76681","4","15","2025-12-31T00:00:00.000"
"76681","5","24","2025-12-31T00:00:00.000"
"76682","1","79","2025-12-31T00:00:00.000"
"76682","3","498","2025-12-31T00:00:00.000"
"76682","4","79","2025-12-31T00:00:00.000"
"76682","5","55","2025-12-31T00:00:00.000"
"76684","2","1","2025-12-31T00:00:00.000"
"76684","3","13","2025-12-31T00:00:00.000"
"76684","4","2","2025-12-31T00:00:00.000"
"76685","1","3","2025-12-31T00:00:00.000"
"76685","3","21","2025-12-31T00:00:00.000"
"76685","5","20","2025-12-31T00:00:00.000"
"76686","1","4","2025-12-31T00:00:00.000"
"76686","3","55","2025-12-31T00:00:00.000"
"76686","4","18","2025-12-31T00:00:00.000"
"76686","5","5","2025-12-31T00:00:00.000"
"76687","1","24","2025-12-31T00:00:00.000"
"76687","3","444","2025-12-31T00:00:00.000"
"76687","4","66","2025-12-31T00:00:00.000"
"76687","5","66","2025-12-31T00:00:00.000"
"76687","6","1","2025-12-31T00:00:00.000"
"76689","1","103","2025-12-31T00:00:00.000"
"76689","3","787","2025-12-31T00:00:00.000"
"76689","4","97","2025-12-31T00:00:00.000"
"76689","5","53","2025-12-31T00:00:00.000"
"76690","1","33","2025-12-31T00:00:00.000"
"76690","3","196","2025-12-31T00:00:00.000"
"76690","4","39","2025-12-31T00:00:00.000"
"76690","5","23","2025-12-31T00:00:00.000"
"76691","1","197","2025-12-31T00:00:00.000"
"76691","3","1365","2025-12-31T00:00:00.000"
"76691","4","191","2025-12-31T00:00:00.000"
"76691","5","58","2025-12-31T00:00:00.000"
"76692","1","317","2025-12-31T00:00:00.000"
"76692","2","46","2025-12-31T00:00:00.000"
"76692","3","2633","2025-12-31T00:00:00.000"
"76692","4","297","2025-12-31T00:00:00.000"
"76692","5","212","2025-12-31T00:00:00.000"
"76693","1","31","2025-12-31T00:00:00.000"
"76693","3","271","2025-12-31T00:00:00.000"
"76693","4","51","2025-12-31T00:00:00.000"
"76693","5","59","2025-12-31T00:00:00.000"
"76701","1","362","2025-12-31T00:00:00.000"
"76701","2","119","2025-12-31T00:00:00.000"
"76701","3","69","2025-12-31T00:00:00.000"
"76701","4","53","2025-12-31T00:00:00.000"
"76701","6","1","2025-12-31T00:00:00.000"
"76704","1","752","2025-12-31T00:00:00.000"
"76704","3","796","2025-12-31T00:00:00.000"
"76704","4","450","2025-12-31T00:00:00.000"
"76705","1","2057","2025-12-31T00:00:00.000"
"76705","3","4978","2025-12-31T00:00:00.000"
"76705","4","1122","2025-12-31T00:00:00.000"
"76705","5","275","2025-12-31T00:00:00.000"
"76705","6","3","2025-12-31T00:00:00.000"
"76706","1","16873","2025-12-31T00:00:00.000"
"76706","2","339","2025-12-31T00:00:00.000"
"76706","3","5056","2025-12-31T00:00:00.000"
"76706","4","1611","2025-12-31T00:00:00.000"
"76706","5","89","2025-12-31T00:00:00.000"
"76706","6","2","2025-12-31T00:00:00.000"
"76707","1","1655","2025-12-31T00:00:00.000"
"76707","2","7","2025-12-31T00:00:00.000"
"76707","3","2025","2025-12-31T00:00:00.000"
"76707","4","1214","2025-12-31T00:00:00.000"
"76707","6","1","2025-12-31T00:00:00.000"
"76708","1","2121","2025-12-31T00:00:00.000"
"76708","2","119","2025-12-31T00:00:00.000"
"76708","3","6103","2025-12-31T00:00:00.000"
"76708","4","1591","2025-12-31T00:00:00.000"
"76708","5","29","2025-12-31T00:00:00.000"
"76708","6","5","2025-12-31T00:00:00.000"
"76710","1","2795","2025-12-31T00:00:00.000"
"76710","2","170","2025-12-31T00:00:00.000"
"76710","3","5324","2025-12-31T00:00:00.000"
"76710","4","977","2025-12-31T00:00:00.000"
"76710","6","2","2025-12-31T00:00:00.000"
"76711","1","1717","2025-12-31T00:00:00.000"
"76711","3","1273","2025-12-31T00:00:00.000"
"76711","4","555","2025-12-31T00:00:00.000"
"76712","1","3002","2025-12-31T00:00:00.000"
"76712","2","121","2025-12-31T00:00:00.000"
"76712","3","8339","2025-12-31T00:00:00.000"
"76712","4","892","2025-12-31T00:00:00.000"
"76712","5","32","2025-12-31T00:00:00.000"
"76712","6","1","2025-12-31T00:00:00.000"
"76798","1","552","2025-12-31T00:00:00.000"
"76801","1","968","2025-12-31T00:00:00.000"
"76801","2","30","2025-12-31T00:00:00.000"
"76801","3","4525","2025-12-31T00:00:00.000"
"76801","4","936","2025-12-31T00:00:00.000"
"76801","5","301","2025-12-31T00:00:00.000"
"76801","6","2","2025-12-31T00:00:00.000"
"76802","1","182","2025-12-31T00:00:00.000"
"76802","3","1043","2025-12-31T00:00:00.000"
"76802","4","128","2025-12-31T00:00:00.000"
"76802","5","90","2025-12-31T00:00:00.000"
"76820","3","19","2025-12-31T00:00:00.000"
"76820","4","1","2025-12-31T00:00:00.000"
"76820","5","2","2025-12-31T00:00:00.000"
"76821","1","86","2025-12-31T00:00:00.000"
"76821","3","864","2025-12-31T00:00:00.000"
"76821","4","137","2025-12-31T00:00:00.000"
"76821","5","28","2025-12-31T00:00:00.000"
"76823","1","57","2025-12-31T00:00:00.000"
"76823","3","421","2025-12-31T00:00:00.000"
"76823","4","72","2025-12-31T00:00:00.000"
"76823","5","81","2025-12-31T00:00:00.000"
"76824","3","4","2025-12-31T00:00:00.000"
"76824","4","1","2025-12-31T00:00:00.000"
"76825","1","165","2025-12-31T00:00:00.000"
"76825","3","1017","2025-12-31T00:00:00.000"
"76825","4","244","2025-12-31T00:00:00.000"
"76825","5","41","2025-12-31T00:00:00.000"
"76827","1","5","2025-12-31T00:00:00.000"
"76827","3","34","2025-12-31T00:00:00.000"
"76827","4","7","2025-12-31T00:00:00.000"
"76827","5","35","2025-12-31T00:00:00.000"
"76828","1","4","2025-12-31T00:00:00.000"
"76828","3","20","2025-12-31T00:00:00.000"
"76828","4","4","2025-12-31T00:00:00.000"
"76828","5","12","2025-12-31T00:00:00.000"
"76831","1","2","2025-12-31T00:00:00.000"
"76831","3","18","2025-12-31T00:00:00.000"
"76831","4","11","2025-12-31T00:00:00.000"
"76832","1","21","2025-12-31T00:00:00.000"
"76832","3","54","2025-12-31T00:00:00.000"
"76832","4","10","2025-12-31T00:00:00.000"
"76832","5","13","2025-12-31T00:00:00.000"
"76834","1","145","2025-12-31T00:00:00.000"
"76834","3","775","2025-12-31T00:00:00.000"
"76834","4","195","2025-12-31T00:00:00.000"
"76834","5","68","2025-12-31T00:00:00.000"
"76834","6","1","2025-12-31T00:00:00.000"
"76836","3","5","2025-12-31T00:00:00.000"
"76836","5","1","2025-12-31T00:00:00.000"
"76837","1","12","2025-12-31T00:00:00.000"
"76837","3","216","2025-12-31T00:00:00.000"
"76837","4","33","2025-12-31T00:00:00.000"
"76837","5","11","2025-12-31T00:00:00.000"
"76837","6","1","2025-12-31T00:00:00.000"
"76841","3","11","2025-12-31T00:00:00.000"
"76841","4","2","2025-12-31T00:00:00.000"
"76841","5","4","2025-12-31T00:00:00.000"
"76842","1","4","2025-12-31T00:00:00.000"
"76842","3","18","2025-12-31T00:00:00.000"
"76842","4","2","2025-12-31T00:00:00.000"
"76842","5","4","2025-12-31T00:00:00.000"
"76844","1","92","2025-12-31T00:00:00.000"
"76844","3","512","2025-12-31T00:00:00.000"
"76844","4","133","2025-12-31T00:00:00.000"
"76844","5","42","2025-12-31T00:00:00.000"
"76845","1","1","2025-12-31T00:00:00.000"
"76845","3","10","2025-12-31T00:00:00.000"
"76845","4","1","2025-12-31T00:00:00.000"
"76845","5","4","2025-12-31T00:00:00.000"
"76848","1","1","2025-12-31T00:00:00.000"
"76848","3","10","2025-12-31T00:00:00.000"
"76848","4","2","2025-12-31T00:00:00.000"
"76848","5","2","2025-12-31T00:00:00.000"
"76849","1","84","2025-12-31T00:00:00.000"
"76849","3","457","2025-12-31T00:00:00.000"
"76849","4","105","2025-12-31T00:00:00.000"
"76849","5","49","2025-12-31T00:00:00.000"
"76852","1","7","2025-12-31T00:00:00.000"
"76852","3","32","2025-12-31T00:00:00.000"
"76852","4","8","2025-12-31T00:00:00.000"
"76852","5","3","2025-12-31T00:00:00.000"
"76853","1","43","2025-12-31T00:00:00.000"
"76853","3","215","2025-12-31T00:00:00.000"
"76853","4","47","2025-12-31T00:00:00.000"
"76853","5","29","2025-12-31T00:00:00.000"
"76854","1","8","2025-12-31T00:00:00.000"
"76854","3","35","2025-12-31T00:00:00.000"
"76854","4","6","2025-12-31T00:00:00.000"
"76854","5","7","2025-12-31T00:00:00.000"
"76855","3","2","2025-12-31T00:00:00.000"
"76856","1","94","2025-12-31T00:00:00.000"
"76856","3","605","2025-12-31T00:00:00.000"
"76856","4","153","2025-12-31T00:00:00.000"
"76856","5","32","2025-12-31T00:00:00.000"
"76857","1","30","2025-12-31T00:00:00.000"
"76857","3","239","2025-12-31T00:00:00.000"
"76857","4","38","2025-12-31T00:00:00.000"
"76857","5","205","2025-12-31T00:00:00.000"
"76858","1","4","2025-12-31T00:00:00.000"
"76858","3","37","2025-12-31T00:00:00.000"
"76858","4","3","2025-12-31T00:00:00.000"
"76858","5","5","2025-12-31T00:00:00.000"
"76859","1","41","2025-12-31T00:00:00.000"
"76859","3","286","2025-12-31T00:00:00.000"
"76859","4","85","2025-12-31T00:00:00.000"
"76859","5","41","2025-12-31T00:00:00.000"
"76861","1","30","2025-12-31T00:00:00.000"
"76861","2","1","2025-12-31T00:00:00.000"
"76861","3","295","2025-12-31T00:00:00.000"
"76861","4","31","2025-12-31T00:00:00.000"
"76861","5","29","2025-12-31T00:00:00.000"
"76862","1","4","2025-12-31T00:00:00.000"
"76862","3","56","2025-12-31T00:00:00.000"
"76862","4","8","2025-12-31T00:00:00.000"
"76862","5","22","2025-12-31T00:00:00.000"
"76864","1","15","2025-12-31T00:00:00.000"
"76864","3","81","2025-12-31T00:00:00.000"
"76864","4","23","2025-12-31T00:00:00.000"
"76864","5","15","2025-12-31T00:00:00.000"
"76865","1","1","2025-12-31T00:00:00.000"
"76865","3","9","2025-12-31T00:00:00.000"
"76865","4","2","2025-12-31T00:00:00.000"
"76865","5","1","2025-12-31T00:00:00.000"
"76866","1","18","2025-12-31T00:00:00.000"
"76866","3","88","2025-12-31T00:00:00.000"
"76866","4","7","2025-12-31T00:00:00.000"
"76866","5","18","2025-12-31T00:00:00.000"
"76869","1","4","2025-12-31T00:00:00.000"
"76869","3","14","2025-12-31T00:00:00.000"
"76869","4","5","2025-12-31T00:00:00.000"
"76869","5","1","2025-12-31T00:00:00.000"
"76870","1","2","2025-12-31T00:00:00.000"
"76870","3","20","2025-12-31T00:00:00.000"
"76870","4","6","2025-12-31T00:00:00.000"
"76870","5","1","2025-12-31T00:00:00.000"
"76871","1","16","2025-12-31T00:00:00.000"
"76871","3","85","2025-12-31T00:00:00.000"
"76871","4","14","2025-12-31T00:00:00.000"
"76871","5","11","2025-12-31T00:00:00.000"
"76872","1","13","2025-12-31T00:00:00.000"
"76872","3","94","2025-12-31T00:00:00.000"
"76872","4","22","2025-12-31T00:00:00.000"
"76872","5","28","2025-12-31T00:00:00.000"
"76873","1","1","2025-12-31T00:00:00.000"
"76873","3","9","2025-12-31T00:00:00.000"
"76873","5","2","2025-12-31T00:00:00.000"
"76874","1","1","2025-12-31T00:00:00.000"
"76874","3","9","2025-12-31T00:00:00.000"
"76874","4","1","2025-12-31T00:00:00.000"
"76874","5","3","2025-12-31T00:00:00.000"
"76875","1","23","2025-12-31T00:00:00.000"
"76875","3","106","2025-12-31T00:00:00.000"
"76875","4","14","2025-12-31T00:00:00.000"
"76875","5","5","2025-12-31T00:00:00.000"
"76877","1","101","2025-12-31T00:00:00.000"
"76877","3","526","2025-12-31T00:00:00.000"
"76877","4","203","2025-12-31T00:00:00.000"
"76877","5","38","2025-12-31T00:00:00.000"
"76877","6","1","2025-12-31T00:00:00.000"
"76878","1","31","2025-12-31T00:00:00.000"
"76878","3","184","2025-12-31T00:00:00.000"
"76878","4","34","2025-12-31T00:00:00.000"
"76878","5","28","2025-12-31T00:00:00.000"
"76880","3","7","2025-12-31T00:00:00.000"
"76880","4","2","2025-12-31T00:00:00.000"
"76882","1","3","2025-12-31T00:00:00.000"
"76882","3","35","2025-12-31T00:00:00.000"
"76882","4","2","2025-12-31T00:00:00.000"
"76882","5","13","2025-12-31T00:00:00.000"
"76883","3","2","2025-12-31T00:00:00.000"
"76884","1","7","2025-12-31T00:00:00.000"
"76884","3","9","2025-12-31T00:00:00.000"
"76884","4","1","2025-12-31T00:00:00.000"
"76884","5","3","2025-12-31T00:00:00.000"
"76885","1","7","2025-12-31T00:00:00.000"
"76885","3","73","2025-12-31T00:00:00.000"
"76885","4","9","2025-12-31T00:00:00.000"
"76885","5","11","2025-12-31T00:00:00.000"
"76886","3","3","2025-12-31T00:00:00.000"
"76887","1","6","2025-12-31T00:00:00.000"
"76887","3","19","2025-12-31T00:00:00.000"
"76887","5","4","2025-12-31T00:00:00.000"
"76888","1","8","2025-12-31T00:00:00.000"
"76888","3","23","2025-12-31T00:00:00.000"
"76888","4","3","2025-12-31T00:00:00.000"
"76888","5","17","2025-12-31T00:00:00.000"
"76890","1","21","2025-12-31T00:00:00.000"
"76890","3","92","2025-12-31T00:00:00.000"
"76890","4","18","2025-12-31T00:00:00.000"
"76890","5","27","2025-12-31T00:00:00.000"
"76901","1","2940","2025-12-31T00:00:00.000"
"76901","2","39","2025-12-31T00:00:00.000"
"76901","3","7540","2025-12-31T00:00:00.000"
"76901","4","998","2025-12-31T00:00:00.000"
"76901","5","249","2025-12-31T00:00:00.000"
"76901","6","4","2025-12-31T00:00:00.000"
"76903","1","2364","2025-12-31T00:00:00.000"
"76903","2","58","2025-12-31T00:00:00.000"
"76903","3","5128","2025-12-31T00:00:00.000"
"76903","4","1035","2025-12-31T00:00:00.000"
"76903","5","67","2025-12-31T00:00:00.000"
"76904","1","5328","2025-12-31T00:00:00.000"
"76904","2","73","2025-12-31T00:00:00.000"
"76904","3","10509","2025-12-31T00:00:00.000"
"76904","4","975","2025-12-31T00:00:00.000"
"76904","5","41","2025-12-31T00:00:00.000"
"76905","1","712","2025-12-31T00:00:00.000"
"76905","2","1","2025-12-31T00:00:00.000"
"76905","3","2557","2025-12-31T00:00:00.000"
"76905","4","397","2025-12-31T00:00:00.000"
"76905","5","110","2025-12-31T00:00:00.000"
"76905","6","2","2025-12-31T00:00:00.000"
"76908","1","165","2025-12-31T00:00:00.000"
"76908","3","4","2025-12-31T00:00:00.000"
"76909","1","912","2025-12-31T00:00:00.000"
"76930","1","2","2025-12-31T00:00:00.000"
"76930","3","7","2025-12-31T00:00:00.000"
"76932","1","69","2025-12-31T00:00:00.000"
"76932","3","350","2025-12-31T00:00:00.000"
"76932","4","28","2025-12-31T00:00:00.000"
"76932","5","48","2025-12-31T00:00:00.000"
"76933","1","25","2025-12-31T00:00:00.000"
"76933","3","170","2025-12-31T00:00:00.000"
"76933","4","28","2025-12-31T00:00:00.000"
"76933","5","19","2025-12-31T00:00:00.000"
"76933","6","1","2025-12-31T00:00:00.000"
"76934","1","23","2025-12-31T00:00:00.000"
"76934","3","173","2025-12-31T00:00:00.000"
"76934","4","19","2025-12-31T00:00:00.000"
"73949","1","2","2025-12-31T00:00:00.000"
"73949","3","18","2025-12-31T00:00:00.000"
"73949","5","2","2025-12-31T00:00:00.000"
"73960","1","7","2025-12-31T00:00:00.000"
"73960","3","20","2025-12-31T00:00:00.000"
"73960","4","8","2025-12-31T00:00:00.000"
"73960","5","4","2025-12-31T00:00:00.000"
"75001","1","11011","2025-12-31T00:00:00.000"
"75001","2","844","2025-12-31T00:00:00.000"
"75001","3","1353","2025-12-31T00:00:00.000"
"75001","4","221","2025-12-31T00:00:00.000"
"75001","5","4","2025-12-31T00:00:00.000"
"75002","1","5603","2025-12-31T00:00:00.000"
"75002","2","348","2025-12-31T00:00:00.000"
"75002","3","19922","2025-12-31T00:00:00.000"
"75002","4","3020","2025-12-31T00:00:00.000"
"75002","5","9","2025-12-31T00:00:00.000"
"75002","6","2","2025-12-31T00:00:00.000"
"75006","1","8188","2025-12-31T00:00:00.000"
"75006","2","856","2025-12-31T00:00:00.000"
"75006","3","8976","2025-12-31T00:00:00.000"
"75006","4","1606","2025-12-31T00:00:00.000"
"75006","5","10","2025-12-31T00:00:00.000"
"75006","6","2","2025-12-31T00:00:00.000"
"75007","1","6567","2025-12-31T00:00:00.000"
"75007","2","567","2025-12-31T00:00:00.000"
"75007","3","13988","2025-12-31T00:00:00.000"
"75007","4","1833","2025-12-31T00:00:00.000"
"75007","5","1","2025-12-31T00:00:00.000"
"75008","1","1","2025-12-31T00:00:00.000"
"75008","4","1","2025-12-31T00:00:00.000"
"75009","1","3981","2025-12-31T00:00:00.000"
"75009","2","126","2025-12-31T00:00:00.000"
"75009","3","16280","2025-12-31T00:00:00.000"
"75009","4","1686","2025-12-31T00:00:00.000"
"75009","5","54","2025-12-31T00:00:00.000"
"75010","1","8852","2025-12-31T00:00:00.000"
"75010","2","877","2025-12-31T00:00:00.000"
"75010","3","7820","2025-12-31T00:00:00.000"
"75010","4","776","2025-12-31T00:00:00.000"
"75010","5","12","2025-12-31T00:00:00.000"
"75013","1","9324","2025-12-31T00:00:00.000"
"75013","2","1348","2025-12-31T00:00:00.000"
"75013","3","13520","2025-12-31T00:00:00.000"
"75013","4","1284","2025-12-31T00:00:00.000"
"75013","5","3","2025-12-31T00:00:00.000"
"75013","6","4","2025-12-31T00:00:00.000"
"75019","1","7284","2025-12-31T00:00:00.000"
"75019","2","309","2025-12-31T00:00:00.000"
"75019","3","11368","2025-12-31T00:00:00.000"
"75019","4","1371","2025-12-31T00:00:00.000"
"75019","5","55","2025-12-31T00:00:00.000"
"75019","6","1","2025-12-31T00:00:00.000"
"75020","1","2460","2025-12-31T00:00:00.000"
"75020","2","55","2025-12-31T00:00:00.000"
"75020","3","6530","2025-12-31T00:00:00.000"
"75020","4","1816","2025-12-31T00:00:00.000"
"75020","5","72","2025-12-31T00:00:00.000"
"75020","6","2","2025-12-31T00:00:00.000"
"75021","1","452","2025-12-31T00:00:00.000"
"75021","3","2099","2025-12-31T00:00:00.000"
"75021","4","460","2025-12-31T00:00:00.000"
"75021","5","144","2025-12-31T00:00:00.000"
"75021","6","1","2025-12-31T00:00:00.000"
"75022","1","1977","2025-12-31T00:00:00.000"
"75022","2","63","2025-12-31T00:00:00.000"
"75022","3","8317","2025-12-31T00:00:00.000"
"75022","4","502","2025-12-31T00:00:00.000"
"75022","5","16","2025-12-31T00:00:00.000"
"75022","6","10","2025-12-31T00:00:00.000"
"75023","1","7476","2025-12-31T00:00:00.000"
"75023","2","236","2025-12-31T00:00:00.000"
"75023","3","11945","2025-12-31T00:00:00.000"
"75023","4","2381","2025-12-31T00:00:00.000"
"75023","5","7","2025-12-31T00:00:00.000"
"75023","6","2","2025-12-31T00:00:00.000"
"75024","1","15203","2025-12-31T00:00:00.000"
"75024","2","991","2025-12-31T00:00:00.000"
"75024","3","8089","2025-12-31T00:00:00.000"
"75024","4","1202","2025-12-31T00:00:00.000"
"75024","5","9","2025-12-31T00:00:00.000"
"75024","6","2","2025-12-31T00:00:00.000"
"75025","1","6392","2025-12-31T00:00:00.000"
"75025","2","656","2025-12-31T00:00:00.000"
"75025","3","12851","2025-12-31T00:00:00.000"
"75025","4","2217","2025-12-31T00:00:00.000"
"75025","5","1","2025-12-31T00:00:00.000"
"75025","6","1","2025-12-31T00:00:00.000"
"75028","1","4872","2025-12-31T00:00:00.000"
"75028","2","480","2025-12-31T00:00:00.000"
"75028","3","14544","2025-12-31T00:00:00.000"
"75028","4","1563","2025-12-31T00:00:00.000"
"75028","5","22","2025-12-31T00:00:00.000"
"75028","6","4","2025-12-31T00:00:00.000"
"75032","1","3354","2025-12-31T00:00:00.000"
"75032","2","586","2025-12-31T00:00:00.000"
"75032","3","11597","2025-12-31T00:00:00.000"
"75032","4","1154","2025-12-31T00:00:00.000"
"75032","5","28","2025-12-31T00:00:00.000"
"75032","6","2","2025-12-31T00:00:00.000"
"75033","1","8264","2025-12-31T00:00:00.000"
"75033","2","250","2025-12-31T00:00:00.000"
"75033","3","12940","2025-12-31T00:00:00.000"
"75033","4","1605","2025-12-31T00:00:00.000"
"75033","5","1","2025-12-31T00:00:00.000"
"75033","6","2","2025-12-31T00:00:00.000"
"75034","1","22503","2025-12-31T00:00:00.000"
"75034","2","1039","2025-12-31T00:00:00.000"
"75034","3","11036","2025-12-31T00:00:00.000"
"75034","4","1036","2025-12-31T00:00:00.000"
"75034","5","53","2025-12-31T00:00:00.000"
"75034","6","4","2025-12-31T00:00:00.000"
"75035","1","8636","2025-12-31T00:00:00.000"
"75035","2","629","2025-12-31T00:00:00.000"
"75035","3","26470","2025-12-31T00:00:00.000"
"75035","4","3908","2025-12-31T00:00:00.000"
"75035","5","4","2025-12-31T00:00:00.000"
"75035","6","1","2025-12-31T00:00:00.000"
"75036","1","1988","2025-12-31T00:00:00.000"
"75036","2","13","2025-12-31T00:00:00.000"
"75036","3","11065","2025-12-31T00:00:00.000"
"75036","4","1064","2025-12-31T00:00:00.000"
"75036","5","33","2025-12-31T00:00:00.000"
"75036","6","2","2025-12-31T00:00:00.000"
"75038","1","9157","2025-12-31T00:00:00.000"
"75038","2","900","2025-12-31T00:00:00.000"
"75038","3","2230","2025-12-31T00:00:00.000"
"75038","4","214","2025-12-31T00:00:00.000"
"75038","5","5","2025-12-31T00:00:00.000"
"75039","1","21953","2025-12-31T00:00:00.000"
"75039","2","953","2025-12-31T00:00:00.000"
"75039","3","1848","2025-12-31T00:00:00.000"
"75039","4","165","2025-12-31T00:00:00.000"
"75039","5","13","2025-12-31T00:00:00.000"
"75040","1","5401","2025-12-31T00:00:00.000"
"75040","2","143","2025-12-31T00:00:00.000"
"75040","3","12972","2025-12-31T00:00:00.000"
"75040","4","3147","2025-12-31T00:00:00.000"
"75040","5","3","2025-12-31T00:00:00.000"
"75041","1","2227","2025-12-31T00:00:00.000"
"75041","2","15","2025-12-31T00:00:00.000"
"75041","3","5321","2025-12-31T00:00:00.000"
"75041","4","1457","2025-12-31T00:00:00.000"
"75041","5","2","2025-12-31T00:00:00.000"
"75041","6","1","2025-12-31T00:00:00.000"
"75042","1","2125","2025-12-31T00:00:00.000"
"75042","2","359","2025-12-31T00:00:00.000"
"75042","3","6289","2025-12-31T00:00:00.000"
"75042","4","1676","2025-12-31T00:00:00.000"
"75042","5","2","2025-12-31T00:00:00.000"
"75043","1","6756","2025-12-31T00:00:00.000"
"75043","2","605","2025-12-31T00:00:00.000"
"75043","3","13671","2025-12-31T00:00:00.000"
"75043","4","2296","2025-12-31T00:00:00.000"
"75043","5","7","2025-12-31T00:00:00.000"
"75044","1","6678","2025-12-31T00:00:00.000"
"75044","2","248","2025-12-31T00:00:00.000"
"75044","3","10704","2025-12-31T00:00:00.000"
"75044","4","1935","2025-12-31T00:00:00.000"
"75044","5","5","2025-12-31T00:00:00.000"
"75048","1","3844","2025-12-31T00:00:00.000"
"75048","2","277","2025-12-31T00:00:00.000"
"75048","3","8504","2025-12-31T00:00:00.000"
"75048","4","868","2025-12-31T00:00:00.000"
"75048","5","2","2025-12-31T00:00:00.000"
"75050","1","5495","2025-12-31T00:00:00.000"
"75050","2","220","2025-12-31T00:00:00.000"
"75050","3","5118","2025-12-31T00:00:00.000"
"75050","4","1332","2025-12-31T00:00:00.000"
"75050","5","196","2025-12-31T00:00:00.000"
"75051","1","2765","2025-12-31T00:00:00.000"
"75051","2","81","2025-12-31T00:00:00.000"
"75051","3","5593","2025-12-31T00:00:00.000"
"75051","4","1512","2025-12-31T00:00:00.000"
"75051","5","3","2025-12-31T00:00:00.000"
"75052","1","14441","2025-12-31T00:00:00.000"
"75052","2","254","2025-12-31T00:00:00.000"
"75052","3","20970","2025-12-31T00:00:00.000"
"75052","4","3320","2025-12-31T00:00:00.000"
"75052","5","34","2025-12-31T00:00:00.000"
"75052","6","1","2025-12-31T00:00:00.000"
"75054","1","1717","2025-12-31T00:00:00.000"
"75054","2","323","2025-12-31T00:00:00.000"
"75054","3","4798","2025-12-31T00:00:00.000"
"75054","4","333","2025-12-31T00:00:00.000"
"75054","5","4","2025-12-31T00:00:00.000"
"75054","6","1","2025-12-31T00:00:00.000"
"75056","1","15843","2025-12-31T00:00:00.000"
"75056","2","924","2025-12-31T00:00:00.000"
"75056","3","17123","2025-12-31T00:00:00.000"
"75056","4","2424","2025-12-31T00:00:00.000"
"75056","5","100","2025-12-31T00:00:00.000"
"75056","6","4","2025-12-31T00:00:00.000"
"75057","1","5588","2025-12-31T00:00:00.000"
"75057","2","256","2025-12-31T00:00:00.000"
"75057","3","1163","2025-12-31T00:00:00.000"
"75057","4","397","2025-12-31T00:00:00.000"
"75057","5","249","2025-12-31T00:00:00.000"
"75058","1","161","2025-12-31T00:00:00.000"
"75058","3","1319","2025-12-31T00:00:00.000"
"75058","4","142","2025-12-31T00:00:00.000"
"75058","5","20","2025-12-31T00:00:00.000"
"75060","1","2174","2025-12-31T00:00:00.000"
"75060","2","71","2025-12-31T00:00:00.000"
"75060","3","7703","2025-12-31T00:00:00.000"
"75060","4","1902","2025-12-31T00:00:00.000"
"75060","5","93","2025-12-31T00:00:00.000"
"75060","6","5","2025-12-31T00:00:00.000"
"75061","1","5453","2025-12-31T00:00:00.000"
"75061","2","394","2025-12-31T00:00:00.000"
"75061","3","5963","2025-12-31T00:00:00.000"
"75061","4","1476","2025-12-31T00:00:00.000"
"75061","5","53","2025-12-31T00:00:00.000"
"75061","6","1","2025-12-31T00:00:00.000"
"75062","1","9070","2025-12-31T00:00:00.000"
"75062","2","574","2025-12-31T00:00:00.000"
"75062","3","6910","2025-12-31T00:00:00.000"
"75062","4","1657","2025-12-31T00:00:00.000"
"75062","5","4","2025-12-31T00:00:00.000"
"75063","1","12329","2025-12-31T00:00:00.000"
"75063","2","858","2025-12-31T00:00:00.000"
"75063","3","7767","2025-12-31T00:00:00.000"
"75063","4","866","2025-12-31T00:00:00.000"
"75063","5","3","2025-12-31T00:00:00.000"
"75063","6","3","2025-12-31T00:00:00.000"
"75065","1","1032","2025-12-31T00:00:00.000"
"75065","2","117","2025-12-31T00:00:00.000"
"75065","3","3972","2025-12-31T00:00:00.000"
"75065","4","446","2025-12-31T00:00:00.000"
"75065","5","39","2025-12-31T00:00:00.000"
"75067","1","18153","2025-12-31T00:00:00.000"
"75067","2","1194","2025-12-31T00:00:00.000"
"75067","3","9447","2025-12-31T00:00:00.000"
"75067","4","1859","2025-12-31T00:00:00.000"
"75067","5","261","2025-12-31T00:00:00.000"
"75067","6","2","2025-12-31T00:00:00.000"
"75068","1","8440","2025-12-31T00:00:00.000"
"75068","2","104","2025-12-31T00:00:00.000"
"75068","3","22177","2025-12-31T00:00:00.000"
"75068","4","4782","2025-12-31T00:00:00.000"
"75068","5","365","2025-12-31T00:00:00.000"
"75069","1","9168","2025-12-31T00:00:00.000"
"75069","2","576","2025-12-31T00:00:00.000"
"75069","3","8522","2025-12-31T00:00:00.000"
"75069","4","1708","2025-12-31T00:00:00.000"
"75069","5","27","2025-12-31T00:00:00.000"
"75069","6","4","2025-12-31T00:00:00.000"
"75070","1","12342","2025-12-31T00:00:00.000"
"75070","2","1678","2025-12-31T00:00:00.000"
"75070","3","13965","2025-12-31T00:00:00.000"
"75070","4","2424","2025-12-31T00:00:00.000"
"75070","5","4","2025-12-31T00:00:00.000"
"75070","6","1","2025-12-31T00:00:00.000"
"75071","1","21133","2025-12-31T00:00:00.000"
"75071","2","484","2025-12-31T00:00:00.000"
"75071","3","27686","2025-12-31T00:00:00.000"
"75071","4","4093","2025-12-31T00:00:00.000"
"75071","5","78","2025-12-31T00:00:00.000"
"75072","1","4266","2025-12-31T00:00:00.000"
"75072","2","367","2025-12-31T00:00:00.000"
"75072","3","14563","2025-12-31T00:00:00.000"
"75072","4","2354","2025-12-31T00:00:00.000"
"75072","5","1","2025-12-31T00:00:00.000"
"75074","1","8662","2025-12-31T00:00:00.000"
"75074","2","719","2025-12-31T00:00:00.000"
"75074","3","9718","2025-12-31T00:00:00.000"
"75074","4","2208","2025-12-31T00:00:00.000"
"75074","5","47","2025-12-31T00:00:00.000"
"75074","6","3","2025-12-31T00:00:00.000"
"75075","1","7734","2025-12-31T00:00:00.000"
"75075","2","773","2025-12-31T00:00:00.000"
"75075","3","9398","2025-12-31T00:00:00.000"
"75075","4","1292","2025-12-31T00:00:00.000"
"75075","5","5","2025-12-31T00:00:00.000"
"75075","6","1","2025-12-31T00:00:00.000"
"75076","1","345","2025-12-31T00:00:00.000"
"75076","2","152","2025-12-31T00:00:00.000"
"75076","3","3199","2025-12-31T00:00:00.000"
"75076","4","513","2025-12-31T00:00:00.000"
"75076","5","349","2025-12-31T00:00:00.000"
"75077","1","4468","2025-12-31T00:00:00.000"
"75077","2","299","2025-12-31T00:00:00.000"
"75077","3","12433","2025-12-31T00:00:00.000"
"75077","4","1049","2025-12-31T00:00:00.000"
"75077","5","3","2025-12-31T00:00:00.000"
"75077","6","2","2025-12-31T00:00:00.000"
"75078","1","5770","2025-12-31T00:00:00.000"
"75078","2","387","2025-12-31T00:00:00.000"
"75078","3","19081","2025-12-31T00:00:00.000"
"75078","4","1330","2025-12-31T00:00:00.000"
"75078","5","1","2025-12-31T00:00:00.000"
"75080","1","13502","2025-12-31T00:00:00.000"
"75080","2","820","2025-12-31T00:00:00.000"
"75080","3","10469","2025-12-31T00:00:00.000"
"75080","4","1748","2025-12-31T00:00:00.000"
"75080","6","1","2025-12-31T00:00:00.000"
"75081","1","6746","2025-12-31T00:00:00.000"
"75081","2","571","2025-12-31T00:00:00.000"
"75081","3","7824","2025-12-31T00:00:00.000"
"75081","4","1440","2025-12-31T00:00:00.000"
"75081","5","1","2025-12-31T00:00:00.000"
"75081","6","1","2025-12-31T00:00:00.000"
"75082","1","8355","2025-12-31T00:00:00.000"
"75082","2","158","2025-12-31T00:00:00.000"
"75082","3","6072","2025-12-31T00:00:00.000"
"75082","4","534","2025-12-31T00:00:00.000"
"75082","5","5","2025-12-31T00:00:00.000"
"75082","6","1","2025-12-31T00:00:00.000"
"75087","1","3187","2025-12-31T00:00:00.000"
"75087","2","49","2025-12-31T00:00:00.000"
"75087","3","15503","2025-12-31T00:00:00.000"
"75087","4","1252","2025-12-31T00:00:00.000"
"75087","5","10","2025-12-31T00:00:00.000"
"75088","1","4674","2025-12-31T00:00:00.000"
"75088","2","100","2025-12-31T00:00:00.000"
"75088","3","8106","2025-12-31T00:00:00.000"
"75088","4","1083","2025-12-31T00:00:00.000"
"75088","5","14","2025-12-31T00:00:00.000"
"75089","1","2103","2025-12-31T00:00:00.000"
"75089","2","45","2025-12-31T00:00:00.000"
"75089","3","10149","2025-12-31T00:00:00.000"
"75089","4","1242","2025-12-31T00:00:00.000"
"75089","5","12","2025-12-31T00:00:00.000"
"75089","6","2","2025-12-31T00:00:00.000"
"75090","1","2289","2025-12-31T00:00:00.000"
"75090","2","105","2025-12-31T00:00:00.000"
"75090","3","4684","2025-12-31T00:00:00.000"
"75090","4","1624","2025-12-31T00:00:00.000"
"75090","5","259","2025-12-31T00:00:00.000"
"75092","1","5211","2025-12-31T00:00:00.000"
"75092","2","1","2025-12-31T00:00:00.000"
"75092","3","6944","2025-12-31T00:00:00.000"
"75092","4","1614","2025-12-31T00:00:00.000"
"75092","5","261","2025-12-31T00:00:00.000"
"75093","1","10056","2025-12-31T00:00:00.000"
"75093","2","932","2025-12-31T00:00:00.000"
"75093","3","12380","2025-12-31T00:00:00.000"
"75093","4","1159","2025-12-31T00:00:00.000"
"75093","5","2","2025-12-31T00:00:00.000"
"75093","6","6","2025-12-31T00:00:00.000"
"75094","1","643","2025-12-31T00:00:00.000"
"75094","2","22","2025-12-31T00:00:00.000"
"75094","3","6913","2025-12-31T00:00:00.000"
"75094","4","593","2025-12-31T00:00:00.000"
"75094","5","1","2025-12-31T00:00:00.000"
"75097","1","8","2025-12-31T00:00:00.000"
"75097","3","92","2025-12-31T00:00:00.000"
"75097","4","50","2025-12-31T00:00:00.000"
"75097","5","1","2025-12-31T00:00:00.000"
"75098","1","4744","2025-12-31T00:00:00.000"
"75098","2","527","2025-12-31T00:00:00.000"
"75098","3","19980","2025-12-31T00:00:00.000"
"75098","4","2399","2025-12-31T00:00:00.000"
"75098","5","445","2025-12-31T00:00:00.000"
"75101","1","16","2025-12-31T00:00:00.000"
"75101","3","48","2025-12-31T00:00:00.000"
"75101","4","18","2025-12-31T00:00:00.000"
"75101","5","6","2025-12-31T00:00:00.000"
"75102","1","29","2025-12-31T00:00:00.000"
"75102","3","160","2025-12-31T00:00:00.000"
"75102","4","24","2025-12-31T00:00:00.000"
"75102","5","79","2025-12-31T00:00:00.000"
"75103","1","657","2025-12-31T00:00:00.000"
"75103","3","3367","2025-12-31T00:00:00.000"
"75103","4","510","2025-12-31T00:00:00.000"
"75103","5","275","2025-12-31T00:00:00.000"
"75103","6","1","2025-12-31T00:00:00.000"
"75104","1","4778","2025-12-31T00:00:00.000"
"75104","2","130","2025-12-31T00:00:00.000"
"75104","3","13078","2025-12-31T00:00:00.000"
"75104","4","1954","2025-12-31T00:00:00.000"
"75104","5","5","2025-12-31T00:00:00.000"
"75105","1","7","2025-12-31T00:00:00.000"
"75105","3","47","2025-12-31T00:00:00.000"
"75105","4","5","2025-12-31T00:00:00.000"
"75105","5","2","2025-12-31T00:00:00.000"
"75109","1","101","2025-12-31T00:00:00.000"
"75109","2","34","2025-12-31T00:00:00.000"
"75109","3","1317","2025-12-31T00:00:00.000"
"75109","4","132","2025-12-31T00:00:00.000"
"75109","5","183","2025-12-31T00:00:00.000"
"75110","1","1665","2025-12-31T00:00:00.000"
"75110","2","18","2025-12-31T00:00:00.000"
"75110","3","4365","2025-12-31T00:00:00.000"
"75110","4","1370","2025-12-31T00:00:00.000"
"75110","5","226","2025-12-31T00:00:00.000"
"75114","1","678","2025-12-31T00:00:00.000"
"75114","2","80","2025-12-31T00:00:00.000"
"75114","3","6946","2025-12-31T00:00:00.000"
"75114","4","326","2025-12-31T00:00:00.000"
"75114","5","110","2025-12-31T00:00:00.000"
"75115","1","5595","2025-12-31T00:00:00.000"
"75115","2","3","2025-12-31T00:00:00.000"
"75115","3","14865","2025-12-31T00:00:00.000"
"75115","4","1556","2025-12-31T00:00:00.000"
"75115","5","199","2025-12-31T00:00:00.000"
"75116","1","931","2025-12-31T00:00:00.000"
"75116","2","78","2025-12-31T00:00:00.000"
"75116","3","3952","2025-12-31T00:00:00.000"
"75116","4","777","2025-12-31T00:00:00.000"
"75116","5","1","2025-12-31T00:00:00.000"
"75117","1","131","2025-12-31T00:00:00.000"
"75117","3","963","2025-12-31T00:00:00.000"
"75117","4","138","2025-12-31T00:00:00.000"
"75117","5","56","2025-12-31T00:00:00.000"
"75118","3","7","2025-12-31T00:00:00.000"
"75118","4","3","2025-12-31T00:00:00.000"
"75119","1","3227","2025-12-31T00:00:00.000"
"75119","3","5938","2025-12-31T00:00:00.000"
"75119","4","1343","2025-12-31T00:00:00.000"
"75119","5","219","2025-12-31T00:00:00.000"
"75119","6","1","2025-12-31T00:00:00.000"
"75121","1","2","2025-12-31T00:00:00.000"
"75121","3","7","2025-12-31T00:00:00.000"
"75121","4","2","2025-12-31T00:00:00.000"
"75121","5","2","2025-12-31T00:00:00.000"
"75124","1","117","2025-12-31T00:00:00.000"
"75124","3","930","2025-12-31T00:00:00.000"
"75124","4","104","2025-12-31T00:00:00.000"
"75124","5","181","2025-12-31T00:00:00.000"
"75125","1","233","2025-12-31T00:00:00.000"
"75125","3","1671","2025-12-31T00:00:00.000"
"75125","4","271","2025-12-31T00:00:00.000"
"75125","5","182","2025-12-31T00:00:00.000"
"75126","1","6670","2025-12-31T00:00:00.000"
"75126","2","90","2025-12-31T00:00:00.000"
"75126","3","30309","2025-12-31T00:00:00.000"
"75126","4","4485","2025-12-31T00:00:00.000"
"75126","5","38","2025-12-31T00:00:00.000"
"75126","6","1","2025-12-31T00:00:00.000"
"75127","1","37","2025-12-31T00:00:00.000"
"75127","3","265","2025-12-31T00:00:00.000"
"75127","4","26","2025-12-31T00:00:00.000"
"75127","5","31","2025-12-31T00:00:00.000"
"75132","1","38","2025-12-31T00:00:00.000"
"75132","3","339","2025-12-31T00:00:00.000"
"75132","4","115","2025-12-31T00:00:00.000"
"75134","1","1303","2025-12-31T00:00:00.000"
"75134","2","-1","2025-12-31T00:00:00.000"
"75134","3","4408","2025-12-31T00:00:00.000"
"75134","4","840","2025-12-31T00:00:00.000"
"75134","5","5","2025-12-31T00:00:00.000"
"75135","1","335","2025-12-31T00:00:00.000"
"75135","3","4057","2025-12-31T00:00:00.000"
"75135","4","326","2025-12-31T00:00:00.000"
"75135","5","182","2025-12-31T00:00:00.000"
"75137","1","1403","2025-12-31T00:00:00.000"
"75137","2","18","2025-12-31T00:00:00.000"
"75137","3","4958","2025-12-31T00:00:00.000"
"75137","4","852","2025-12-31T00:00:00.000"
"75137","5","2","2025-12-31T00:00:00.000"
"75140","1","173","2025-12-31T00:00:00.000"
"75140","3","1557","2025-12-31T00:00:00.000"
"75140","4","196","2025-12-31T00:00:00.000"
"75140","5","112","2025-12-31T00:00:00.000"
"75141","1","201","2025-12-31T00:00:00.000"
"75141","3","892","2025-12-31T00:00:00.000"
"75141","4","130","2025-12-31T00:00:00.000"
"75141","5","93","2025-12-31T00:00:00.000"
"75142","1","951","2025-12-31T00:00:00.000"
"75142","3","3948","2025-12-31T00:00:00.000"
"75142","4","495","2025-12-31T00:00:00.000"
"75142","5","409","2025-12-31T00:00:00.000"
"75142","6","1","2025-12-31T00:00:00.000"
"75143","1","644","2025-12-31T00:00:00.000"
"75143","2","35","2025-12-31T00:00:00.000"
"75143","3","3330","2025-12-31T00:00:00.000"
"75143","4","440","2025-12-31T00:00:00.000"
"75143","5","499","2025-12-31T00:00:00.000"
"75143","6","2","2025-12-31T00:00:00.000"
"75144","1","74","2025-12-31T00:00:00.000"
"75144","3","680","2025-12-31T00:00:00.000"
"75144","4","135","2025-12-31T00:00:00.000"
"75144","5","97","2025-12-31T00:00:00.000"
"75146","1","2027","2025-12-31T00:00:00.000"
"75146","2","9","2025-12-31T00:00:00.000"
"75146","3","5205","2025-12-31T00:00:00.000"
"75146","4","684","2025-12-31T00:00:00.000"
"75146","5","22","2025-12-31T00:00:00.000"
"75146","6","1","2025-12-31T00:00:00.000"
"75147","1","828","2025-12-31T00:00:00.000"
"75147","2","1","2025-12-31T00:00:00.000"
"75147","3","1581","2025-12-31T00:00:00.000"
"75147","4","254","2025-12-31T00:00:00.000"
"75147","5","172","2025-12-31T00:00:00.000"
"75147","6","1","2025-12-31T00:00:00.000"
"75148","1","197","2025-12-31T00:00:00.000"
"75148","2","7","2025-12-31T00:00:00.000"
"75148","3","1639","2025-12-31T00:00:00.000"
"75148","4","256","2025-12-31T00:00:00.000"
"75148","5","119","2025-12-31T00:00:00.000"
"75148","6","4","2025-12-31T00:00:00.000"
"75149","1","4165","2025-12-31T00:00:00.000"
"75149","2","222","2025-12-31T00:00:00.000"
"75149","3","11112","2025-12-31T00:00:00.000"
"75149","4","2826","2025-12-31T00:00:00.000"
"75149","5","3","2025-12-31T00:00:00.000"
"75150","1","8370","2025-12-31T00:00:00.000"
"75150","2","266","2025-12-31T00:00:00.000"
"75150","3","9663","2025-12-31T00:00:00.000"
"75150","4","2464","2025-12-31T00:00:00.000"
"75150","5","2","2025-12-31T00:00:00.000"
"75152","1","180","2025-12-31T00:00:00.000"
"75152","3","1190","2025-12-31T00:00:00.000"
"75152","4","173","2025-12-31T00:00:00.000"
"75152","5","85","2025-12-31T00:00:00.000"
"75153","1","8","2025-12-31T00:00:00.000"
"75153","3","63","2025-12-31T00:00:00.000"
"75153","4","15","2025-12-31T00:00:00.000"
"75153","5","48","2025-12-31T00:00:00.000"
"75154","1","3325","2025-12-31T00:00:00.000"
"75154","2","11","2025-12-31T00:00:00.000"
"75154","3","14497","2025-12-31T00:00:00.000"
"75154","4","1214","2025-12-31T00:00:00.000"
"75154","5","217","2025-12-31T00:00:00.000"
"75154","6","1","2025-12-31T00:00:00.000"
"75155","1","37","2025-12-31T00:00:00.000"
"75155","3","312","2025-12-31T00:00:00.000"
"75155","4","40","2025-12-31T00:00:00.000"
"75155","5","107","2025-12-31T00:00:00.000"
"75156","1","641","2025-12-31T00:00:00.000"
"75156","2","78","2025-12-31T00:00:00.000"
"75156","3","4827","2025-12-31T00:00:00.000"
"75156","4","815","2025-12-31T00:00:00.000"
"75156","5","611","2025-12-31T00:00:00.000"
"75156","6","4","2025-12-31T00:00:00.000"
"75157","1","5","2025-12-31T00:00:00.000"
"75157","3","34","2025-12-31T00:00:00.000"
"75157","4","3","2025-12-31T00:00:00.000"
"75157","5","14","2025-12-31T00:00:00.000"
"75158","1","117","2025-12-31T00:00:00.000"
"75158","3","886","2025-12-31T00:00:00.000"
"75158","4","87","2025-12-31T00:00:00.000"
"75158","5","176","2025-12-31T00:00:00.000"
"75159","1","761","2025-12-31T00:00:00.000"
"75159","2","1","2025-12-31T00:00:00.000"
"75159","3","4633","2025-12-31T00:00:00.000"
"75159","4","723","2025-12-31T00:00:00.000"
"75159","5","258","2025-12-31T00:00:00.000"
"75160","1","1943","2025-12-31T00:00:00.000"
"75160","3","5493","2025-12-31T00:00:00.000"
"75160","4","977","2025-12-31T00:00:00.000"
"75160","5","297","2025-12-31T00:00:00.000"
"75161","1","179","2025-12-31T00:00:00.000"
"75161","3","1535","2025-12-31T00:00:00.000"
"75161","4","107","2025-12-31T00:00:00.000"
"75161","5","249","2025-12-31T00:00:00.000"
"75163","1","59","2025-12-31T00:00:00.000"
"75163","3","1124","2025-12-31T00:00:00.000"
"75163","4","134","2025-12-31T00:00:00.000"
"75163","5","20","2025-12-31T00:00:00.000"
"75164","1","6","2025-12-31T00:00:00.000"
"75164","3","111","2025-12-31T00:00:00.000"
"75164","5","2","2025-12-31T00:00:00.000"
"75165","1","5793","2025-12-31T00:00:00.000"
"75165","2","45","2025-12-31T00:00:00.000"
"75165","3","14679","2025-12-31T00:00:00.000"
"75165","4","2131","2025-12-31T00:00:00.000"
"75165","5","269","2025-12-31T00:00:00.000"
"75166","1","799","2025-12-31T00:00:00.000"
"75166","2","12","2025-12-31T00:00:00.000"
"75166","3","4662","2025-12-31T00:00:00.000"
"75166","4","526","2025-12-31T00:00:00.000"
"75166","5","4","2025-12-31T00:00:00.000"
"75166","6","1","2025-12-31T00:00:00.000"
"75167","1","681","2025-12-31T00:00:00.000"
"75167","3","4612","2025-12-31T00:00:00.000"
"75167","4","227","2025-12-31T00:00:00.000"
"75167","5","85","2025-12-31T00:00:00.000"
"75169","1","432","2025-12-31T00:00:00.000"
"75169","3","3023","2025-12-31T00:00:00.000"
"75169","4","524","2025-12-31T00:00:00.000"
"75169","5","487","2025-12-31T00:00:00.000"
"75172","1","479","2025-12-31T00:00:00.000"
"75172","3","673","2025-12-31T00:00:00.000"
"75172","4","146","2025-12-31T00:00:00.000"
"75172","5","193","2025-12-31T00:00:00.000"
"75173","1","202","2025-12-31T00:00:00.000"
"75173","3","2844","2025-12-31T00:00:00.000"
"75173","4","202","2025-12-31T00:00:00.000"
"75173","5","171","2025-12-31T00:00:00.000"
"75180","1","1392","2025-12-31T00:00:00.000"
"75180","2","3","2025-12-31T00:00:00.000"
"75180","3","3263","2025-12-31T00:00:00.000"
"75180","4","1007","2025-12-31T00:00:00.000"
"75180","5","9","2025-12-31T00:00:00.000"
"75180","6","1","2025-12-31T00:00:00.000"
"75181","1","994","2025-12-31T00:00:00.000"
"75181","2","61","2025-12-31T00:00:00.000"
"75181","3","7591","2025-12-31T00:00:00.000"
"75181","4","1412","2025-12-31T00:00:00.000"
"75181","5","12","2025-12-31T00:00:00.000"
"75182","1","164","2025-12-31T00:00:00.000"
"75182","2","1","2025-12-31T00:00:00.000"
"75182","3","2989","2025-12-31T00:00:00.000"
"75182","4","124","2025-12-31T00:00:00.000"
"75182","5","1","2025-12-31T00:00:00.000"
"75182","6","1","2025-12-31T00:00:00.000"
"75189","1","3339","2025-12-31T00:00:00.000"
"75189","2","10","2025-12-31T00:00:00.000"
"75189","3","17639","2025-12-31T00:00:00.000"
"75189","4","2069","2025-12-31T00:00:00.000"
"75189","5","394","2025-12-31T00:00:00.000"
"75189","6","5","2025-12-31T00:00:00.000"
"75201","1","15677","2025-12-31T00:00:00.000"
"75201","2","1216","2025-12-31T00:00:00.000"
"75201","3","1379","2025-12-31T00:00:00.000"
"75201","4","177","2025-12-31T00:00:00.000"
"75201","5","14","2025-12-31T00:00:00.000"
"75201","6","2","2025-12-31T00:00:00.000"
"75202","1","4365","2025-12-31T00:00:00.000"
"75202","2","503","2025-12-31T00:00:00.000"
"75202","3","12","2025-12-31T00:00:00.000"
"75202","4","22","2025-12-31T00:00:00.000"
"75203","1","5318","2025-12-31T00:00:00.000"
"75203","2","56","2025-12-31T00:00:00.000"
"75203","3","1274","2025-12-31T00:00:00.000"
"75203","4","677","2025-12-31T00:00:00.000"
"75204","1","25410","2025-12-31T00:00:00.000"
"75204","2","3126","2025-12-31T00:00:00.000"
"75204","3","1865","2025-12-31T00:00:00.000"
"75204","4","709","2025-12-31T00:00:00.000"
"75204","5","5","2025-12-31T00:00:00.000"
"75204","6","2","2025-12-31T00:00:00.000"
"75205","1","6070","2025-12-31T00:00:00.000"
"75205","2","1327","2025-12-31T00:00:00.000"
"75205","3","5207","2025-12-31T00:00:00.000"
"75205","4","483","2025-12-31T00:00:00.000"
"75205","6","48","2025-12-31T00:00:00.000"
"75206","1","18811","2025-12-31T00:00:00.000"
"75206","2","2726","2025-12-31T00:00:00.000"
"75206","3","4786","2025-12-31T00:00:00.000"
"75206","4","1278","2025-12-31T00:00:00.000"
"75206","5","16","2025-12-31T00:00:00.000"
"75206","6","1","2025-12-31T00:00:00.000"
"75207","1","5860","2025-12-31T00:00:00.000"
"75207","2","9","2025-12-31T00:00:00.000"
"75207","3","29","2025-12-31T00:00:00.000"
"75207","4","2","2025-12-31T00:00:00.000"
"75208","1","6569","2025-12-31T00:00:00.000"
"75208","2","260","2025-12-31T00:00:00.000"
"75208","3","5180","2025-12-31T00:00:00.000"
"75208","4","1266","2025-12-31T00:00:00.000"
"75208","5","3","2025-12-31T00:00:00.000"
"75208","6","1","2025-12-31T00:00:00.000"
"75209","1","2242","2025-12-31T00:00:00.000"
"75209","2","564","2025-12-31T00:00:00.000"
"75209","3","4444","2025-12-31T00:00:00.000"
"75209","4","573","2025-12-31T00:00:00.000"
"75209","6","21","2025-12-31T00:00:00.000"
"75210","1","297","2025-12-31T00:00:00.000"
"75210","2","14","2025-12-31T00:00:00.000"
"75210","3","698","2025-12-31T00:00:00.000"
"75210","4","466","2025-12-31T00:00:00.000"
"75211","1","4859","2025-12-31T00:00:00.000"
"75211","2","220","2025-12-31T00:00:00.000"
"75211","3","7583","2025-12-31T00:00:00.000"
"75211","4","2452","2025-12-31T00:00:00.000"
"75211","5","9","2025-12-31T00:00:00.000"
"75212","1","3447","2025-12-31T00:00:00.000"
"75212","2","5","2025-12-31T00:00:00.000"
"75212","3","3308","2025-12-31T00:00:00.000"
"75212","4","918","2025-12-31T00:00:00.000"
"75212","5","3","2025-12-31T00:00:00.000"
"75214","1","6575","2025-12-31T00:00:00.000"
"75214","2","538","2025-12-31T00:00:00.000"
"75214","3","9551","2025-12-31T00:00:00.000"
"75214","4","1154","2025-12-31T00:00:00.000"
"75214","5","5","2025-12-31T00:00:00.000"
"75214","6","7","2025-12-31T00:00:00.000"
"75215","1","3751","2025-12-31T00:00:00.000"
"75215","2","255","2025-12-31T00:00:00.000"
"75215","3","2120","2025-12-31T00:00:00.000"
"75215","4","1189","2025-12-31T00:00:00.000"
"75215","5","4","2025-12-31T00:00:00.000"
"75216","1","1956","2025-12-31T00:00:00.000"
"75216","2","2","2025-12-31T00:00:00.000"
"75216","3","6702","2025-12-31T00:00:00.000"
"75216","4","2866","2025-12-31T00:00:00.000"
"75216","5","7","2025-12-31T00:00:00.000"
"75217","1","1899","2025-12-31T00:00:00.000"
"75217","2","65","2025-12-31T00:00:00.000"
"75217","3","8933","2025-12-31T00:00:00.000"
"75217","4","3748","2025-12-31T00:00:00.000"
"75217","5","15","2025-12-31T00:00:00.000"
"75217","6","1","2025-12-31T00:00:00.000"
"75218","1","3387","2025-12-31T00:00:00.000"
"75218","2","4","2025-12-31T00:00:00.000"
"75218","3","7047","2025-12-31T00:00:00.000"
"75218","4","1083","2025-12-31T00:00:00.000"
"75218","5","1","2025-12-31T00:00:00.000"
"75218","6","6","2025-12-31T00:00:00.000"
"75219","1","17717","2025-12-31T00:00:00.000"
"75219","2","5813","2025-12-31T00:00:00.000"
"75219","3","1445","2025-12-31T00:00:00.000"
"75219","4","686","2025-12-31T00:00:00.000"
"75219","5","22","2025-12-31T00:00:00.000"
"75219","6","5","2025-12-31T00:00:00.000"
"75220","1","4631","2025-12-31T00:00:00.000"
"75220","2","259","2025-12-31T00:00:00.000"
"75220","3","4362","2025-12-31T00:00:00.000"
"75220","4","705","2025-12-31T00:00:00.000"
"75220","5","1","2025-12-31T00:00:00.000"
"75220","6","17","2025-12-31T00:00:00.000"
"75223","1","536","2025-12-31T00:00:00.000"
"75223","3","1920","2025-12-31T00:00:00.000"
"75223","4","595","2025-12-31T00:00:00.000"
"75223","5","2","2025-12-31T00:00:00.000"
"75224","1","1257","2025-12-31T00:00:00.000"
"75224","3","4296","2025-12-31T00:00:00.000"
"75224","4","1340","2025-12-31T00:00:00.000"
"75224","5","3","2025-12-31T00:00:00.000"
"75224","6","1","2025-12-31T00:00:00.000"
"75225","1","3213","2025-12-31T00:00:00.000"
"75225","2","1289","2025-12-31T00:00:00.000"
"75225","3","6381","2025-12-31T00:00:00.000"
"75225","4","331","2025-12-31T00:00:00.000"
"75225","5","1","2025-12-31T00:00:00.000"
"75225","6","37","2025-12-31T00:00:00.000"
"75226","1","4014","2025-12-31T00:00:00.000"
"75226","2","21","2025-12-31T00:00:00.000"
"75226","3","77","2025-12-31T00:00:00.000"
"75226","4","22","2025-12-31T00:00:00.000"
"75226","5","5","2025-12-31T00:00:00.000"
"75227","1","2415","2025-12-31T00:00:00.000"
"75227","2","62","2025-12-31T00:00:00.000"
"75227","3","7547","2025-12-31T00:00:00.000"
"75227","4","2634","2025-12-31T00:00:00.000"
"75227","5","5","2025-12-31T00:00:00.000"
"75228","1","4429","2025-12-31T00:00:00.000"
"75228","2","16","2025-12-31T00:00:00.000"
"75228","3","10753","2025-12-31T00:00:00.000"
"75228","4","2855","2025-12-31T00:00:00.000"
"75228","5","2","2025-12-31T00:00:00.000"
"75229","1","2196","2025-12-31T00:00:00.000"
"75229","2","11","2025-12-31T00:00:00.000"
"75229","3","8694","2025-12-31T00:00:00.000"
"75229","4","824","2025-12-31T00:00:00.000"
"75229","5","1","2025-12-31T00:00:00.000"
"75229","6","11","2025-12-31T00:00:00.000"
"75230","1","3694","2025-12-31T00:00:00.000"
"75230","2","2151","2025-12-31T00:00:00.000"
"75230","3","7127","2025-12-31T00:00:00.000"
"75230","4","627","2025-12-31T00:00:00.000"
"75230","6","22","2025-12-31T00:00:00.000"
"75231","1","12492","2025-12-31T00:00:00.000"
"75231","2","1611","2025-12-31T00:00:00.000"
"75231","3","2889","2025-12-31T00:00:00.000"
"75231","4","410","2025-12-31T00:00:00.000"
"75231","5","2","2025-12-31T00:00:00.000"
"75231","6","2","2025-12-31T00:00:00.000"
"75232","1","1949","2025-12-31T00:00:00.000"
"75232","2","6","2025-12-31T00:00:00.000"
"75232","3","5536","2025-12-31T00:00:00.000"
"75232","4","1338","2025-12-31T00:00:00.000"
"75232","5","9","2025-12-31T00:00:00.000"
"75233","1","959","2025-12-31T00:00:00.000"
"75233","3","2269","2025-12-31T00:00:00.000"
"75233","4","394","2025-12-31T00:00:00.000"
"75233","5","1","2025-12-31T00:00:00.000"
"75234","1","15908","2025-12-31T00:00:00.000"
"75234","2","785","2025-12-31T00:00:00.000"
"75234","3","7104","2025-12-31T00:00:00.000"
"75234","4","1152","2025-12-31T00:00:00.000"
"75234","5","4","2025-12-31T00:00:00.000"
"75234","6","3","2025-12-31T00:00:00.000"
"75235","1","9651","2025-12-31T00:00:00.000"
"75235","2","656","2025-12-31T00:00:00.000"
"75235","3","1299","2025-12-31T00:00:00.000"
"75235","4","594","2025-12-31T00:00:00.000"
"75235","5","7","2025-12-31T00:00:00.000"
"75236","1","3188","2025-12-31T00:00:00.000"
"75236","2","162","2025-12-31T00:00:00.000"
"75236","3","2029","2025-12-31T00:00:00.000"
"75236","4","359","2025-12-31T00:00:00.000"
"75236","5","9","2025-12-31T00:00:00.000"
"75237","1","3628","2025-12-31T00:00:00.000"
"75237","3","1145","2025-12-31T00:00:00.000"
"75237","4","211","2025-12-31T00:00:00.000"
"75238","1","4378","2025-12-31T00:00:00.000"
"75238","2","38","2025-12-31T00:00:00.000"
"75238","3","6906","2025-12-31T00:00:00.000"
"75238","4","522","2025-12-31T00:00:00.000"
"75238","5","3","2025-12-31T00:00:00.000"
"75238","6","2","2025-12-31T00:00:00.000"
"75240","1","6846","2025-12-31T00:00:00.000"
"75240","2","568","2025-12-31T00:00:00.000"
"75240","3","1908","2025-12-31T00:00:00.000"
"75240","4","355","2025-12-31T00:00:00.000"
"75240","6","5","2025-12-31T00:00:00.000"
"75241","1","2229","2025-12-31T00:00:00.000"
"75241","3","5707","2025-12-31T00:00:00.000"
"75241","4","1627","2025-12-31T00:00:00.000"
"75241","5","7","2025-12-31T00:00:00.000"
"75242","3","1","2025-12-31T00:00:00.000"
"75243","1","10861","2025-12-31T00:00:00.000"
"75243","2","2378","2025-12-31T00:00:00.000"
"75243","3","5785","2025-12-31T00:00:00.000"
"75243","4","1040","2025-12-31T00:00:00.000"
"75243","5","2","2025-12-31T00:00:00.000"
"75244","1","3879","2025-12-31T00:00:00.000"
"75244","2","252","2025-12-31T00:00:00.000"
"75244","3","3120","2025-12-31T00:00:00.000"
"75244","4","266","2025-12-31T00:00:00.000"
"75246","1","465","2025-12-31T00:00:00.000"
"75246","2","37","2025-12-31T00:00:00.000"
"75246","3","205","2025-12-31T00:00:00.000"
"75246","4","96","2025-12-31T00:00:00.000"
"75247","1","354","2025-12-31T00:00:00.000"
"75247","2","1","2025-12-31T00:00:00.000"
"75247","3","5","2025-12-31T00:00:00.000"
"75247","4","6","2025-12-31T00:00:00.000"
"75248","1","7993","2025-12-31T00:00:00.000"
"75248","2","1641","2025-12-31T00:00:00.000"
"75248","3","8736","2025-12-31T00:00:00.000"
"75248","4","665","2025-12-31T00:00:00.000"
"75248","5","7","2025-12-31T00:00:00.000"
"75248","6","7","2025-12-31T00:00:00.000"
"75249","1","489","2025-12-31T00:00:00.000"
"75249","3","3764","2025-12-31T00:00:00.000"
"75249","4","702","2025-12-31T00:00:00.000"
"75251","1","2549","2025-12-31T00:00:00.000"
"75251","2","2","2025-12-31T00:00:00.000"
"75251","3","8","2025-12-31T00:00:00.000"
"75251","4","1","2025-12-31T00:00:00.000"
"75251","5","1","2025-12-31T00:00:00.000"
"75252","1","8892","2025-12-31T00:00:00.000"
"75252","2","1001","2025-12-31T00:00:00.000"
"75252","3","5507","2025-12-31T00:00:00.000"
"75252","4","712","2025-12-31T00:00:00.000"
"75252","5","1","2025-12-31T00:00:00.000"
"75252","6","4","2025-12-31T00:00:00.000"
"75253","1","758","2025-12-31T00:00:00.000"
"75253","3","2808","2025-12-31T00:00:00.000"
"75253","4","462","2025-12-31T00:00:00.000"
"75253","5","937","2025-12-31T00:00:00.000"
"75254","1","8556","2025-12-31T00:00:00.000"
"75254","2","1195","2025-12-31T00:00:00.000"
"75254","3","1571","2025-12-31T00:00:00.000"
"75254","4","209","2025-12-31T00:00:00.000"
"75254","6","3","2025-12-31T00:00:00.000"
"75260","1","10","2025-12-31T00:00:00.000"
"75260","3","1","2025-12-31T00:00:00.000"
"75261","3","1","2025-12-31T00:00:00.000"
"75270","3","1","2025-12-31T00:00:00.000"
"75275","1","11119","2025-12-31T00:00:00.000"
"75275","3","8","2025-12-31T00:00:00.000"
"75287","1","16936","2025-12-31T00:00:00.000"
"75287","2","511","2025-12-31T00:00:00.000"
"75287","3","5624","2025-12-31T00:00:00.000"
"75287","4","657","2025-12-31T00:00:00.000"
"75287","5","7","2025-12-31T00:00:00.000"
"75287","6","2","2025-12-31T00:00:00.000"
"75342","4","2","2025-12-31T00:00:00.000"
"75398","1","26","2025-12-31T00:00:00.000"
"75401","1","1439","2025-12-31T00:00:00.000"
"75401","3","3035","2025-12-31T00:00:00.000"
"75401","4","1332","2025-12-31T00:00:00.000"
"75401","5","191","2025-12-31T00:00:00.000"
"75402","1","1854","2025-12-31T00:00:00.000"
"75402","2","11","2025-12-31T00:00:00.000"
"75402","3","5537","2025-12-31T00:00:00.000"
"75402","4","1292","2025-12-31T00:00:00.000"
"75402","5","133","2025-12-31T00:00:00.000"
"75402","6","3","2025-12-31T00:00:00.000"
"75407","1","4798","2025-12-31T00:00:00.000"
"75407","2","54","2025-12-31T00:00:00.000"
"75407","3","15481","2025-12-31T00:00:00.000"
"75407","4","3608","2025-12-31T00:00:00.000"
"75407","5","405","2025-12-31T00:00:00.000"
"75409","1","4113","2025-12-31T00:00:00.000"
"75409","2","43","2025-12-31T00:00:00.000"
"75409","3","9394","2025-12-31T00:00:00.000"
"75409","4","2706","2025-12-31T00:00:00.000"
"75409","5","105","2025-12-31T00:00:00.000"
"75410","1","99","2025-12-31T00:00:00.000"
"75410","3","1187","2025-12-31T00:00:00.000"
"75410","4","111","2025-12-31T00:00:00.000"
"75410","5","211","2025-12-31T00:00:00.000"
"75411","1","24","2025-12-31T00:00:00.000"
"75411","3","173","2025-12-31T00:00:00.000"
"75411","4","28","2025-12-31T00:00:00.000"
"75411","5","30","2025-12-31T00:00:00.000"
"75412","1","13","2025-12-31T00:00:00.000"
"75412","3","85","2025-12-31T00:00:00.000"
"75412","4","10","2025-12-31T00:00:00.000"
"75412","5","14","2025-12-31T00:00:00.000"
"75413","1","7","2025-12-31T00:00:00.000"
"75413","3","23","2025-12-31T00:00:00.000"
"75413","4","8","2025-12-31T00:00:00.000"
"75413","5","9","2025-12-31T00:00:00.000"
"75414","1","98","2025-12-31T00:00:00.000"
"75414","3","810","2025-12-31T00:00:00.000"
"75414","4","100","2025-12-31T00:00:00.000"
"75414","5","75","2025-12-31T00:00:00.000"
"75415","1","3","2025-12-31T00:00:00.000"
"75415","3","25","2025-12-31T00:00:00.000"
"75415","4","4","2025-12-31T00:00:00.000"
"75415","5","6","2025-12-31T00:00:00.000"
"75416","1","62","2025-12-31T00:00:00.000"
"75416","3","670","2025-12-31T00:00:00.000"
"75416","4","124","2025-12-31T00:00:00.000"
"75416","5","35","2025-12-31T00:00:00.000"
"75417","1","57","2025-12-31T00:00:00.000"
"75417","3","438","2025-12-31T00:00:00.000"
"75417","4","57","2025-12-31T00:00:00.000"
"75417","5","36","2025-12-31T00:00:00.000"
"75418","1","823","2025-12-31T00:00:00.000"
"75418","2","9","2025-12-31T00:00:00.000"
"75418","3","2642","2025-12-31T00:00:00.000"
"75418","4","598","2025-12-31T00:00:00.000"
"75418","5","181","2025-12-31T00:00:00.000"
"75418","6","2","2025-12-31T00:00:00.000"
"75420","1","22","2025-12-31T00:00:00.000"
"75420","3","239","2025-12-31T00:00:00.000"
"75420","4","27","2025-12-31T00:00:00.000"
"75420","5","38","2025-12-31T00:00:00.000"
"75421","1","18","2025-12-31T00:00:00.000"
"75421","3","215","2025-12-31T00:00:00.000"
"75421","4","47","2025-12-31T00:00:00.000"
"75421","5","27","2025-12-31T00:00:00.000"
"75422","1","68","2025-12-31T00:00:00.000"
"75422","3","634","2025-12-31T00:00:00.000"
"75422","4","79","2025-12-31T00:00:00.000"
"75422","5","124","2025-12-31T00:00:00.000"
"75423","1","95","2025-12-31T00:00:00.000"
"75423","3","761","2025-12-31T00:00:00.000"
"75423","4","107","2025-12-31T00:00:00.000"
"75423","5","118","2025-12-31T00:00:00.000"
"75424","1","161","2025-12-31T00:00:00.000"
"75424","3","1018","2025-12-31T00:00:00.000"
"75424","4","139","2025-12-31T00:00:00.000"
"75424","5","129","2025-12-31T00:00:00.000"
"75425","3","5","2025-12-31T00:00:00.000"
"75425","4","3","2025-12-31T00:00:00.000"
"75425","5","1","2025-12-31T00:00:00.000"
"75426","1","115","2025-12-31T00:00:00.000"
"75426","3","683","2025-12-31T00:00:00.000"
"75426","4","265","2025-12-31T00:00:00.000"
"75426","5","49","2025-12-31T00:00:00.000"
"75428","1","905","2025-12-31T00:00:00.000"
"75428","3","1313","2025-12-31T00:00:00.000"
"75428","4","373","2025-12-31T00:00:00.000"
"75428","5","86","2025-12-31T00:00:00.000"
"75429","1","688","2025-12-31T00:00:00.000"
"75429","3","1","2025-12-31T00:00:00.000"
"75429","4","1","2025-12-31T00:00:00.000"
"75429","5","1","2025-12-31T00:00:00.000"
"75431","1","36","2025-12-31T00:00:00.000"
"75431","3","243","2025-12-31T00:00:00.000"
"75431","4","52","2025-12-31T00:00:00.000"
"75431","5","39","2025-12-31T00:00:00.000"
"75432","1","87","2025-12-31T00:00:00.000"
"75432","3","636","2025-12-31T00:00:00.000"
"75432","4","137","2025-12-31T00:00:00.000"
"75432","5","26","2025-12-31T00:00:00.000"
"75433","1","49","2025-12-31T00:00:00.000"
"75433","3","544","2025-12-31T00:00:00.000"
"75433","4","72","2025-12-31T00:00:00.000"
"75433","5","78","2025-12-31T00:00:00.000"
"75434","1","1","2025-12-31T00:00:00.000"
"75434","3","5","2025-12-31T00:00:00.000"
"75434","4","2","2025-12-31T00:00:00.000"
"75434","5","1","2025-12-31T00:00:00.000"
"75435","1","22","2025-12-31T00:00:00.000"
"75435","3","183","2025-12-31T00:00:00.000"
"75435","4","35","2025-12-31T00:00:00.000"
"75435","5","16","2025-12-31T00:00:00.000"
"75436","1","50","2025-12-31T00:00:00.000"
"75436","3","313","2025-12-31T00:00:00.000"
"75436","4","45","2025-12-31T00:00:00.000"
"75436","5","35","2025-12-31T00:00:00.000"
"75437","1","18","2025-12-31T00:00:00.000"
"75437","3","190","2025-12-31T00:00:00.000"
"75437","4","15","2025-12-31T00:00:00.000"
"75437","5","47","2025-12-31T00:00:00.000"
"75438","1","21","2025-12-31T00:00:00.000"
"75438","3","232","2025-12-31T00:00:00.000"
"75438","4","31","2025-12-31T00:00:00.000"
"75438","5","38","2025-12-31T00:00:00.000"
"75439","1","40","2025-12-31T00:00:00.000"
"75439","3","183","2025-12-31T00:00:00.000"
"75439","4","45","2025-12-31T00:00:00.000"
"75439","5","40","2025-12-31T00:00:00.000"
"75440","1","215","2025-12-31T00:00:00.000"
"75440","3","1731","2025-12-31T00:00:00.000"
"75440","4","191","2025-12-31T00:00:00.000"
"75440","5","136","2025-12-31T00:00:00.000"
"75441","1","2","2025-12-31T00:00:00.000"
"75441","3","7","2025-12-31T00:00:00.000"
"75441","4","3","2025-12-31T00:00:00.000"
"75441","5","3","2025-12-31T00:00:00.000"
"75442","1","700","2025-12-31T00:00:00.000"
"75442","3","3445","2025-12-31T00:00:00.000"
"75442","4","491","2025-12-31T00:00:00.000"
"75442","5","280","2025-12-31T00:00:00.000"
"75443","3","19","2025-12-31T00:00:00.000"
"75443","4","2","2025-12-31T00:00:00.000"
"75443","5","2","2025-12-31T00:00:00.000"
"75444","3","12","2025-12-31T00:00:00.000"
"75444","4","2","2025-12-31T00:00:00.000"
"75446","1","79","2025-12-31T00:00:00.000"
"75446","3","525","2025-12-31T00:00:00.000"
"75446","4","84","2025-12-31T00:00:00.000"
"75446","5","47","2025-12-31T00:00:00.000"
"75447","1","23","2025-12-31T00:00:00.000"
"75447","3","186","2025-12-31T00:00:00.000"
"75447","4","18","2025-12-31T00:00:00.000"
"75447","5","46","2025-12-31T00:00:00.000"
"75448","1","21","2025-12-31T00:00:00.000"
"75448","3","104","2025-12-31T00:00:00.000"
"75448","4","17","2025-12-31T00:00:00.000"
"75448","5","21","2025-12-31T00:00:00.000"
"75449","1","25","2025-12-31T00:00:00.000"
"75449","3","141","2025-12-31T00:00:00.000"
"75449","4","42","2025-12-31T00:00:00.000"
"75449","5","35","2025-12-31T00:00:00.000"
"75449","6","1","2025-12-31T00:00:00.000"
"75450","1","4","2025-12-31T00:00:00.000"
"75450","3","44","2025-12-31T00:00:00.000"
"75450","4","4","2025-12-31T00:00:00.000"
"75450","5","4","2025-12-31T00:00:00.000"
"75451","1","11","2025-12-31T00:00:00.000"
"75451","3","231","2025-12-31T00:00:00.000"
"75451","4","44","2025-12-31T00:00:00.000"
"75451","5","44","2025-12-31T00:00:00.000"
"75452","1","167","2025-12-31T00:00:00.000"
"75452","3","1316","2025-12-31T00:00:00.000"
"75452","4","137","2025-12-31T00:00:00.000"
"75452","5","86","2025-12-31T00:00:00.000"
"75453","1","86","2025-12-31T00:00:00.000"
"75453","3","814","2025-12-31T00:00:00.000"
"75453","4","108","2025-12-31T00:00:00.000"
"75453","5","124","2025-12-31T00:00:00.000"
"75453","6","1","2025-12-31T00:00:00.000"
"75454","1","4708","2025-12-31T00:00:00.000"
"75454","2","20","2025-12-31T00:00:00.000"
"75454","3","7892","2025-12-31T00:00:00.000"
"75454","4","1490","2025-12-31T00:00:00.000"
"75454","5","59","2025-12-31T00:00:00.000"
"75455","1","796","2025-12-31T00:00:00.000"
"75455","2","10","2025-12-31T00:00:00.000"
"75455","3","4776","2025-12-31T00:00:00.000"
"75455","4","897","2025-12-31T00:00:00.000"
"75455","5","236","2025-12-31T00:00:00.000"
"75455","6","2","2025-12-31T00:00:00.000"
"75457","1","183","2025-12-31T00:00:00.000"
"75457","2","1","2025-12-31T00:00:00.000"
"75457","3","1686","2025-12-31T00:00:00.000"
"75457","4","270","2025-12-31T00:00:00.000"
"75457","5","112","2025-12-31T00:00:00.000"
"75457","6","2","2025-12-31T00:00:00.000"
"75458","1","2","2025-12-31T00:00:00.000"
"75458","3","8","2025-12-31T00:00:00.000"
"75458","4","1","2025-12-31T00:00:00.000"
"75458","5","2","2025-12-31T00:00:00.000"
"75459","1","293","2025-12-31T00:00:00.000"
"75459","3","1365","2025-12-31T00:00:00.000"
"75459","4","210","2025-12-31T00:00:00.000"
"75459","5","61","2025-12-31T00:00:00.000"
"75460","1","1204","2025-12-31T00:00:00.000"
"75460","2","1","2025-12-31T00:00:00.000"
"75460","3","3422","2025-12-31T00:00:00.000"
"75460","4","1621","2025-12-31T00:00:00.000"
"75460","5","38","2025-12-31T00:00:00.000"
"75460","6","1","2025-12-31T00:00:00.000"
"75462","1","342","2025-12-31T00:00:00.000"
"75462","3","3408","2025-12-31T00:00:00.000"
"75462","4","409","2025-12-31T00:00:00.000"
"75462","5","67","2025-12-31T00:00:00.000"
"75468","1","12","2025-12-31T00:00:00.000"
"75468","3","191","2025-12-31T00:00:00.000"
"75468","4","19","2025-12-31T00:00:00.000"
"75468","5","13","2025-12-31T00:00:00.000"
"75469","1","5","2025-12-31T00:00:00.000"
"75469","3","56","2025-12-31T00:00:00.000"
"75469","4","7","2025-12-31T00:00:00.000"
"75469","5","10","2025-12-31T00:00:00.000"
"75470","1","3","2025-12-31T00:00:00.000"
"75470","3","30","2025-12-31T00:00:00.000"
"75470","4","6","2025-12-31T00:00:00.000"
"75470","5","6","2025-12-31T00:00:00.000"
"75471","1","27","2025-12-31T00:00:00.000"
"75471","3","173","2025-12-31T00:00:00.000"
"75471","4","19","2025-12-31T00:00:00.000"
"75471","5","24","2025-12-31T00:00:00.000"
"75472","1","95","2025-12-31T00:00:00.000"
"75472","3","922","2025-12-31T00:00:00.000"
"75472","4","116","2025-12-31T00:00:00.000"
"75472","5","94","2025-12-31T00:00:00.000"
"75473","1","65","2025-12-31T00:00:00.000"
"75473","3","941","2025-12-31T00:00:00.000"
"75473","4","121","2025-12-31T00:00:00.000"
"75473","5","46","2025-12-31T00:00:00.000"
"75474","1","359","2025-12-31T00:00:00.000"
"75474","2","3","2025-12-31T00:00:00.000"
"75474","3","2842","2025-12-31T00:00:00.000"
"75474","4","339","2025-12-31T00:00:00.000"
"75474","5","519","2025-12-31T00:00:00.000"
"75474","6","1","2025-12-31T00:00:00.000"
"75475","1","6","2025-12-31T00:00:00.000"
"75475","3","36","2025-12-31T00:00:00.000"
"75475","4","15","2025-12-31T00:00:00.000"
"75475","5","3","2025-12-31T00:00:00.000"
"75476","1","23","2025-12-31T00:00:00.000"
"75476","3","252","2025-12-31T00:00:00.000"
"75476","4","17","2025-12-31T00:00:00.000"
"75476","5","60","2025-12-31T00:00:00.000"
"75476","6","1","2025-12-31T00:00:00.000"
"75477","1","21","2025-12-31T00:00:00.000"
"75477","3","172","2025-12-31T00:00:00.000"
"75477","4","36","2025-12-31T00:00:00.000"
"75477","5","9","2025-12-31T00:00:00.000"
"75478","1","14","2025-12-31T00:00:00.000"
"75478","3","118","2025-12-31T00:00:00.000"
"75478","4","19","2025-12-31T00:00:00.000"
"75478","5","32","2025-12-31T00:00:00.000"
"75479","1","54","2025-12-31T00:00:00.000"
"75479","3","442","2025-12-31T00:00:00.000"
"75479","4","49","2025-12-31T00:00:00.000"
"75479","5","79","2025-12-31T00:00:00.000"
"75480","1","27","2025-12-31T00:00:00.000"
"75480","3","1050","2025-12-31T00:00:00.000"
"75480","4","58","2025-12-31T00:00:00.000"
"75480","5","26","2025-12-31T00:00:00.000"
"75480","6","1","2025-12-31T00:00:00.000"
"75481","1","4","2025-12-31T00:00:00.000"
"75481","3","48","2025-12-31T00:00:00.000"
"75481","4","5","2025-12-31T00:00:00.000"
"75481","5","12","2025-12-31T00:00:00.000"
"75482","1","1142","2025-12-31T00:00:00.000"
"75482","2","8","2025-12-31T00:00:00.000"
"75482","3","4949","2025-12-31T00:00:00.000"
"75482","4","1019","2025-12-31T00:00:00.000"
"75482","5","264","2025-12-31T00:00:00.000"
"75482","6","1","2025-12-31T00:00:00.000"
"75485","1","1","2025-12-31T00:00:00.000"
"75485","3","8","2025-12-31T00:00:00.000"
"75485","4","3","2025-12-31T00:00:00.000"
"75486","1","36","2025-12-31T00:00:00.000"
"75486","3","488","2025-12-31T00:00:00.000"
"75486","4","41","2025-12-31T00:00:00.000"
"75486","5","51","2025-12-31T00:00:00.000"
"75487","1","20","2025-12-31T00:00:00.000"
"75487","3","192","2025-12-31T00:00:00.000"
"75487","4","26","2025-12-31T00:00:00.000"
"75487","5","46","2025-12-31T00:00:00.000"
"75488","1","24","2025-12-31T00:00:00.000"
"75488","3","166","2025-12-31T00:00:00.000"
"75488","4","24","2025-12-31T00:00:00.000"
"75488","5","32","2025-12-31T00:00:00.000"
"75489","1","28","2025-12-31T00:00:00.000"
"75489","3","155","2025-12-31T00:00:00.000"
"75489","4","38","2025-12-31T00:00:00.000"
"75489","5","5","2025-12-31T00:00:00.000"
"75490","1","79","2025-12-31T00:00:00.000"
"75490","3","877","2025-12-31T00:00:00.000"
"75490","4","92","2025-12-31T00:00:00.000"
"75490","5","83","2025-12-31T00:00:00.000"
"75491","1","186","2025-12-31T00:00:00.000"
"75491","3","1383","2025-12-31T00:00:00.000"
"75491","4","178","2025-12-31T00:00:00.000"
"75491","5","170","2025-12-31T00:00:00.000"
"75492","1","13","2025-12-31T00:00:00.000"
"75492","3","91","2025-12-31T00:00:00.000"
"75492","4","11","2025-12-31T00:00:00.000"
"75492","5","18","2025-12-31T00:00:00.000"
"75493","1","7","2025-12-31T00:00:00.000"
"75493","3","44","2025-12-31T00:00:00.000"
"75493","4","11","2025-12-31T00:00:00.000"
"75493","5","8","2025-12-31T00:00:00.000"
"75494","1","382","2025-12-31T00:00:00.000"
"75494","3","2380","2025-12-31T00:00:00.000"
"75494","4","329","2025-12-31T00:00:00.000"
"75494","5","185","2025-12-31T00:00:00.000"
"75495","1","812","2025-12-31T00:00:00.000"
"75495","3","4885","2025-12-31T00:00:00.000"
"75495","4","536","2025-12-31T00:00:00.000"
"75495","5","67","2025-12-31T00:00:00.000"
"75496","1","107","2025-12-31T00:00:00.000"
"75496","3","599","2025-12-31T00:00:00.000"
"75496","4","123","2025-12-31T00:00:00.000"
"75496","5","79","2025-12-31T00:00:00.000"
"75497","1","109","2025-12-31T00:00:00.000"
"75497","3","1120","2025-12-31T00:00:00.000"
"75497","4","84","2025-12-31T00:00:00.000"
"75497","5","165","2025-12-31T00:00:00.000"
"75501","1","1543","2025-12-31T00:00:00.000"
"75501","3","6009","2025-12-31T00:00:00.000"
"75501","4","1705","2025-12-31T00:00:00.000"
"75501","5","583","2025-12-31T00:00:00.000"
"75503","1","3246","2025-12-31T00:00:00.000"
"75503","2","5","2025-12-31T00:00:00.000"
"75503","3","6272","2025-12-31T00:00:00.000"
"75503","4","1394","2025-12-31T00:00:00.000"
"75503","5","138","2025-12-31T00:00:00.000"
"75550","1","11","2025-12-31T00:00:00.000"
"75550","3","105","2025-12-31T00:00:00.000"
"75550","4","25","2025-12-31T00:00:00.000"
"75550","5","21","2025-12-31T00:00:00.000"
"75551","1","240","2025-12-31T00:00:00.000"
"75551","3","2287","2025-12-31T00:00:00.000"
"75551","4","367","2025-12-31T00:00:00.000"
"75551","5","205","2025-12-31T00:00:00.000"
"75551","6","1","2025-12-31T00:00:00.000"
"75554","1","31","2025-12-31T00:00:00.000"
"75554","3","241","2025-12-31T00:00:00.000"
"75554","4","48","2025-12-31T00:00:00.000"
"75554","5","61","2025-12-31T00:00:00.000"
"75555","1","25","2025-12-31T00:00:00.000"
"75555","3","268","2025-12-31T00:00:00.000"
"75555","4","20","2025-12-31T00:00:00.000"
"75555","5","113","2025-12-31T00:00:00.000"
"75556","1","25","2025-12-31T00:00:00.000"
"75556","3","188","2025-12-31T00:00:00.000"
"75556","4","18","2025-12-31T00:00:00.000"
"75556","5","56","2025-12-31T00:00:00.000"
"75558","1","33","2025-12-31T00:00:00.000"
"75558","3","212","2025-12-31T00:00:00.000"
"75558","4","39","2025-12-31T00:00:00.000"
"75558","5","47","2025-12-31T00:00:00.000"
"75559","1","103","2025-12-31T00:00:00.000"
"75559","3","908","2025-12-31T00:00:00.000"
"75559","4","155","2025-12-31T00:00:00.000"
"75559","5","159","2025-12-31T00:00:00.000"
"75560","1","12","2025-12-31T00:00:00.000"
"75560","3","134","2025-12-31T00:00:00.000"
"75560","4","16","2025-12-31T00:00:00.000"
"75560","5","46","2025-12-31T00:00:00.000"
"75561","1","114","2025-12-31T00:00:00.000"
"75561","3","956","2025-12-31T00:00:00.000"
"75561","4","201","2025-12-31T00:00:00.000"
"75561","5","143","2025-12-31T00:00:00.000"
"75562","1","2","2025-12-31T00:00:00.000"
"75562","3","14","2025-12-31T00:00:00.000"
"75562","4","4","2025-12-31T00:00:00.000"
"75562","5","4","2025-12-31T00:00:00.000"
"75563","1","80","2025-12-31T00:00:00.000"
"75563","3","904","2025-12-31T00:00:00.000"
"75563","4","171","2025-12-31T00:00:00.000"
"75563","5","108","2025-12-31T00:00:00.000"
"75563","6","1","2025-12-31T00:00:00.000"
"75564","3","7","2025-12-31T00:00:00.000"
"75564","4","2","2025-12-31T00:00:00.000"
"75565","1","4","2025-12-31T00:00:00.000"
"75565","3","24","2025-12-31T00:00:00.000"
"75565","4","3","2025-12-31T00:00:00.000"
"75565","5","13","2025-12-31T00:00:00.000"
"75566","1","5","2025-12-31T00:00:00.000"
"75566","3","109","2025-12-31T00:00:00.000"
"75566","4","15","2025-12-31T00:00:00.000"
"75566","5","51","2025-12-31T00:00:00.000"
"75567","1","108","2025-12-31T00:00:00.000"
"75567","3","723","2025-12-31T00:00:00.000"
"75567","4","99","2025-12-31T00:00:00.000"
"75567","5","174","2025-12-31T00:00:00.000"
"75568","1","37","2025-12-31T00:00:00.000"
"75568","3","549","2025-12-31T00:00:00.000"
"75568","4","112","2025-12-31T00:00:00.000"
"75568","5","61","2025-12-31T00:00:00.000"
"75569","1","414","2025-12-31T00:00:00.000"
"75569","3","472","2025-12-31T00:00:00.000"
"75569","4","162","2025-12-31T00:00:00.000"
"75569","5","10","2025-12-31T00:00:00.000"
"75570","1","255","2025-12-31T00:00:00.000"
"75570","2","1","2025-12-31T00:00:00.000"
"75570","3","1615","2025-12-31T00:00:00.000"
"75570","4","348","2025-12-31T00:00:00.000"
"75570","5","218","2025-12-31T00:00:00.000"
"75571","1","86","2025-12-31T00:00:00.000"
"75571","3","533","2025-12-31T00:00:00.000"
"75571","4","98","2025-12-31T00:00:00.000"
"75571","5","66","2025-12-31T00:00:00.000"
"75572","1","97","2025-12-31T00:00:00.000"
"75572","3","633","2025-12-31T00:00:00.000"
"75572","4","117","2025-12-31T00:00:00.000"
"75572","5","132","2025-12-31T00:00:00.000"
"75573","1","11","2025-12-31T00:00:00.000"
"75573","3","58","2025-12-31T00:00:00.000"
"75573","4","18","2025-12-31T00:00:00.000"
"75573","5","11","2025-12-31T00:00:00.000"
"75574","1","31","2025-12-31T00:00:00.000"
"75574","3","230","2025-12-31T00:00:00.000"
"75574","4","23","2025-12-31T00:00:00.000"
"75574","5","94","2025-12-31T00:00:00.000"
"75601","1","1548","2025-12-31T00:00:00.000"
"75601","2","44","2025-12-31T00:00:00.000"
"75601","3","3611","2025-12-31T00:00:00.000"
"75601","4","996","2025-12-31T00:00:00.000"
"75601","5","6","2025-12-31T00:00:00.000"
"75601","6","1","2025-12-31T00:00:00.000"
"75602","1","690","2025-12-31T00:00:00.000"
"75602","2","6","2025-12-31T00:00:00.000"
"75602","3","3335","2025-12-31T00:00:00.000"
"75602","4","1134","2025-12-31T00:00:00.000"
"75602","5","165","2025-12-31T00:00:00.000"
"75603","1","145","2025-12-31T00:00:00.000"
"75603","3","1601","2025-12-31T00:00:00.000"
"75603","4","202","2025-12-31T00:00:00.000"
"75603","5","147","2025-12-31T00:00:00.000"
"75604","1","2879","2025-12-31T00:00:00.000"
"75604","2","2","2025-12-31T00:00:00.000"
"75604","3","6412","2025-12-31T00:00:00.000"
"75604","4","1799","2025-12-31T00:00:00.000"
"75604","5","155","2025-12-31T00:00:00.000"
"75605","1","6097","2025-12-31T00:00:00.000"
"75605","2","11","2025-12-31T00:00:00.000"
"75605","3","9173","2025-12-31T00:00:00.000"
"75605","4","1187","2025-12-31T00:00:00.000"
"75605","5","142","2025-12-31T00:00:00.000"
"75605","6","1","2025-12-31T00:00:00.000"
"75607","1","1387","2025-12-31T00:00:00.000"
"75607","3","3","2025-12-31T00:00:00.000"
"75630","1","44","2025-12-31T00:00:00.000"
"75630","3","681","2025-12-31T00:00:00.000"
"75630","4","88","2025-12-31T00:00:00.000"
"75630","5","83","2025-12-31T00:00:00.000"
"75631","1","51","2025-12-31T00:00:00.000"
"75631","3","421","2025-12-31T00:00:00.000"
"75631","4","45","2025-12-31T00:00:00.000"
"75631","5","100","2025-12-31T00:00:00.000"
"75633","1","288","2025-12-31T00:00:00.000"
"75633","3","2753","2025-12-31T00:00:00.000"
"75633","4","479","2025-12-31T00:00:00.000"
"75633","5","351","2025-12-31T00:00:00.000"
"75636","3","22","2025-12-31T00:00:00.000"
"75636","4","3","2025-12-31T00:00:00.000"
"75636","5","3","2025-12-31T00:00:00.000"
"75637","3","1","2025-12-31T00:00:00.000"
"75638","1","108","2025-12-31T00:00:00.000"
"75638","3","1131","2025-12-31T00:00:00.000"
"75638","4","248","2025-12-31T00:00:00.000"
"75638","5","77","2025-12-31T00:00:00.000"
"75638","6","1","2025-12-31T00:00:00.000"
"75639","1","32","2025-12-31T00:00:00.000"
"75639","3","344","2025-12-31T00:00:00.000"
"75639","4","38","2025-12-31T00:00:00.000"
"75639","5","187","2025-12-31T00:00:00.000"
"75640","1","141","2025-12-31T00:00:00.000"
"75640","3","1294","2025-12-31T00:00:00.000"
"75640","4","123","2025-12-31T00:00:00.000"
"75640","5","183","2025-12-31T00:00:00.000"
"75641","3","8","2025-12-31T00:00:00.000"
"75641","4","1","2025-12-31T00:00:00.000"
"75641","5","1","2025-12-31T00:00:00.000"
"75642","1","2","2025-12-31T00:00:00.000"
"75642","3","30","2025-12-31T00:00:00.000"
"75642","4","9","2025-12-31T00:00:00.000"
"75642","5","5","2025-12-31T00:00:00.000"
"75643","1","28","2025-12-31T00:00:00.000"
"75643","3","333","2025-12-31T00:00:00.000"
"75643","4","36","2025-12-31T00:00:00.000"
"75643","5","110","2025-12-31T00:00:00.000"
"75644","1","497","2025-12-31T00:00:00.000"
"75644","2","1","2025-12-31T00:00:00.000"
"75644","3","2350","2025-12-31T00:00:00.000"
"75644","4","534","2025-12-31T00:00:00.000"
"75644","5","261","2025-12-31T00:00:00.000"
"75645","1","259","2025-12-31T00:00:00.000"
"75645","3","2464","2025-12-31T00:00:00.000"
"75645","4","237","2025-12-31T00:00:00.000"
"75645","5","336","2025-12-31T00:00:00.000"
"75647","1","421","2025-12-31T00:00:00.000"
"75647","3","3039","2025-12-31T00:00:00.000"
"75647","4","487","2025-12-31T00:00:00.000"
"75647","5","241","2025-12-31T00:00:00.000"
"75650","1","568","2025-12-31T00:00:00.000"
"75650","2","2","2025-12-31T00:00:00.000"
"75650","3","2365","2025-12-31T00:00:00.000"
"75650","4","323","2025-12-31T00:00:00.000"
"75650","5","272","2025-12-31T00:00:00.000"
"75650","6","2","2025-12-31T00:00:00.000"
"75651","1","33","2025-12-31T00:00:00.000"
"75651","3","330","2025-12-31T00:00:00.000"
"75651","4","39","2025-12-31T00:00:00.000"
"75651","5","117","2025-12-31T00:00:00.000"
"75652","1","289","2025-12-31T00:00:00.000"
"75652","2","1","2025-12-31T00:00:00.000"
"75652","3","2756","2025-12-31T00:00:00.000"
"75652","4","586","2025-12-31T00:00:00.000"
"75652","5","200","2025-12-31T00:00:00.000"
"75652","6","1","2025-12-31T00:00:00.000"
"75654","1","332","2025-12-31T00:00:00.000"
"75654","3","2557","2025-12-31T00:00:00.000"
"75654","4","486","2025-12-31T00:00:00.000"
"75654","5","210","2025-12-31T00:00:00.000"
"75656","1","89","2025-12-31T00:00:00.000"
"75656","2","1","2025-12-31T00:00:00.000"
"75656","3","964","2025-12-31T00:00:00.000"
"75656","4","186","2025-12-31T00:00:00.000"
"75656","5","83","2025-12-31T00:00:00.000"
"75657","1","177","2025-12-31T00:00:00.000"
"75657","3","1525","2025-12-31T00:00:00.000"
"75657","4","353","2025-12-31T00:00:00.000"
"75657","5","292","2025-12-31T00:00:00.000"
"75658","3","5","2025-12-31T00:00:00.000"
"75658","4","2","2025-12-31T00:00:00.000"
"75658","5","3","2025-12-31T00:00:00.000"
"75659","1","2","2025-12-31T00:00:00.000"
"75659","3","5","2025-12-31T00:00:00.000"
"75659","4","2","2025-12-31T00:00:00.000"
"75659","5","4","2025-12-31T00:00:00.000"
"75660","1","1","2025-12-31T00:00:00.000"
"75660","3","10","2025-12-31T00:00:00.000"
"75660","4","3","2025-12-31T00:00:00.000"
"75661","1","51","2025-12-31T00:00:00.000"
"75661","3","542","2025-12-31T00:00:00.000"
"75661","4","108","2025-12-31T00:00:00.000"
"75661","5","151","2025-12-31T00:00:00.000"
"75662","1","1154","2025-12-31T00:00:00.000"
"75662","2","11","2025-12-31T00:00:00.000"
"75662","3","4934","2025-12-31T00:00:00.000"
"75662","4","869","2025-12-31T00:00:00.000"
"75662","5","419","2025-12-31T00:00:00.000"
"75666","1","1","2025-12-31T00:00:00.000"
"75666","3","3","2025-12-31T00:00:00.000"
"75666","5","1","2025-12-31T00:00:00.000"
"75667","1","10","2025-12-31T00:00:00.000"
"75667","3","212","2025-12-31T00:00:00.000"
"75667","4","33","2025-12-31T00:00:00.000"
"75667","5","38","2025-12-31T00:00:00.000"
"75668","1","77","2025-12-31T00:00:00.000"
"75668","3","354","2025-12-31T00:00:00.000"
"75668","4","130","2025-12-31T00:00:00.000"
"75668","5","26","2025-12-31T00:00:00.000"
"75669","1","12","2025-12-31T00:00:00.000"
"75669","3","114","2025-12-31T00:00:00.000"
"75669","4","11","2025-12-31T00:00:00.000"
"75669","5","35","2025-12-31T00:00:00.000"
"75670","1","409","2025-12-31T00:00:00.000"
"75670","2","4","2025-12-31T00:00:00.000"
"75670","3","1916","2025-12-31T00:00:00.000"
"75670","4","757","2025-12-31T00:00:00.000"
"75670","5","269","2025-12-31T00:00:00.000"
"75670","6","1","2025-12-31T00:00:00.000"
"75672","1","594","2025-12-31T00:00:00.000"
"75672","3","4130","2025-12-31T00:00:00.000"
"75672","4","587","2025-12-31T00:00:00.000"
"75672","5","362","2025-12-31T00:00:00.000"
"75672","6","1","2025-12-31T00:00:00.000"
"75680","3","27","2025-12-31T00:00:00.000"
"75680","4","3","2025-12-31T00:00:00.000"
"75680","5","3","2025-12-31T00:00:00.000"
"75681","1","54","2025-12-31T00:00:00.000"
"75681","3","420","2025-12-31T00:00:00.000"
"75681","4","77","2025-12-31T00:00:00.000"
"75681","5","107","2025-12-31T00:00:00.000"
"75682","1","3","2025-12-31T00:00:00.000"
"75682","3","53","2025-12-31T00:00:00.000"
"75682","4","5","2025-12-31T00:00:00.000"
"75682","5","12","2025-12-31T00:00:00.000"
"75683","1","77","2025-12-31T00:00:00.000"
"75683","3","663","2025-12-31T00:00:00.000"
"75683","4","115","2025-12-31T00:00:00.000"
"75683","5","92","2025-12-31T00:00:00.000"
"75684","1","154","2025-12-31T00:00:00.000"
"75684","3","995","2025-12-31T00:00:00.000"
"75684","4","222","2025-12-31T00:00:00.000"
"75684","5","188","2025-12-31T00:00:00.000"
"75685","3","9","2025-12-31T00:00:00.000"
"75685","4","1","2025-12-31T00:00:00.000"
"75685","5","2","2025-12-31T00:00:00.000"
"75686","1","321","2025-12-31T00:00:00.000"
"75686","3","2807","2025-12-31T00:00:00.000"
"75686","4","502","2025-12-31T00:00:00.000"
"75686","5","206","2025-12-31T00:00:00.000"
"75687","1","1","2025-12-31T00:00:00.000"
"75687","3","1","2025-12-31T00:00:00.000"
"75687","4","1","2025-12-31T00:00:00.000"
"75687","5","1","2025-12-31T00:00:00.000"
"75688","1","1","2025-12-31T00:00:00.000"
"75688","3","12","2025-12-31T00:00:00.000"
"75688","5","2","2025-12-31T00:00:00.000"
"75689","1","1","2025-12-31T00:00:00.000"
"75689","3","3","2025-12-31T00:00:00.000"
"75689","4","5","2025-12-31T00:00:00.000"
"75689","5","1","2025-12-31T00:00:00.000"
"75691","1","98","2025-12-31T00:00:00.000"
"75691","3","726","2025-12-31T00:00:00.000"
"75691","4","126","2025-12-31T00:00:00.000"
"75691","5","171","2025-12-31T00:00:00.000"
"75692","1","119","2025-12-31T00:00:00.000"
"75692","3","733","2025-12-31T00:00:00.000"
"75692","4","83","2025-12-31T00:00:00.000"
"75692","5","266","2025-12-31T00:00:00.000"
"75693","1","308","2025-12-31T00:00:00.000"
"75693","3","1696","2025-12-31T00:00:00.000"
"75693","4","272","2025-12-31T00:00:00.000"
"75693","5","10","2025-12-31T00:00:00.000"
"75693","6","2","2025-12-31T00:00:00.000"
"75694","1","1","2025-12-31T00:00:00.000"
"75694","3","8","2025-12-31T00:00:00.000"
"75694","5","4","2025-12-31T00:00:00.000"
"75701","1","3460","2025-12-31T00:00:00.000"
"75701","2","101","2025-12-31T00:00:00.000"
"75701","3","7717","2025-12-31T00:00:00.000"
"75701","4","2783","2025-12-31T00:00:00.000"
"75701","5","4","2025-12-31T00:00:00.000"
"75701","6","1","2025-12-31T00:00:00.000"
"75702","1","1165","2025-12-31T00:00:00.000"
"75702","2","15","2025-12-31T00:00:00.000"
"75702","3","3176","2025-12-31T00:00:00.000"
"75702","4","1874","2025-12-31T00:00:00.000"
"75702","5","52","2025-12-31T00:00:00.000"
"75702","6","1","2025-12-31T00:00:00.000"
"75703","1","10557","2025-12-31T00:00:00.000"
"75703","2","722","2025-12-31T00:00:00.000"
"75703","3","11237","2025-12-31T00:00:00.000"
"75703","4","1435","2025-12-31T00:00:00.000"
"75703","5","236","2025-12-31T00:00:00.000"
"75703","6","1","2025-12-31T00:00:00.000"
"75704","1","398","2025-12-31T00:00:00.000"
"75704","3","1884","2025-12-31T00:00:00.000"
"75704","4","380","2025-12-31T00:00:00.000"
"75704","5","155","2025-12-31T00:00:00.000"
"75705","1","66","2025-12-31T00:00:00.000"
"75705","3","367","2025-12-31T00:00:00.000"
"75705","4","67","2025-12-31T00:00:00.000"
"75705","5","70","2025-12-31T00:00:00.000"
"75706","1","269","2025-12-31T00:00:00.000"
"75706","3","1612","2025-12-31T00:00:00.000"
"75706","4","338","2025-12-31T00:00:00.000"
"75706","5","229","2025-12-31T00:00:00.000"
"75707","1","1768","2025-12-31T00:00:00.000"
"75707","2","13","2025-12-31T00:00:00.000"
"75707","3","4429","2025-12-31T00:00:00.000"
"75707","4","581","2025-12-31T00:00:00.000"
"75707","5","238","2025-12-31T00:00:00.000"
"75708","1","230","2025-12-31T00:00:00.000"
"75708","3","740","2025-12-31T00:00:00.000"
"75708","4","234","2025-12-31T00:00:00.000"
"75708","5","323","2025-12-31T00:00:00.000"
"75709","1","1152","2025-12-31T00:00:00.000"
"75709","2","195","2025-12-31T00:00:00.000"
"75709","3","1326","2025-12-31T00:00:00.000"
"75709","4","202","2025-12-31T00:00:00.000"
"75709","5","79","2025-12-31T00:00:00.000"
"75711","3","1","2025-12-31T00:00:00.000"
"75711","4","2","2025-12-31T00:00:00.000"
"75750","1","113","2025-12-31T00:00:00.000"
"75750","3","849","2025-12-31T00:00:00.000"
"75750","4","120","2025-12-31T00:00:00.000"
"75750","5","141","2025-12-31T00:00:00.000"
"75750","6","1","2025-12-31T00:00:00.000"
"75751","1","919","2025-12-31T00:00:00.000"
"75751","2","4","2025-12-31T00:00:00.000"
"75751","3","3114","2025-12-31T00:00:00.000"
"75751","4","731","2025-12-31T00:00:00.000"
"75751","5","172","2025-12-31T00:00:00.000"
"75751","6","1","2025-12-31T00:00:00.000"
"75752","1","281","2025-12-31T00:00:00.000"
"75752","3","1933","2025-12-31T00:00:00.000"
"75752","4","190","2025-12-31T00:00:00.000"
"75752","5","213","2025-12-31T00:00:00.000"
"75752","6","1","2025-12-31T00:00:00.000"
"75754","1","155","2025-12-31T00:00:00.000"
"75754","3","1168","2025-12-31T00:00:00.000"
"75754","4","108","2025-12-31T00:00:00.000"
"75754","5","194","2025-12-31T00:00:00.000"
"75755","1","182","2025-12-31T00:00:00.000"
"75755","3","1041","2025-12-31T00:00:00.000"
"75755","4","164","2025-12-31T00:00:00.000"
"75755","5","140","2025-12-31T00:00:00.000"
"75756","1","152","2025-12-31T00:00:00.000"
"75756","3","873","2025-12-31T00:00:00.000"
"75756","4","96","2025-12-31T00:00:00.000"
"75756","5","116","2025-12-31T00:00:00.000"
"75757","1","627","2025-12-31T00:00:00.000"
"75757","2","21","2025-12-31T00:00:00.000"
"75757","3","4564","2025-12-31T00:00:00.000"
"75757","4","598","2025-12-31T00:00:00.000"
"75757","5","389","2025-12-31T00:00:00.000"
"75757","6","1","2025-12-31T00:00:00.000"
"75758","1","452","2025-12-31T00:00:00.000"
"75758","3","2583","2025-12-31T00:00:00.000"
"75758","4","385","2025-12-31T00:00:00.000"
"75758","5","301","2025-12-31T00:00:00.000"
"75759","1","2","2025-12-31T00:00:00.000"
"75759","3","9","2025-12-31T00:00:00.000"
"75759","4","3","2025-12-31T00:00:00.000"
"75759","5","1","2025-12-31T00:00:00.000"
"75760","1","54","2025-12-31T00:00:00.000"
"75760","3","380","2025-12-31T00:00:00.000"
"75760","4","78","2025-12-31T00:00:00.000"
"75760","5","100","2025-12-31T00:00:00.000"
"75762","1","943","2025-12-31T00:00:00.000"
"75762","3","4528","2025-12-31T00:00:00.000"
"75762","4","660","2025-12-31T00:00:00.000"
"75762","5","138","2025-12-31T00:00:00.000"
"75762","6","1","2025-12-31T00:00:00.000"
"75763","1","155","2025-12-31T00:00:00.000"
"75763","2","2","2025-12-31T00:00:00.000"
"75763","3","1490","2025-12-31T00:00:00.000"
"75763","4","199","2025-12-31T00:00:00.000"
"75763","5","202","2025-12-31T00:00:00.000"
"75763","6","1","2025-12-31T00:00:00.000"
"75764","1","1","2025-12-31T00:00:00.000"
"75764","3","20","2025-12-31T00:00:00.000"
"75764","4","1","2025-12-31T00:00:00.000"
"75764","5","4","2025-12-31T00:00:00.000"
"75765","1","170","2025-12-31T00:00:00.000"
"75765","2","65","2025-12-31T00:00:00.000"
"75765","3","2876","2025-12-31T00:00:00.000"
"75765","4","218","2025-12-31T00:00:00.000"
"75765","5","97","2025-12-31T00:00:00.000"
"75765","6","3","2025-12-31T00:00:00.000"
"75766","1","749","2025-12-31T00:00:00.000"
"75766","3","4250","2025-12-31T00:00:00.000"
"75766","4","1192","2025-12-31T00:00:00.000"
"75766","5","403","2025-12-31T00:00:00.000"
"75766","6","2","2025-12-31T00:00:00.000"
"75770","1","68","2025-12-31T00:00:00.000"
"75770","2","1","2025-12-31T00:00:00.000"
"75770","3","723","2025-12-31T00:00:00.000"
"75770","4","57","2025-12-31T00:00:00.000"
"75770","5","98","2025-12-31T00:00:00.000"
"75771","1","1465","2025-12-31T00:00:00.000"
"75771","2","20","2025-12-31T00:00:00.000"
"75771","3","6593","2025-12-31T00:00:00.000"
"75771","4","879","2025-12-31T00:00:00.000"
"75771","5","341","2025-12-31T00:00:00.000"
"75771","6","4","2025-12-31T00:00:00.000"
"75772","3","5","2025-12-31T00:00:00.000"
"75772","4","1","2025-12-31T00:00:00.000"
"75772","5","1","2025-12-31T00:00:00.000"
"75773","1","511","2025-12-31T00:00:00.000"
"75773","2","2","2025-12-31T00:00:00.000"
"75773","3","3244","2025-12-31T00:00:00.000"
"75773","4","435","2025-12-31T00:00:00.000"
"75773","5","208","2025-12-31T00:00:00.000"
"75778","1","60","2025-12-31T00:00:00.000"
"75778","2","1","2025-12-31T00:00:00.000"
"75778","3","767","2025-12-31T00:00:00.000"
"75778","4","90","2025-12-31T00:00:00.000"
"75778","5","122","2025-12-31T00:00:00.000"
"75779","3","17","2025-12-31T00:00:00.000"
"75779","4","3","2025-12-31T00:00:00.000"
"75779","5","1","2025-12-31T00:00:00.000"
"75780","1","2","2025-12-31T00:00:00.000"
"75780","3","9","2025-12-31T00:00:00.000"
"75780","4","7","2025-12-31T00:00:00.000"
"75780","5","4","2025-12-31T00:00:00.000"
"75782","3","18","2025-12-31T00:00:00.000"
"75782","4","3","2025-12-31T00:00:00.000"
"75782","5","1","2025-12-31T00:00:00.000"
"75783","1","177","2025-12-31T00:00:00.000"
"75783","2","4","2025-12-31T00:00:00.000"
"75783","3","1781","2025-12-31T00:00:00.000"
"75783","4","201","2025-12-31T00:00:00.000"
"75783","5","283","2025-12-31T00:00:00.000"
"75784","1","13","2025-12-31T00:00:00.000"
"75784","3","104","2025-12-31T00:00:00.000"
"75784","4","20","2025-12-31T00:00:00.000"
"75784","5","16","2025-12-31T00:00:00.000"
"75785","1","179","2025-12-31T00:00:00.000"
"75785","2","1","2025-12-31T00:00:00.000"
"75785","3","1568","2025-12-31T00:00:00.000"
"75785","4","405","2025-12-31T00:00:00.000"
"75785","5","221","2025-12-31T00:00:00.000"
"75788","1","2","2025-12-31T00:00:00.000"
"75788","3","7","2025-12-31T00:00:00.000"
"75788","4","1","2025-12-31T00:00:00.000"
"75789","1","269","2025-12-31T00:00:00.000"
"75789","3","1864","2025-12-31T00:00:00.000"
"75789","4","327","2025-12-31T00:00:00.000"
"75789","5","186","2025-12-31T00:00:00.000"
"75790","1","156","2025-12-31T00:00:00.000"
"75790","3","1030","2025-12-31T00:00:00.000"
"75790","4","207","2025-12-31T00:00:00.000"
"75790","5","33","2025-12-31T00:00:00.000"
"75791","1","1249","2025-12-31T00:00:00.000"
"75791","3","3996","2025-12-31T00:00:00.000"
"75791","4","682","2025-12-31T00:00:00.000"
"75791","5","146","2025-12-31T00:00:00.000"
"75791","6","1","2025-12-31T00:00:00.000"
"75792","1","99","2025-12-31T00:00:00.000"
"75792","3","773","2025-12-31T00:00:00.000"
"75792","4","118","2025-12-31T00:00:00.000"
"75792","5","125","2025-12-31T00:00:00.000"
"75799","1","27","2025-12-31T00:00:00.000"
"75801","1","890","2025-12-31T00:00:00.000"
"75801","3","2811","2025-12-31T00:00:00.000"
"75801","4","747","2025-12-31T00:00:00.000"
"75801","5","251","2025-12-31T00:00:00.000"
"75803","1","438","2025-12-31T00:00:00.000"
"75803","3","2762","2025-12-31T00:00:00.000"
"75803","4","487","2025-12-31T00:00:00.000"
"75803","5","370","2025-12-31T00:00:00.000"
"75831","1","146","2025-12-31T00:00:00.000"
"75831","3","642","2025-12-31T00:00:00.000"
"75831","4","70","2025-12-31T00:00:00.000"
"75831","5","177","2025-12-31T00:00:00.000"
"75832","1","1","2025-12-31T00:00:00.000"
"75832","3","10","2025-12-31T00:00:00.000"
"75832","4","2","2025-12-31T00:00:00.000"
"75832","5","1","2025-12-31T00:00:00.000"
"75833","1","56","2025-12-31T00:00:00.000"
"75833","3","510","2025-12-31T00:00:00.000"
"75833","4","65","2025-12-31T00:00:00.000"
"75833","5","123","2025-12-31T00:00:00.000"
"75835","1","204","2025-12-31T00:00:00.000"
"75835","3","1876","2025-12-31T00:00:00.000"
"75835","4","390","2025-12-31T00:00:00.000"
"75835","5","189","2025-12-31T00:00:00.000"
"75835","6","1","2025-12-31T00:00:00.000"
"75838","1","12","2025-12-31T00:00:00.000"
"75838","3","109","2025-12-31T00:00:00.000"
"75838","4","22","2025-12-31T00:00:00.000"
"75838","5","20","2025-12-31T00:00:00.000"
"75839","1","84","2025-12-31T00:00:00.000"
"75839","3","763","2025-12-31T00:00:00.000"
"75839","4","159","2025-12-31T00:00:00.000"
"75839","5","199","2025-12-31T00:00:00.000"
"75840","1","170","2025-12-31T00:00:00.000"
"75840","3","1127","2025-12-31T00:00:00.000"
"75840","4","284","2025-12-31T00:00:00.000"
"75840","5","186","2025-12-31T00:00:00.000"
"75844","1","110","2025-12-31T00:00:00.000"
"75844","3","970","2025-12-31T00:00:00.000"
"75844","4","205","2025-12-31T00:00:00.000"
"75844","5","146","2025-12-31T00:00:00.000"
"75845","1","58","2025-12-31T00:00:00.000"
"75845","3","362","2025-12-31T00:00:00.000"
"75845","4","73","2025-12-31T00:00:00.000"
"75845","5","104","2025-12-31T00:00:00.000"
"75846","1","49","2025-12-31T00:00:00.000"
"75846","3","355","2025-12-31T00:00:00.000"
"75846","4","72","2025-12-31T00:00:00.000"
"75846","5","77","2025-12-31T00:00:00.000"
"75847","1","22","2025-12-31T00:00:00.000"
"75847","3","259","2025-12-31T00:00:00.000"
"75847","4","33","2025-12-31T00:00:00.000"
"75847","5","59","2025-12-31T00:00:00.000"
"75848","1","1","2025-12-31T00:00:00.000"
"75848","3","10","2025-12-31T00:00:00.000"
"75848","4","2","2025-12-31T00:00:00.000"
"75848","5","4","2025-12-31T00:00:00.000"
"75849","1","2","2025-12-31T00:00:00.000"
"75849","3","14","2025-12-31T00:00:00.000"
"75849","4","5","2025-12-31T00:00:00.000"
"75849","5","2","2025-12-31T00:00:00.000"
"75850","1","8","2025-12-31T00:00:00.000"
"75850","3","63","2025-12-31T00:00:00.000"
"75850","4","14","2025-12-31T00:00:00.000"
"75850","5","28","2025-12-31T00:00:00.000"
"75851","1","65","2025-12-31T00:00:00.000"
"75851","3","314","2025-12-31T00:00:00.000"
"75851","4","70","2025-12-31T00:00:00.000"
"75851","5","98","2025-12-31T00:00:00.000"
"75852","1","34","2025-12-31T00:00:00.000"
"75852","2","1","2025-12-31T00:00:00.000"
"75852","3","191","2025-12-31T00:00:00.000"
"75852","4","33","2025-12-31T00:00:00.000"
"75852","5","68","2025-12-31T00:00:00.000"
"75853","1","27","2025-12-31T00:00:00.000"
"75853","3","136","2025-12-31T00:00:00.000"
"75853","4","32","2025-12-31T00:00:00.000"
"75853","5","52","2025-12-31T00:00:00.000"
"75855","1","63","2025-12-31T00:00:00.000"
"75855","3","373","2025-12-31T00:00:00.000"
"75855","4","70","2025-12-31T00:00:00.000"
"75855","5","121","2025-12-31T00:00:00.000"
"75856","1","7","2025-12-31T00:00:00.000"
"75856","3","42","2025-12-31T00:00:00.000"
"75856","4","7","2025-12-31T00:00:00.000"
"75856","5","7","2025-12-31T00:00:00.000"
"75858","1","2","2025-12-31T00:00:00.000"
"75858","3","11","2025-12-31T00:00:00.000"
"75858","4","2","2025-12-31T00:00:00.000"
"75858","5","6","2025-12-31T00:00:00.000"
"75859","1","35","2025-12-31T00:00:00.000"
"75859","3","795","2025-12-31T00:00:00.000"
"75859","4","81","2025-12-31T00:00:00.000"
"75859","5","116","2025-12-31T00:00:00.000"
"75860","1","143","2025-12-31T00:00:00.000"
"75860","3","766","2025-12-31T00:00:00.000"
"75860","4","238","2025-12-31T00:00:00.000"
"75860","5","172","2025-12-31T00:00:00.000"
"75860","6","1","2025-12-31T00:00:00.000"
"75861","1","52","2025-12-31T00:00:00.000"
"75861","3","190","2025-12-31T00:00:00.000"
"75861","4","31","2025-12-31T00:00:00.000"
"75861","5","79","2025-12-31T00:00:00.000"
"75862","1","228","2025-12-31T00:00:00.000"
"75862","2","6","2025-12-31T00:00:00.000"
"75862","3","2067","2025-12-31T00:00:00.000"
"75862","4","298","2025-12-31T00:00:00.000"
"75862","5","449","2025-12-31T00:00:00.000"
"75862","6","1","2025-12-31T00:00:00.000"
"75865","1","1","2025-12-31T00:00:00.000"
"75865","3","13","2025-12-31T00:00:00.000"
"75865","4","5","2025-12-31T00:00:00.000"
"75865","5","3","2025-12-31T00:00:00.000"
"75901","1","1739","2025-12-31T00:00:00.000"
"75901","2","24","2025-12-31T00:00:00.000"
"75901","3","5211","2025-12-31T00:00:00.000"
"75901","4","1357","2025-12-31T00:00:00.000"
"75901","5","349","2025-12-31T00:00:00.000"
"75904","1","1847","2025-12-31T00:00:00.000"
"75904","2","6","2025-12-31T00:00:00.000"
"75904","3","6210","2025-12-31T00:00:00.000"
"75904","4","1571","2025-12-31T00:00:00.000"
"75904","5","423","2025-12-31T00:00:00.000"
"75904","6","1","2025-12-31T00:00:00.000"
"75925","1","66","2025-12-31T00:00:00.000"
"75925","3","470","2025-12-31T00:00:00.000"
"75925","4","142","2025-12-31T00:00:00.000"
"75925","5","123","2025-12-31T00:00:00.000"
"75926","1","18","2025-12-31T00:00:00.000"
"75926","3","201","2025-12-31T00:00:00.000"
"75926","4","30","2025-12-31T00:00:00.000"
"75926","5","49","2025-12-31T00:00:00.000"
"75928","1","15","2025-12-31T00:00:00.000"
"75928","3","117","2025-12-31T00:00:00.000"
"75928","4","15","2025-12-31T00:00:00.000"
"75928","5","47","2025-12-31T00:00:00.000"
"75929","1","20","2025-12-31T00:00:00.000"
"75929","3","528","2025-12-31T00:00:00.000"
"75929","4","79","2025-12-31T00:00:00.000"
"75929","5","103","2025-12-31T00:00:00.000"
"75930","1","21","2025-12-31T00:00:00.000"
"75930","3","216","2025-12-31T00:00:00.000"
"75930","4","19","2025-12-31T00:00:00.000"
"75930","5","98","2025-12-31T00:00:00.000"
"75931","1","56","2025-12-31T00:00:00.000"
"75931","2","58","2025-12-31T00:00:00.000"
"75931","3","1228","2025-12-31T00:00:00.000"
"75931","4","145","2025-12-31T00:00:00.000"
"75931","5","134","2025-12-31T00:00:00.000"
"75931","6","3","2025-12-31T00:00:00.000"
"75932","1","18","2025-12-31T00:00:00.000"
"75932","3","529","2025-12-31T00:00:00.000"
"75932","4","68","2025-12-31T00:00:00.000"
"75932","5","64","2025-12-31T00:00:00.000"
"75933","1","16","2025-12-31T00:00:00.000"
"75933","3","149","2025-12-31T00:00:00.000"
"75933","4","19","2025-12-31T00:00:00.000"
"75933","5","48","2025-12-31T00:00:00.000"
"75934","3","12","2025-12-31T00:00:00.000"
"75934","5","4","2025-12-31T00:00:00.000"
"75935","1","228","2025-12-31T00:00:00.000"
"75935","2","1","2025-12-31T00:00:00.000"
"75935","3","1493","2025-12-31T00:00:00.000"
"75935","4","343","2025-12-31T00:00:00.000"
"75935","5","294","2025-12-31T00:00:00.000"
"75935","6","1","2025-12-31T00:00:00.000"
"75936","1","13","2025-12-31T00:00:00.000"
"75936","3","139","2025-12-31T00:00:00.000"
"75936","4","27","2025-12-31T00:00:00.000"
"75936","5","26","2025-12-31T00:00:00.000"
"75937","1","27","2025-12-31T00:00:00.000"
"75937","3","171","2025-12-31T00:00:00.000"
"75937","4","31","2025-12-31T00:00:00.000"
"75937","5","35","2025-12-31T00:00:00.000"
"75938","1","41","2025-12-31T00:00:00.000"
"75938","3","557","2025-12-31T00:00:00.000"
"75938","4","65","2025-12-31T00:00:00.000"
"75938","5","108","2025-12-31T00:00:00.000"
"75939","1","66","2025-12-31T00:00:00.000"
"75939","3","488","2025-12-31T00:00:00.000"
"75939","4","95","2025-12-31T00:00:00.000"
"75939","5","77","2025-12-31T00:00:00.000"
"75941","1","119","2025-12-31T00:00:00.000"
"75941","3","1315","2025-12-31T00:00:00.000"
"75941","4","212","2025-12-31T00:00:00.000"
"75941","5","100","2025-12-31T00:00:00.000"
"75942","1","2","2025-12-31T00:00:00.000"
"75942","3","15","2025-12-31T00:00:00.000"
"75942","4","3","2025-12-31T00:00:00.000"
"75942","5","8","2025-12-31T00:00:00.000"
"75943","1","27","2025-12-31T00:00:00.000"
"75943","3","270","2025-12-31T00:00:00.000"
"75943","4","38","2025-12-31T00:00:00.000"
"75943","5","58","2025-12-31T00:00:00.000"
"75944","1","24","2025-12-31T00:00:00.000"
"75944","3","340","2025-12-31T00:00:00.000"
"75944","4","30","2025-12-31T00:00:00.000"
"75944","5","53","2025-12-31T00:00:00.000"
"75946","1","95","2025-12-31T00:00:00.000"
"75946","3","469","2025-12-31T00:00:00.000"
"75946","4","134","2025-12-31T00:00:00.000"
"75946","5","111","2025-12-31T00:00:00.000"
"75948","1","69","2025-12-31T00:00:00.000"
"75948","2","1","2025-12-31T00:00:00.000"
"75948","3","1713","2025-12-31T00:00:00.000"
"75948","4","209","2025-12-31T00:00:00.000"
"75948","5","350","2025-12-31T00:00:00.000"
"75949","1","161","2025-12-31T00:00:00.000"
"75949","3","1330","2025-12-31T00:00:00.000"
"75949","4","212","2025-12-31T00:00:00.000"
"75949","5","299","2025-12-31T00:00:00.000"
"75951","1","419","2025-12-31T00:00:00.000"
"75951","2","5","2025-12-31T00:00:00.000"
"75951","3","2686","2025-12-31T00:00:00.000"
"75951","4","521","2025-12-31T00:00:00.000"
"75951","5","418","2025-12-31T00:00:00.000"
"75954","1","42","2025-12-31T00:00:00.000"
"75954","3","338","2025-12-31T00:00:00.000"
"75954","4","52","2025-12-31T00:00:00.000"
"75954","5","137","2025-12-31T00:00:00.000"
"75956","1","106","2025-12-31T00:00:00.000"
"75956","3","1127","2025-12-31T00:00:00.000"
"75956","4","172","2025-12-31T00:00:00.000"
"75956","5","239","2025-12-31T00:00:00.000"
"75958","3","2","2025-12-31T00:00:00.000"
"75958","4","1","2025-12-31T00:00:00.000"
"75958","5","4","2025-12-31T00:00:00.000"
"75959","1","8","2025-12-31T00:00:00.000"
"75959","3","210","2025-12-31T00:00:00.000"
"75959","4","34","2025-12-31T00:00:00.000"
"75959","5","34","2025-12-31T00:00:00.000"
"75960","1","13","2025-12-31T00:00:00.000"
"75960","3","132","2025-12-31T00:00:00.000"
"75960","4","12","2025-12-31T00:00:00.000"
"75960","5","40","2025-12-31T00:00:00.000"
"75961","1","7498","2025-12-31T00:00:00.000"
"75961","2","39","2025-12-31T00:00:00.000"
"75961","3","2015","2025-12-31T00:00:00.000"
"75961","4","688","2025-12-31T00:00:00.000"
"75961","5","244","2025-12-31T00:00:00.000"
"75962","1","4","2025-12-31T00:00:00.000"
"75962","3","1","2025-12-31T00:00:00.000"
"75964","1","532","2025-12-31T00:00:00.000"
"75964","3","2846","2025-12-31T00:00:00.000"
"75964","4","845","2025-12-31T00:00:00.000"
"75964","5","277","2025-12-31T00:00:00.000"
"75965","1","2318","2025-12-31T00:00:00.000"
"75965","2","88","2025-12-31T00:00:00.000"
"75965","3","3768","2025-12-31T00:00:00.000"
"75965","4","724","2025-12-31T00:00:00.000"
"75965","5","94","2025-12-31T00:00:00.000"
"75965","6","1","2025-12-31T00:00:00.000"
"75966","1","64","2025-12-31T00:00:00.000"
"75966","3","546","2025-12-31T00:00:00.000"
"75966","4","74","2025-12-31T00:00:00.000"
"75966","5","152","2025-12-31T00:00:00.000"
"75968","1","21","2025-12-31T00:00:00.000"
"75968","3","184","2025-12-31T00:00:00.000"
"75968","4","25","2025-12-31T00:00:00.000"
"75968","5","54","2025-12-31T00:00:00.000"
"75969","1","71","2025-12-31T00:00:00.000"
"75969","3","520","2025-12-31T00:00:00.000"
"75969","4","95","2025-12-31T00:00:00.000"
"75969","5","163","2025-12-31T00:00:00.000"
"75972","1","84","2025-12-31T00:00:00.000"
"75972","3","723","2025-12-31T00:00:00.000"
"75972","4","136","2025-12-31T00:00:00.000"
"75972","5","153","2025-12-31T00:00:00.000"
"75973","1","24","2025-12-31T00:00:00.000"
"75973","3","325","2025-12-31T00:00:00.000"
"75973","4","38","2025-12-31T00:00:00.000"
"75973","5","131","2025-12-31T00:00:00.000"
"75974","1","37","2025-12-31T00:00:00.000"
"75974","3","256","2025-12-31T00:00:00.000"
"75974","4","42","2025-12-31T00:00:00.000"
"75974","5","97","2025-12-31T00:00:00.000"
"75975","1","68","2025-12-31T00:00:00.000"
"75975","3","415","2025-12-31T00:00:00.000"
"75975","4","71","2025-12-31T00:00:00.000"
"75975","5","124","2025-12-31T00:00:00.000"
"75976","1","20","2025-12-31T00:00:00.000"
"75976","3","104","2025-12-31T00:00:00.000"
"75976","4","22","2025-12-31T00:00:00.000"
"75976","5","21","2025-12-31T00:00:00.000"
"75977","1","4","2025-12-31T00:00:00.000"
"75977","3","96","2025-12-31T00:00:00.000"
"75977","4","8","2025-12-31T00:00:00.000"
"75977","5","14","2025-12-31T00:00:00.000"
"75978","3","5","2025-12-31T00:00:00.000"
"75978","4","1","2025-12-31T00:00:00.000"
"75978","5","2","2025-12-31T00:00:00.000"
"75979","1","191","2025-12-31T00:00:00.000"
"75979","3","1543","2025-12-31T00:00:00.000"
"75979","4","279","2025-12-31T00:00:00.000"
"75979","5","207","2025-12-31T00:00:00.000"
"75979","6","3","2025-12-31T00:00:00.000"
"75980","1","37","2025-12-31T00:00:00.000"
"75980","3","541","2025-12-31T00:00:00.000"
"75980","4","102","2025-12-31T00:00:00.000"
"75980","5","154","2025-12-31T00:00:00.000"
"76001","1","2278","2025-12-31T00:00:00.000"
"76001","2","59","2025-12-31T00:00:00.000"
"76001","3","9071","2025-12-31T00:00:00.000"
"76001","4","1129","2025-12-31T00:00:00.000"
"76001","5","117","2025-12-31T00:00:00.000"
"76002","1","2430","2025-12-31T00:00:00.000"
"76002","3","8747","2025-12-31T00:00:00.000"
"76002","4","1524","2025-12-31T00:00:00.000"
"76002","5","5","2025-12-31T00:00:00.000"
"76002","6","1","2025-12-31T00:00:00.000"
"76005","1","1025","2025-12-31T00:00:00.000"
"76005","2","718","2025-12-31T00:00:00.000"
"76005","3","3004","2025-12-31T00:00:00.000"
"76005","4","159","2025-12-31T00:00:00.000"
"76006","1","6592","2025-12-31T00:00:00.000"
"76006","2","605","2025-12-31T00:00:00.000"
"76006","3","2434","2025-12-31T00:00:00.000"
"76006","4","296","2025-12-31T00:00:00.000"
"76006","5","40","2025-12-31T00:00:00.000"
"76006","6","2","2025-12-31T00:00:00.000"
"76008","1","1197","2025-12-31T00:00:00.000"
"76008","2","186","2025-12-31T00:00:00.000"
"76008","3","9469","2025-12-31T00:00:00.000"
"76008","4","721","2025-12-31T00:00:00.000"
"76008","5","124","2025-12-31T00:00:00.000"
"76008","6","2","2025-12-31T00:00:00.000"
"76009","1","927","2025-12-31T00:00:00.000"
"76009","3","3942","2025-12-31T00:00:00.000"
"76009","4","436","2025-12-31T00:00:00.000"
"76009","5","859","2025-12-31T00:00:00.000"
"76010","1","11928","2025-12-31T00:00:00.000"
"76010","2","27","2025-12-31T00:00:00.000"
"76010","3","5461","2025-12-31T00:00:00.000"
"76010","4","1861","2025-12-31T00:00:00.000"
"76010","5","4","2025-12-31T00:00:00.000"
"76011","1","6800","2025-12-31T00:00:00.000"
"76011","2","798","2025-12-31T00:00:00.000"
"76011","3","1405","2025-12-31T00:00:00.000"
"76011","4","579","2025-12-31T00:00:00.000"
"76011","5","6","2025-12-31T00:00:00.000"
"76011","6","1","2025-12-31T00:00:00.000"
"76012","1","1868","2025-12-31T00:00:00.000"
"76012","2","284","2025-12-31T00:00:00.000"
"76012","3","6762","2025-12-31T00:00:00.000"
"76012","4","1055","2025-12-31T00:00:00.000"
"76012","5","87","2025-12-31T00:00:00.000"
"76012","6","2","2025-12-31T00:00:00.000"
"76013","1","4574","2025-12-31T00:00:00.000"
"76013","2","206","2025-12-31T00:00:00.000"
"76013","3","7395","2025-12-31T00:00:00.000"
"76013","4","1204","2025-12-31T00:00:00.000"
"76013","5","7","2025-12-31T00:00:00.000"
"76013","6","2","2025-12-31T00:00:00.000"
"76014","1","3293","2025-12-31T00:00:00.000"
"76014","2","46","2025-12-31T00:00:00.000"
"76014","3","4958","2025-12-31T00:00:00.000"
"76014","4","1580","2025-12-31T00:00:00.000"
"76014","5","2","2025-12-31T00:00:00.000"
"76015","1","2521","2025-12-31T00:00:00.000"
"76015","2","54","2025-12-31T00:00:00.000"
"76015","3","3101","2025-12-31T00:00:00.000"
"76015","4","839","2025-12-31T00:00:00.000"
"76015","6","1","2025-12-31T00:00:00.000"
"76016","1","1809","2025-12-31T00:00:00.000"
"76016","2","28","2025-12-31T00:00:00.000"
"76016","3","10121","2025-12-31T00:00:00.000"
"76016","4","1212","2025-12-31T00:00:00.000"
"76016","5","9","2025-12-31T00:00:00.000"
"76017","1","4416","2025-12-31T00:00:00.000"
"76017","2","75","2025-12-31T00:00:00.000"
"76017","3","11582","2025-12-31T00:00:00.000"
"76017","4","1843","2025-12-31T00:00:00.000"
"76017","5","111","2025-12-31T00:00:00.000"
"76017","6","1","2025-12-31T00:00:00.000"
"76018","1","2233","2025-12-31T00:00:00.000"
"76018","3","6250","2025-12-31T00:00:00.000"
"76018","4","1282","2025-12-31T00:00:00.000"
"76018","5","2","2025-12-31T00:00:00.000"
"76019","1","10","2025-12-31T00:00:00.000"
"76019","3","2","2025-12-31T00:00:00.000"
"76020","1","2512","2025-12-31T00:00:00.000"
"76020","2","35","2025-12-31T00:00:00.000"
"76020","3","10333","2025-12-31T00:00:00.000"
"76020","4","1011","2025-12-31T00:00:00.000"
"76020","5","588","2025-12-31T00:00:00.000"
"76020","6","2","2025-12-31T00:00:00.000"
"76021","1","7642","2025-12-31T00:00:00.000"
"76021","2","542","2025-12-31T00:00:00.000"
"76021","3","9076","2025-12-31T00:00:00.000"
"76021","4","865","2025-12-31T00:00:00.000"
"76021","5","8","2025-12-31T00:00:00.000"
"76022","1","3135","2025-12-31T00:00:00.000"
"76022","2","39","2025-12-31T00:00:00.000"
"76022","3","3199","2025-12-31T00:00:00.000"
"76022","4","528","2025-12-31T00:00:00.000"
"76022","5","5","2025-12-31T00:00:00.000"
"76022","6","1","2025-12-31T00:00:00.000"
"76023","1","271","2025-12-31T00:00:00.000"
"76023","3","2141","2025-12-31T00:00:00.000"
"76023","4","159","2025-12-31T00:00:00.000"
"76023","5","221","2025-12-31T00:00:00.000"
"76028","1","7514","2025-12-31T00:00:00.000"
"76028","2","15","2025-12-31T00:00:00.000"
"76028","3","21863","2025-12-31T00:00:00.000"
"76028","4","2183","2025-12-31T00:00:00.000"
"76028","5","374","2025-12-31T00:00:00.000"
"76028","6","2","2025-12-31T00:00:00.000"
"76031","1","684","2025-12-31T00:00:00.000"
"76031","3","3538","2025-12-31T00:00:00.000"
"76031","4","552","2025-12-31T00:00:00.000"
"76031","5","375","2025-12-31T00:00:00.000"
"76033","1","2470","2025-12-31T00:00:00.000"
"76033","3","7404","2025-12-31T00:00:00.000"
"76033","4","1251","2025-12-31T00:00:00.000"
"76033","5","127","2025-12-31T00:00:00.000"
"76033","6","1","2025-12-31T00:00:00.000"
"76034","1","529","2025-12-31T00:00:00.000"
"76034","2","211","2025-12-31T00:00:00.000"
"76034","3","9921","2025-12-31T00:00:00.000"
"76034","4","320","2025-12-31T00:00:00.000"
"76034","5","4","2025-12-31T00:00:00.000"
"76034","6","3","2025-12-31T00:00:00.000"
"76035","1","257","2025-12-31T00:00:00.000"
"76035","3","698","2025-12-31T00:00:00.000"
"76035","4","32","2025-12-31T00:00:00.000"
"76035","5","54","2025-12-31T00:00:00.000"
"76036","1","3152","2025-12-31T00:00:00.000"
"76036","2","59","2025-12-31T00:00:00.000"
"76036","3","12272","2025-12-31T00:00:00.000"
"76036","4","1277","2025-12-31T00:00:00.000"
"76036","5","175","2025-12-31T00:00:00.000"
"76039","1","10855","2025-12-31T00:00:00.000"
"76039","2","250","2025-12-31T00:00:00.000"
"76039","3","6942","2025-12-31T00:00:00.000"
"76039","4","1441","2025-12-31T00:00:00.000"
"76039","5","9","2025-12-31T00:00:00.000"
"76039","6","2","2025-12-31T00:00:00.000"
"76040","1","6035","2025-12-31T00:00:00.000"
"76040","2","42","2025-12-31T00:00:00.000"
"76040","3","5437","2025-12-31T00:00:00.000"
"76040","4","938","2025-12-31T00:00:00.000"
"76040","5","191","2025-12-31T00:00:00.000"
"76041","1","8","2025-12-31T00:00:00.000"
"76041","3","87","2025-12-31T00:00:00.000"
"76041","4","9","2025-12-31T00:00:00.000"
"76041","5","6","2025-12-31T00:00:00.000"
"76043","1","298","2025-12-31T00:00:00.000"
"76043","2","6","2025-12-31T00:00:00.000"
"76043","3","1444","2025-12-31T00:00:00.000"
"76043","4","247","2025-12-31T00:00:00.000"
"76043","5","78","2025-12-31T00:00:00.000"
"76044","1","276","2025-12-31T00:00:00.000"
"76044","2","1","2025-12-31T00:00:00.000"
"76044","3","3496","2025-12-31T00:00:00.000"
"76044","4","240","2025-12-31T00:00:00.000"
"76044","5","121","2025-12-31T00:00:00.000"
"76048","1","2496","2025-12-31T00:00:00.000"
"76048","2","62","2025-12-31T00:00:00.000"
"76048","3","7583","2025-12-31T00:00:00.000"
"76048","4","1297","2025-12-31T00:00:00.000"
"76048","5","703","2025-12-31T00:00:00.000"
"76048","6","4","2025-12-31T00:00:00.000"
"76049","1","1481","2025-12-31T00:00:00.000"
"76049","2","133","2025-12-31T00:00:00.000"
"76049","3","11227","2025-12-31T00:00:00.000"
"76049","4","1194","2025-12-31T00:00:00.000"
"76049","5","392","2025-12-31T00:00:00.000"
"76050","1","194","2025-12-31T00:00:00.000"
"76050","3","1855","2025-12-31T00:00:00.000"
"76050","4","181","2025-12-31T00:00:00.000"
"76050","5","131","2025-12-31T00:00:00.000"
"76051","1","14759","2025-12-31T00:00:00.000"
"76051","2","144","2025-12-31T00:00:00.000"
"76051","3","11470","2025-12-31T00:00:00.000"
"76051","4","1432","2025-12-31T00:00:00.000"
"76051","5","59","2025-12-31T00:00:00.000"
"76051","6","1","2025-12-31T00:00:00.000"
"76052","1","4351","2025-12-31T00:00:00.000"
"76052","2","1","2025-12-31T00:00:00.000"
"76052","3","14206","2025-12-31T00:00:00.000"
"76052","4","1419","2025-12-31T00:00:00.000"
"76052","5","65","2025-12-31T00:00:00.000"
"76052","6","1","2025-12-31T00:00:00.000"
"76053","1","5386","2025-12-31T00:00:00.000"
"76053","2","151","2025-12-31T00:00:00.000"
"76053","3","6369","2025-12-31T00:00:00.000"
"76053","4","1032","2025-12-31T00:00:00.000"
"76053","5","16","2025-12-31T00:00:00.000"
"76054","1","618","2025-12-31T00:00:00.000"
"76054","2","104","2025-12-31T00:00:00.000"
"76054","3","4442","2025-12-31T00:00:00.000"
"76054","4","325","2025-12-31T00:00:00.000"
"76054","6","2","2025-12-31T00:00:00.000"
"76055","1","83","2025-12-31T00:00:00.000"
"76055","3","478","2025-12-31T00:00:00.000"
"76055","4","97","2025-12-31T00:00:00.000"
"76055","5","58","2025-12-31T00:00:00.000"
"76058","1","851","2025-12-31T00:00:00.000"
"76058","3","4014","2025-12-31T00:00:00.000"
"76058","4","369","2025-12-31T00:00:00.000"
"76058","5","757","2025-12-31T00:00:00.000"
"76059","1","245","2025-12-31T00:00:00.000"
"76059","2","3","2025-12-31T00:00:00.000"
"76059","3","864","2025-12-31T00:00:00.000"
"76059","4","184","2025-12-31T00:00:00.000"
"76059","5","19","2025-12-31T00:00:00.000"
"76059","6","1","2025-12-31T00:00:00.000"
"76060","1","743","2025-12-31T00:00:00.000"
"76060","2","3","2025-12-31T00:00:00.000"
"76060","3","2323","2025-12-31T00:00:00.000"
"76060","4","304","2025-12-31T00:00:00.000"
"76060","5","27","2025-12-31T00:00:00.000"
"76060","6","1","2025-12-31T00:00:00.000"
"76061","1","3","2025-12-31T00:00:00.000"
"76061","3","19","2025-12-31T00:00:00.000"
"76061","4","3","2025-12-31T00:00:00.000"
"76061","5","12","2025-12-31T00:00:00.000"
"76063","1","10026","2025-12-31T00:00:00.000"
"76063","2","394","2025-12-31T00:00:00.000"
"76063","3","22318","2025-12-31T00:00:00.000"
"76063","4","2063","2025-12-31T00:00:00.000"
"76063","5","303","2025-12-31T00:00:00.000"
"76063","6","4","2025-12-31T00:00:00.000"
"76064","1","82","2025-12-31T00:00:00.000"
"76064","3","513","2025-12-31T00:00:00.000"
"76064","4","57","2025-12-31T00:00:00.000"
"76064","5","13","2025-12-31T00:00:00.000"
"76065","1","3746","2025-12-31T00:00:00.000"
"76065","2","11","2025-12-31T00:00:00.000"
"76065","3","16624","2025-12-31T00:00:00.000"
"76065","4","1322","2025-12-31T00:00:00.000"
"76065","5","131","2025-12-31T00:00:00.000"
"76065","6","1","2025-12-31T00:00:00.000"
"76066","1","160","2025-12-31T00:00:00.000"
"76066","3","901","2025-12-31T00:00:00.000"
"76066","4","70","2025-12-31T00:00:00.000"
"76066","5","95","2025-12-31T00:00:00.000"
"76066","6","1","2025-12-31T00:00:00.000"
"76067","1","964","2025-12-31T00:00:00.000"
"76067","3","3774","2025-12-31T00:00:00.000"
"76067","4","908","2025-12-31T00:00:00.000"
"76067","5","322","2025-12-31T00:00:00.000"
"76067","6","1","2025-12-31T00:00:00.000"
"76070","1","14","2025-12-31T00:00:00.000"
"76070","3","199","2025-12-31T00:00:00.000"
"76070","4","15","2025-12-31T00:00:00.000"
"76070","5","14","2025-12-31T00:00:00.000"
"76071","1","286","2025-12-31T00:00:00.000"
"76071","3","1168","2025-12-31T00:00:00.000"
"76071","4","121","2025-12-31T00:00:00.000"
"76071","5","70","2025-12-31T00:00:00.000"
"76073","1","180","2025-12-31T00:00:00.000"
"76073","3","1673","2025-12-31T00:00:00.000"
"76073","4","107","2025-12-31T00:00:00.000"
"76073","5","188","2025-12-31T00:00:00.000"
"76077","1","19","2025-12-31T00:00:00.000"
"76077","3","106","2025-12-31T00:00:00.000"
"76077","4","6","2025-12-31T00:00:00.000"
"76077","5","7","2025-12-31T00:00:00.000"
"76078","1","384","2025-12-31T00:00:00.000"
"76078","3","3150","2025-12-31T00:00:00.000"
"76078","4","245","2025-12-31T00:00:00.000"
"76078","5","468","2025-12-31T00:00:00.000"
"76082","1","739","2025-12-31T00:00:00.000"
"76082","2","5","2025-12-31T00:00:00.000"
"76082","3","6169","2025-12-31T00:00:00.000"
"76082","4","447","2025-12-31T00:00:00.000"
"76082","5","831","2025-12-31T00:00:00.000"
"76084","1","897","2025-12-31T00:00:00.000"
"76084","3","4250","2025-12-31T00:00:00.000"
"76084","4","351","2025-12-31T00:00:00.000"
"76084","5","355","2025-12-31T00:00:00.000"
"76085","1","490","2025-12-31T00:00:00.000"
"76085","2","2","2025-12-31T00:00:00.000"
"76085","3","3823","2025-12-31T00:00:00.000"
"76085","4","213","2025-12-31T00:00:00.000"
"76085","5","344","2025-12-31T00:00:00.000"
"76085","6","4","2025-12-31T00:00:00.000"
"76086","1","4638","2025-12-31T00:00:00.000"
"76086","2","9","2025-12-31T00:00:00.000"
"76086","3","4848","2025-12-31T00:00:00.000"
"76086","4","1294","2025-12-31T00:00:00.000"
"76086","5","14","2025-12-31T00:00:00.000"
"76087","1","3504","2025-12-31T00:00:00.000"
"76087","2","4","2025-12-31T00:00:00.000"
"76087","3","11343","2025-12-31T00:00:00.000"
"76087","4","757","2025-12-31T00:00:00.000"
"76087","5","368","2025-12-31T00:00:00.000"
"76087","6","2","2025-12-31T00:00:00.000"
"76088","1","702","2025-12-31T00:00:00.000"
"76088","3","4323","2025-12-31T00:00:00.000"
"76088","4","418","2025-12-31T00:00:00.000"
"76088","5","208","2025-12-31T00:00:00.000"
"76092","1","947","2025-12-31T00:00:00.000"
"76092","2","206","2025-12-31T00:00:00.000"
"76092","3","10498","2025-12-31T00:00:00.000"
"76092","4","430","2025-12-31T00:00:00.000"
"76092","5","22","2025-12-31T00:00:00.000"
"76092","6","4","2025-12-31T00:00:00.000"
"76093","1","80","2025-12-31T00:00:00.000"
"76093","3","559","2025-12-31T00:00:00.000"
"76093","4","94","2025-12-31T00:00:00.000"
"76093","5","41","2025-12-31T00:00:00.000"
"76101","1","-76","2025-12-31T00:00:00.000"
"76101","3","55","2025-12-31T00:00:00.000"
"76101","4","3","2025-12-31T00:00:00.000"
"76102","1","5645","2025-12-31T00:00:00.000"
"76102","2","837","2025-12-31T00:00:00.000"
"76102","3","248","2025-12-31T00:00:00.000"
"76102","4","102","2025-12-31T00:00:00.000"
"76102","5","1","2025-12-31T00:00:00.000"
"76102","6","1","2025-12-31T00:00:00.000"
"76103","1","709","2025-12-31T00:00:00.000"
"76103","3","2672","2025-12-31T00:00:00.000"
"76103","4","762","2025-12-31T00:00:00.000"
"76103","5","1","2025-12-31T00:00:00.000"
"76104","1","4417","2025-12-31T00:00:00.000"
"76104","2","63","2025-12-31T00:00:00.000"
"76104","3","2438","2025-12-31T00:00:00.000"
"76104","4","1079","2025-12-31T00:00:00.000"
"76104","5","7","2025-12-31T00:00:00.000"
"76105","1","1449","2025-12-31T00:00:00.000"
"76105","3","2440","2025-12-31T00:00:00.000"
"76105","4","1287","2025-12-31T00:00:00.000"
"76105","5","1","2025-12-31T00:00:00.000"
"76106","1","1536","2025-12-31T00:00:00.000"
"76106","3","3411","2025-12-31T00:00:00.000"
"76106","4","1633","2025-12-31T00:00:00.000"
"76106","6","2","2025-12-31T00:00:00.000"
"76107","1","8120","2025-12-31T00:00:00.000"
"76107","2","768","2025-12-31T00:00:00.000"
"76107","3","6751","2025-12-31T00:00:00.000"
"76107","4","1963","2025-12-31T00:00:00.000"
"76107","5","8","2025-12-31T00:00:00.000"
"76107","6","12","2025-12-31T00:00:00.000"
"76108","1","4853","2025-12-31T00:00:00.000"
"76108","2","5","2025-12-31T00:00:00.000"
"76108","3","13648","2025-12-31T00:00:00.000"
"76108","4","1932","2025-12-31T00:00:00.000"
"76108","5","36","2025-12-31T00:00:00.000"
"76108","6","1","2025-12-31T00:00:00.000"
"76109","1","10339","2025-12-31T00:00:00.000"
"76109","2","521","2025-12-31T00:00:00.000"
"76109","3","5441","2025-12-31T00:00:00.000"
"76109","4","1010","2025-12-31T00:00:00.000"
"76109","6","6","2025-12-31T00:00:00.000"
"76110","1","2811","2025-12-31T00:00:00.000"
"76110","2","49","2025-12-31T00:00:00.000"
"76110","3","4661","2025-12-31T00:00:00.000"
"76110","4","1992","2025-12-31T00:00:00.000"
"76110","5","3","2025-12-31T00:00:00.000"
"76111","1","1618","2025-12-31T00:00:00.000"
"76111","2","4","2025-12-31T00:00:00.000"
"76111","3","3488","2025-12-31T00:00:00.000"
"76111","4","1380","2025-12-31T00:00:00.000"
"76111","5","2","2025-12-31T00:00:00.000"
"76112","1","3645","2025-12-31T00:00:00.000"
"76112","2","319","2025-12-31T00:00:00.000"
"76112","3","7455","2025-12-31T00:00:00.000"
"76112","4","1521","2025-12-31T00:00:00.000"
"76112","5","6","2025-12-31T00:00:00.000"
"76114","1","3309","2025-12-31T00:00:00.000"
"76114","2","253","2025-12-31T00:00:00.000"
"76114","3","4962","2025-12-31T00:00:00.000"
"76114","4","1409","2025-12-31T00:00:00.000"
"76114","5","93","2025-12-31T00:00:00.000"
"76114","6","2","2025-12-31T00:00:00.000"
"76115","1","430","2025-12-31T00:00:00.000"
"76115","3","1866","2025-12-31T00:00:00.000"
"76115","4","1025","2025-12-31T00:00:00.000"
"76116","1","8496","2025-12-31T00:00:00.000"
"76116","2","387","2025-12-31T00:00:00.000"
"76116","3","8162","2025-12-31T00:00:00.000"
"76116","4","1664","2025-12-31T00:00:00.000"
"76116","5","5","2025-12-31T00:00:00.000"
"76116","6","2","2025-12-31T00:00:00.000"
"76117","1","2460","2025-12-31T00:00:00.000"
"76117","2","148","2025-12-31T00:00:00.000"
"76117","3","5798","2025-12-31T00:00:00.000"
"76117","4","1512","2025-12-31T00:00:00.000"
"76117","5","10","2025-12-31T00:00:00.000"
"76117","6","1","2025-12-31T00:00:00.000"
"76118","1","1315","2025-12-31T00:00:00.000"
"76118","3","4814","2025-12-31T00:00:00.000"
"76118","4","624","2025-12-31T00:00:00.000"
"76118","5","4","2025-12-31T00:00:00.000"
"76118","6","4","2025-12-31T00:00:00.000"
"76119","1","1777","2025-12-31T00:00:00.000"
"76119","2","3","2025-12-31T00:00:00.000"
"76119","3","5163","2025-12-31T00:00:00.000"
"76119","4","1837","2025-12-31T00:00:00.000"
"76119","5","325","2025-12-31T00:00:00.000"
"76119","6","1","2025-12-31T00:00:00.000"
"76120","1","3681","2025-12-31T00:00:00.000"
"76120","2","125","2025-12-31T00:00:00.000"
"76120","3","3724","2025-12-31T00:00:00.000"
"76120","4","500","2025-12-31T00:00:00.000"
"76120","5","124","2025-12-31T00:00:00.000"
"76122","1","1","2025-12-31T00:00:00.000"
"76122","4","2","2025-12-31T00:00:00.000"
"76123","1","5337","2025-12-31T00:00:00.000"
"76123","2","13","2025-12-31T00:00:00.000"
"76123","3","11235","2025-12-31T00:00:00.000"
"76123","4","1646","2025-12-31T00:00:00.000"
"76123","5","5","2025-12-31T00:00:00.000"
"76126","1","2407","2025-12-31T00:00:00.000"
"76126","2","240","2025-12-31T00:00:00.000"
"76126","3","10069","2025-12-31T00:00:00.000"
"76126","4","831","2025-12-31T00:00:00.000"
"76126","5","46","2025-12-31T00:00:00.000"
"76126","6","1","2025-12-31T00:00:00.000"
"76127","1","93","2025-12-31T00:00:00.000"
"76127","3","4","2025-12-31T00:00:00.000"
"76129","1","14216","2025-12-31T00:00:00.000"
"76129","3","6","2025-12-31T00:00:00.000"
"76131","1","4813","2025-12-31T00:00:00.000"
"76131","2","1","2025-12-31T00:00:00.000"
"76131","3","16090","2025-12-31T00:00:00.000"
"76131","4","2275","2025-12-31T00:00:00.000"
"76131","5","42","2025-12-31T00:00:00.000"
"76131","6","3","2025-12-31T00:00:00.000"
"76132","1","7369","2025-12-31T00:00:00.000"
"76132","2","172","2025-12-31T00:00:00.000"
"76132","3","4220","2025-12-31T00:00:00.000"
"76132","4","458","2025-12-31T00:00:00.000"
"76132","5","1","2025-12-31T00:00:00.000"
"76132","6","2","2025-12-31T00:00:00.000"
"76133","1","4151","2025-12-31T00:00:00.000"
"76133","2","42","2025-12-31T00:00:00.000"
"76133","3","11436","2025-12-31T00:00:00.000"
"76133","4","2372","2025-12-31T00:00:00.000"
"76133","5","2","2025-12-31T00:00:00.000"
"76134","1","1964","2025-12-31T00:00:00.000"
"76134","3","5718","2025-12-31T00:00:00.000"
"76134","4","1129","2025-12-31T00:00:00.000"
"76134","5","2","2025-12-31T00:00:00.000"
"76134","6","2","2025-12-31T00:00:00.000"
"76135","1","2228","2025-12-31T00:00:00.000"
"76135","2","8","2025-12-31T00:00:00.000"
"76135","3","4921","2025-12-31T00:00:00.000"
"76135","4","738","2025-12-31T00:00:00.000"
"76135","5","98","2025-12-31T00:00:00.000"
"76137","1","9732","2025-12-31T00:00:00.000"
"76137","2","140","2025-12-31T00:00:00.000"
"76137","3","12907","2025-12-31T00:00:00.000"
"76137","4","1851","2025-12-31T00:00:00.000"
"76137","5","55","2025-12-31T00:00:00.000"
"76140","1","2127","2025-12-31T00:00:00.000"
"76140","2","4","2025-12-31T00:00:00.000"
"76140","3","6564","2025-12-31T00:00:00.000"
"76140","4","1156","2025-12-31T00:00:00.000"
"76140","5","98","2025-12-31T00:00:00.000"
"76140","6","1","2025-12-31T00:00:00.000"
"76148","1","1352","2025-12-31T00:00:00.000"
"76148","2","57","2025-12-31T00:00:00.000"
"76148","3","6524","2025-12-31T00:00:00.000"
"76148","4","1434","2025-12-31T00:00:00.000"
"76148","6","2","2025-12-31T00:00:00.000"
"76155","1","4723","2025-12-31T00:00:00.000"
"76155","3","57","2025-12-31T00:00:00.000"
"76155","4","9","2025-12-31T00:00:00.000"
"76155","5","8","2025-12-31T00:00:00.000"
"76161","3","6","2025-12-31T00:00:00.000"
"76161","4","1","2025-12-31T00:00:00.000"
"76164","1","668","2025-12-31T00:00:00.000"
"76164","3","1573","2025-12-31T00:00:00.000"
"76164","4","811","2025-12-31T00:00:00.000"
"76164","5","2","2025-12-31T00:00:00.000"
"76177","1","15014","2025-12-31T00:00:00.000"
"76177","2","59","2025-12-31T00:00:00.000"
"76177","3","4853","2025-12-31T00:00:00.000"
"76177","4","710","2025-12-31T00:00:00.000"
"76177","5","6","2025-12-31T00:00:00.000"
"76177","6","1","2025-12-31T00:00:00.000"
"76179","1","7535","2025-12-31T00:00:00.000"
"76179","2","72","2025-12-31T00:00:00.000"
"76179","3","23747","2025-12-31T00:00:00.000"
"76179","4","2965","2025-12-31T00:00:00.000"
"76179","5","40","2025-12-31T00:00:00.000"
"76179","6","3","2025-12-31T00:00:00.000"
"76180","1","9547","2025-12-31T00:00:00.000"
"76180","2","544","2025-12-31T00:00:00.000"
"76180","3","8052","2025-12-31T00:00:00.000"
"76180","4","1093","2025-12-31T00:00:00.000"
"76180","5","84","2025-12-31T00:00:00.000"
"76182","1","2298","2025-12-31T00:00:00.000"
"76182","2","191","2025-12-31T00:00:00.000"
"76182","3","10060","2025-12-31T00:00:00.000"
"76182","4","1080","2025-12-31T00:00:00.000"
"76182","5","9","2025-12-31T00:00:00.000"
"76201","1","13481","2025-12-31T00:00:00.000"
"76201","2","131","2025-12-31T00:00:00.000"
"76201","3","1968","2025-12-31T00:00:00.000"
"76201","4","1244","2025-12-31T00:00:00.000"
"76201","5","1","2025-12-31T00:00:00.000"
"76201","6","2","2025-12-31T00:00:00.000"
"76203","1","7206","2025-12-31T00:00:00.000"
"76204","1","3","2025-12-31T00:00:00.000"
"76205","1","5601","2025-12-31T00:00:00.000"
"76205","2","42","2025-12-31T00:00:00.000"
"76205","3","3098","2025-12-31T00:00:00.000"
"76205","4","675","2025-12-31T00:00:00.000"
"76205","5","18","2025-12-31T00:00:00.000"
"76207","1","4709","2025-12-31T00:00:00.000"
"76207","2","340","2025-12-31T00:00:00.000"
"76207","3","6756","2025-12-31T00:00:00.000"
"76207","4","960","2025-12-31T00:00:00.000"
"76207","5","157","2025-12-31T00:00:00.000"
"76208","1","5505","2025-12-31T00:00:00.000"
"76208","2","12","2025-12-31T00:00:00.000"
"76208","3","6103","2025-12-31T00:00:00.000"
"76208","4","614","2025-12-31T00:00:00.000"
"76208","5","433","2025-12-31T00:00:00.000"
"76208","6","2","2025-12-31T00:00:00.000"
"76209","1","4755","2025-12-31T00:00:00.000"
"76209","3","5093","2025-12-31T00:00:00.000"
"76209","4","1578","2025-12-31T00:00:00.000"
"76209","5","3","2025-12-31T00:00:00.000"
"76209","6","2","2025-12-31T00:00:00.000"
"76210","1","5210","2025-12-31T00:00:00.000"
"76210","2","28","2025-12-31T00:00:00.000"
"76210","3","13258","2025-12-31T00:00:00.000"
"76210","4","1699","2025-12-31T00:00:00.000"
"76210","5","193","2025-12-31T00:00:00.000"
"76225","1","147","2025-12-31T00:00:00.000"
"76225","3","977","2025-12-31T00:00:00.000"
"76225","4","98","2025-12-31T00:00:00.000"
"76225","5","80","2025-12-31T00:00:00.000"
"76226","1","1912","2025-12-31T00:00:00.000"
"76226","2","196","2025-12-31T00:00:00.000"
"76226","3","18089","2025-12-31T00:00:00.000"
"76226","4","1359","2025-12-31T00:00:00.000"
"76226","5","33","2025-12-31T00:00:00.000"
"76226","6","2","2025-12-31T00:00:00.000"
"76227","1","8996","2025-12-31T00:00:00.000"
"76227","2","1","2025-12-31T00:00:00.000"
"76227","3","26716","2025-12-31T00:00:00.000"
"76227","4","3626","2025-12-31T00:00:00.000"
"76227","5","66","2025-12-31T00:00:00.000"
"76227","6","3","2025-12-31T00:00:00.000"
"76228","1","37","2025-12-31T00:00:00.000"
"76228","3","195","2025-12-31T00:00:00.000"
"76228","4","21","2025-12-31T00:00:00.000"
"76228","5","28","2025-12-31T00:00:00.000"
"76230","1","403","2025-12-31T00:00:00.000"
"76230","3","2510","2025-12-31T00:00:00.000"
"76230","4","529","2025-12-31T00:00:00.000"
"76230","5","172","2025-12-31T00:00:00.000"
"76233","1","140","2025-12-31T00:00:00.000"
"76233","3","941","2025-12-31T00:00:00.000"
"76233","4","111","2025-12-31T00:00:00.000"
"76233","5","71","2025-12-31T00:00:00.000"
"76234","1","1141","2025-12-31T00:00:00.000"
"76234","2","3","2025-12-31T00:00:00.000"
"76234","3","4940","2025-12-31T00:00:00.000"
"76234","4","492","2025-12-31T00:00:00.000"
"76234","5","436","2025-12-31T00:00:00.000"
"76238","1","21","2025-12-31T00:00:00.000"
"76238","3","65","2025-12-31T00:00:00.000"
"76238","4","6","2025-12-31T00:00:00.000"
"76238","5","6","2025-12-31T00:00:00.000"
"76239","1","33","2025-12-31T00:00:00.000"
"76239","3","174","2025-12-31T00:00:00.000"
"76239","4","10","2025-12-31T00:00:00.000"
"76239","5","37","2025-12-31T00:00:00.000"
"76240","1","1476","2025-12-31T00:00:00.000"
"76240","2","1","2025-12-31T00:00:00.000"
"76240","3","6048","2025-12-31T00:00:00.000"
"76240","4","1208","2025-12-31T00:00:00.000"
"76240","5","307","2025-12-31T00:00:00.000"
"76240","6","2","2025-12-31T00:00:00.000"
"76244","1","9469","2025-12-31T00:00:00.000"
"76244","2","5","2025-12-31T00:00:00.000"
"76244","3","18267","2025-12-31T00:00:00.000"
"76244","4","3494","2025-12-31T00:00:00.000"
"76244","5","319","2025-12-31T00:00:00.000"
"76244","6","1","2025-12-31T00:00:00.000"
"76245","1","76","2025-12-31T00:00:00.000"
"76245","2","1","2025-12-31T00:00:00.000"
"76245","3","823","2025-12-31T00:00:00.000"
"76245","4","117","2025-12-31T00:00:00.000"
"76245","5","142","2025-12-31T00:00:00.000"
"76246","1","1","2025-12-31T00:00:00.000"
"76246","3","6","2025-12-31T00:00:00.000"
"76246","4","1","2025-12-31T00:00:00.000"
"76246","5","2","2025-12-31T00:00:00.000"
"76247","1","2165","2025-12-31T00:00:00.000"
"76247","2","48","2025-12-31T00:00:00.000"
"76247","3","11583","2025-12-31T00:00:00.000"
"76247","4","1107","2025-12-31T00:00:00.000"
"76247","5","265","2025-12-31T00:00:00.000"
"76247","6","1","2025-12-31T00:00:00.000"
"76248","1","3493","2025-12-31T00:00:00.000"
"76248","2","130","2025-12-31T00:00:00.000"
"76248","3","12895","2025-12-31T00:00:00.000"
"76248","4","1105","2025-12-31T00:00:00.000"
"76248","5","14","2025-12-31T00:00:00.000"
"76248","6","1","2025-12-31T00:00:00.000"
"76249","1","737","2025-12-31T00:00:00.000"
"76249","3","3043","2025-12-31T00:00:00.000"
"76249","4","335","2025-12-31T00:00:00.000"
"76249","5","110","2025-12-31T00:00:00.000"
"76250","1","38","2025-12-31T00:00:00.000"
"76250","3","271","2025-12-31T00:00:00.000"
"76250","4","33","2025-12-31T00:00:00.000"
"76251","1","13","2025-12-31T00:00:00.000"
"76251","3","183","2025-12-31T00:00:00.000"
"76251","4","20","2025-12-31T00:00:00.000"
"76251","5","24","2025-12-31T00:00:00.000"
"76252","1","57","2025-12-31T00:00:00.000"
"76252","3","596","2025-12-31T00:00:00.000"
"76252","4","48","2025-12-31T00:00:00.000"
"76252","5","16","2025-12-31T00:00:00.000"
"76253","3","12","2025-12-31T00:00:00.000"
"76253","4","2","2025-12-31T00:00:00.000"
"76253","5","8","2025-12-31T00:00:00.000"
"76255","1","122","2025-12-31T00:00:00.000"
"76255","3","1135","2025-12-31T00:00:00.000"
"76255","4","226","2025-12-31T00:00:00.000"
"76255","5","92","2025-12-31T00:00:00.000"
"76258","1","427","2025-12-31T00:00:00.000"
"76258","3","3267","2025-12-31T00:00:00.000"
"76258","4","492","2025-12-31T00:00:00.000"
"76258","5","46","2025-12-31T00:00:00.000"
"76259","1","297","2025-12-31T00:00:00.000"
"76259","3","2195","2025-12-31T00:00:00.000"
"76259","4","232","2025-12-31T00:00:00.000"
"76259","5","148","2025-12-31T00:00:00.000"
"76261","1","7","2025-12-31T00:00:00.000"
"76261","3","17","2025-12-31T00:00:00.000"
"76261","4","2","2025-12-31T00:00:00.000"
"76261","5","3","2025-12-31T00:00:00.000"
"76262","1","9494","2025-12-31T00:00:00.000"
"76262","2","151","2025-12-31T00:00:00.000"
"76262","3","12657","2025-12-31T00:00:00.000"
"76262","4","1079","2025-12-31T00:00:00.000"
"76262","5","56","2025-12-31T00:00:00.000"
"76262","6","4","2025-12-31T00:00:00.000"
"76263","1","2","2025-12-31T00:00:00.000"
"76263","3","25","2025-12-31T00:00:00.000"
"76263","4","2","2025-12-31T00:00:00.000"
"76263","5","4","2025-12-31T00:00:00.000"
"76264","1","35","2025-12-31T00:00:00.000"
"76264","3","352","2025-12-31T00:00:00.000"
"76264","4","24","2025-12-31T00:00:00.000"
"76264","5","81","2025-12-31T00:00:00.000"
"76265","1","44","2025-12-31T00:00:00.000"
"76265","3","304","2025-12-31T00:00:00.000"
"76265","4","52","2025-12-31T00:00:00.000"
"76265","5","31","2025-12-31T00:00:00.000"
"76266","1","960","2025-12-31T00:00:00.000"
"76266","2","7","2025-12-31T00:00:00.000"
"76266","3","4663","2025-12-31T00:00:00.000"
"76266","4","758","2025-12-31T00:00:00.000"
"76266","5","205","2025-12-31T00:00:00.000"
"76266","6","1","2025-12-31T00:00:00.000"
"76267","1","1","2025-12-31T00:00:00.000"
"76267","3","6","2025-12-31T00:00:00.000"
"76267","4","3","2025-12-31T00:00:00.000"
"76267","5","1","2025-12-31T00:00:00.000"
"76268","1","7","2025-12-31T00:00:00.000"
"76268","3","13","2025-12-31T00:00:00.000"
"76268","4","6","2025-12-31T00:00:00.000"
"76268","5","18","2025-12-31T00:00:00.000"
"76270","1","47","2025-12-31T00:00:00.000"
"76270","3","595","2025-12-31T00:00:00.000"
"76270","4","38","2025-12-31T00:00:00.000"
"76270","5","90","2025-12-31T00:00:00.000"
"76271","1","98","2025-12-31T00:00:00.000"
"76271","3","489","2025-12-31T00:00:00.000"
"76271","4","80","2025-12-31T00:00:00.000"
"76271","5","20","2025-12-31T00:00:00.000"
"76272","1","157","2025-12-31T00:00:00.000"
"76272","3","1179","2025-12-31T00:00:00.000"
"76272","4","96","2025-12-31T00:00:00.000"
"76272","5","124","2025-12-31T00:00:00.000"
"76273","1","441","2025-12-31T00:00:00.000"
"76273","2","1","2025-12-31T00:00:00.000"
"76273","3","2240","2025-12-31T00:00:00.000"
"76273","4","406","2025-12-31T00:00:00.000"
"76273","5","282","2025-12-31T00:00:00.000"
"76273","6","1","2025-12-31T00:00:00.000"
"76301","1","1054","2025-12-31T00:00:00.000"
"76301","2","1","2025-12-31T00:00:00.000"
"76301","3","2135","2025-12-31T00:00:00.000"
"76301","4","862","2025-12-31T00:00:00.000"
"76301","5","28","2025-12-31T00:00:00.000"
"76302","1","1252","2025-12-31T00:00:00.000"
"76302","2","1","2025-12-31T00:00:00.000"
"76302","3","3075","2025-12-31T00:00:00.000"
"76302","4","426","2025-12-31T00:00:00.000"
"76302","5","4","2025-12-31T00:00:00.000"
"76305","1","373","2025-12-31T00:00:00.000"
"76305","3","1182","2025-12-31T00:00:00.000"
"76305","4","93","2025-12-31T00:00:00.000"
"76305","5","85","2025-12-31T00:00:00.000"
"76306","1","1264","2025-12-31T00:00:00.000"
"76306","3","3128","2025-12-31T00:00:00.000"
"76306","4","720","2025-12-31T00:00:00.000"
"76306","5","47","2025-12-31T00:00:00.000"
"76308","1","2849","2025-12-31T00:00:00.000"
"76308","2","25","2025-12-31T00:00:00.000"
"76308","3","5794","2025-12-31T00:00:00.000"
"76308","4","818","2025-12-31T00:00:00.000"
"76309","1","971","2025-12-31T00:00:00.000"
"76309","2","119","2025-12-31T00:00:00.000"
"76309","3","3173","2025-12-31T00:00:00.000"
"76309","4","717","2025-12-31T00:00:00.000"
"76310","1","1953","2025-12-31T00:00:00.000"
"76310","2","92","2025-12-31T00:00:00.000"
"76310","3","6622","2025-12-31T00:00:00.000"
"76310","4","659","2025-12-31T00:00:00.000"
"76310","5","84","2025-12-31T00:00:00.000"
"76311","1","1079","2025-12-31T00:00:00.000"
"76311","3","12","2025-12-31T00:00:00.000"
"76311","5","2","2025-12-31T00:00:00.000"
"76351","1","49","2025-12-31T00:00:00.000"
"76351","3","371","2025-12-31T00:00:00.000"
"76351","4","64","2025-12-31T00:00:00.000"
"76351","5","15","2025-12-31T00:00:00.000"
"76352","3","4","2025-12-31T00:00:00.000"
"76352","4","1","2025-12-31T00:00:00.000"
"76352","5","1","2025-12-31T00:00:00.000"
"76354","1","641","2025-12-31T00:00:00.000"
"76354","3","2983","2025-12-31T00:00:00.000"
"76354","4","371","2025-12-31T00:00:00.000"
"76354","5","89","2025-12-31T00:00:00.000"
"76357","1","21","2025-12-31T00:00:00.000"
"76357","2","3","2025-12-31T00:00:00.000"
"76357","3","119","2025-12-31T00:00:00.000"
"76357","4","33","2025-12-31T00:00:00.000"
"76357","5","8","2025-12-31T00:00:00.000"
"76360","1","83","2025-12-31T00:00:00.000"
"76360","3","381","2025-12-31T00:00:00.000"
"76360","4","52","2025-12-31T00:00:00.000"
"76360","5","26","2025-12-31T00:00:00.000"
"76363","1","4","2025-12-31T00:00:00.000"
"76363","3","28","2025-12-31T00:00:00.000"
"76363","4","6","2025-12-31T00:00:00.000"
"76363","5","2","2025-12-31T00:00:00.000"
"76364","1","9","2025-12-31T00:00:00.000"
"76364","3","10","2025-12-31T00:00:00.000"
"76364","4","2","2025-12-31T00:00:00.000"
"76364","5","2","2025-12-31T00:00:00.000"
"76365","1","193","2025-12-31T00:00:00.000"
"76365","3","1146","2025-12-31T00:00:00.000"
"76365","4","145","2025-12-31T00:00:00.000"
"76365","5","75","2025-12-31T00:00:00.000"
"76366","1","103","2025-12-31T00:00:00.000"
"76366","3","583","2025-12-31T00:00:00.000"
"76366","4","53","2025-12-31T00:00:00.000"
"76366","5","29","2025-12-31T00:00:00.000"
"76366","6","1","2025-12-31T00:00:00.000"
"76367","1","395","2025-12-31T00:00:00.000"
"76367","2","1","2025-12-31T00:00:00.000"
"76367","3","2871","2025-12-31T00:00:00.000"
"76367","4","270","2025-12-31T00:00:00.000"
"76367","5","95","2025-12-31T00:00:00.000"
"76367","6","1","2025-12-31T00:00:00.000"
"76369","1","2","2025-12-31T00:00:00.000"
"76369","3","15","2025-12-31T00:00:00.000"
"76369","4","1","2025-12-31T00:00:00.000"
"76369","5","3","2025-12-31T00:00:00.000"
"76370","1","7","2025-12-31T00:00:00.000"
"76370","3","34","2025-12-31T00:00:00.000"
"76370","4","2","2025-12-31T00:00:00.000"
"76370","5","7","2025-12-31T00:00:00.000"
"76371","1","24","2025-12-31T00:00:00.000"
"76371","3","248","2025-12-31T00:00:00.000"
"76371","4","45","2025-12-31T00:00:00.000"
"76371","5","5","2025-12-31T00:00:00.000"
"76372","1","24","2025-12-31T00:00:00.000"
"76372","3","96","2025-12-31T00:00:00.000"
"76372","4","20","2025-12-31T00:00:00.000"
"76372","5","24","2025-12-31T00:00:00.000"
"76373","1","1","2025-12-31T00:00:00.000"
"76373","3","11","2025-12-31T00:00:00.000"
"76373","4","4","2025-12-31T00:00:00.000"
"76373","5","1","2025-12-31T00:00:00.000"
"76374","1","108","2025-12-31T00:00:00.000"
"76374","3","714","2025-12-31T00:00:00.000"
"76374","4","120","2025-12-31T00:00:00.000"
"76374","5","36","2025-12-31T00:00:00.000"
"76377","1","18","2025-12-31T00:00:00.000"
"76377","3","140","2025-12-31T00:00:00.000"
"76377","4","18","2025-12-31T00:00:00.000"
"76377","5","10","2025-12-31T00:00:00.000"
"76379","1","7","2025-12-31T00:00:00.000"
"76379","3","76","2025-12-31T00:00:00.000"
"76379","4","1","2025-12-31T00:00:00.000"
"76379","5","3","2025-12-31T00:00:00.000"
"76380","1","96","2025-12-31T00:00:00.000"
"76380","3","650","2025-12-31T00:00:00.000"
"76380","4","127","2025-12-31T00:00:00.000"
"76380","5","49","2025-12-31T00:00:00.000"
"76380","6","1","2025-12-31T00:00:00.000"
"76384","1","471","2025-12-31T00:00:00.000"
"76384","3","1843","2025-12-31T00:00:00.000"
"76384","4","507","2025-12-31T00:00:00.000"
"76384","5","43","2025-12-31T00:00:00.000"
"76388","1","7","2025-12-31T00:00:00.000"
"76388","3","30","2025-12-31T00:00:00.000"
"76388","4","1","2025-12-31T00:00:00.000"
"76389","1","26","2025-12-31T00:00:00.000"
"76389","3","185","2025-12-31T00:00:00.000"
"76389","4","9","2025-12-31T00:00:00.000"
"76389","5","15","2025-12-31T00:00:00.000"
"76401","1","4115","2025-12-31T00:00:00.000"
"76401","2","2","2025-12-31T00:00:00.000"
"76401","3","4290","2025-12-31T00:00:00.000"
"76401","4","1522","2025-12-31T00:00:00.000"
"76401","5","237","2025-12-31T00:00:00.000"
"76402","1","13","2025-12-31T00:00:00.000"
"76424","1","237","2025-12-31T00:00:00.000"
"76424","3","1431","2025-12-31T00:00:00.000"
"76424","4","272","2025-12-31T00:00:00.000"
"76424","5","151","2025-12-31T00:00:00.000"
"76424","6","3","2025-12-31T00:00:00.000"
"76426","1","480","2025-12-31T00:00:00.000"
"76426","2","61","2025-12-31T00:00:00.000"
"76426","3","2667","2025-12-31T00:00:00.000"
"76426","4","390","2025-12-31T00:00:00.000"
"76426","5","254","2025-12-31T00:00:00.000"
"76426","6","1","2025-12-31T00:00:00.000"
"76427","1","29","2025-12-31T00:00:00.000"
"76427","3","79","2025-12-31T00:00:00.000"
"76427","4","16","2025-12-31T00:00:00.000"
"76427","5","22","2025-12-31T00:00:00.000"
"76429","1","8","2025-12-31T00:00:00.000"
"76429","3","66","2025-12-31T00:00:00.000"
"76429","4","14","2025-12-31T00:00:00.000"
"76429","5","5","2025-12-31T00:00:00.000"
"76430","1","62","2025-12-31T00:00:00.000"
"76430","3","555","2025-12-31T00:00:00.000"
"76430","4","94","2025-12-31T00:00:00.000"
"76430","5","29","2025-12-31T00:00:00.000"
"76431","1","77","2025-12-31T00:00:00.000"
"76431","2","1","2025-12-31T00:00:00.000"
"76431","3","823","2025-12-31T00:00:00.000"
"76431","4","93","2025-12-31T00:00:00.000"
"76431","5","135","2025-12-31T00:00:00.000"
"76431","6","1","2025-12-31T00:00:00.000"
"76432","1","18","2025-12-31T00:00:00.000"
"76432","3","166","2025-12-31T00:00:00.000"
"76432","4","26","2025-12-31T00:00:00.000"
"76432","5","50","2025-12-31T00:00:00.000"
"76432","6","1","2025-12-31T00:00:00.000"
"76433","1","67","2025-12-31T00:00:00.000"
"76433","3","686","2025-12-31T00:00:00.000"
"76433","4","47","2025-12-31T00:00:00.000"
"76433","5","22","2025-12-31T00:00:00.000"
"76433","6","1","2025-12-31T00:00:00.000"
"76435","1","12","2025-12-31T00:00:00.000"
"76435","3","77","2025-12-31T00:00:00.000"
"76435","4","8","2025-12-31T00:00:00.000"
"76435","5","39","2025-12-31T00:00:00.000"
"76436","1","5","2025-12-31T00:00:00.000"
"76436","3","27","2025-12-31T00:00:00.000"
"76436","4","4","2025-12-31T00:00:00.000"
"76436","5","5","2025-12-31T00:00:00.000"
"76437","1","227","2025-12-31T00:00:00.000"
"76437","3","937","2025-12-31T00:00:00.000"
"76437","4","212","2025-12-31T00:00:00.000"
"76437","5","110","2025-12-31T00:00:00.000"
"76439","1","1","2025-12-31T00:00:00.000"
"76439","3","4","2025-12-31T00:00:00.000"
"76439","4","1","2025-12-31T00:00:00.000"
"76442","1","173","2025-12-31T00:00:00.000"
"76442","3","1161","2025-12-31T00:00:00.000"
"76442","4","157","2025-12-31T00:00:00.000"
"76442","5","76","2025-12-31T00:00:00.000"
"76442","6","1","2025-12-31T00:00:00.000"
"76443","1","44","2025-12-31T00:00:00.000"
"76443","3","214","2025-12-31T00:00:00.000"
"76443","4","42","2025-12-31T00:00:00.000"
"76443","5","52","2025-12-31T00:00:00.000"
"76444","1","96","2025-12-31T00:00:00.000"
"76444","3","584","2025-12-31T00:00:00.000"
"76444","4","110","2025-12-31T00:00:00.000"
"76444","5","69","2025-12-31T00:00:00.000"
"76445","1","7","2025-12-31T00:00:00.000"
"76445","3","41","2025-12-31T00:00:00.000"
"76445","4","11","2025-12-31T00:00:00.000"
"76445","5","7","2025-12-31T00:00:00.000"
"76446","1","187","2025-12-31T00:00:00.000"
"76446","3","1027","2025-12-31T00:00:00.000"
"76446","4","240","2025-12-31T00:00:00.000"
"76446","5","159","2025-12-31T00:00:00.000"
"76448","1","289","2025-12-31T00:00:00.000"
"76448","2","1","2025-12-31T00:00:00.000"
"76448","3","1226","2025-12-31T00:00:00.000"
"76448","4","220","2025-12-31T00:00:00.000"
"76448","5","115","2025-12-31T00:00:00.000"
"76448","6","2","2025-12-31T00:00:00.000"
"76449","1","93","2025-12-31T00:00:00.000"
"76449","2","324","2025-12-31T00:00:00.000"
"76449","3","1694","2025-12-31T00:00:00.000"
"76449","4","147","2025-12-31T00:00:00.000"
"76449","5","190","2025-12-31T00:00:00.000"
"76450","1","430","2025-12-31T00:00:00.000"
"76450","2","2","2025-12-31T00:00:00.000"
"76450","3","3220","2025-12-31T00:00:00.000"
"76450","4","503","2025-12-31T00:00:00.000"
"76450","5","174","2025-12-31T00:00:00.000"
"76452","1","1","2025-12-31T00:00:00.000"
"76452","3","4","2025-12-31T00:00:00.000"
"76452","5","1","2025-12-31T00:00:00.000"
"76453","1","32","2025-12-31T00:00:00.000"
"76453","3","485","2025-12-31T00:00:00.000"
"76453","4","43","2025-12-31T00:00:00.000"
"76453","5","39","2025-12-31T00:00:00.000"
"76454","1","40","2025-12-31T00:00:00.000"
"76454","3","191","2025-12-31T00:00:00.000"
"76454","4","36","2025-12-31T00:00:00.000"
"76454","5","34","2025-12-31T00:00:00.000"
"76455","1","16","2025-12-31T00:00:00.000"
"76455","3","106","2025-12-31T00:00:00.000"
"76455","4","22","2025-12-31T00:00:00.000"
"76455","5","16","2025-12-31T00:00:00.000"
"76457","1","110","2025-12-31T00:00:00.000"
"76457","3","619","2025-12-31T00:00:00.000"
"76457","4","95","2025-12-31T00:00:00.000"
"76457","5","69","2025-12-31T00:00:00.000"
"76457","6","1","2025-12-31T00:00:00.000"
"76458","1","147","2025-12-31T00:00:00.000"
"76458","3","795","2025-12-31T00:00:00.000"
"76458","4","113","2025-12-31T00:00:00.000"
"76458","5","72","2025-12-31T00:00:00.000"
"76459","1","4","2025-12-31T00:00:00.000"
"76459","3","14","2025-12-31T00:00:00.000"
"76459","4","1","2025-12-31T00:00:00.000"
"76459","5","8","2025-12-31T00:00:00.000"
"76460","1","7","2025-12-31T00:00:00.000"
"76460","3","49","2025-12-31T00:00:00.000"
"76460","4","8","2025-12-31T00:00:00.000"
"76460","5","10","2025-12-31T00:00:00.000"
"76461","1","1","2025-12-31T00:00:00.000"
"76462","1","93","2025-12-31T00:00:00.000"
"76462","3","909","2025-12-31T00:00:00.000"
"76462","4","71","2025-12-31T00:00:00.000"
"76462","5","80","2025-12-31T00:00:00.000"
"76463","1","13","2025-12-31T00:00:00.000"
"76463","3","66","2025-12-31T00:00:00.000"
"76463","4","10","2025-12-31T00:00:00.000"
"76463","5","18","2025-12-31T00:00:00.000"
"76464","1","20","2025-12-31T00:00:00.000"
"76464","3","53","2025-12-31T00:00:00.000"
"76464","4","3","2025-12-31T00:00:00.000"
"76464","5","13","2025-12-31T00:00:00.000"
"76465","1","1","2025-12-31T00:00:00.000"
"76465","3","3","2025-12-31T00:00:00.000"
"76465","5","1","2025-12-31T00:00:00.000"
"76466","1","1","2025-12-31T00:00:00.000"
"76466","3","17","2025-12-31T00:00:00.000"
"76466","4","2","2025-12-31T00:00:00.000"
"76466","5","5","2025-12-31T00:00:00.000"
"76467","1","1","2025-12-31T00:00:00.000"
"76467","3","1","2025-12-31T00:00:00.000"
"76468","3","3","2025-12-31T00:00:00.000"
"76468","4","1","2025-12-31T00:00:00.000"
"76468","5","2","2025-12-31T00:00:00.000"
"76469","3","8","2025-12-31T00:00:00.000"
"76469","4","3","2025-12-31T00:00:00.000"
"76469","5","3","2025-12-31T00:00:00.000"
"76470","1","74","2025-12-31T00:00:00.000"
"76470","3","354","2025-12-31T00:00:00.000"
"76470","4","74","2025-12-31T00:00:00.000"
"76470","5","57","2025-12-31T00:00:00.000"
"76471","1","38","2025-12-31T00:00:00.000"
"76471","3","208","2025-12-31T00:00:00.000"
"76471","4","22","2025-12-31T00:00:00.000"
"76471","5","44","2025-12-31T00:00:00.000"
"76472","1","87","2025-12-31T00:00:00.000"
"76472","3","670","2025-12-31T00:00:00.000"
"76472","4","75","2025-12-31T00:00:00.000"
"76472","5","27","2025-12-31T00:00:00.000"
"76474","1","3","2025-12-31T00:00:00.000"
"76474","3","34","2025-12-31T00:00:00.000"
"76474","4","1","2025-12-31T00:00:00.000"
"76474","5","7","2025-12-31T00:00:00.000"
"76475","1","23","2025-12-31T00:00:00.000"
"76475","2","91","2025-12-31T00:00:00.000"
