"month","reason","n"
"2012-12-01T00:00:00.000","Cust Service Claim Handling; Delays (Claims Handling); Unsatisfactory Settle/Offer","2"
"2015-05-01T00:00:00.000","Delays (Claims Handling); Post-Claim Underwriting","1"
"2023-06-01T00:00:00.000","Cust Service Claim Handling; Delays (Claims Handling); Denial Of Claim","1"
"2014-01-01T00:00:00.000","Agent Handling","14"
"2026-07-01T00:00:00.000","Cust Service Claim Handling; Cust Srvc Policy Holder Srvcs; Unsatisfactory Settle/Offer","2"
"2017-01-01T00:00:00.000","Premium and Rating; Refund Of Premium","1"
"2020-11-01T00:00:00.000","Cust Service Claim Handling; Delays (Policyholder Service); Unsatisfactory Settle/Offer","1"
"2017-09-01T00:00:00.000","Cancellation; Delays (Policyholder Service); Notice Requirements","1"
"2015-06-01T00:00:00.000","Cancellation; Delays (Policyholder Service); Notice Requirements; Premium Notice","1"
"2024-08-01T00:00:00.000","Cust Srvc Policy Holder Srvcs; Premium and Rating","1"
"2023-07-01T00:00:00.000","Cust Service Claim Handling; Unsatisfactory Settle/Offer","11"
"2016-08-01T00:00:00.000","Denial Of Claim; Premium and Rating","1"
"2024-05-01T00:00:00.000","Denial Of Claim; Unsatisfactory Settle/Offer","4"
"2020-07-01T00:00:00.000","Refund Of Premium","3"
"2019-01-01T00:00:00.000","Cancellation; Cust Service Claim Handling; Unfair Discrim-Clms Handling","1"
"2013-01-01T00:00:00.000","Premium Notice","2"
"2024-07-01T00:00:00.000","Premium and Rating; Use Of Clue Reports","1"
"2025-06-01T00:00:00.000","Misrepresentation","8"
"2021-05-01T00:00:00.000","Cust Service Claim Handling; Unsatisfactory Settle/Offer","13"
"2022-09-01T00:00:00.000","Refund Of Premium","7"
"2020-10-01T00:00:00.000","Cust Service Claim Handling; Delays (Claims Handling)","43"
"2016-01-01T00:00:00.000","Cancellation; Refund Of Premium","1"
"2025-03-01T00:00:00.000","Delays (Claims Handling); Unsatisfactory Settle/Offer","8"
"2019-09-01T00:00:00.000","Denial Of Claim; Unsatisfactory Settle/Offer","4"
"2024-05-01T00:00:00.000","Misrepresentation; Premium and Rating","1"
"2021-01-01T00:00:00.000","Endorsement / Rider; Unsatisfactory Settle/Offer","1"
"2016-09-01T00:00:00.000","Delays (Policyholder Service)","4"
"2023-11-01T00:00:00.000","Premium Notice; Premium and Rating","1"
"2014-09-01T00:00:00.000","Refund Of Premium","12"
"2014-05-01T00:00:00.000","Unsatisfactory Settle/Offer","29"
"2012-07-01T00:00:00.000","Agent Handling; Misrepresentation","1"
"2023-03-01T00:00:00.000","Cust Service Claim Handling; Denial Of Claim; Premium and Rating; Use Of Clue Reports","1"
"2016-07-01T00:00:00.000","Cancellation; Denial Of Claim","1"
"2014-07-01T00:00:00.000","Delays (Policyholder Service); Other","1"
"2025-05-01T00:00:00.000","Cancellation; Cust Srvc Policy Holder Srvcs","2"
"2020-11-01T00:00:00.000","Delays (Claims Handling)","1"
"2024-08-01T00:00:00.000","Cancellation; Cust Service Claim Handling; Delays (Claims Handling)","1"
"2015-02-01T00:00:00.000","Cust Service Claim Handling; Delays (Claims Handling)","6"
"2021-03-01T00:00:00.000","Delays (Policyholder Service); Other","1"
"2022-12-01T00:00:00.000","Delays (Claims Handling); Delays (Policyholder Service)","1"
"2023-08-01T00:00:00.000","Premium and Rating","18"
"2021-11-01T00:00:00.000","Cust Service Claim Handling; Delays (Claims Handling); Denial Of Claim; Unsatisfactory Settle/Offer","2"
"2016-05-01T00:00:00.000","Cust Service Claim Handling; Notice Requirements; Unsatisfactory Settle/Offer","1"
"2015-08-01T00:00:00.000","Other","4"
"2013-06-01T00:00:00.000","Other","6"
"2015-09-01T00:00:00.000","Cancellation; Premium and Rating","1"
"2012-09-01T00:00:00.000","Non-Renewal","4"
"2022-05-01T00:00:00.000","Delays (Policyholder Service)","12"
"2015-01-01T00:00:00.000","Cust Service Claim Handling; Delays (Claims Handling); Denial Of Claim","1"
"2024-02-01T00:00:00.000","Non-Renewal; Refund Of Premium","1"
"2023-05-01T00:00:00.000","Cust Service Claim Handling; Delays (Claims Handling); Premium and Rating","1"
"2017-06-01T00:00:00.000","Denial Of Claim; Misrepresentation; Notice Requirements","1"
"2018-05-01T00:00:00.000","Cancellation; Premium Notice","1"
"2015-05-01T00:00:00.000","Refund Of Premium","4"
"2022-04-01T00:00:00.000","Premium Notice; Premium and Rating","1"
"2017-05-01T00:00:00.000","Other","3"
"2020-06-01T00:00:00.000","Conversion; Delays (Policyholder Service); Premium Notice; Unauthorized Acts","1"
"2020-12-01T00:00:00.000","Denial Of Claim; Unsatisfactory Settle/Offer","2"
"2018-07-01T00:00:00.000","Cancellation; Premium and Rating","1"
"2017-03-01T00:00:00.000","Cust Service Claim Handling; Delays (Claims Handling); Unsatisfactory Settle/Offer","11"
"2025-08-01T00:00:00.000","Cust Srvc Policy Holder Srvcs; Delays (Policyholder Service); Premium and Rating; Refund Of Premium","2"
"2023-04-01T00:00:00.000","Cust Service Claim Handling; Premium and Rating","1"
"2016-10-01T00:00:00.000","Delays (Claims Handling); Denial Of Claim; Unsatisfactory Settle/Offer","1"
"2022-11-01T00:00:00.000","Delays (Policyholder Service); Unauthorized Acts","1"
"2026-04-01T00:00:00.000","Delays (Policyholder Service)","1"
"2017-08-01T00:00:00.000","Misleading Advertising","1"
"2012-09-01T00:00:00.000","Other","6"
"2015-08-01T00:00:00.000","Denial Of Claim; Premium and Rating","1"
"2014-05-01T00:00:00.000","Unfair Discrim-Clms Handling; Unsatisfactory Settle/Offer","1"
"2025-01-01T00:00:00.000","Denial Of Claim","11"
"2017-01-01T00:00:00.000","Cancellation; Delays (Policyholder Service); Not Within TDI Jurisdiction; Premium and Rating; Refund Of Premium","1"
"2022-02-01T00:00:00.000","Cust Service Claim Handling; Delays (Claims Handling); Denial Of Claim; Unsatisfactory Settle/Offer","1"
"2018-04-01T00:00:00.000","Denial Of Claim","32"
"2025-05-01T00:00:00.000","Cust Srvc Policy Holder Srvcs; Delays (Policyholder Service); Other","2"
"2015-08-01T00:00:00.000","Cust Service Claim Handling; Delays (Claims Handling); Delays (Underwriting)","1"
"2013-05-01T00:00:00.000","Cancellation; Denial Of Claim; Non-Renewal","1"
"2024-08-01T00:00:00.000","Endorsement / Rider; Unsatisfactory Settle/Offer","3"
"2024-06-01T00:00:00.000","Use of Credit Reports","2"
"2023-11-01T00:00:00.000","Cust Service Claim Handling; Other","1"
"2019-03-01T00:00:00.000","Post-Claim Underwriting","1"
"2019-06-01T00:00:00.000","Cust Service Claim Handling; Unsatisfactory Settle/Offer","3"
"2021-03-01T00:00:00.000","Cancellation; Non-Renewal","1"
"2017-01-01T00:00:00.000","Delays (Claims Handling); Unsatisfactory Settle/Offer","10"
"2023-03-01T00:00:00.000","Conversion; Unauthorized Acts","1"
"2013-03-01T00:00:00.000","Non-Renewal; Unsatisfactory Settle/Offer","1"
"2016-06-01T00:00:00.000","Notice Requirements","1"
"2017-01-01T00:00:00.000","Delays (Policyholder Service)","7"
"2017-07-01T00:00:00.000","Agent Handling; Cancellation","1"
"2020-09-01T00:00:00.000","Cust Service Claim Handling; Delays (Claims Handling)","31"
"2022-03-01T00:00:00.000","Non-Renewal","3"
"2025-02-01T00:00:00.000","Delays (Claims Handling); Premium and Rating; Use Of Clue Reports","1"
"2024-02-01T00:00:00.000","Other","2"
"2024-10-01T00:00:00.000","Cancellation; Refund Of Premium","2"
"2014-10-01T00:00:00.000","Agent Handling; Denial Of Claim; Non-Disclosure Of Coverage","1"
"2014-01-01T00:00:00.000","Misrepresentation","3"
"2024-06-01T00:00:00.000","Cust Srvc Policy Holder Srvcs; Delays (Policyholder Service)","7"
"2026-08-01T00:00:00.000","Cust Service Claim Handling; Cust Srvc Policy Holder Srvcs; Denial Of Claim; Endorsement / Rider; Non-Renewal","1"
"2021-08-01T00:00:00.000","Delays (Claims Handling); Unsatisfactory Settle/Offer","35"
"2019-07-01T00:00:00.000","Claimant Fraud","1"
"2012-05-01T00:00:00.000","Denial Of Claim","2"
"2016-10-01T00:00:00.000","Non-Renewal; Notice Requirements; Use Of Clue Reports","1"
"2025-12-01T00:00:00.000","Cust Srvc Policy Holder Srvcs; Premium Notice","1"
"2024-10-01T00:00:00.000","Cust Service Claim Handling; Delays (Claims Handling); Refund Of Premium","1"
"2016-09-01T00:00:00.000","Premium Notice; Premium and Rating","1"
"2012-11-01T00:00:00.000","Cust Service Claim Handling","1"
"2023-09-01T00:00:00.000","Denial Of Claim; Non-Renewal; Use Of Clue Reports","1"
"2025-04-01T00:00:00.000","Endorsement / Rider; Premium Notice; Premium and Rating","1"
"2018-03-01T00:00:00.000","Cancellation; Delays (Policyholder Service)","1"
"2025-02-01T00:00:00.000","Cancellation","8"
"2023-08-01T00:00:00.000","Cust Service Claim Handling","5"
"2023-06-01T00:00:00.000","Cust Service Claim Handling; Delays (Claims Handling); Denial Of Claim; Endorsement / Rider","1"
"2015-02-01T00:00:00.000","Cust Service Claim Handling; Denial Of Claim; Disaster","1"
"2023-11-01T00:00:00.000","Premium and Rating","11"
"2021-02-01T00:00:00.000","Unsatisfactory Settle/Offer","5"
"2018-05-01T00:00:00.000","Cust Service Claim Handling; Delays (Claims Handling); Disaster; Unsatisfactory Settle/Offer","1"
"2019-09-01T00:00:00.000","Denial Of Claim; Endorsement / Rider; Misrepresentation","1"
"2024-12-01T00:00:00.000","Other","4"
"2026-03-01T00:00:00.000","Delays (Claims Handling); Unfair Discrim-Clms Handling","1"
"2018-01-01T00:00:00.000","Non-Renewal; Post-Claim Underwriting","1"
"2017-01-01T00:00:00.000","Cust Service Claim Handling; Unsatisfactory Settle/Offer","5"
"2015-07-01T00:00:00.000","Unsatisfactory Settle/Offer; Usual And Customary","1"
"2020-08-01T00:00:00.000","Delays (Policyholder Service); Identification Card Issue","1"
"2024-09-01T00:00:00.000","Cust Service Claim Handling; Delays (Claims Handling); Denial Of Claim; Unauthorized Acts","1"
"2024-10-01T00:00:00.000","Non-Renewal; Use Of Clue Reports","1"
"2025-01-01T00:00:00.000","Delays (Claims Handling); Unsatisfactory Settle/Offer","8"
"2024-09-01T00:00:00.000","Cust Srvc Policy Holder Srvcs; Delays (Claims Handling); Denial Of Claim; Policy Exclusion","1"
"2017-05-01T00:00:00.000","Agent Handling; Delays (Policyholder Service)","1"
"2013-05-01T00:00:00.000","Other","5"
"2025-12-01T00:00:00.000","Cancellation","3"
"2026-03-01T00:00:00.000","Cust Service Claim Handling; Denial Of Claim","14"
"2022-10-01T00:00:00.000","Denial Of Claim; Refund Of Premium","1"
"2023-09-01T00:00:00.000","Cust Service Claim Handling; Misrepresentation","1"
"2017-10-01T00:00:00.000","Assignment of Benefits; Delays (Claims Handling)","1"
"2022-05-01T00:00:00.000","Cust Service Claim Handling; Delays (Claims Handling); Denial Of Claim; Misrepresentation","1"
"2019-08-01T00:00:00.000","Delays (Underwriting); Other","1"
"2017-02-01T00:00:00.000","Delays (Claims Handling); Unsatisfactory Settle/Offer","4"
"2023-01-01T00:00:00.000","Cust Service Claim Handling; Delays (Claims Handling); Denial Of Claim","1"
"2014-10-01T00:00:00.000","Cancellation; Refund Of Premium","1"
"2025-04-01T00:00:00.000","Cancellation; Denial Of Claim","1"
"2015-02-01T00:00:00.000","Delays (Policyholder Service); Refund Of Premium","7"
"2016-09-01T00:00:00.000","Agent Handling; Use of Credit Reports","1"
"2017-11-01T00:00:00.000","Delays (Claims Handling)","33"
"2015-10-01T00:00:00.000","Delays (Policyholder Service); Delays (Underwriting); Premium and Rating; Refund Of Premium","1"
"2017-08-01T00:00:00.000","Cust Service Claim Handling; Endorsement / Rider; Unsatisfactory Settle/Offer","1"
"2023-03-01T00:00:00.000","Cust Service Claim Handling; Delays (Claims Handling); Denial Of Claim","3"
"2016-07-01T00:00:00.000","Agent Handling; Denial Of Claim","1"
"2017-12-01T00:00:00.000","Other","1"
"2026-07-01T00:00:00.000","Cust Srvc Policy Holder Srvcs; Refusal to Insure","1"
"2024-07-01T00:00:00.000","Cancellation; Cust Service Claim Handling; Denial Of Claim","1"
"2013-07-01T00:00:00.000","Delays (Claims Handling); Unsatisfactory Settle/Offer","14"
"2024-02-01T00:00:00.000","Delays (Policyholder Service); Non-Renewal; Premium and Rating; Refund Of Premium","1"
"2017-09-01T00:00:00.000","Cancellation; Delays (Claims Handling); Delays (Policyholder Service); Denial Of Claim; Refund Of Premium","1"
"2026-05-01T00:00:00.000","Cust Service Claim Handling; Other","1"
"2012-07-01T00:00:00.000","Agent Handling; Refund Of Premium","1"
"2020-09-01T00:00:00.000","Assignment of Benefits","1"
"2021-12-01T00:00:00.000","Delays (Policyholder Service)","7"
"2017-03-01T00:00:00.000","Agent Handling; Cust Service Claim Handling; Denial Of Claim","1"
"2024-09-01T00:00:00.000","Cust Service Claim Handling; Delays (Claims Handling); Policy Exclusion","1"
"2023-06-01T00:00:00.000","Premium and Rating","16"
"2016-05-01T00:00:00.000","Unfair Discrim-Clms Handling; Unsatisfactory Settle/Offer","1"
"2025-08-01T00:00:00.000","Cust Service Claim Handling; Cust Srvc Policy Holder Srvcs; Delays (Claims Handling); Delays (Policyholder Service); Refund Of Premium","1"
"2013-03-01T00:00:00.000","Premium and Rating; Refund Of Premium","1"
"2025-12-01T00:00:00.000","Delays (Claims Handling); Policy Exclusion; Unsatisfactory Settle/Offer","1"
"2017-08-01T00:00:00.000","Cust Service Claim Handling","8"
"2018-02-01T00:00:00.000","Cancellation","4"
"2025-02-01T00:00:00.000","Denial Of Claim; Endorsement / Rider; Policy Exclusion","1"
"2018-09-01T00:00:00.000","Claimant Fraud; Cust Service Claim Handling","1"
"2017-06-01T00:00:00.000","Delays (Claims Handling); Denial Of Claim; Unsatisfactory Settle/Offer","1"
"2013-06-01T00:00:00.000","Misrepresentation","2"
"2018-01-01T00:00:00.000","Agent Handling","10"
"2017-06-01T00:00:00.000","Use of Credit Reports","1"
"2020-05-01T00:00:00.000","Denial Of Claim; Endorsement / Rider; Unsatisfactory Settle/Offer","1"
"2015-08-01T00:00:00.000","Notice Requirements","2"
"2016-05-01T00:00:00.000","Agent Handling","19"
"2012-07-01T00:00:00.000","Refund Of Premium","11"
"2025-10-01T00:00:00.000","Cust Service Claim Handling; Delays (Claims Handling); Endorsement / Rider","1"
"2025-01-01T00:00:00.000","Cancellation; Cust Srvc Policy Holder Srvcs; Delays (Policyholder Service); Refusal to Insure","1"
"2017-01-01T00:00:00.000","Denial Of Claim; Premium Notice","1"
"2024-01-01T00:00:00.000","Misrepresentation","5"
"2025-02-01T00:00:00.000","Cust Srvc Policy Holder Srvcs; Delays (Policyholder Service); Premium and Rating; Refund Of Premium; Use Of Clue Reports","1"
"2021-02-01T00:00:00.000","Premium and Rating","5"
"2024-07-01T00:00:00.000","Cust Service Claim Handling; Other","1"
"2025-05-01T00:00:00.000","Cust Srvc Policy Holder Srvcs; Premium and Rating; Refund Of Premium","3"
"2014-06-01T00:00:00.000","Cust Service Claim Handling; Delays (Claims Handling); Unsatisfactory Settle/Offer","1"
"2019-12-01T00:00:00.000","Cust Service Claim Handling; Delays (Claims Handling)","11"
"2014-12-01T00:00:00.000","Denial Of Claim; Other","1"
"2023-02-01T00:00:00.000","Denial Of Claim","21"
"2023-07-01T00:00:00.000","Cancellation; Premium and Rating","1"
"2019-08-01T00:00:00.000","Other","2"
"2012-06-01T00:00:00.000","Unauthorized Acts","3"
"2025-07-01T00:00:00.000","Cancellation; Premium and Rating; Refund Of Premium","1"
"2021-10-01T00:00:00.000","Other; Refund Of Premium","1"
"2022-06-01T00:00:00.000","Delays (Underwriting); Endorsement / Rider; Premium and Rating","1"
"2021-07-01T00:00:00.000","Delays (Claims Handling); Unsatisfactory Settle/Offer","46"
"2013-04-01T00:00:00.000","Agent Handling","11"
"2017-12-01T00:00:00.000","Denial Of Claim","41"
"2019-02-01T00:00:00.000","Denial Of Claim","24"
"2024-02-01T00:00:00.000","Cust Service Claim Handling; Denial Of Claim","17"
"2025-10-01T00:00:00.000","Denial Of Claim","16"
"2012-08-01T00:00:00.000","Cust Service Claim Handling; Delays (Claims Handling); Unsatisfactory Settle/Offer","6"
"2025-12-01T00:00:00.000","Cancellation; Cust Service Claim Handling; Delays (Claims Handling); Unsatisfactory Settle/Offer","1"
"2024-10-01T00:00:00.000","Cancellation; Refusal to Insure; Use Of Clue Reports","1"
"2016-08-01T00:00:00.000","Non-Renewal; Unsatisfactory Settle/Offer","1"
"2015-06-01T00:00:00.000","Agent Handling; Conversion","1"
"2023-08-01T00:00:00.000","Delays (Policyholder Service); Unauthorized Acts","2"
"2012-12-01T00:00:00.000","Other; Unsatisfactory Settle/Offer","1"
"2019-03-01T00:00:00.000","Premium and Rating","5"
"2014-12-01T00:00:00.000","Agent Handling; Misrepresentation","1"
"2025-06-01T00:00:00.000","Denial Of Claim; Non-Renewal","1"
"2012-11-01T00:00:00.000","Non-Renewal","2"
"2024-03-01T00:00:00.000","Cancellation; Other","1"
"2023-03-01T00:00:00.000","Other","7"
"2025-03-01T00:00:00.000","Cust Service Claim Handling; Delays (Claims Handling); Denial Of Claim","10"
"2025-10-01T00:00:00.000","Cust Service Claim Handling; Denial Of Claim; Use Of Clue Reports","1"
"2014-07-01T00:00:00.000","Cust Service Claim Handling; Denial Of Claim; Liability Dispute","1"
"2020-05-01T00:00:00.000","Delays (Claims Handling); Misrepresentation; Unsatisfactory Settle/Offer","1"
"2026-04-01T00:00:00.000","Cancellation; Cust Srvc Policy Holder Srvcs; Delays (Policyholder Service)","1"
"2025-05-01T00:00:00.000","Delays (Claims Handling); Policy Exclusion","1"
"2012-09-01T00:00:00.000","Cust Service Claim Handling; Premium and Rating","1"
"2017-01-01T00:00:00.000","Cust Service Claim Handling","1"
"2023-08-01T00:00:00.000","Misleading Advertising; Premium and Rating","1"
"2015-08-01T00:00:00.000","Unsatisfactory Settle/Offer","24"
"2026-07-01T00:00:00.000","Cancellation; Refund Of Premium; Unsatisfactory Settle/Offer","1"
"2022-12-01T00:00:00.000","Premium and Rating; Refund Of Premium","3"
"2026-01-01T00:00:00.000","Delays (Policyholder Service); Premium and Rating; Refund Of Premium","1"
"2021-11-01T00:00:00.000","Cust Service Claim Handling; Delays (Claims Handling)","38"
"2020-01-01T00:00:00.000","Delays (Claims Handling); Unsatisfactory Settle/Offer","7"
"2016-12-01T00:00:00.000","Delays (Claims Handling); Unsatisfactory Settle/Offer","6"
"2022-09-01T00:00:00.000","Delays (Policyholder Service); Misrepresentation","1"
"2017-11-01T00:00:00.000","Refund Of Premium","2"
"2017-10-01T00:00:00.000","Delays (Claims Handling); Denial Of Claim","1"
"2020-07-01T00:00:00.000","Delays (Policyholder Service); Premium and Rating; Refund Of Premium","1"
"2016-07-01T00:00:00.000","Denial Of Claim","26"
"2021-01-01T00:00:00.000","Cust Service Claim Handling; Denial Of Claim","5"
"2013-06-01T00:00:00.000","Cust Service Claim Handling; Delays (Claims Handling); Unsatisfactory Settle/Offer","3"
"2013-05-01T00:00:00.000","Denial Of Claim; Liability Dispute; Unsatisfactory Settle/Offer","1"
"2017-06-01T00:00:00.000","Post-Claim Underwriting; Premium and Rating","2"
"2025-07-01T00:00:00.000","Denial Of Claim; Premium and Rating","1"
"2019-06-01T00:00:00.000","Delays (Underwriting); Non-Renewal","1"
"2019-11-01T00:00:00.000","Other","1"
"2018-09-01T00:00:00.000","Agent Handling; Delays (Policyholder Service)","1"
"2024-08-01T00:00:00.000","Cust Srvc Policy Holder Srvcs; Premium Notice; Refund Of Premium","1"
"2023-04-01T00:00:00.000","Cust Service Claim Handling; Delays (Policyholder Service); Refund Of Premium","1"
"2017-05-01T00:00:00.000","Agent Handling; Conversion; Delays (Policyholder Service); Misrepresentation; Unauthorized Acts","1"
"2016-02-01T00:00:00.000","Unauthorized Acts","2"
"2025-03-01T00:00:00.000","Cancellation; Cust Srvc Policy Holder Srvcs; Refund Of Premium","1"
"2025-10-01T00:00:00.000","Cust Service Claim Handling; Cust Srvc Policy Holder Srvcs; Denial Of Claim","1"
"2018-02-01T00:00:00.000","Cancellation; Delays (Policyholder Service); Endorsement / Rider; Notice Requirements","1"
"2024-08-01T00:00:00.000","Cust Srvc Policy Holder Srvcs; Endorsement / Rider","1"
"2019-03-01T00:00:00.000","Agent Handling; Cancellation; Refund Of Premium","1"
"2025-12-01T00:00:00.000","Cust Service Claim Handling; Delays (Claims Handling); Unsatisfactory Settle/Offer","66"
"2018-05-01T00:00:00.000","Cancellation; Delays (Underwriting)","1"
"2022-05-01T00:00:00.000","Misrepresentation; Other","1"
"2021-07-01T00:00:00.000","Cust Service Claim Handling; Delays (Claims Handling); Denial Of Claim; Refusal to Insure","1"
"2019-04-01T00:00:00.000","Agent Handling; Refund Of Premium","2"
"2018-05-01T00:00:00.000","Misrepresentation; Unsatisfactory Settle/Offer","1"
"2014-06-01T00:00:00.000","Not Within TDI Jurisdiction","2"
"2025-08-01T00:00:00.000","Cust Service Claim Handling; Delays (Claims Handling); Unfair Discrim-Clms Handling","1"
"2024-06-01T00:00:00.000","Cancellation; Cust Srvc Policy Holder Srvcs; Refund Of Premium","1"
"2022-11-01T00:00:00.000","Delays (Policyholder Service); Refund Of Premium","7"
"2024-11-01T00:00:00.000","Cust Service Claim Handling; Delays (Claims Handling); Denial Of Claim; Unsatisfactory Settle/Offer","1"
"2017-10-01T00:00:00.000","Agent Handling; Misrepresentation","1"
"2018-02-01T00:00:00.000","Cust Service Claim Handling; Delays (Claims Handling)","25"
"2016-03-01T00:00:00.000","Cust Service Claim Handling; Delays (Claims Handling)","12"
"2018-06-01T00:00:00.000","Cancellation; Delays (Policyholder Service); Refund Of Premium","2"
"2025-01-01T00:00:00.000","Cust Service Claim Handling; Delays (Claims Handling); Non-Renewal","1"
"2015-01-01T00:00:00.000","Unfair Discrim-Clms Handling; Use Of Clue Reports","1"
"2017-05-01T00:00:00.000","Denial Of Claim; Endorsement / Rider","1"
"2024-05-01T00:00:00.000","Delays (Policyholder Service)","10"
"2020-05-01T00:00:00.000","Misrepresentation; Premium and Rating; Refund Of Premium","1"
"2023-01-01T00:00:00.000","Premium and Rating","12"
"2025-11-01T00:00:00.000","Denial Of Claim; Premium and Rating; Refund Of Premium","1"
"2020-10-01T00:00:00.000","Cust Service Claim Handling","5"
"2026-08-01T00:00:00.000","Cancellation; Cust Service Claim Handling","1"
"2022-02-01T00:00:00.000","Cust Service Claim Handling; Refund Of Premium","1"
"2016-06-01T00:00:00.000","Agent Handling; Delays (Policyholder Service)","1"
"2015-08-01T00:00:00.000","Delays (Policyholder Service); Premium and Rating","1"
"2022-05-01T00:00:00.000","Cust Service Claim Handling; Misrepresentation","1"
"2020-07-01T00:00:00.000","Cust Service Claim Handling; Delays (Claims Handling); Denial Of Claim","9"
"2016-04-01T00:00:00.000","Cust Service Claim Handling; Delays (Claims Handling); Non-Renewal; Unsatisfactory Settle/Offer","1"
"2024-03-01T00:00:00.000","Cust Service Claim Handling; Delays (Claims Handling); Unsatisfactory Settle/Offer","60"
"2026-03-01T00:00:00.000","Delays (Policyholder Service); Refund Of Premium","5"
"2026-07-01T00:00:00.000","Cust Service Claim Handling; Denial Of Claim; Policy Exclusion","2"
"2012-11-01T00:00:00.000","Delays (Claims Handling); Unsatisfactory Settle/Offer","2"
"2026-04-01T00:00:00.000","Unsatisfactory Settle/Offer","8"
"2013-06-01T00:00:00.000","Cust Service Claim Handling; Denial Of Claim","1"
"2024-05-01T00:00:00.000","Cust Service Claim Handling; Delays (Underwriting); Denial Of Claim; Non-Renewal","1"
"2020-01-01T00:00:00.000","Cancellation; Premium and Rating","2"
"2025-02-01T00:00:00.000","Premium and Rating; Refund Of Premium; Use Of Clue Reports","1"
"2020-12-01T00:00:00.000","Misrepresentation; Premium and Rating","1"
"2016-03-01T00:00:00.000","Cancellation; Delays (Underwriting)","1"
"2016-03-01T00:00:00.000","Delays (Policyholder Service); Refund Of Premium","9"
"2020-01-01T00:00:00.000","Endorsement / Rider; Unsatisfactory Settle/Offer","1"
"2014-10-01T00:00:00.000","Unauthorized Acts","3"
"2025-12-01T00:00:00.000","Cust Srvc Policy Holder Srvcs; Premium and Rating","6"
"2021-03-01T00:00:00.000","Cust Service Claim Handling; Delays (Claims Handling); Delays (Underwriting)","1"
"2014-06-01T00:00:00.000","Increased Dwelling Coverage","1"
"2013-08-01T00:00:00.000","Agent Handling; Delays (Policyholder Service)","1"
"2020-04-01T00:00:00.000","Cust Service Claim Handling; Delays (Claims Handling); Denial Of Claim; Unsatisfactory Settle/Offer","1"
"2024-12-01T00:00:00.000","Cust Srvc Policy Holder Srvcs; Premium and Rating","4"
"2012-05-01T00:00:00.000","Delays (Claims Handling); Denial Of Claim; Unsatisfactory Settle/Offer","1"
"2014-12-01T00:00:00.000","Denial Of Claim","12"
"2020-04-01T00:00:00.000","Premium and Rating; Unsatisfactory Settle/Offer","1"
"2012-11-01T00:00:00.000","Disaster; Unsatisfactory Settle/Offer","2"
"2024-08-01T00:00:00.000","Endorsement / Rider","1"
"2023-03-01T00:00:00.000","Premium and Rating","15"
"2026-08-01T00:00:00.000","Cust Srvc Policy Holder Srvcs; Delays (Policyholder Service); Refund Of Premium","11"
"2020-08-01T00:00:00.000","Delays (Policyholder Service); Other","1"
"2016-05-01T00:00:00.000","Delays (Claims Handling); Delays (Policyholder Service)","1"
"2021-02-01T00:00:00.000","Cancellation; Delays (Policyholder Service); Notice Requirements","1"
"2026-06-01T00:00:00.000","Cancellation; Cust Srvc Policy Holder Srvcs; Delays (Policyholder Service)","1"
"2013-04-01T00:00:00.000","Refusal to Insure","1"
"2012-12-01T00:00:00.000","Closed-Lack Of Info Cmplainant; Not Within TDI Jurisdiction","1"
"2014-07-01T00:00:00.000","Delays (Claims Handling); Refund Of Premium","1"
"2017-08-01T00:00:00.000","Delays (Claims Handling); Denial Of Claim","2"
"2022-08-01T00:00:00.000","Premium Notice","1"
"2014-10-01T00:00:00.000","Agent Handling","11"
"2021-08-01T00:00:00.000","Cust Service Claim Handling; Unsatisfactory Settle/Offer","8"
"2015-11-01T00:00:00.000","Premium and Rating; Use of Credit Reports","1"
"2019-09-01T00:00:00.000","Cancellation; Denial Of Claim; Notice Requirements","1"
"2013-12-01T00:00:00.000","Refund Of Premium","7"
"2026-09-01T00:00:00.000","Commissions; Cust Service Claim Handling","1"
"2021-11-01T00:00:00.000","Cust Service Claim Handling; Denial Of Claim","7"
"2019-03-01T00:00:00.000","Premium and Rating; Refund Of Premium","2"
"2015-10-01T00:00:00.000","Cancellation; Increased Dwelling Coverage; Premium and Rating; Refund Of Premium","1"
"2014-12-01T00:00:00.000","Premium and Rating; Use of Credit Reports","1"
"2014-09-01T00:00:00.000","Cancellation; Non-Renewal","1"
"2013-06-01T00:00:00.000","Liability Dispute; Unsatisfactory Settle/Offer","1"
"2020-04-01T00:00:00.000","Premium and Rating; Refund Of Premium; Refusal to Insure","1"
"2021-07-01T00:00:00.000","Denial Of Claim; Non-Renewal","2"
"2015-11-01T00:00:00.000","Cancellation; Delays (Policyholder Service)","1"
"2020-05-01T00:00:00.000","Cust Service Claim Handling; Delays (Claims Handling)","16"
"2025-03-01T00:00:00.000","Denial Of Claim; Unsatisfactory Settle/Offer","1"
"2017-09-01T00:00:00.000","Cancellation; Delays (Policyholder Service)","1"
"2016-05-01T00:00:00.000","Non-Renewal","4"
"2024-11-01T00:00:00.000","Cust Srvc Policy Holder Srvcs; Non-Renewal","1"
"2019-08-01T00:00:00.000","Premium and Rating; Use Of Clue Reports","1"
"2015-02-01T00:00:00.000","Delays (Policyholder Service)","8"
"2026-06-01T00:00:00.000","Cust Service Claim Handling; Denial Of Claim; Non-Renewal","1"
"2023-08-01T00:00:00.000","Cancellation","10"
"2024-01-01T00:00:00.000","Premium and Rating","17"
"2016-01-01T00:00:00.000","Delays (Policyholder Service); Premium and Rating","1"
"2018-06-01T00:00:00.000","Other; Unauthorized Acts","1"
"2025-01-01T00:00:00.000","Cust Service Claim Handling; Delays (Claims Handling); Denial Of Claim; Unsatisfactory Settle/Offer","2"
"2018-10-01T00:00:00.000","Notice Requirements; Unsatisfactory Settle/Offer","1"
"2016-05-01T00:00:00.000","Increased Dwelling Coverage; Other","1"
"2026-04-01T00:00:00.000","Cust Srvc Policy Holder Srvcs; Delays (Underwriting); Refund Of Premium","1"
"2024-08-01T00:00:00.000","Delays (Claims Handling)","17"
"2022-08-01T00:00:00.000","Misrepresentation","5"
"2013-07-01T00:00:00.000","Cancellation; Denial Of Claim","1"
"2023-08-01T00:00:00.000","Delays (Claims Handling); Delays (Policyholder Service)","1"
"2026-01-01T00:00:00.000","Denial Of Claim; Policy Exclusion","1"
"2016-11-01T00:00:00.000","Cust Service Claim Handling; Delays (Claims Handling); Unsatisfactory Settle/Offer","15"
"2016-06-01T00:00:00.000","Delays (Policyholder Service); Delays (Underwriting); Premium and Rating","1"
"2019-09-01T00:00:00.000","Cancellation; Delays (Policyholder Service)","1"
"2014-10-01T00:00:00.000","Cust Service Claim Handling","2"
"2025-06-01T00:00:00.000","Cust Service Claim Handling; Endorsement / Rider; Unsatisfactory Settle/Offer","1"
"2024-02-01T00:00:00.000","Non-Renewal","9"
"2015-05-01T00:00:00.000","Cust Service Claim Handling; Delays (Claims Handling)","9"
"2025-10-01T00:00:00.000","Cust Srvc Policy Holder Srvcs; Premium and Rating","3"
"2025-04-01T00:00:00.000","Cust Service Claim Handling; Unsatisfactory Settle/Offer","50"
"2019-08-01T00:00:00.000","Delays (Policyholder Service); Disabled Individuals Access","2"
"2015-03-01T00:00:00.000","Delays (Claims Handling); Denial Of Claim","3"
"2025-06-01T00:00:00.000","Non-Renewal; Unsatisfactory Settle/Offer","1"
"2020-11-01T00:00:00.000","Premium Notice","1"
"2019-05-01T00:00:00.000","Non-Renewal","1"
"2018-06-01T00:00:00.000","Agent Handling; Misrepresentation; Notice Requirements","1"
"2014-10-01T00:00:00.000","Endorsement / Rider; Notice Requirements; Other; Refund Of Premium","1"
"2025-07-01T00:00:00.000","Cancellation; Premium and Rating","1"
"2020-11-01T00:00:00.000","Duplication of Coverage","1"
"2015-06-01T00:00:00.000","Premium and Rating; Refund Of Premium","1"
"2014-02-01T00:00:00.000","Increased Dwelling Coverage","2"
"2017-03-01T00:00:00.000","Agent Handling","7"
"2020-03-01T00:00:00.000","Cancellation; Premium and Rating; Refund Of Premium","1"
"2024-09-01T00:00:00.000","Cust Srvc Policy Holder Srvcs; Delays (Policyholder Service); Use Of Clue Reports","1"
"2015-11-01T00:00:00.000","Premium and Rating","10"
"2025-05-01T00:00:00.000","Non-Renewal","3"
"2025-03-01T00:00:00.000","Cust Srvc Policy Holder Srvcs; Refund Of Premium","9"
"2014-10-01T00:00:00.000","Delays (Policyholder Service)","2"
"2022-03-01T00:00:00.000","Cust Service Claim Handling; Denial Of Claim","5"
"2024-07-01T00:00:00.000","Cancellation; Cust Srvc Policy Holder Srvcs; Premium and Rating; Refund Of Premium","1"
"2014-07-01T00:00:00.000","Premium Notice; Premium and Rating","2"
"2020-06-01T00:00:00.000","Delays (Claims Handling); Unsatisfactory Settle/Offer","13"
"2026-01-01T00:00:00.000","Cancellation; Cust Srvc Policy Holder Srvcs; Delays (Policyholder Service); Endorsement / Rider; Premium and Rating","1"
"2020-06-01T00:00:00.000","Conversion; Misrepresentation","3"
"2021-03-01T00:00:00.000","Cust Service Claim Handling; Delays (Claims Handling); Denial Of Claim","9"
"2018-04-01T00:00:00.000","Refund Of Premium","1"
"2025-01-01T00:00:00.000","Delays (Claims Handling)","5"
"2019-04-01T00:00:00.000","Refund Of Premium","4"
"2019-09-01T00:00:00.000","Denial Of Claim; Non-Renewal; Unsatisfactory Settle/Offer","1"
"2019-07-01T00:00:00.000","Delays (Policyholder Service); Other","2"
"2023-11-01T00:00:00.000","Delays (Claims Handling); Delays (Policyholder Service)","1"
"2025-07-01T00:00:00.000","Premium and Rating; Use Of Clue Reports","1"
"2021-07-01T00:00:00.000","Premium and Rating; Refund Of Premium","2"
"2016-09-01T00:00:00.000","Denial Of Claim","30"
"2021-02-01T00:00:00.000","Use of Credit Reports","4"
"2026-04-01T00:00:00.000","Cust Service Claim Handling; Unsatisfactory Settle/Offer","36"
"2020-05-01T00:00:00.000","Delays (Policyholder Service); Delays (Underwriting); Endorsement / Rider","1"
"2025-03-01T00:00:00.000","Cust Srvc Policy Holder Srvcs; Non-Renewal; Unsatisfactory Settle/Offer","1"
"2020-03-01T00:00:00.000","Misrepresentation; Premium and Rating","1"
"2025-09-01T00:00:00.000","Delays (Claims Handling); Denial Of Claim","1"
"2017-09-01T00:00:00.000","Agent Handling","18"
"2016-10-01T00:00:00.000","Denial Of Claim; Non-Renewal","1"
"2016-04-01T00:00:00.000","Increased Dwelling Coverage; Other; Unsatisfactory Settle/Offer","1"
"2026-03-01T00:00:00.000","Cancellation; Cust Srvc Policy Holder Srvcs; Delays (Policyholder Service); Premium Notice; Premium and Rating; Refund Of Premium","1"
"2016-03-01T00:00:00.000","Non-Renewal","2"
"2018-02-01T00:00:00.000","Cust Service Claim Handling; Delays (Claims Handling); Denial Of Claim","5"
"2014-02-01T00:00:00.000","Delays (Claims Handling)","8"
"2014-02-01T00:00:00.000","Cancellation; Premium and Rating","1"
"2018-12-01T00:00:00.000","Premium and Rating","4"
"2013-09-01T00:00:00.000","Denial Of Claim","32"
"2017-05-01T00:00:00.000","Cancellation; Denial Of Claim","1"
"2015-01-01T00:00:00.000","Delays (Claims Handling); Denial Of Claim","3"
"2025-11-01T00:00:00.000","Cust Srvc Policy Holder Srvcs; Delays (Policyholder Service); Delays (Underwriting); Premium and Rating","1"
"2015-08-01T00:00:00.000","Unauthorized Acts","6"
"2023-07-01T00:00:00.000","Cust Service Claim Handling; Delays (Claims Handling); Unsatisfactory Settle/Offer","26"
"2022-02-01T00:00:00.000","Cust Service Claim Handling; Delays (Claims Handling); Unsatisfactory Settle/Offer","20"
"2012-09-01T00:00:00.000","Cust Service Claim Handling; Delays (Claims Handling); Denial Of Claim","1"
"2025-12-01T00:00:00.000","Cust Service Claim Handling; Denial Of Claim","11"
"2024-11-01T00:00:00.000","Cust Service Claim Handling; Delays (Claims Handling); Non-Renewal","1"
"2020-04-01T00:00:00.000","Misrepresentation","4"
"2016-03-01T00:00:00.000","Cancellation; Notice Requirements; Other; Premium Notice; Refund Of Premium","1"
"2018-03-01T00:00:00.000","Premium and Rating","7"
"2024-02-01T00:00:00.000","Cust Service Claim Handling; Delays (Claims Handling); Unsatisfactory Settle/Offer","44"
"2024-08-01T00:00:00.000","Misrepresentation","11"
"2024-11-01T00:00:00.000","Cust Srvc Policy Holder Srvcs; Unauthorized Acts","1"
"2012-06-01T00:00:00.000","Cust Service Claim Handling; Endorsement / Rider; Premium and Rating; Unsatisfactory Settle/Offer","1"
"2023-03-01T00:00:00.000","Non-Renewal","3"
"2017-04-01T00:00:00.000","Cust Service Claim Handling; Denial Of Claim; Unsatisfactory Settle/Offer","1"
"2013-07-01T00:00:00.000","Non-Renewal","6"
"2024-12-01T00:00:00.000","Cust Srvc Policy Holder Srvcs; Misrepresentation","1"
"2015-06-01T00:00:00.000","Increased Dwelling Coverage; Other; Premium and Rating","1"
"2023-10-01T00:00:00.000","Unauthorized Acts","5"
"2016-04-01T00:00:00.000","Cancellation","3"
"2026-05-01T00:00:00.000","Premium and Rating","2"
"2024-11-01T00:00:00.000","Non-Renewal; Premium and Rating","2"
"2020-08-01T00:00:00.000","Cust Service Claim Handling; Delays (Claims Handling); Non-Renewal","1"
"2015-04-01T00:00:00.000","Cancellation; Unsatisfactory Settle/Offer","1"
"2017-09-01T00:00:00.000","Denial Of Claim; Not Within TDI Jurisdiction","1"
"2025-06-01T00:00:00.000","Premium and Rating","12"
"2017-04-01T00:00:00.000","Delays (Claims Handling); Unsatisfactory Settle/Offer","5"
"2025-08-01T00:00:00.000","Cust Srvc Policy Holder Srvcs; Refund Of Premium","6"
"2020-05-01T00:00:00.000","Delays (Policyholder Service); Misrepresentation; Premium Notice","1"
"2014-12-01T00:00:00.000","Increased Dwelling Coverage; Premium and Rating","3"
"2020-10-01T00:00:00.000","Cancellation; Refund Of Premium","4"
"2025-04-01T00:00:00.000","Cust Srvc Policy Holder Srvcs; Delays (Policyholder Service); Premium and Rating","1"
"2025-02-01T00:00:00.000","Premium Notice; Premium and Rating","2"
"2016-03-01T00:00:00.000","Delays (Policyholder Service); Premium and Rating; Refund Of Premium","1"
"2014-03-01T00:00:00.000","Misrepresentation","1"
"2016-09-01T00:00:00.000","Cancellation; Cust Service Claim Handling; Delays (Claims Handling); Misrepresentation","1"
"2022-06-01T00:00:00.000","Cust Service Claim Handling; Denial Of Claim","7"
"2014-09-01T00:00:00.000","Endorsement / Rider","1"
"2021-05-01T00:00:00.000","Delays (Policyholder Service); Refund Of Premium","9"
"2018-07-01T00:00:00.000","Commissions","2"
"2018-10-01T00:00:00.000","Agent Handling; Endorsement / Rider; Unsatisfactory Settle/Offer","1"
"2018-09-01T00:00:00.000","Delays (Policyholder Service)","3"
"2019-11-01T00:00:00.000","Cancellation","3"
"2018-04-01T00:00:00.000","Cancellation; Premium and Rating","1"
"2024-01-01T00:00:00.000","Cancellation; Delays (Policyholder Service)","3"
"2026-05-01T00:00:00.000","Cust Service Claim Handling; Denial Of Claim; Unsatisfactory Settle/Offer","2"
"2025-07-01T00:00:00.000","Policy Exclusion; Unsatisfactory Settle/Offer","1"
"2016-01-01T00:00:00.000","Agent Handling","14"
"2015-09-01T00:00:00.000","Misrepresentation","1"
"2022-12-01T00:00:00.000","Denial Of Claim; Non-Renewal; Unsatisfactory Settle/Offer","1"
"2020-05-01T00:00:00.000","Delays (Claims Handling); Denial Of Claim; Unsatisfactory Settle/Offer","4"
"2020-07-01T00:00:00.000","Misrepresentation","7"
"2021-04-01T00:00:00.000","Conversion; Other; Refund Of Premium","1"
"2015-06-01T00:00:00.000","Cancellation; Premium Notice","1"
"2013-02-01T00:00:00.000","Agent Handling","13"
"2012-10-01T00:00:00.000","Non-Renewal","4"
"2019-07-01T00:00:00.000","Cancellation; Non-Disclosure Of Coverage","1"
"2017-10-01T00:00:00.000","Premium Notice","3"
"2013-02-01T00:00:00.000","Non-Renewal","2"
"2018-08-01T00:00:00.000","Premium and Rating","6"
"2026-08-01T00:00:00.000","Cust Service Claim Handling; Unsatisfactory Settle/Offer","35"
"2025-07-01T00:00:00.000","Unauthorized Acts; Use of Credit Reports","1"
"2016-04-01T00:00:00.000","Other; Refund Of Premium","1"
"2015-01-01T00:00:00.000","Cust Service Claim Handling; Delays (Claims Handling); Unsatisfactory Settle/Offer","2"
"2025-07-01T00:00:00.000","Delays (Underwriting); Refund Of Premium","1"
"2023-05-01T00:00:00.000","Premium and Rating","16"
"2012-10-01T00:00:00.000","Cancellation; Premium Notice; Premium and Rating; Refund Of Premium","1"
"2014-08-01T00:00:00.000","Insurer Fraud","2"
"2015-01-01T00:00:00.000","Claimant Fraud","1"
"2024-05-01T00:00:00.000","Use of Credit Reports","1"
"2020-06-01T00:00:00.000","Delays (Claims Handling); Denial Of Claim; Unsatisfactory Settle/Offer","2"
"2013-03-01T00:00:00.000","Delays (Claims Handling)","10"
"2012-05-01T00:00:00.000","Delays (Claims Handling)","2"
"2022-04-01T00:00:00.000","Delays (Claims Handling); Unsatisfactory Settle/Offer","20"
"2025-04-01T00:00:00.000","Cust Service Claim Handling; Denial Of Claim; Policy Exclusion","1"
"2019-11-01T00:00:00.000","Misrepresentation","4"
"2014-09-01T00:00:00.000","Claimant Fraud; Unsatisfactory Settle/Offer","1"
"2013-06-01T00:00:00.000","Cust Service Claim Handling; Delays (Claims Handling); Disaster","1"
"2013-10-01T00:00:00.000","Cust Service Claim Handling; Unsatisfactory Settle/Offer","1"
"2023-04-01T00:00:00.000","Use of Credit Reports","1"
"2026-02-01T00:00:00.000","Cust Srvc Policy Holder Srvcs; Premium Notice; Premium and Rating; Refund Of Premium","1"
"2013-05-01T00:00:00.000","Cust Service Claim Handling; Delays (Claims Handling); Denial Of Claim; Excessive Rates; Premium and Rating","1"
"2026-01-01T00:00:00.000","Denial Of Claim","10"
"2019-01-01T00:00:00.000","Cust Service Claim Handling; Denial Of Claim","5"
"2019-08-01T00:00:00.000","Non-Renewal","2"
"2021-02-01T00:00:00.000","Cust Service Claim Handling; Other","1"
"2018-02-01T00:00:00.000","Delays (Claims Handling); Denial Of Claim","2"
"2024-12-01T00:00:00.000","Cust Service Claim Handling; Premium and Rating","2"
"2020-07-01T00:00:00.000","Cancellation; Delays (Policyholder Service); Misrepresentation","1"
"2023-01-01T00:00:00.000","Denial Of Claim","18"
"2015-12-01T00:00:00.000","Delays (Policyholder Service); Premium and Rating","1"
"2018-06-01T00:00:00.000","Denial Of Claim; Unsatisfactory Settle/Offer","6"
"2024-03-01T00:00:00.000","Other; Use Of Clue Reports","1"
"2024-04-01T00:00:00.000","Cust Srvc Policy Holder Srvcs; Delays (Policyholder Service)","3"
"2019-01-01T00:00:00.000","Cust Service Claim Handling; Denial Of Claim; Post-Claim Underwriting","1"
"2025-09-01T00:00:00.000","Delays (Claims Handling); Policy Exclusion; Unsatisfactory Settle/Offer","1"
"2019-06-01T00:00:00.000","Notice Requirements","1"
"2025-04-01T00:00:00.000","Cust Service Claim Handling; Denial Of Claim","17"
"2017-09-01T00:00:00.000","Denial Of Claim","58"
"2014-08-01T00:00:00.000","Other","7"
"2018-08-01T00:00:00.000","Cust Service Claim Handling; Insurer Fraud","1"
"2012-09-01T00:00:00.000","Fraud","1"
"2024-09-01T00:00:00.000","Cust Service Claim Handling; Unsatisfactory Settle/Offer","64"
"2025-09-01T00:00:00.000","Cancellation; Cust Srvc Policy Holder Srvcs; Denial Of Claim","1"
"2025-08-01T00:00:00.000","Delays (Policyholder Service); Refund Of Premium; Use of Credit Reports","1"
"2024-08-01T00:00:00.000","Delays (Policyholder Service); Unauthorized Acts","1"
"2019-02-01T00:00:00.000","Cust Service Claim Handling; Denial Of Claim; Unsatisfactory Settle/Offer","2"
"2026-08-01T00:00:00.000","Cust Srvc Policy Holder Srvcs; Delays (Policyholder Service)","8"
"2012-07-01T00:00:00.000","Recoupment Of Claims Payment","1"
"2012-05-01T00:00:00.000","Delays (Policyholder Service)","2"
"2025-07-01T00:00:00.000","Cust Srvc Policy Holder Srvcs; Delays (Policyholder Service); Premium and Rating; Refund Of Premium","2"
"2025-01-01T00:00:00.000","Cust Service Claim Handling; Denial Of Claim; Non-Renewal","1"
"2017-11-01T00:00:00.000","Denial Of Claim; Unsatisfactory Settle/Offer","4"
"2018-11-01T00:00:00.000","Endorsement / Rider; Premium and Rating","1"
"2013-10-01T00:00:00.000","Agent Handling; Conversion","1"
"2025-04-01T00:00:00.000","Denial Of Claim; Endorsement / Rider","1"
"2020-06-01T00:00:00.000","Premium and Rating; Use of Credit Reports","1"
"2015-01-01T00:00:00.000","Cust Service Claim Handling; Denial Of Claim","3"
"2017-07-01T00:00:00.000","Unsatisfactory Settle/Offer","14"
"2015-05-01T00:00:00.000","Denial Of Claim; Notice Requirements; Other","1"
"2017-06-01T00:00:00.000","Refund Of Premium","1"
"2015-05-01T00:00:00.000","Premium Notice","1"
"2013-09-01T00:00:00.000","Cancellation; Premium and Rating","2"
"2026-06-01T00:00:00.000","Use of Credit Reports","1"
"2017-04-01T00:00:00.000","Cancellation; Denial Of Claim","2"
"2014-03-01T00:00:00.000","Cancellation; Delays (Policyholder Service)","1"
"2020-02-01T00:00:00.000","Cancellation; Refusal to Insure","2"
"2023-05-01T00:00:00.000","Cust Service Claim Handling; Endorsement / Rider; Unsatisfactory Settle/Offer","2"
"2022-09-01T00:00:00.000","Unsatisfactory Settle/Offer; Usual And Customary","1"
"2019-03-01T00:00:00.000","Unsatisfactory Settle/Offer","7"
"2024-11-01T00:00:00.000","Cust Service Claim Handling; Delays (Claims Handling); Denial Of Claim","11"
"2025-05-01T00:00:00.000","Cust Srvc Policy Holder Srvcs","10"
"2017-10-01T00:00:00.000","Cust Service Claim Handling; Denial Of Claim; Endorsement / Rider","1"
"2020-09-01T00:00:00.000","Denial Of Claim; Unsatisfactory Settle/Offer","2"
"2018-04-01T00:00:00.000","Agent Handling","8"
"2026-05-01T00:00:00.000","Cust Service Claim Handling; Denial Of Claim; Policy Exclusion","3"
"2023-05-01T00:00:00.000","Other","5"
"2018-01-01T00:00:00.000","Cust Service Claim Handling","4"
"2025-08-01T00:00:00.000","Cust Service Claim Handling; Use Of Clue Reports","1"
"2024-07-01T00:00:00.000","Cancellation; Cust Srvc Policy Holder Srvcs; Delays (Policyholder Service); Premium Notice","1"
"2013-03-01T00:00:00.000","Cust Service Claim Handling; Denial Of Claim; Premium and Rating","1"
"2022-06-01T00:00:00.000","Delays (Policyholder Service); Refund Of Premium","7"
"2017-07-01T00:00:00.000","Cancellation; Delays (Policyholder Service); Refund Of Premium","4"
"2024-06-01T00:00:00.000","Delays (Policyholder Service); Refund Of Premium","7"
"2023-11-01T00:00:00.000","Non-Renewal; Unsatisfactory Settle/Offer","2"
"2026-04-01T00:00:00.000","Cust Srvc Policy Holder Srvcs; Refund Of Premium","16"
"2026-05-01T00:00:00.000","Cust Service Claim Handling; Cust Srvc Policy Holder Srvcs; Unsatisfactory Settle/Offer","2"
"2022-01-01T00:00:00.000","Duplication of Coverage","1"
"2014-11-01T00:00:00.000","Endorsement / Rider; Premium and Rating","1"
"2026-06-01T00:00:00.000","Delays (Claims Handling); Denial Of Claim","2"
"2026-05-01T00:00:00.000","Cust Service Claim Handling; Unsatisfactory Settle/Offer","53"
"2014-05-01T00:00:00.000","Cust Service Claim Handling","1"
"2019-06-01T00:00:00.000","Misrepresentation","8"
"2024-02-01T00:00:00.000","Delays (Claims Handling); Unsatisfactory Settle/Offer","14"
"2017-04-01T00:00:00.000","Denial Of Claim; Usual And Customary","1"
"2025-10-01T00:00:00.000","Cust Srvc Policy Holder Srvcs","11"
"2016-07-01T00:00:00.000","Cust Service Claim Handling; Unsatisfactory Settle/Offer","6"
"2018-01-01T00:00:00.000","Denial Of Claim; Endorsement / Rider","1"
"2016-01-01T00:00:00.000","Cust Service Claim Handling; Denial Of Claim","5"
"2024-12-01T00:00:00.000","Cust Service Claim Handling; Delays (Claims Handling); Non-Renewal; Premium and Rating","1"
"2017-09-01T00:00:00.000","Cancellation; Denial Of Claim; Notice Requirements","2"
"2021-09-01T00:00:00.000","Misrepresentation; Unsatisfactory Settle/Offer","1"
"2020-08-01T00:00:00.000","Delays (Policyholder Service)","8"
"2026-08-01T00:00:00.000","Cust Srvc Policy Holder Srvcs; Misleading Advertising","1"
"2021-07-01T00:00:00.000","Premium Notice","1"
"2024-08-01T00:00:00.000","Cancellation; Cust Srvc Policy Holder Srvcs; Notice Requirements","1"
"2015-08-01T00:00:00.000","Delays (Policyholder Service); Denial Of Claim","1"
"2022-12-01T00:00:00.000","Cust Service Claim Handling","3"
"2018-03-01T00:00:00.000","Delays (Policyholder Service); Notice Requirements","1"
"2014-12-01T00:00:00.000","Denial Of Claim; Non-Renewal","1"
"2014-05-01T00:00:00.000","Unauthorized Acts","4"
"2017-05-01T00:00:00.000","Cancellation; Delays (Policyholder Service)","1"
"2021-01-01T00:00:00.000","Cancellation; Premium and Rating","2"
"2012-06-01T00:00:00.000","Cancellation","12"
"2017-09-01T00:00:00.000","Misleading Advertising; Misrepresentation","1"
"2021-11-01T00:00:00.000","Premium and Rating","6"
"2026-03-01T00:00:00.000","Delays (Claims Handling)","5"
"2024-05-01T00:00:00.000","Delays (Policyholder Service); Denial Of Claim","1"
"2020-12-01T00:00:00.000","Other","1"
"2013-10-01T00:00:00.000","Cancellation; Denial Of Claim","1"
"2013-11-01T00:00:00.000","Delays (Policyholder Service); Other","1"
"2014-05-01T00:00:00.000","Cancellation; Refund Of Premium","4"
"2016-05-01T00:00:00.000","Improper Inducements; Misleading Advertising; Unauthorized Acts","1"
"2025-01-01T00:00:00.000","Denial Of Claim; Unsatisfactory Settle/Offer","1"
"2023-06-01T00:00:00.000","Cust Service Claim Handling","9"
"2026-01-01T00:00:00.000","Cancellation","1"
"2025-04-01T00:00:00.000","Cust Service Claim Handling; Cust Srvc Policy Holder Srvcs; Non-Renewal; Unsatisfactory Settle/Offer","1"
"2025-10-01T00:00:00.000","Cancellation; Cust Service Claim Handling; Delays (Claims Handling)","1"
"2019-11-01T00:00:00.000","Cust Service Claim Handling; Unsatisfactory Settle/Offer","10"
"2016-05-01T00:00:00.000","Delays (Claims Handling); Denial Of Claim","4"
"2025-11-01T00:00:00.000","Non-Renewal","1"
"2013-06-01T00:00:00.000","Use Of Clue Reports","2"
"2025-02-01T00:00:00.000","Cust Srvc Policy Holder Srvcs; Delays (Policyholder Service); Refund Of Premium","5"
"2024-07-01T00:00:00.000","Cust Service Claim Handling; Delays (Claims Handling)","144"
"2022-05-01T00:00:00.000","Cancellation; Denial Of Claim; Post-Claim Underwriting","1"
"2016-03-01T00:00:00.000","Delays (Policyholder Service)","2"
"2013-12-01T00:00:00.000","Premium Notice; Premium and Rating","1"
"2021-10-01T00:00:00.000","Cancellation; Refund Of Premium","3"
"2024-09-01T00:00:00.000","Cust Srvc Policy Holder Srvcs; Delays (Policyholder Service)","11"
"2015-07-01T00:00:00.000","Assignment of Benefits; Use Of Clue Reports","1"
"2024-12-01T00:00:00.000","Cust Service Claim Handling; Unfair Discrim-Clms Handling; Unsatisfactory Settle/Offer","1"
"2025-12-01T00:00:00.000","Cust Service Claim Handling; Delays (Claims Handling); Endorsement / Rider; Policy Exclusion","1"
"2024-08-01T00:00:00.000","Cancellation; Use Of Clue Reports","1"
"2023-09-01T00:00:00.000","Non-Renewal","6"
"2020-04-01T00:00:00.000","Unsatisfactory Settle/Offer","4"
"2014-09-01T00:00:00.000","Cancellation; Premium and Rating","1"
"2025-06-01T00:00:00.000","Cust Service Claim Handling; Denial Of Claim; Misrepresentation","1"
"2022-12-01T00:00:00.000","Non-Renewal; Refusal to Insure","2"
"2015-03-01T00:00:00.000","Cust Service Claim Handling; Delays (Claims Handling); Unsatisfactory Settle/Offer","5"
"2025-07-01T00:00:00.000","Unsatisfactory Settle/Offer","42"
"2025-05-01T00:00:00.000","Cust Service Claim Handling; Non-Renewal","1"
"2024-11-01T00:00:00.000","Cancellation; Unfair Discrimination","1"
"2020-06-01T00:00:00.000","Cust Service Claim Handling; Delays (Claims Handling); Unsatisfactory Settle/Offer","26"
"2016-03-01T00:00:00.000","Delays (Policyholder Service); Other; Refund Of Premium","1"
"2017-12-01T00:00:00.000","Agent Handling","6"
"2015-10-01T00:00:00.000","Cust Service Claim Handling; Unsatisfactory Settle/Offer","6"
"2022-11-01T00:00:00.000","Cust Service Claim Handling; Delays (Policyholder Service)","1"
"2020-04-01T00:00:00.000","Notice Requirements","1"
"2019-09-01T00:00:00.000","Delays (Claims Handling); Unsatisfactory Settle/Offer","10"
"2023-03-01T00:00:00.000","Premium Notice","1"
"2025-02-01T00:00:00.000","Other; Unauthorized Acts","1"
"2024-12-01T00:00:00.000","Cust Srvc Policy Holder Srvcs; Refund Of Premium","6"
"2016-12-01T00:00:00.000","Post-Claim Underwriting","1"
"2023-07-01T00:00:00.000","Non-Renewal","3"
"2026-05-01T00:00:00.000","Premium and Rating; Refund Of Premium","2"
"2025-09-01T00:00:00.000","Delays (Policyholder Service); Non-Renewal","1"
"2024-08-01T00:00:00.000","Cancellation; Denial Of Claim","1"
"2019-10-01T00:00:00.000","Cust Service Claim Handling; Delays (Claims Handling); Unsatisfactory Settle/Offer","7"
"2019-01-01T00:00:00.000","Agent Handling; Refund Of Premium","1"
"2016-05-01T00:00:00.000","Cancellation; Delays (Policyholder Service); Refund Of Premium","3"
"2025-10-01T00:00:00.000","Cust Service Claim Handling; Delays (Claims Handling)","68"
"2024-08-01T00:00:00.000","Premium and Rating; Refund Of Premium","3"
"2020-07-01T00:00:00.000","Use of Credit Reports","1"
"2017-09-01T00:00:00.000","Cancellation; Refusal to Insure","1"
"2017-03-01T00:00:00.000","Non-Renewal","1"
"2017-10-01T00:00:00.000","Increased Dwelling Coverage; Premium and Rating","1"
"2016-04-01T00:00:00.000","Delays (Claims Handling); Unsatisfactory Settle/Offer","6"
"2026-05-01T00:00:00.000","Cust Service Claim Handling; Delays (Claims Handling); Denial Of Claim; Use Of Clue Reports","1"
"2024-05-01T00:00:00.000","Not Within TDI Jurisdiction; Other","2"
"2023-09-01T00:00:00.000","Misleading Advertising; Premium and Rating","2"
"2016-12-01T00:00:00.000","Agent Handling","11"
"2023-04-01T00:00:00.000","Misrepresentation","5"
"2017-05-01T00:00:00.000","Denial Of Claim; Non-Renewal","1"
"2026-01-01T00:00:00.000","Cust Service Claim Handling; Delays (Claims Handling); Endorsement / Rider; Unsatisfactory Settle/Offer","1"
"2024-12-01T00:00:00.000","Refund Of Premium","6"
"2015-11-01T00:00:00.000","Agent Handling; Denial Of Claim","1"
"2024-04-01T00:00:00.000","Cancellation; Refund Of Premium","1"
"2015-07-01T00:00:00.000","Non-Renewal","6"
"2013-10-01T00:00:00.000","Other; Unsatisfactory Settle/Offer","1"
"2021-07-01T00:00:00.000","Cust Service Claim Handling","9"
"2021-03-01T00:00:00.000","Cust Service Claim Handling; Delays (Claims Handling); Unsatisfactory Settle/Offer","29"
"2025-07-01T00:00:00.000","Cust Srvc Policy Holder Srvcs; Delays (Policyholder Service)","10"
"2016-07-01T00:00:00.000","Delays (Policyholder Service); Other","2"
"2016-09-01T00:00:00.000","Delays (Policyholder Service); Post-Claim Underwriting","1"
"2025-12-01T00:00:00.000","Cust Service Claim Handling; Cust Srvc Policy Holder Srvcs; Use Of Clue Reports","1"
"2025-09-01T00:00:00.000","Refund Of Premium","6"
"2016-07-01T00:00:00.000","Cust Service Claim Handling; Notice Requirements; Unsatisfactory Settle/Offer","1"
"2012-12-01T00:00:00.000","Cust Service Claim Handling","1"
"2024-03-01T00:00:00.000","Cust Service Claim Handling; Other; Unsatisfactory Settle/Offer","1"
"2020-05-01T00:00:00.000","Misrepresentation; Unauthorized Acts","1"
"2014-12-01T00:00:00.000","Unsatisfactory Settle/Offer","15"
"2018-11-01T00:00:00.000","Agent Handling; Denial Of Claim","1"
"2015-11-01T00:00:00.000","Agent Handling; Cust Service Claim Handling; Delays (Claims Handling); Delays (Policyholder Service)","1"
"2018-03-01T00:00:00.000","Cust Service Claim Handling; Unsatisfactory Settle/Offer","7"
"2018-01-01T00:00:00.000","Agent Handling; Misrepresentation","2"
"2022-08-01T00:00:00.000","Delays (Claims Handling); Unsatisfactory Settle/Offer","30"
"2025-01-01T00:00:00.000","Cancellation","3"
"2025-12-01T00:00:00.000","Premium and Rating","9"
"2016-10-01T00:00:00.000","Premium and Rating","6"
"2014-01-01T00:00:00.000","Agent Handling; Delays (Claims Handling)","2"
"2024-06-01T00:00:00.000","Other; Premium and Rating","1"
"2016-10-01T00:00:00.000","Delays (Claims Handling); Disaster; Unsatisfactory Settle/Offer","2"
"2025-08-01T00:00:00.000","Cust Service Claim Handling; Delays (Claims Handling); Denial Of Claim; Policy Exclusion","2"
"2026-06-01T00:00:00.000","Delays (Claims Handling)","3"
"2019-06-01T00:00:00.000","Delays (Claims Handling); Non-Renewal","1"
"2015-03-01T00:00:00.000","Cancellation; Non-Renewal","2"
"2015-06-01T00:00:00.000","Cancellation; Refusal to Insure","1"
"2023-03-01T00:00:00.000","Cust Service Claim Handling; Denial Of Claim; Unsatisfactory Settle/Offer","1"
"2019-02-01T00:00:00.000","Premium Notice","3"
"2025-07-01T00:00:00.000","Delays (Claims Handling); Prompt Pay","1"
"2024-10-01T00:00:00.000","Other","2"
"2023-06-01T00:00:00.000","Cust Service Claim Handling; Delays (Claims Handling); Unsatisfactory Settle/Offer","34"
"2017-03-01T00:00:00.000","Cancellation; Cust Service Claim Handling; Unsatisfactory Settle/Offer","1"
"2014-04-01T00:00:00.000","Cancellation","7"
"2024-08-01T00:00:00.000","Cust Srvc Policy Holder Srvcs; Premium Notice","1"
"2020-12-01T00:00:00.000","Cancellation","3"
"2013-09-01T00:00:00.000","Refund Of Premium","12"
"2021-12-01T00:00:00.000","Denial Of Claim","25"
"2017-08-01T00:00:00.000","Cust Service Claim Handling; Delays (Claims Handling); Endorsement / Rider; Premium and Rating; Unsatisfactory Settle/Offer","1"
"2015-11-01T00:00:00.000","Delays (Policyholder Service); Premium and Rating; Refund Of Premium","1"
"2021-10-01T00:00:00.000","Denial Of Claim","31"
"2012-06-01T00:00:00.000","Cust Service Claim Handling; Delays (Claims Handling)","4"
"2012-11-01T00:00:00.000","Unsatisfactory Settle/Offer","32"
"2024-12-01T00:00:00.000","Denial Of Claim","9"
"2024-10-01T00:00:00.000","Cust Service Claim Handling; Use Of Clue Reports","2"
"2016-04-01T00:00:00.000","Increased Dwelling Coverage; Not Within TDI Jurisdiction; Other; Other; Refund Of Premium","2"
"2019-04-01T00:00:00.000","Cancellation","2"
"2014-08-01T00:00:00.000","Agent Handling; Conversion","2"
"2014-08-01T00:00:00.000","Delays (Claims Handling); Denial Of Claim; Unsatisfactory Settle/Offer","1"
"2019-10-01T00:00:00.000","Notice Requirements; Premium Notice; Unauthorized Acts","1"
"2017-11-01T00:00:00.000","Cust Service Claim Handling; Post-Claim Underwriting","1"
"2026-04-01T00:00:00.000","Cust Srvc Policy Holder Srvcs; Delays (Underwriting); Premium and Rating","1"
"2026-06-01T00:00:00.000","Cust Srvc Policy Holder Srvcs; Misrepresentation","2"
"2018-03-01T00:00:00.000","Denial Of Claim; Other","1"
"2014-05-01T00:00:00.000","Other","1"
"2024-10-01T00:00:00.000","Cancellation; Cust Srvc Policy Holder Srvcs; Delays (Policyholder Service)","1"
"2020-06-01T00:00:00.000","Cust Service Claim Handling","3"
"2022-09-01T00:00:00.000","Premium and Rating","7"
"2024-10-01T00:00:00.000","Misrepresentation","3"
"2019-07-01T00:00:00.000","Unsatisfactory Settle/Offer","12"
"2026-09-01T00:00:00.000","Cust Srvc Policy Holder Srvcs; Non-Renewal","1"
"2013-04-01T00:00:00.000","Unauthorized Acts","1"
"2023-10-01T00:00:00.000","Cust Service Claim Handling; Denial Of Claim; Unsatisfactory Settle/Offer","1"
"2022-10-01T00:00:00.000","Cancellation; Non-Renewal","1"
"2018-08-01T00:00:00.000","Delays (Claims Handling); Denial Of Claim; Unsatisfactory Settle/Offer","1"
"2025-09-01T00:00:00.000","Cancellation; Premium and Rating","1"
"2026-05-01T00:00:00.000","Cust Service Claim Handling; Refund Of Premium; Unsatisfactory Settle/Offer","1"
"2025-08-01T00:00:00.000","Use of Credit Reports","1"
"2019-09-01T00:00:00.000","Cust Service Claim Handling; Delays (Claims Handling); Denial Of Claim","1"
"2018-08-01T00:00:00.000","Misleading Advertising","1"
"2026-06-01T00:00:00.000","Cust Service Claim Handling; Fraud","1"
"2018-11-01T00:00:00.000","Cust Service Claim Handling; Premium and Rating; Unsatisfactory Settle/Offer","1"
"2026-04-01T00:00:00.000","Premium and Rating; Refund Of Premium","1"
"2021-11-01T00:00:00.000","Misrepresentation; Refund Of Premium","1"
"2019-03-01T00:00:00.000","Cust Service Claim Handling; Unsatisfactory Settle/Offer","3"
"2024-04-01T00:00:00.000","Refusal to Insure; Use of Credit Reports","1"
"2026-05-01T00:00:00.000","Cust Srvc Policy Holder Srvcs; Refund Of Premium","8"
"2017-10-01T00:00:00.000","Cancellation; Premium Notice","1"
"2014-01-01T00:00:00.000","Agent Handling; Conversion; Unauthorized Acts","1"
"2025-04-01T00:00:00.000","Denial Of Claim; Policy Exclusion; Use Of Clue Reports","1"
"2020-02-01T00:00:00.000","Premium Notice; Premium and Rating","1"
"2017-12-01T00:00:00.000","Delays (Claims Handling); Unsatisfactory Settle/Offer; Usual And Customary","1"
"2024-08-01T00:00:00.000","Delays (Policyholder Service); Premium and Rating; Refund Of Premium","1"
"2026-04-01T00:00:00.000","Cancellation; Cust Srvc Policy Holder Srvcs; Premium Notice","1"
"2020-10-01T00:00:00.000","Cancellation; Delays (Policyholder Service); Refund Of Premium","1"
"2013-08-01T00:00:00.000","Agent Handling; Refund Of Premium","1"
"2019-07-01T00:00:00.000","Cancellation; Cust Service Claim Handling; Denial Of Claim","1"
"2024-02-01T00:00:00.000","Misrepresentation; Unauthorized Acts","1"
"2015-06-01T00:00:00.000","Agent Handling; Cancellation; Delays (Underwriting)","1"
"2021-08-01T00:00:00.000","Delays (Claims Handling)","55"
"2017-03-01T00:00:00.000","Unsatisfactory Settle/Offer; Usual And Customary","1"
"2014-12-01T00:00:00.000","Conversion","1"
"2013-04-01T00:00:00.000","Denial Of Claim; Unsatisfactory Settle/Offer","3"
"2026-05-01T00:00:00.000","Cust Service Claim Handling; Unauthorized Acts; Unsatisfactory Settle/Offer","1"
"2024-05-01T00:00:00.000","Cancellation; Delays (Claims Handling); Delays (Underwriting)","1"
"2025-02-01T00:00:00.000","Cust Service Claim Handling; Denial Of Claim; Premium and Rating","2"
"2018-02-01T00:00:00.000","Cust Service Claim Handling; Delays (Claims Handling); Unsatisfactory Settle/Offer","16"
"2016-06-01T00:00:00.000","Delays (Claims Handling)","24"
"2026-05-01T00:00:00.000","Cancellation; Cust Srvc Policy Holder Srvcs; Premium Notice; Refund Of Premium","1"
"2012-06-01T00:00:00.000","Delays (Policyholder Service)","4"
"2017-03-01T00:00:00.000","Premium and Rating; Refusal to Insure","1"
"2022-08-01T00:00:00.000","Cust Service Claim Handling; Unsatisfactory Settle/Offer","9"
"2026-01-01T00:00:00.000","Cust Service Claim Handling; Cust Srvc Policy Holder Srvcs; Delays (Claims Handling); Delays (Policyholder Service); Non-Renewal","1"
"2016-02-01T00:00:00.000","Delays (Claims Handling); Denial Of Claim","2"
"2026-08-01T00:00:00.000","Cancellation","3"
"2022-05-01T00:00:00.000","Endorsement / Rider","1"
"2025-02-01T00:00:00.000","Cust Service Claim Handling; Unauthorized Acts","1"
"2025-05-01T00:00:00.000","Misrepresentation","10"
"2014-08-01T00:00:00.000","Premium Notice","3"
"2021-12-01T00:00:00.000","Delays (Claims Handling)","27"
"2017-10-01T00:00:00.000","Non-Renewal","2"
"2022-10-01T00:00:00.000","Unsatisfactory Settle/Offer","31"
"2022-01-01T00:00:00.000","Cust Service Claim Handling; Delays (Claims Handling); Delays (Policyholder Service); Misrepresentation","1"
"2013-08-01T00:00:00.000","Denial Of Claim","21"
"2021-09-01T00:00:00.000","Unauthorized Acts","3"
"2022-01-01T00:00:00.000","Unauthorized Acts","1"
"2021-06-01T00:00:00.000","Cust Service Claim Handling; Misrepresentation","1"
"2026-01-01T00:00:00.000","Cancellation; Cust Service Claim Handling; Delays (Claims Handling); Unsatisfactory Settle/Offer","1"
"2021-04-01T00:00:00.000","Cancellation; Refund Of Premium","1"
"2024-04-01T00:00:00.000","Delays (Policyholder Service); Denial Of Claim; Refund Of Premium","1"
"2015-09-01T00:00:00.000","Cancellation; Delays (Policyholder Service); Denial Of Claim; Notice Requirements","1"
"2022-05-01T00:00:00.000","Delays (Underwriting); Premium and Rating","1"
"2021-08-01T00:00:00.000","Other","3"
"2019-07-01T00:00:00.000","Delays (Claims Handling); Liability Dispute","2"
"2024-02-01T00:00:00.000","Cancellation; Cust Srvc Policy Holder Srvcs; Delays (Policyholder Service); Refund Of Premium","1"
"2016-04-01T00:00:00.000","Refund Of Premium","1"
"2021-04-01T00:00:00.000","Premium and Rating; Refund Of Premium","2"
"2014-07-01T00:00:00.000","Agent Handling; Conversion; Misrepresentation; Unauthorized Acts","1"
"2014-08-01T00:00:00.000","Increased Dwelling Coverage; Premium and Rating","1"
"2014-12-01T00:00:00.000","Delays (Policyholder Service)","2"
"2014-08-01T00:00:00.000","Delays (Claims Handling); Liability Dispute; Unsatisfactory Settle/Offer","1"
"2012-05-01T00:00:00.000","Misleading Advertising; XX-Othr Violatn of Ins Law/Reg","1"
"2025-06-01T00:00:00.000","Cust Service Claim Handling; Cust Srvc Policy Holder Srvcs","1"
"2016-07-01T00:00:00.000","Other","5"
"2024-04-01T00:00:00.000","Use Of Clue Reports","1"
"2014-08-01T00:00:00.000","Premium and Rating; Unsatisfactory Settle/Offer","1"
"2014-03-01T00:00:00.000","Misrepresentation; Not Within TDI Jurisdiction; Other","8"
"2026-01-01T00:00:00.000","Cancellation; Cust Srvc Policy Holder Srvcs","5"
"2025-05-01T00:00:00.000","Commissions","2"
"2015-05-01T00:00:00.000","Agent Handling; Delays (Policyholder Service); Other","1"
"2026-07-01T00:00:00.000","Cust Service Claim Handling; Cust Srvc Policy Holder Srvcs; Delays (Claims Handling); Delays (Policyholder Service)","1"
"2020-04-01T00:00:00.000","Misleading Advertising; Misrepresentation","1"
"2018-09-01T00:00:00.000","Delays (Policyholder Service); Premium Notice","1"
"2014-10-01T00:00:00.000","Disaster; Unsatisfactory Settle/Offer","1"
"2019-01-01T00:00:00.000","Use of Credit Reports","1"
"2015-08-01T00:00:00.000","Cust Service Claim Handling; Delays (Claims Handling)","10"
"2024-05-01T00:00:00.000","Delays (Claims Handling)","12"
"2017-11-01T00:00:00.000","Cust Service Claim Handling; Delays (Claims Handling); Denial Of Claim; Unsatisfactory Settle/Offer","1"
"2014-06-01T00:00:00.000","Refund Of Premium","14"
"2013-12-01T00:00:00.000","Endorsement / Rider; Other; Premium and Rating; Refund Of Premium","1"
"2021-07-01T00:00:00.000","Other","2"
"2024-06-01T00:00:00.000","Cust Srvc Policy Holder Srvcs; Delays (Claims Handling); Delays (Policyholder Service); Denial Of Claim","1"
"2024-01-01T00:00:00.000","Cust Service Claim Handling","4"
"2026-02-01T00:00:00.000","Cust Service Claim Handling; Unfair Discrim-Clms Handling","2"
"2026-06-01T00:00:00.000","Cust Srvc Policy Holder Srvcs; Delays (Underwriting); Refund Of Premium","2"
"2014-06-01T00:00:00.000","Delays (Claims Handling); Unsatisfactory Settle/Offer","5"
"2019-09-01T00:00:00.000","Delays (Policyholder Service)","2"
"2025-07-01T00:00:00.000","Premium Notice; Refund Of Premium","1"
"2019-09-01T00:00:00.000","Denial Of Claim","12"
"2022-05-01T00:00:00.000","Cust Service Claim Handling; Denial Of Claim; Misrepresentation; Unsatisfactory Settle/Offer","1"
"2017-09-01T00:00:00.000","Cancellation; Delays (Policyholder Service); Premium and Rating; Refund Of Premium","1"
"2020-08-01T00:00:00.000","Delays (Claims Handling)","5"
"2014-09-01T00:00:00.000","Cust Service Claim Handling; Other; Unsatisfactory Settle/Offer","1"
"2014-02-01T00:00:00.000","Refund Of Premium; Refusal to Insure; Use Of Clue Reports","1"
"2024-01-01T00:00:00.000","Cust Service Claim Handling; Delays (Claims Handling); Endorsement / Rider; Unsatisfactory Settle/Offer","1"
"2026-08-01T00:00:00.000","Non-Renewal","2"
"2023-11-01T00:00:00.000","Denial Of Claim; Unsatisfactory Settle/Offer","1"
"2026-05-01T00:00:00.000","Cancellation; Policy Exclusion; Unsatisfactory Settle/Offer","1"
"2014-06-01T00:00:00.000","Cancellation; Refund Of Premium","2"
"2026-01-01T00:00:00.000","Cust Srvc Policy Holder Srvcs; Non-Renewal; Premium and Rating","1"
"2026-01-01T00:00:00.000","Other; Unlawful PHI-based Marketing","1"
"2012-08-01T00:00:00.000","Cancellation; Non-Renewal","1"
"2026-08-01T00:00:00.000","Cust Srvc Policy Holder Srvcs; Misrepresentation","1"
"2012-09-01T00:00:00.000","Cancellation; Delays (Claims Handling)","1"
"2024-03-01T00:00:00.000","Cust Srvc Policy Holder Srvcs; Refund Of Premium","2"
"2022-02-01T00:00:00.000","Unauthorized Acts","1"
"2020-05-01T00:00:00.000","Cancellation; Refund Of Premium","4"
"2021-02-01T00:00:00.000","Cancellation; Denial Of Claim","1"
"2026-05-01T00:00:00.000","Cust Service Claim Handling; Cust Srvc Policy Holder Srvcs; Delays (Claims Handling); Unsatisfactory Settle/Offer","1"
"2020-09-01T00:00:00.000","Cust Service Claim Handling; Delays (Claims Handling); Non-Renewal; Premium and Rating","1"
"2016-04-01T00:00:00.000","Closed-Lack Of Info Cmplainant","1"
"2025-08-01T00:00:00.000","Cust Service Claim Handling; Cust Srvc Policy Holder Srvcs; Delays (Claims Handling); Delays (Policyholder Service); Denial Of Claim","2"
"2023-12-01T00:00:00.000","Refusal to Insure","1"
"2012-09-01T00:00:00.000","Delays (Policyholder Service); Refund Of Premium","3"
"2024-08-01T00:00:00.000","Cust Service Claim Handling; Non-Renewal; Premium and Rating; Unsatisfactory Settle/Offer","1"
"2014-07-01T00:00:00.000","Agent Handling; Denial Of Claim; Non-Disclosure Of Coverage","1"
"2024-07-01T00:00:00.000","Use of Credit Reports","2"
"2019-10-01T00:00:00.000","Delays (Policyholder Service); Premium and Rating; Refund Of Premium","1"
"2025-06-01T00:00:00.000","Misleading Advertising; Misrepresentation","1"
"2026-04-01T00:00:00.000","Delays (Claims Handling); Denial Of Claim; Unsatisfactory Settle/Offer","2"
"2026-02-01T00:00:00.000","Cust Service Claim Handling; Delays (Claims Handling); Non-Renewal","1"
"2014-06-01T00:00:00.000","Cancellation","15"
"2026-02-01T00:00:00.000","Cust Srvc Policy Holder Srvcs; Non-Renewal","2"
"2018-05-01T00:00:00.000","Delays (Policyholder Service)","3"
"2019-08-01T00:00:00.000","Cancellation; Premium Notice; Premium and Rating","1"
"2014-04-01T00:00:00.000","Delays (Policyholder Service); Refund Of Premium","1"
"2020-08-01T00:00:00.000","Cancellation; Refund Of Premium","3"
"2024-09-01T00:00:00.000","Cust Service Claim Handling; Delays (Claims Handling); Non-Renewal; Unsatisfactory Settle/Offer","3"
"2025-11-01T00:00:00.000","Cust Service Claim Handling; Denial Of Claim; Unsatisfactory Settle/Offer","4"
"2023-02-01T00:00:00.000","Cust Service Claim Handling; Denial Of Claim; Post-Claim Underwriting","1"
"2018-06-01T00:00:00.000","Increased Dwelling Coverage","1"
"2012-07-01T00:00:00.000","Liability Dispute","1"
"2013-04-01T00:00:00.000","Cancellation","4"
"2012-10-01T00:00:00.000","Cust Service Claim Handling; Denial Of Claim","3"
"2021-03-01T00:00:00.000","Conversion","2"
"2026-03-01T00:00:00.000","Cust Srvc Policy Holder Srvcs; Delays (Policyholder Service); Premium Notice; Refund Of Premium","1"
"2016-01-01T00:00:00.000","Non-Renewal; Unfair Discrimination","1"
"2016-04-01T00:00:00.000","Denial Of Claim; Notice Requirements","1"
"2024-12-01T00:00:00.000","Cust Service Claim Handling; Unsatisfactory Settle/Offer; Use Of Clue Reports","1"
"2021-01-01T00:00:00.000","Delays (Claims Handling); Denial Of Claim","1"
"2013-06-01T00:00:00.000","Agent Handling; Non-Disclosure Of Coverage","1"
"2015-05-01T00:00:00.000","Agent Handling; Endorsement / Rider","1"
"2023-05-01T00:00:00.000","Delays (Underwriting)","1"
"2016-01-01T00:00:00.000","Non-Renewal","1"
"2020-05-01T00:00:00.000","Cust Service Claim Handling; Delays (Claims Handling); Delays (Policyholder Service)","1"
"2014-12-01T00:00:00.000","Premium and Rating; Refund Of Premium","1"
"2025-01-01T00:00:00.000","Cust Srvc Policy Holder Srvcs; Delays (Underwriting); Refusal to Insure","1"
"2024-05-01T00:00:00.000","Refusal to Insure","1"
"2019-08-01T00:00:00.000","Delays (Claims Handling)","10"
"2022-06-01T00:00:00.000","Cancellation; Denial Of Claim","2"
"2019-07-01T00:00:00.000","Delays (Policyholder Service); Premium Notice","2"
"2013-04-01T00:00:00.000","Delays (Claims Handling); Denial Of Claim","2"
"2014-09-01T00:00:00.000","Non-Disclosure Of Coverage; Unsatisfactory Settle/Offer","1"
"2014-08-01T00:00:00.000","Cancellation; Delays (Underwriting); Premium and Rating","1"
"2024-04-01T00:00:00.000","Refund Of Premium","28"
"2020-02-01T00:00:00.000","Delays (Claims Handling); Unsatisfactory Settle/Offer","3"
"2017-10-01T00:00:00.000","Cust Service Claim Handling; Delays (Claims Handling); Disaster; Unsatisfactory Settle/Offer","1"
"2019-07-01T00:00:00.000","Other","1"
"2016-05-01T00:00:00.000","Cust Service Claim Handling","3"
"2014-03-01T00:00:00.000","Cancellation","15"
"2022-10-01T00:00:00.000","Delays (Claims Handling); Denial Of Claim; Unsatisfactory Settle/Offer","1"
"2022-04-01T00:00:00.000","Delays (Policyholder Service)","11"
"2014-06-01T00:00:00.000","Premium and Rating","11"
"2025-12-01T00:00:00.000","Cust Service Claim Handling; Cust Srvc Policy Holder Srvcs; Delays (Claims Handling); Premium Notice","1"
"2015-07-01T00:00:00.000","Delays (Policyholder Service); Denial Of Claim","1"
"2025-06-01T00:00:00.000","Misrepresentation; Premium and Rating; Refund Of Premium","1"
"2018-05-01T00:00:00.000","Unauthorized Acts","5"
"2025-06-01T00:00:00.000","Cancellation; Denial Of Claim","1"
"2024-08-01T00:00:00.000","Cust Service Claim Handling; Delays (Claims Handling); Usual And Customary","1"
"2023-09-01T00:00:00.000","Use Of Clue Reports; Use of Credit Reports","1"
"2025-06-01T00:00:00.000","Cust Srvc Policy Holder Srvcs; Endorsement / Rider; Misrepresentation","1"
"2022-01-01T00:00:00.000","Cancellation","2"
"2018-10-01T00:00:00.000","Premium Notice","1"
"2018-04-01T00:00:00.000","Assignment of Benefits; Cust Service Claim Handling","1"
"2013-09-01T00:00:00.000","Unsatisfactory Settle/Offer","20"
"2014-11-01T00:00:00.000","Denial Of Claim; Unsatisfactory Settle/Offer","1"
"2013-06-01T00:00:00.000","Denial Of Claim; Unsatisfactory Settle/Offer","2"
"2016-05-01T00:00:00.000","Denial Of Claim","32"
"2026-07-01T00:00:00.000","Delays (Policyholder Service); Premium and Rating","1"
"2025-06-01T00:00:00.000","Cust Service Claim Handling; Denial Of Claim","18"
"2012-06-01T00:00:00.000","Non-Disclosure Of Coverage","1"
"2024-06-01T00:00:00.000","Non-Renewal; Post-Claim Underwriting; Premium and Rating","1"
"2019-04-01T00:00:00.000","Duplication of Coverage","1"
"2015-01-01T00:00:00.000","Premium Notice; Refund Of Premium","1"
"2025-10-01T00:00:00.000","Use of Credit Reports","4"
"2026-03-01T00:00:00.000","Use Of Clue Reports","2"
"2014-09-01T00:00:00.000","Refusal to Insure; Use Of Clue Reports","1"
"2020-04-01T00:00:00.000","Premium Notice; Premium and Rating; Refund Of Premium","1"
"2020-10-01T00:00:00.000","Delays (Policyholder Service); Refund Of Premium","3"
"2018-03-01T00:00:00.000","Cancellation; Denial Of Claim; Notice Requirements","1"
"2015-07-01T00:00:00.000","Cancellation; Denial Of Claim; Notice Requirements","1"
"2015-12-01T00:00:00.000","Delays (Claims Handling); Unauthorized Acts","1"
"2023-11-01T00:00:00.000","Cust Service Claim Handling; Delays (Claims Handling); Delays (Policyholder Service)","1"
"2018-09-01T00:00:00.000","Cancellation; Premium Notice","1"
"2022-05-01T00:00:00.000","Cust Service Claim Handling; Unauthorized Acts","1"
"2025-10-01T00:00:00.000","Delays (Policyholder Service); Other","1"
"2025-06-01T00:00:00.000","Unauthorized Acts","7"
"2022-04-01T00:00:00.000","Delays (Policyholder Service); Refund Of Premium","8"
"2012-12-01T00:00:00.000","Non-Renewal; Refusal to Insure","1"
"2017-08-01T00:00:00.000","Delays (Policyholder Service); Denial Of Claim","1"
"2013-01-01T00:00:00.000","Delays (Claims Handling)","15"
"2018-10-01T00:00:00.000","Delays (Policyholder Service)","2"
"2019-03-01T00:00:00.000","Agent Handling","7"
"2016-08-01T00:00:00.000","Misrepresentation","1"
"2022-11-01T00:00:00.000","Cancellation; Unsatisfactory Settle/Offer","1"
"2019-02-01T00:00:00.000","Non-Renewal; Notice Requirements","1"
"2021-03-01T00:00:00.000","Cust Service Claim Handling; Delays (Policyholder Service)","1"
"2019-12-01T00:00:00.000","Non-Renewal","1"
"2025-11-01T00:00:00.000","Cust Srvc Policy Holder Srvcs; Premium and Rating; Refund Of Premium","1"
"2026-06-01T00:00:00.000","Delays (Claims Handling); Denial Of Claim; Liability Dispute","1"
"2019-09-01T00:00:00.000","Cancellation; Misrepresentation","1"
"2017-10-01T00:00:00.000","Denial Of Claim","87"
"2017-06-01T00:00:00.000","Delays (Policyholder Service); Premium and Rating; Use of Credit Reports","1"
"2018-08-01T00:00:00.000","Agent Handling; Other","1"
"2020-07-01T00:00:00.000","Delays (Policyholder Service)","6"
"2012-07-01T00:00:00.000","Cancellation; Unfair Discrimination","1"
"2015-10-01T00:00:00.000","Delays (Underwriting)","1"
"2012-11-01T00:00:00.000","Denial Of Claim; Unsatisfactory Settle/Offer","5"
"2015-07-01T00:00:00.000","Delays (Policyholder Service); Refund Of Premium","5"
"2013-12-01T00:00:00.000","Delays (Policyholder Service)","12"
"2021-10-01T00:00:00.000","Cancellation; Delays (Policyholder Service); Misrepresentation","1"
"2023-12-01T00:00:00.000","Cancellation; Delays (Policyholder Service)","1"
"2014-10-01T00:00:00.000","Denial Of Claim","40"
"2018-05-01T00:00:00.000","Non-Renewal","2"
"2018-03-01T00:00:00.000","Unauthorized Acts","9"
"2024-06-01T00:00:00.000","Cust Service Claim Handling; Denial Of Claim","15"
"2019-11-01T00:00:00.000","Delays (Claims Handling); Delays (Policyholder Service)","1"
"2024-12-01T00:00:00.000","Cust Srvc Policy Holder Srvcs; Delays (Policyholder Service); Refund Of Premium","8"
"2023-03-01T00:00:00.000","Refund Of Premium; Unauthorized Acts","1"
"2023-11-01T00:00:00.000","Cust Service Claim Handling; Unsatisfactory Settle/Offer","21"
"2026-04-01T00:00:00.000","Cust Srvc Policy Holder Srvcs; Misleading Advertising; Premium and Rating","1"
"2025-03-01T00:00:00.000","Cust Service Claim Handling; Delays (Claims Handling); Premium and Rating; Unsatisfactory Settle/Offer","1"
"2019-09-01T00:00:00.000","Cust Service Claim Handling; Denial Of Claim","8"
"2018-09-01T00:00:00.000","Non-Renewal","3"
"2014-01-01T00:00:00.000","Delays (Claims Handling); Premium and Rating; Unsatisfactory Settle/Offer","1"
"2025-10-01T00:00:00.000","Cust Service Claim Handling; Unauthorized Acts","1"
"2022-10-01T00:00:00.000","Use of Credit Reports","1"
"2026-08-01T00:00:00.000","Delays (Policyholder Service); Delays (Underwriting); Premium and Rating; Refund Of Premium","1"
"2013-04-01T00:00:00.000","Cust Service Claim Handling; Delays (Claims Handling)","2"
"2016-08-01T00:00:00.000","Cust Service Claim Handling; Unsatisfactory Settle/Offer","3"
"2018-12-01T00:00:00.000","Unsatisfactory Settle/Offer","1"
"2022-06-01T00:00:00.000","Cust Service Claim Handling; Delays (Claims Handling); Unsatisfactory Settle/Offer","26"
"2012-10-01T00:00:00.000","Cust Service Claim Handling; Delays (Claims Handling); Denial Of Claim","1"
"2023-01-01T00:00:00.000","Delays (Claims Handling); Denial Of Claim; Unsatisfactory Settle/Offer","2"
"2022-10-01T00:00:00.000","Cust Service Claim Handling; Unsatisfactory Settle/Offer","10"
"2025-10-01T00:00:00.000","Misrepresentation","7"
"2026-01-01T00:00:00.000","Cust Service Claim Handling; Denial Of Claim; Policy Exclusion; Unsatisfactory Settle/Offer","1"
"2013-03-01T00:00:00.000","Refund Of Premium","9"
"2025-06-01T00:00:00.000","Cust Srvc Policy Holder Srvcs; Unsatisfactory Settle/Offer","2"
"2015-04-01T00:00:00.000","Cust Service Claim Handling; Delays (Claims Handling)","7"
"2025-07-01T00:00:00.000","Denial Of Claim; Non-Renewal","2"
"2023-05-01T00:00:00.000","Refund Of Premium","14"
"2013-08-01T00:00:00.000","Refusal to Insure; Use of Credit Reports","1"
"2020-10-01T00:00:00.000","Cust Service Claim Handling; Misrepresentation; Unsatisfactory Settle/Offer","1"
"2016-09-01T00:00:00.000","Delays (Claims Handling); Unsatisfactory Settle/Offer","14"
"2016-08-01T00:00:00.000","Closed-Lack Of Info Cmplainant","1"
"2013-09-01T00:00:00.000","Delays (Claims Handling); Unsatisfactory Settle/Offer","15"
"2017-04-01T00:00:00.000","Agent Handling; Delays (Policyholder Service); Refund Of Premium","1"
"2024-09-01T00:00:00.000","Cust Service Claim Handling","6"
"2018-07-01T00:00:00.000","Delays (Claims Handling); Non-Renewal; Unsatisfactory Settle/Offer","1"
"2017-11-01T00:00:00.000","Cust Service Claim Handling; Delays (Claims Handling)","31"
"2024-01-01T00:00:00.000","Other; Premium and Rating","2"
"2012-10-01T00:00:00.000","Agent Handling; Misrepresentation","1"
"2017-06-01T00:00:00.000","Denial Of Claim; Non-Renewal","1"
"2019-02-01T00:00:00.000","Denial Of Claim; Unsatisfactory Settle/Offer","1"
"2014-07-01T00:00:00.000","Cust Service Claim Handling","3"
"2015-04-01T00:00:00.000","Notice Requirements; Other","1"
"2019-03-01T00:00:00.000","Agent Handling; Unauthorized Acts","1"
"2017-09-01T00:00:00.000","Non-Renewal; Post-Claim Underwriting","1"
"2014-09-01T00:00:00.000","Increased Dwelling Coverage; Premium and Rating","1"
"2019-06-01T00:00:00.000","Delays (Underwriting)","1"
"2026-08-01T00:00:00.000","Cust Service Claim Handling; Delays (Claims Handling); Policy Exclusion; Premium and Rating; Unsatisfactory Settle/Offer","1"
"2020-09-01T00:00:00.000","Endorsement / Rider; Refund Of Premium","1"
"2019-05-01T00:00:00.000","Post-Claim Underwriting","1"
"2016-07-01T00:00:00.000","Delays (Policyholder Service)","5"
"2013-01-01T00:00:00.000","Delays (Claims Handling); Denial Of Claim","1"
"2019-08-01T00:00:00.000","Cust Service Claim Handling; Delays (Claims Handling); Unsatisfactory Settle/Offer","20"
"2015-08-01T00:00:00.000","Agent Handling; Delays (Policyholder Service)","1"
"2021-03-01T00:00:00.000","Cancellation; Unsatisfactory Settle/Offer","1"
"2018-04-01T00:00:00.000","Cust Service Claim Handling; Delays (Claims Handling); Unfair Discrim-Clms Handling","1"
"2013-12-01T00:00:00.000","Agent Handling","7"
"2016-08-01T00:00:00.000","Delays (Underwriting); Refund Of Premium","1"
"2021-02-01T00:00:00.000","Denial Of Claim; Liability Dispute","1"
"2021-03-01T00:00:00.000","Denial Of Claim; Unsatisfactory Settle/Offer","13"
"2025-07-01T00:00:00.000","Delays (Claims Handling); Unsatisfactory Settle/Offer","18"
"2020-09-01T00:00:00.000","Cust Service Claim Handling; Delays (Claims Handling); Denial Of Claim","6"
"2015-05-01T00:00:00.000","Cancellation; Denial Of Claim","2"
"2012-09-01T00:00:00.000","Refusal to Insure; Use Of Clue Reports","1"
"2016-01-01T00:00:00.000","Denial Of Claim","29"
"2019-01-01T00:00:00.000","Cust Service Claim Handling; Delays (Claims Handling); Unsatisfactory Settle/Offer","11"
"2019-07-01T00:00:00.000","Misrepresentation; Non-Disclosure Of Coverage","1"
"2014-05-01T00:00:00.000","Delays (Claims Handling); Not Within TDI Jurisdiction","1"
"2019-09-01T00:00:00.000","Delays (Claims Handling); Unsatisfactory Settle/Offer; Usual And Customary","1"
"2015-03-01T00:00:00.000","Refusal to Insure","1"
"2017-02-01T00:00:00.000","Agent Handling; Denial Of Claim","1"
"2017-11-01T00:00:00.000","Other","1"
"2013-09-01T00:00:00.000","Unfair Discrim-Clms Handling; Unsatisfactory Settle/Offer","1"
"2017-06-01T00:00:00.000","Cancellation; Denial Of Claim","1"
"2016-12-01T00:00:00.000","Denial Of Claim; Non-Renewal","1"
"2016-09-01T00:00:00.000","Cust Service Claim Handling; Unsatisfactory Settle/Offer","6"
"2017-10-01T00:00:00.000","Cust Service Claim Handling; Denial Of Claim","13"
"2018-02-01T00:00:00.000","Cancellation; Notice Requirements","1"
"2025-06-01T00:00:00.000","Delays (Claims Handling); Policy Exclusion","1"
"2013-07-01T00:00:00.000","Delays (Claims Handling); Denial Of Claim","2"
"2019-03-01T00:00:00.000","Cust Service Claim Handling; Post-Claim Underwriting","1"
"2015-03-01T00:00:00.000","Premium and Rating","14"
"2022-05-01T00:00:00.000","Cust Service Claim Handling; Denial Of Claim; Unsatisfactory Settle/Offer","1"
"2019-01-01T00:00:00.000","Cust Service Claim Handling; Unsatisfactory Settle/Offer","7"
"2014-02-01T00:00:00.000","Cancellation; Denial Of Claim","4"
"2015-06-01T00:00:00.000","Delays (Policyholder Service); Refund Of Premium","11"
"2025-03-01T00:00:00.000","Cancellation; Refund Of Premium","5"
"2025-12-01T00:00:00.000","Cust Service Claim Handling; Non-Renewal; Unsatisfactory Settle/Offer","1"
"2014-10-01T00:00:00.000","Premium and Rating; Use of Credit Reports","1"
"2016-07-01T00:00:00.000","Denial Of Claim; Non-Renewal","1"
"2016-11-01T00:00:00.000","Cust Service Claim Handling; Denial Of Claim","2"
"2020-09-01T00:00:00.000","Delays (Underwriting); Premium Notice; Premium and Rating","1"
"2019-03-01T00:00:00.000","Cust Service Claim Handling; Delays (Claims Handling); Unsatisfactory Settle/Offer","11"
"2024-07-01T00:00:00.000","Cust Service Claim Handling; Delays (Claims Handling); Non-Renewal; Unsatisfactory Settle/Offer","1"
"2013-02-01T00:00:00.000","Cust Service Claim Handling; Delays (Claims Handling); Unfair Discrim-Clms Handling","1"
"2019-09-01T00:00:00.000","Refund Of Premium","5"
"2020-06-01T00:00:00.000","Misleading Advertising","1"
"2019-10-01T00:00:00.000","Cancellation; Delays (Policyholder Service); Refund Of Premium","1"
"2020-08-01T00:00:00.000","Cust Service Claim Handling; Delays (Claims Handling); Denial Of Claim; Liability Dispute","1"
"2018-07-01T00:00:00.000","Delays (Claims Handling); Denial Of Claim","1"
"2024-10-01T00:00:00.000","Cust Service Claim Handling; Delays (Claims Handling); Denial Of Claim","13"
"2026-07-01T00:00:00.000","Cust Srvc Policy Holder Srvcs; Delays (Policyholder Service); Refund Of Premium","9"
"2017-11-01T00:00:00.000","Delays (Policyholder Service); Refund Of Premium","3"
"2017-04-01T00:00:00.000","Cancellation; Delays (Policyholder Service)","1"
"2022-03-01T00:00:00.000","Cust Service Claim Handling; Delays (Policyholder Service); Refund Of Premium","1"
"2026-01-01T00:00:00.000","Cust Srvc Policy Holder Srvcs; Delays (Policyholder Service); Refund Of Premium","5"
"2018-02-01T00:00:00.000","Cust Service Claim Handling; Delays (Claims Handling); Delays (Policyholder Service)","1"
"2023-11-01T00:00:00.000","Cust Service Claim Handling; Delays (Claims Handling)","76"
"2022-01-01T00:00:00.000","Cust Service Claim Handling","3"
"2018-12-01T00:00:00.000","Cust Service Claim Handling; Delays (Claims Handling); Unfair Discrim-Clms Handling","1"
"2022-02-01T00:00:00.000","Cancellation; Cust Service Claim Handling; Delays (Underwriting)","1"
"2018-09-01T00:00:00.000","Denial Of Claim; Premium and Rating","1"
"2014-11-01T00:00:00.000","Premium and Rating; Unsatisfactory Settle/Offer","1"
"2014-06-01T00:00:00.000","Cust Service Claim Handling; Delays (Claims Handling)","3"
"2014-05-01T00:00:00.000","Eligibility - Fair Plan","1"
"2025-07-01T00:00:00.000","Cancellation; Cust Srvc Policy Holder Srvcs; Premium and Rating; Refund Of Premium","1"
"2017-10-01T00:00:00.000","Cancellation; Denial Of Claim","1"
"2023-08-01T00:00:00.000","Non-Renewal; Unsatisfactory Settle/Offer","1"
"2024-12-01T00:00:00.000","Delays (Claims Handling)","8"
"2015-06-01T00:00:00.000","Cust Service Claim Handling; Delays (Claims Handling); Non-Renewal; Unsatisfactory Settle/Offer","2"
"2022-12-01T00:00:00.000","Cust Service Claim Handling; Denial Of Claim; Unsatisfactory Settle/Offer","4"
"2020-06-01T00:00:00.000","Cust Service Claim Handling; Delays (Claims Handling); Denial Of Claim; Unsatisfactory Settle/Offer","3"
"2025-10-01T00:00:00.000","Cust Service Claim Handling; Denial Of Claim","31"
"2025-07-01T00:00:00.000","Cust Service Claim Handling; Cust Srvc Policy Holder Srvcs; Endorsement / Rider; Unsatisfactory Settle/Offer","1"
"2018-03-01T00:00:00.000","Refund Of Premium","1"
"2017-11-01T00:00:00.000","Cust Service Claim Handling; Endorsement / Rider; Unsatisfactory Settle/Offer","1"
"2016-01-01T00:00:00.000","Cust Service Claim Handling; Unsatisfactory Settle/Offer","5"
"2017-11-01T00:00:00.000","Cust Service Claim Handling; Delays (Claims Handling); Non-Renewal; Unsatisfactory Settle/Offer","1"
"2026-09-01T00:00:00.000","Cust Service Claim Handling; Use Of Clue Reports","1"
"2023-08-01T00:00:00.000","Cust Service Claim Handling; Denial Of Claim","10"
"2026-02-01T00:00:00.000","Cust Srvc Policy Holder Srvcs; Delays (Policyholder Service); Endorsement / Rider","1"
"2015-12-01T00:00:00.000","Cancellation; Premium and Rating","1"
"2022-01-01T00:00:00.000","Denial Of Claim","26"
"2020-09-01T00:00:00.000","Cancellation; Premium and Rating","1"
"2016-08-01T00:00:00.000","Delays (Claims Handling); Denial Of Claim","3"
"2017-11-01T00:00:00.000","Use Of Clue Reports","1"
"2022-09-01T00:00:00.000","Delays (Claims Handling); Unsatisfactory Settle/Offer","40"
"2021-04-01T00:00:00.000","Cust Service Claim Handling; Delays (Claims Handling); Denial Of Claim","3"
"2022-08-01T00:00:00.000","Misrepresentation; Premium and Rating","2"
"2024-09-01T00:00:00.000","Cust Srvc Policy Holder Srvcs; Premium and Rating","4"
"2020-05-01T00:00:00.000","Delays (Policyholder Service)","7"
"2025-03-01T00:00:00.000","Cust Service Claim Handling; Non-Renewal; Unsatisfactory Settle/Offer","2"
"2015-05-01T00:00:00.000","Delays (Policyholder Service); Other; Other","1"
"2021-05-01T00:00:00.000","Unsatisfactory Settle/Offer","60"
"2025-02-01T00:00:00.000","Cust Service Claim Handling; Delays (Claims Handling); Non-Renewal","1"
"2016-11-01T00:00:00.000","Delays (Claims Handling); Unauthorized Acts","1"
"2026-08-01T00:00:00.000","Endorsement / Rider; Unsatisfactory Settle/Offer","1"
"2017-07-01T00:00:00.000","Assignment of Benefits; Cust Service Claim Handling","1"
"2019-02-01T00:00:00.000","Cust Service Claim Handling; Delays (Claims Handling); Disaster; Unsatisfactory Settle/Offer","1"
"2025-03-01T00:00:00.000","Cust Srvc Policy Holder Srvcs; Premium and Rating","8"
"2024-01-01T00:00:00.000","Premium and Rating; Use Of Clue Reports","1"
"2026-01-01T00:00:00.000","Cust Service Claim Handling; Delays (Claims Handling); Non-Renewal; Unsatisfactory Settle/Offer","2"
"2026-03-01T00:00:00.000","Cust Service Claim Handling; Delays (Policyholder Service); Use Of Clue Reports","1"
"2012-09-01T00:00:00.000","Cust Service Claim Handling; Unsatisfactory Settle/Offer","1"
"2026-05-01T00:00:00.000","Cust Service Claim Handling; Policy Exclusion; Unsatisfactory Settle/Offer","1"
"2012-08-01T00:00:00.000","Premium Notice; Refund Of Premium","2"
"2017-01-01T00:00:00.000","Cust Service Claim Handling; Denial Of Claim; Unsatisfactory Settle/Offer","1"
"2016-05-01T00:00:00.000","Agent Handling; Delays (Policyholder Service); Refund Of Premium","2"
"2024-11-01T00:00:00.000","Cust Srvc Policy Holder Srvcs; Denial Of Claim","1"
"2018-04-01T00:00:00.000","Unauthorized Acts","3"
"2019-11-01T00:00:00.000","Misrepresentation; Premium and Rating","1"
"2013-03-01T00:00:00.000","Agent Handling; Conversion","1"
"2017-03-01T00:00:00.000","Premium and Rating; Use of Credit Reports","1"
"2014-02-01T00:00:00.000","Misrepresentation","1"
"2016-03-01T00:00:00.000","Cust Service Claim Handling; Increased Dwelling Coverage; Unsatisfactory Settle/Offer","1"
"2025-07-01T00:00:00.000","Cust Service Claim Handling; Denial Of Claim; Unfair Discrim-Clms Handling","1"
"2012-09-01T00:00:00.000","Delays (Claims Handling)","15"
"2026-03-01T00:00:00.000","Cust Srvc Policy Holder Srvcs; Premium and Rating; Use of Credit Reports","1"
"2021-08-01T00:00:00.000","Misrepresentation","11"
"2016-01-01T00:00:00.000","Cancellation","4"
"2026-02-01T00:00:00.000","Cust Srvc Policy Holder Srvcs; Premium and Rating","3"
"2013-05-01T00:00:00.000","Delays (Claims Handling)","14"
"2026-05-01T00:00:00.000","Delays (Policyholder Service); Premium and Rating; Refund Of Premium","1"
"2020-09-01T00:00:00.000","Cust Service Claim Handling; Delays (Claims Handling); Denial Of Claim; Unsatisfactory Settle/Offer","5"
"2025-10-01T00:00:00.000","Misleading Advertising; Unauthorized Acts","1"
"2025-06-01T00:00:00.000","Cust Service Claim Handling; Delays (Claims Handling); Delays (Policyholder Service); Unsatisfactory Settle/Offer","1"
"2016-06-01T00:00:00.000","Agent Handling; Cancellation; Misrepresentation","1"
"2026-06-01T00:00:00.000","Non-Renewal","2"
"2018-04-01T00:00:00.000","Premium Notice","3"
"2025-09-01T00:00:00.000","Cust Service Claim Handling; Denial Of Claim; Non-Renewal","1"
"2016-12-01T00:00:00.000","Premium Notice; Premium and Rating","1"
"2018-03-01T00:00:00.000","Agent Handling; Cust Service Claim Handling; Unsatisfactory Settle/Offer","1"
"2025-03-01T00:00:00.000","Cust Service Claim Handling; Delays (Claims Handling)","53"
"2021-05-01T00:00:00.000","Delays (Claims Handling); Unsatisfactory Settle/Offer","52"
"2019-06-01T00:00:00.000","Cancellation; Refund Of Premium","1"
"2024-03-01T00:00:00.000","Denial Of Claim; Use Of Clue Reports","1"
"2026-07-01T00:00:00.000","Cancellation; Endorsement / Rider","1"
"2015-09-01T00:00:00.000","Delays (Policyholder Service); Refund Of Premium","7"
"2025-06-01T00:00:00.000","Cancellation; Cust Service Claim Handling; Denial Of Claim","1"
"2023-04-01T00:00:00.000","Delays (Underwriting); Non-Renewal","1"
"2017-07-01T00:00:00.000","Agent Handling; Notice Requirements","1"
"2013-10-01T00:00:00.000","Windstorm Exclusion","1"
"2017-07-01T00:00:00.000","Cancellation; Delays (Policyholder Service)","2"
"2026-06-01T00:00:00.000","Cancellation; Cust Srvc Policy Holder Srvcs; Premium and Rating","1"
"2017-07-01T00:00:00.000","Cancellation; Denial Of Claim","3"
"2020-08-01T00:00:00.000","Cancellation; Denial Of Claim","1"
"2023-06-01T00:00:00.000","Unauthorized Acts","3"
"2019-07-01T00:00:00.000","Delays (Policyholder Service); Misrepresentation","1"
"2015-06-01T00:00:00.000","Cust Service Claim Handling; Unsatisfactory Settle/Offer","7"
"2025-10-01T00:00:00.000","Cust Service Claim Handling; Delays (Claims Handling); Denial Of Claim; Unsatisfactory Settle/Offer","5"
"2023-05-01T00:00:00.000","Cust Service Claim Handling; Delays (Claims Handling); Denial Of Claim","2"
"2022-06-01T00:00:00.000","Cancellation; Refund Of Premium","2"
"2024-12-01T00:00:00.000","Cust Service Claim Handling; Delays (Claims Handling); Premium and Rating; Unsatisfactory Settle/Offer","1"
"2019-04-01T00:00:00.000","Delays (Claims Handling); Denial Of Claim; Unsatisfactory Settle/Offer","1"
"2022-09-01T00:00:00.000","Cust Service Claim Handling; Delays (Policyholder Service); Misrepresentation","1"
"2017-08-01T00:00:00.000","Cust Service Claim Handling; Denial Of Claim","5"
"2018-09-01T00:00:00.000","Unsatisfactory Settle/Offer; Usual And Customary","1"
"2018-08-01T00:00:00.000","Denial Of Claim","43"
"2026-02-01T00:00:00.000","Cust Srvc Policy Holder Srvcs; Misrepresentation","1"
"2014-11-01T00:00:00.000","Cust Service Claim Handling; Delays (Claims Handling); Unsatisfactory Settle/Offer","1"
"2023-05-01T00:00:00.000","Cancellation; Delays (Underwriting)","1"
"2018-03-01T00:00:00.000","Agent Handling","11"
"2019-06-01T00:00:00.000","Delays (Claims Handling)","6"
"2014-05-01T00:00:00.000","Denial Of Claim; Liability Dispute","3"
"2013-06-01T00:00:00.000","Increased Dwelling Coverage; Non-Renewal; Premium and Rating","1"
"2018-05-01T00:00:00.000","Unsatisfactory Settle/Offer; Usual And Customary","1"
"2019-12-01T00:00:00.000","Cust Service Claim Handling; Delays (Claims Handling); Denial Of Claim","1"
"2023-02-01T00:00:00.000","Cust Service Claim Handling","11"
"2022-10-01T00:00:00.000","Misrepresentation","2"
"2017-11-01T00:00:00.000","Delays (Claims Handling); Unsatisfactory Settle/Offer; Usual And Customary","1"
"2023-08-01T00:00:00.000","Denial Of Claim; Endorsement / Rider","1"
"2012-10-01T00:00:00.000","Premium and Rating","24"
"2024-06-01T00:00:00.000","Refund Of Premium","7"
"2026-08-01T00:00:00.000","Cust Srvc Policy Holder Srvcs; Unsatisfactory Settle/Offer","1"
"2021-12-01T00:00:00.000","Premium and Rating; Refund Of Premium","1"
"2020-04-01T00:00:00.000","Cancellation; Unsatisfactory Settle/Offer","1"
"2024-08-01T00:00:00.000","Premium Notice","1"
"2022-03-01T00:00:00.000","Delays (Claims Handling); Denial Of Claim; Unsatisfactory Settle/Offer","1"
"2024-05-01T00:00:00.000","Unsatisfactory Settle/Offer","32"
"2021-12-01T00:00:00.000","Cancellation; Use Of Clue Reports","1"
"2015-08-01T00:00:00.000","Agent Handling","8"
"2025-11-01T00:00:00.000","Cancellation; Refund Of Premium","1"
"2021-02-01T00:00:00.000","Conversion; Misrepresentation","1"
"2018-11-01T00:00:00.000","Non-Renewal; Post-Claim Underwriting","1"
"2014-09-01T00:00:00.000","Cancellation; Notice Requirements","1"
"2016-01-01T00:00:00.000","Refund Of Premium","5"
"2016-05-01T00:00:00.000","Delays (Claims Handling)","9"
"2016-06-01T00:00:00.000","Delays (Policyholder Service); Refund Of Premium","6"
"2026-08-01T00:00:00.000","Delays (Policyholder Service); Delays (Underwriting); Premium and Rating","1"
"2017-10-01T00:00:00.000","Cust Service Claim Handling; Delays (Claims Handling); Unsatisfactory Settle/Offer","42"
"2014-06-01T00:00:00.000","Cust Service Claim Handling; Delays (Claims Handling); Not Within TDI Jurisdiction; Unsatisfactory Settle/Offer","1"
"2022-08-01T00:00:00.000","Cancellation; Cust Service Claim Handling; Refund Of Premium","1"
"2014-09-01T00:00:00.000","Cust Service Claim Handling; Unsatisfactory Settle/Offer","4"
"2024-10-01T00:00:00.000","Delays (Claims Handling); Unsatisfactory Settle/Offer","8"
"2024-05-01T00:00:00.000","Cust Service Claim Handling; Unsatisfactory Settle/Offer","29"
"2025-02-01T00:00:00.000","Cust Service Claim Handling; Delays (Claims Handling); Unsatisfactory Settle/Offer","55"
"2021-01-01T00:00:00.000","Denial Of Claim","9"
"2013-03-01T00:00:00.000","Non-Renewal","3"
"2019-11-01T00:00:00.000","Denial Of Claim; Unsatisfactory Settle/Offer","1"
"2013-12-01T00:00:00.000","Other","6"
"2025-09-01T00:00:00.000","Cancellation; Cust Srvc Policy Holder Srvcs; Refund Of Premium","3"
"2021-01-01T00:00:00.000","Cancellation; Refusal to Insure","1"
"2019-04-01T00:00:00.000","Cust Service Claim Handling; Unsatisfactory Settle/Offer","11"
"2025-07-01T00:00:00.000","Cancellation","6"
"2015-07-01T00:00:00.000","Refund Of Premium; Use Of Clue Reports","1"
"2026-03-01T00:00:00.000","Cust Service Claim Handling; Delays (Claims Handling); Refund Of Premium; Unsatisfactory Settle/Offer","1"
"2024-11-01T00:00:00.000","Delays (Claims Handling); Premium and Rating; Unsatisfactory Settle/Offer","1"
"2018-07-01T00:00:00.000","Cancellation; Denial Of Claim","1"
"2020-05-01T00:00:00.000","Delays (Policyholder Service); Refund Of Premium","2"
"2026-08-01T00:00:00.000","Premium and Rating; Refund Of Premium","6"
"2021-02-01T00:00:00.000","Delays (Claims Handling); Premium and Rating","1"
"2018-12-01T00:00:00.000","Premium Notice; Refund Of Premium","1"
"2016-03-01T00:00:00.000","Unsatisfactory Settle/Offer","8"
"2020-06-01T00:00:00.000","Cancellation; Delays (Policyholder Service); Refund Of Premium","3"
"2019-07-01T00:00:00.000","Cancellation; Non-Renewal; Premium Notice","1"
"2026-05-01T00:00:00.000","Misleading Advertising","3"
"2021-12-01T00:00:00.000","Cust Service Claim Handling; Denial Of Claim; Unsatisfactory Settle/Offer","1"
"2018-07-01T00:00:00.000","Other","2"
"2025-07-01T00:00:00.000","Cust Service Claim Handling; Denial Of Claim; Endorsement / Rider; Policy Exclusion","1"
"2026-05-01T00:00:00.000","Cust Service Claim Handling; Delays (Claims Handling); Policy Exclusion; Unsatisfactory Settle/Offer","4"
"2026-08-01T00:00:00.000","Cust Service Claim Handling; Cust Srvc Policy Holder Srvcs; Premium Notice","1"
"2025-09-01T00:00:00.000","Denial Of Claim","8"
"2023-02-01T00:00:00.000","Misrepresentation; Non-Renewal","1"
"2016-06-01T00:00:00.000","Refund Of Premium","2"
"2025-11-01T00:00:00.000","Other","1"
"2014-05-01T00:00:00.000","Delays (Claims Handling)","9"
"2014-10-01T00:00:00.000","Unsatisfactory Settle/Offer","21"
"2012-07-01T00:00:00.000","Not Within TDI Jurisdiction","1"
"2019-02-01T00:00:00.000","Delays (Claims Handling)","4"
"2016-12-01T00:00:00.000","Delays (Policyholder Service); Refund Of Premium","8"
"2015-12-01T00:00:00.000","Cust Service Claim Handling; Delays (Claims Handling); Unsatisfactory Settle/Offer","9"
"2018-03-01T00:00:00.000","Closed-Lack Of Info Cmplainant","1"
"2021-05-01T00:00:00.000","Premium Notice","1"
"2013-04-01T00:00:00.000","Delays (Claims Handling); Unsatisfactory Settle/Offer","10"
"2018-03-01T00:00:00.000","Unsatisfactory Settle/Offer; Usual And Customary","3"
"2026-02-01T00:00:00.000","Cancellation; Cust Srvc Policy Holder Srvcs; Refund Of Premium","1"
"2016-06-01T00:00:00.000","Agent Handling; Cancellation; Delays (Policyholder Service); Premium and Rating; Refund Of Premium","1"
"2025-09-01T00:00:00.000","Cust Srvc Policy Holder Srvcs; Endorsement / Rider; Non-Renewal; Premium and Rating","1"
"2025-07-01T00:00:00.000","Cust Service Claim Handling; Delays (Claims Handling); Denial Of Claim; Policy Exclusion","3"
"2019-10-01T00:00:00.000","Refund Of Premium","2"
"2015-12-01T00:00:00.000","Delays (Claims Handling); Denial Of Claim","4"
"2015-07-01T00:00:00.000","Denial Of Claim; Non-Renewal","2"
"2014-01-01T00:00:00.000","Non-Renewal","3"
"2021-05-01T00:00:00.000","Cancellation; Refund Of Premium","2"
"2019-10-01T00:00:00.000","Cust Service Claim Handling; Denial Of Claim; Endorsement / Rider","1"
"2023-10-01T00:00:00.000","Delays (Policyholder Service)","13"
"2017-07-01T00:00:00.000","Cancellation","5"
"2025-08-01T00:00:00.000","Cust Srvc Policy Holder Srvcs; Premium and Rating","5"
"2023-10-01T00:00:00.000","Endorsement / Rider; Unsatisfactory Settle/Offer","2"
"2015-01-01T00:00:00.000","Non-Renewal; Unsatisfactory Settle/Offer","1"
"2021-01-01T00:00:00.000","Non-Renewal; Refund Of Premium","1"
"2024-03-01T00:00:00.000","Cust Srvc Policy Holder Srvcs","1"
"2022-07-01T00:00:00.000","Denial Of Claim","18"
"2024-04-01T00:00:00.000","Other","10"
"2016-08-01T00:00:00.000","Premium and Rating; Refund Of Premium","1"
"2018-09-01T00:00:00.000","Cust Service Claim Handling; Delays (Claims Handling)","9"
"2026-05-01T00:00:00.000","Cust Srvc Policy Holder Srvcs","17"
"2024-02-01T00:00:00.000","Denial Of Claim; Unsatisfactory Settle/Offer","1"
"2014-12-01T00:00:00.000","Cust Service Claim Handling; Unsatisfactory Settle/Offer","2"
"2025-07-01T00:00:00.000","Refund Of Premium","11"
"2025-11-01T00:00:00.000","Cancellation; Cust Srvc Policy Holder Srvcs; Refund Of Premium","2"
"2015-10-01T00:00:00.000","Agent Handling","15"
"2017-04-01T00:00:00.000","Denial Of Claim; Notice Requirements","1"
"2017-10-01T00:00:00.000","Agent Handling","20"
"2013-11-01T00:00:00.000","Non-Renewal; Unsatisfactory Settle/Offer","1"
"2016-08-01T00:00:00.000","Delays (Underwriting); Premium and Rating","1"
"2015-05-01T00:00:00.000","Commissions","1"
"2026-07-01T00:00:00.000","Cancellation; Premium and Rating","1"
"2026-05-01T00:00:00.000","Cust Srvc Policy Holder Srvcs; Delays (Policyholder Service); Refund Of Premium","8"
"2020-04-01T00:00:00.000","Denial Of Claim; Unsatisfactory Settle/Offer","4"
"2019-03-01T00:00:00.000","Cust Service Claim Handling; Denial Of Claim; Unsatisfactory Settle/Offer","2"
"2013-06-01T00:00:00.000","Unrecorded Documents","1"
"2024-01-01T00:00:00.000","Delays (Claims Handling); Premium and Rating","1"
"2016-06-01T00:00:00.000","Unsatisfactory Settle/Offer","19"
"2025-06-01T00:00:00.000","Cust Srvc Policy Holder Srvcs; Non-Renewal","2"
"2022-05-01T00:00:00.000","Delays (Claims Handling); Unsatisfactory Settle/Offer","22"
"2017-08-01T00:00:00.000","Agent Handling; Unauthorized Acts","1"
"2022-12-01T00:00:00.000","Cancellation","1"
"2021-06-01T00:00:00.000","Premium and Rating; Refund Of Premium","1"
"2018-02-01T00:00:00.000","Cancellation; Delays (Policyholder Service)","1"
"2016-07-01T00:00:00.000","Non-Renewal; Refusal to Insure","1"
"2026-06-01T00:00:00.000","Cust Srvc Policy Holder Srvcs; Delays (Policyholder Service); Delays (Underwriting); Duplication of Coverage; Refund Of Premium","1"
"2024-12-01T00:00:00.000","Cust Service Claim Handling; Denial Of Claim; Misrepresentation","1"
"2013-09-01T00:00:00.000","Misrepresentation; Refund Of Premium","1"
"2015-12-01T00:00:00.000","Agent Handling; Delays (Policyholder Service)","1"
"2026-07-01T00:00:00.000","Premium and Rating","11"
"2012-06-01T00:00:00.000","Cancellation; Delays (Claims Handling); Unsatisfactory Settle/Offer","1"
"2026-02-01T00:00:00.000","Refund Of Premium","4"
"2018-01-01T00:00:00.000","Continuity of Treatment; Refund Of Premium","1"
"2019-09-01T00:00:00.000","Unauthorized Acts","1"
"2018-12-01T00:00:00.000","Cust Service Claim Handling; Denial Of Claim","4"
"2017-03-01T00:00:00.000","Premium and Rating; Refund Of Premium","2"
"2023-02-01T00:00:00.000","Delays (Policyholder Service); Refund Of Premium","6"
"2023-03-01T00:00:00.000","Misrepresentation","4"
"2018-05-01T00:00:00.000","Post-Claim Underwriting; Use Of Clue Reports","1"
"2022-10-01T00:00:00.000","Delays (Policyholder Service); Premium and Rating; Refund Of Premium","1"
"2020-05-01T00:00:00.000","Refund Of Premium","4"
"2023-01-01T00:00:00.000","Misrepresentation","6"
"2018-07-01T00:00:00.000","Denial Of Claim; Unsatisfactory Settle/Offer","3"
"2013-04-01T00:00:00.000","Liability Dispute; Unsatisfactory Settle/Offer","1"
"2025-05-01T00:00:00.000","Delays (Policyholder Service); Premium and Rating","1"
"2025-07-01T00:00:00.000","Cust Service Claim Handling; Endorsement / Rider; Unsatisfactory Settle/Offer","1"
"2018-05-01T00:00:00.000","Delays (Claims Handling)","5"
"2021-06-01T00:00:00.000","Cancellation","9"
"2019-06-01T00:00:00.000","Cancellation; Delays (Policyholder Service); Premium Notice","1"
"2015-06-01T00:00:00.000","Delays (Policyholder Service); Premium Notice","1"
"2016-02-01T00:00:00.000","Agent Handling; Delays (Policyholder Service); Refund Of Premium","1"
"2025-06-01T00:00:00.000","Premium and Rating; Refund Of Premium","5"
"2015-08-01T00:00:00.000","Notice Requirements; Premium and Rating; Unsatisfactory Settle/Offer","1"
"2017-05-01T00:00:00.000","Delays (Claims Handling)","8"
"2019-04-01T00:00:00.000","Denial Of Claim; Premium and Rating","1"
"2019-04-01T00:00:00.000","Delays (Policyholder Service); Refund Of Premium","3"
"2024-05-01T00:00:00.000","Cancellation; Cust Service Claim Handling; Denial Of Claim","1"
"2023-05-01T00:00:00.000","Delays (Underwriting); Premium and Rating; Refund Of Premium","1"
"2025-07-01T00:00:00.000","Cancellation; Cust Srvc Policy Holder Srvcs; Delays (Policyholder Service); Premium Notice; Premium and Rating; Refund Of Premium","1"
"2017-11-01T00:00:00.000","Delays (Claims Handling); Denial Of Claim","2"
"2016-10-01T00:00:00.000","Cust Service Claim Handling; Denial Of Claim; Unsatisfactory Settle/Offer","1"
"2025-03-01T00:00:00.000","Cust Srvc Policy Holder Srvcs; Notice Requirements","2"
"2015-04-01T00:00:00.000","Delays (Policyholder Service)","3"
"2015-03-01T00:00:00.000","Cancellation; Refund Of Premium","1"
"2016-10-01T00:00:00.000","Delays (Policyholder Service); Premium and Rating; Use Of Clue Reports","1"
"2018-09-01T00:00:00.000","Agent Handling; Premium and Rating; Refund Of Premium","1"
"2025-12-01T00:00:00.000","Non-Renewal","1"
"2012-04-01T00:00:00.000","Unsatisfactory Settle/Offer","2"
"2023-10-01T00:00:00.000","Cust Service Claim Handling; Delays (Claims Handling); Refund Of Premium","1"
"2018-06-01T00:00:00.000","Commissions; Unauthorized Acts","1"
"2022-03-01T00:00:00.000","Premium Notice; Refund Of Premium","1"
"2023-11-01T00:00:00.000","Cancellation; Cust Service Claim Handling","1"
"2026-03-01T00:00:00.000","Cust Service Claim Handling; Delays (Claims Handling); Policy Exclusion; Unsatisfactory Settle/Offer","3"
"2017-06-01T00:00:00.000","Cust Service Claim Handling; Delays (Claims Handling); Endorsement / Rider; Unsatisfactory Settle/Offer","1"
"2014-09-01T00:00:00.000","Premium and Rating; Unsatisfactory Settle/Offer","2"
"2024-10-01T00:00:00.000","Non-Renewal","13"
"2023-05-01T00:00:00.000","Misleading Advertising","1"
"2013-08-01T00:00:00.000","Not Within TDI Jurisdiction","2"
"2013-06-01T00:00:00.000","Other; Unauthorized Acts","1"
"2022-10-01T00:00:00.000","Cust Service Claim Handling; Delays (Claims Handling); Unsatisfactory Settle/Offer","20"
"2025-02-01T00:00:00.000","Cust Service Claim Handling; Denial Of Claim; Premium and Rating; Use Of Clue Reports","1"
"2025-01-01T00:00:00.000","Refusal to Insure; Use Of Clue Reports","1"
"2014-04-01T00:00:00.000","Delays (Claims Handling); Denial Of Claim; Unsatisfactory Settle/Offer","1"
"2020-04-01T00:00:00.000","Conversion; Misrepresentation","1"
"2020-06-01T00:00:00.000","Cancellation; Unsatisfactory Settle/Offer","1"
"2011-09-01T00:00:00.000","Delays (Claims Handling)","1"
"2016-02-01T00:00:00.000","Cancellation; Delays (Policyholder Service)","1"
"2016-02-01T00:00:00.000","Agent Handling; Refusal to Insure","1"
"2016-12-01T00:00:00.000","Premium Notice","1"
"2026-07-01T00:00:00.000","Cust Srvc Policy Holder Srvcs; Misrepresentation; Refund Of Premium","1"
"2015-12-01T00:00:00.000","Cancellation; Notice Requirements","1"
"2024-08-01T00:00:00.000","Cust Srvc Policy Holder Srvcs; Delays (Policyholder Service); Premium and Rating","3"
"2018-12-01T00:00:00.000","Cust Service Claim Handling; Insurer Fraud","1"
"2021-08-01T00:00:00.000","Conversion","1"
"2023-05-01T00:00:00.000","Cancellation; Delays (Policyholder Service); Premium Notice","1"
"2017-07-01T00:00:00.000","Cust Service Claim Handling; Delays (Claims Handling); Unsatisfactory Settle/Offer","10"
"2016-07-01T00:00:00.000","Refusal to Insure","1"
"2019-12-01T00:00:00.000","Denial Of Claim","17"
"2025-08-01T00:00:00.000","Cust Service Claim Handling; Delays (Claims Handling); Denial Of Claim","16"
"2018-09-01T00:00:00.000","Cancellation","4"
"2024-06-01T00:00:00.000","Cancellation; Cust Service Claim Handling; Denial Of Claim","2"
"2022-11-01T00:00:00.000","Denial Of Claim; Unsatisfactory Settle/Offer","5"
"2026-03-01T00:00:00.000","Cancellation; Cust Srvc Policy Holder Srvcs; Delays (Policyholder Service); Refusal to Insure","2"
"2014-03-01T00:00:00.000","Delays (Policyholder Service)","8"
"2017-05-01T00:00:00.000","Premium Notice","1"
"2012-05-01T00:00:00.000","Unsatisfactory Settle/Offer","1"
"2021-09-01T00:00:00.000","Cust Service Claim Handling; Denial Of Claim; Non-Renewal; Unsatisfactory Settle/Offer","1"
"2025-06-01T00:00:00.000","Denial Of Claim","24"
"2017-05-01T00:00:00.000","Increased Dwelling Coverage; Premium and Rating","1"
"2015-10-01T00:00:00.000","Post-Claim Underwriting","1"
"2014-05-01T00:00:00.000","Non-Renewal; Notice Requirements","1"
"2026-01-01T00:00:00.000","Use of Credit Reports","3"
"2013-04-01T00:00:00.000","Claimant Fraud; Delays (Claims Handling); Denial Of Claim","1"
"2012-09-01T00:00:00.000","Increased Dwelling Coverage; Non-Renewal","1"
"2014-08-01T00:00:00.000","Agent Handling; Delays (Policyholder Service); Duplication of Coverage; Other; Refund Of Premium","1"
"2017-03-01T00:00:00.000","Cancellation; Delays (Underwriting)","1"
"2025-04-01T00:00:00.000","Cancellation; Cust Srvc Policy Holder Srvcs; Delays (Policyholder Service)","1"
"2022-10-01T00:00:00.000","Non-Renewal; Unsatisfactory Settle/Offer","1"
"2019-06-01T00:00:00.000","Premium Notice","1"
"2014-08-01T00:00:00.000","Claimant Fraud; Unauthorized Acts","1"
"2013-08-01T00:00:00.000","Non-Renewal; Unsatisfactory Settle/Offer","1"
"2017-01-01T00:00:00.000","Cust Service Claim Handling; Delays (Claims Handling)","16"
"2025-07-01T00:00:00.000","Cust Service Claim Handling; Delays (Claims Handling); Unfair Discrim-Clms Handling; Unsatisfactory Settle/Offer","1"
"2015-04-01T00:00:00.000","Cust Service Claim Handling","1"
"2021-01-01T00:00:00.000","Cancellation; Refund Of Premium","4"
"2018-09-01T00:00:00.000","Refund Of Premium","6"
"2023-02-01T00:00:00.000","Delays (Claims Handling)","25"
"2026-02-01T00:00:00.000","Cust Service Claim Handling; Delays (Claims Handling); Unsatisfactory Settle/Offer","66"
"2020-02-01T00:00:00.000","Cust Service Claim Handling; Delays (Claims Handling); Unauthorized Acts","1"
"2026-02-01T00:00:00.000","Cust Service Claim Handling; Denial Of Claim; Liability Dispute","1"
"2019-05-01T00:00:00.000","Agent Handling","10"
"2020-05-01T00:00:00.000","Not Within TDI Jurisdiction; Premium Notice","1"
"2025-04-01T00:00:00.000","Delays (Policyholder Service)","4"
"2024-06-01T00:00:00.000","Cancellation","3"
"2016-05-01T00:00:00.000","Agent Handling; Cust Service Claim Handling; Delays (Claims Handling); Unsatisfactory Settle/Offer","1"
"2018-04-01T00:00:00.000","Cancellation; Cust Service Claim Handling; Denial Of Claim","1"
"2017-02-01T00:00:00.000","Cancellation","6"
"2012-05-01T00:00:00.000","Refund Of Premium","3"
"2021-06-01T00:00:00.000","Cust Service Claim Handling; Delays (Policyholder Service)","1"
"2013-08-01T00:00:00.000","Non-Renewal","3"
"2017-12-01T00:00:00.000","Refund Of Premium","3"
"2021-08-01T00:00:00.000","Cust Service Claim Handling; Delays (Claims Handling); Denial Of Claim; Liability Dispute","1"
"2025-09-01T00:00:00.000","Misleading Advertising","1"
"2014-03-01T00:00:00.000","Agent Handling; Conversion","1"
"2016-04-01T00:00:00.000","Cust Service Claim Handling; Delays (Claims Handling); Delays (Policyholder Service); Other","1"
"2023-05-01T00:00:00.000","Cust Service Claim Handling; Delays (Claims Handling)","24"
"2021-07-01T00:00:00.000","Cust Service Claim Handling; Denial Of Claim; Non-Renewal","1"
"2023-05-01T00:00:00.000","Cancellation","12"
"2021-07-01T00:00:00.000","Delays (Claims Handling)","52"
"2020-06-01T00:00:00.000","Cancellation; Delays (Underwriting); Refund Of Premium","1"
"2020-10-01T00:00:00.000","Cancellation; Continuation of Benefits; Refusal to Insure; Unfair Discrimination","1"
"2019-04-01T00:00:00.000","Cust Service Claim Handling; Delays (Claims Handling); Denial Of Claim","5"
"2026-01-01T00:00:00.000","Endorsement / Rider; Premium and Rating","1"
"2016-10-01T00:00:00.000","Denial Of Claim; Endorsement / Rider; Refund Of Premium","1"
"2012-09-01T00:00:00.000","Liability Dispute; Unsatisfactory Settle/Offer","1"
"2026-03-01T00:00:00.000","Claim Underpayment","1"
"2016-03-01T00:00:00.000","Agent Handling; Cancellation; Delays (Policyholder Service)","1"
"2023-09-01T00:00:00.000","Cancellation; Delays (Underwriting); Premium and Rating","1"
"2016-05-01T00:00:00.000","Cancellation; Notice Requirements","2"
"2016-11-01T00:00:00.000","Cust Service Claim Handling; Unsatisfactory Settle/Offer","2"
"2016-07-01T00:00:00.000","Premium and Rating; Unauthorized Acts","1"
"2026-01-01T00:00:00.000","Cancellation; Cust Srvc Policy Holder Srvcs; Delays (Underwriting); Refund Of Premium","1"
"2019-11-01T00:00:00.000","Delays (Claims Handling)","4"
"2021-03-01T00:00:00.000","Cancellation","5"
"2013-07-01T00:00:00.000","Excessive Rates; Premium and Rating; Use of Credit Reports","1"
"2014-08-01T00:00:00.000","Cancellation; Use Of Clue Reports","1"
"2018-12-01T00:00:00.000","Unsatisfactory Settle/Offer; Usual And Customary","1"
"2020-11-01T00:00:00.000","Delays (Claims Handling); Unsatisfactory Settle/Offer","3"
"2015-06-01T00:00:00.000","Premium and Rating; Use of Credit Reports","2"
"2025-11-01T00:00:00.000","Premium and Rating; Refund Of Premium","1"
"2023-04-01T00:00:00.000","Cancellation; Premium and Rating","1"
"2015-12-01T00:00:00.000","Delays (Claims Handling); Unsatisfactory Settle/Offer","4"
"2014-06-01T00:00:00.000","Delays (Claims Handling); Denial Of Claim","1"
"2023-07-01T00:00:00.000","Delays (Policyholder Service); Premium and Rating","1"
"2023-12-01T00:00:00.000","Cust Service Claim Handling; Delays (Claims Handling); Denial Of Claim","4"
"2022-04-01T00:00:00.000","Delays (Claims Handling); Denial Of Claim","5"
"2018-01-01T00:00:00.000","Cancellation; Delays (Policyholder Service); Refund Of Premium","1"
"2016-06-01T00:00:00.000","Notice Requirements; Premium Notice","1"
"2018-12-01T00:00:00.000","Agent Handling; Endorsement / Rider; Unsatisfactory Settle/Offer","1"
"2024-03-01T00:00:00.000","Unauthorized Acts","1"
"2020-11-01T00:00:00.000","Delays (Policyholder Service)","5"
"2024-06-01T00:00:00.000","Non-Renewal","13"
"2022-05-01T00:00:00.000","Premium and Rating; Refund Of Premium","1"
"2025-04-01T00:00:00.000","Misrepresentation","9"
"2021-05-01T00:00:00.000","Premium and Rating; Refund Of Premium","1"
"2025-01-01T00:00:00.000","Cust Srvc Policy Holder Srvcs; Delays (Policyholder Service); Misrepresentation","2"
"2013-02-01T00:00:00.000","Refund Of Premium","11"
"2025-03-01T00:00:00.000","Cancellation; Denial Of Claim","1"
"2015-01-01T00:00:00.000","Denial Of Claim; Non-Renewal","1"
"2026-07-01T00:00:00.000","Delays (Claims Handling)","5"
"2017-09-01T00:00:00.000","Delays (Claims Handling); Liability Dispute","2"
"2018-12-01T00:00:00.000","Denial Of Claim","32"
"2022-07-01T00:00:00.000","Non-Renewal; Post-Claim Underwriting","1"
"2020-07-01T00:00:00.000","Delays (Policyholder Service); Misrepresentation; Use of Credit Reports","1"
"2012-07-01T00:00:00.000","Cancellation; Denial Of Claim","1"
"2023-05-01T00:00:00.000","Delays (Policyholder Service); Delays (Underwriting)","1"
"2017-06-01T00:00:00.000","Delays (Policyholder Service); Non-Renewal","1"
"2024-10-01T00:00:00.000","Delays (Policyholder Service); Refund Of Premium","5"
"2018-08-01T00:00:00.000","Agent Handling; Misrepresentation","2"
"2014-02-01T00:00:00.000","Delays (Claims Handling); Delays (Policyholder Service); Unsatisfactory Settle/Offer","1"
"2014-11-01T00:00:00.000","Cancellation","4"
"2025-05-01T00:00:00.000","Cust Service Claim Handling; Use Of Clue Reports","1"
"2016-05-01T00:00:00.000","Cust Service Claim Handling; Denial Of Claim; Unsatisfactory Settle/Offer","1"
"2024-07-01T00:00:00.000","Cust Service Claim Handling; Denial Of Claim","28"
"2015-07-01T00:00:00.000","Agent Handling; Delays (Policyholder Service); Duplication of Coverage; Other; Refund Of Premium","1"
"2013-06-01T00:00:00.000","Agent Handling; Delays (Policyholder Service)","1"
"2016-12-01T00:00:00.000","Cancellation; Delays (Policyholder Service); Delays (Underwriting); Refund Of Premium","2"
"2025-03-01T00:00:00.000","Cust Service Claim Handling; Delays (Claims Handling); Non-Renewal; Unsatisfactory Settle/Offer","1"
"2020-09-01T00:00:00.000","Non-Renewal; Post-Claim Underwriting","1"
"2024-08-01T00:00:00.000","Cust Srvc Policy Holder Srvcs; Unsatisfactory Settle/Offer","1"
"2024-07-01T00:00:00.000","Denial Of Claim; Refund Of Premium","2"
"2016-04-01T00:00:00.000","Refusal to Insure","2"
"2017-10-01T00:00:00.000","Delays (Policyholder Service); Refund Of Premium","5"
"2013-11-01T00:00:00.000","Non-Renewal","2"
"2023-03-01T00:00:00.000","Delays (Underwriting)","1"
"2015-08-01T00:00:00.000","Denial Of Claim","27"
"2022-09-01T00:00:00.000","Cust Service Claim Handling; Denial Of Claim","3"
"2024-02-01T00:00:00.000","Delays (Policyholder Service)","11"
"2026-08-01T00:00:00.000","Cust Service Claim Handling; Endorsement / Rider; Unsatisfactory Settle/Offer","3"
"2016-08-01T00:00:00.000","Agent Handling; Misrepresentation","1"
"2025-04-01T00:00:00.000","Non-Renewal; Notice Requirements","1"
"2021-04-01T00:00:00.000","Delays (Policyholder Service)","10"
"2017-04-01T00:00:00.000","Delays (Policyholder Service); Refund Of Premium","6"
"2026-03-01T00:00:00.000","Denial Of Claim; Unfair Discrim-Clms Handling","3"
"2013-05-01T00:00:00.000","Refund Of Premium","18"
"2018-06-01T00:00:00.000","Cust Service Claim Handling; Unsatisfactory Settle/Offer","1"
"2013-04-01T00:00:00.000","Delays (Underwriting); Refund Of Premium","2"
"2026-08-01T00:00:00.000","Cust Srvc Policy Holder Srvcs; Premium and Rating","6"
"2024-05-01T00:00:00.000","Cust Srvc Policy Holder Srvcs; Premium and Rating","1"
"2022-09-01T00:00:00.000","Cust Service Claim Handling; Delays (Claims Handling); Unsatisfactory Settle/Offer","20"
"2025-10-01T00:00:00.000","Endorsement / Rider; Premium and Rating; Refund Of Premium","1"
"2025-05-01T00:00:00.000","Cust Srvc Policy Holder Srvcs; Refund Of Premium; Unauthorized Acts","1"
"2017-11-01T00:00:00.000","Cust Service Claim Handling; Misrepresentation; Refund Of Premium; Unsatisfactory Settle/Offer","1"
"2019-05-01T00:00:00.000","Increased Dwelling Coverage","1"
"2016-02-01T00:00:00.000","Unsatisfactory Settle/Offer","8"
"2015-04-01T00:00:00.000","Denial Of Claim; Unfair Discrim-Clms Handling","1"
"2024-06-01T00:00:00.000","Cancellation; Denial Of Claim; Premium Notice","1"
"2024-07-01T00:00:00.000","Cancellation; Cust Srvc Policy Holder Srvcs","4"
"2024-07-01T00:00:00.000","Delays (Policyholder Service); Refund Of Premium","3"
"2015-06-01T00:00:00.000","Non-Renewal; Unsatisfactory Settle/Offer","1"
"2026-02-01T00:00:00.000","Unsatisfactory Settle/Offer","8"
"2013-09-01T00:00:00.000","Delays (Policyholder Service); Refund Of Premium","9"
"2015-08-01T00:00:00.000","Cust Service Claim Handling; Delays (Claims Handling); Non-Renewal","1"
"2025-11-01T00:00:00.000","Cust Service Claim Handling; Cust Srvc Policy Holder Srvcs; Misrepresentation; Unsatisfactory Settle/Offer; Use Of Clue Reports","1"
"2014-09-01T00:00:00.000","Cancellation","2"
"2017-11-01T00:00:00.000","Cust Service Claim Handling; Delays (Claims Handling); Unfair Discrimination","1"
"2021-03-01T00:00:00.000","Misrepresentation","18"
"2023-06-01T00:00:00.000","Cust Service Claim Handling; Premium and Rating; Unsatisfactory Settle/Offer","1"
"2024-07-01T00:00:00.000","Cancellation; Cust Srvc Policy Holder Srvcs; Delays (Policyholder Service)","1"
"2025-07-01T00:00:00.000","Cust Srvc Policy Holder Srvcs; Delays (Policyholder Service); Premium and Rating","1"
"2025-04-01T00:00:00.000","Delays (Claims Handling)","11"
"2022-09-01T00:00:00.000","Unauthorized Acts","1"
"2020-08-01T00:00:00.000","Cust Service Claim Handling; Delays (Claims Handling); Denial Of Claim; Unsatisfactory Settle/Offer","4"
"2019-10-01T00:00:00.000","Summary of Benefits; Unsatisfactory Settle/Offer","1"
"2023-05-01T00:00:00.000","Delays (Policyholder Service); Refund Of Premium","5"
"2019-06-01T00:00:00.000","Endorsement / Rider; Unsatisfactory Settle/Offer","1"
"2026-06-01T00:00:00.000","Cust Service Claim Handling; Delays (Claims Handling)","61"
"2024-10-01T00:00:00.000","Cust Service Claim Handling; Delays (Claims Handling); Denial Of Claim; Unfair Discrim-Clms Handling","1"
"2021-04-01T00:00:00.000","Delays (Claims Handling)","24"
"2026-07-01T00:00:00.000","Cancellation; Unsatisfactory Settle/Offer","1"
"2022-04-01T00:00:00.000","Cust Service Claim Handling; Delays (Claims Handling); Unsatisfactory Settle/Offer","23"
"2015-03-01T00:00:00.000","Increased Dwelling Coverage; Premium and Rating","3"
"2018-06-01T00:00:00.000","Premium and Rating","7"
"2026-01-01T00:00:00.000","Cust Service Claim Handling; Use Of Clue Reports","1"
"2025-04-01T00:00:00.000","Cust Srvc Policy Holder Srvcs; Use of Credit Reports","1"
"2015-02-01T00:00:00.000","Delays (Policyholder Service); Other","2"
"2014-01-01T00:00:00.000","Agent Handling; Increased Dwelling Coverage; Other; Premium Notice","1"
"2015-02-01T00:00:00.000","Cancellation; Premium and Rating","1"
"2016-09-01T00:00:00.000","Non-Renewal; Notice Requirements","1"
"2019-10-01T00:00:00.000","Cancellation; Refund Of Premium","2"
"2019-08-01T00:00:00.000","Other; Refund Of Premium","1"
"2018-07-01T00:00:00.000","Cancellation; Unsatisfactory Settle/Offer","1"
"2025-04-01T00:00:00.000","Cust Service Claim Handling; Denial Of Claim; Unsatisfactory Settle/Offer","2"
"2015-04-01T00:00:00.000","Refusal to Insure","2"
"2025-08-01T00:00:00.000","Non-Renewal; Premium and Rating","1"
"2026-07-01T00:00:00.000","Cust Service Claim Handling; Endorsement / Rider; Policy Exclusion; Unsatisfactory Settle/Offer","1"
"2017-05-01T00:00:00.000","Use of Credit Reports","1"
"2025-11-01T00:00:00.000","Use Of Clue Reports","1"
"2016-02-01T00:00:00.000","Cust Service Claim Handling; Delays (Claims Handling); Unsatisfactory Settle/Offer","11"
"2023-02-01T00:00:00.000","Cancellation; Misrepresentation","1"
"2020-04-01T00:00:00.000","Delays (Claims Handling); Unsatisfactory Settle/Offer","15"
"2015-04-01T00:00:00.000","Delays (Claims Handling); Delays (Policyholder Service); Unsatisfactory Settle/Offer","1"
"2024-05-01T00:00:00.000","Premium Notice; Premium and Rating; Refund Of Premium","2"
"2014-01-01T00:00:00.000","Delays (Policyholder Service); Excessive Rates; Premium and Rating; Refund Of Premium","1"
"2026-05-01T00:00:00.000","Cust Service Claim Handling; Denial Of Claim; Endorsement / Rider; Premium and Rating","1"
"2022-09-01T00:00:00.000","Misrepresentation","8"
"2013-02-01T00:00:00.000","Cust Service Claim Handling; Delays (Claims Handling)","3"
"2022-07-01T00:00:00.000","Delays (Claims Handling)","30"
"2014-11-01T00:00:00.000","Cancellation; Non-Renewal","1"
"2025-05-01T00:00:00.000","Cust Srvc Policy Holder Srvcs; Delays (Underwriting)","1"
"2022-01-01T00:00:00.000","Premium and Rating; Refund Of Premium","1"
"2014-10-01T00:00:00.000","Misrepresentation","1"
"2019-02-01T00:00:00.000","Premium and Rating; Refund Of Premium","1"
"2015-07-01T00:00:00.000","Cancellation; Refund Of Premium","1"
"2020-05-01T00:00:00.000","Refusal to Insure","1"
"2017-08-01T00:00:00.000","Cancellation","3"
"2017-04-01T00:00:00.000","Post-Claim Underwriting; Premium and Rating","1"
"2025-11-01T00:00:00.000","Unauthorized Acts","2"
"2015-05-01T00:00:00.000","Non-Renewal; Notice Requirements","1"
"2025-09-01T00:00:00.000","Cancellation; Cust Srvc Policy Holder Srvcs; Premium Notice","2"
"2014-12-01T00:00:00.000","Other","3"
"2015-10-01T00:00:00.000","Delays (Policyholder Service); Notice Requirements","1"
"2016-12-01T00:00:00.000","Unsatisfactory Settle/Offer","9"
"2019-06-01T00:00:00.000","Delays (Policyholder Service)","2"
"2012-12-01T00:00:00.000","Unsatisfactory Settle/Offer","24"
"2017-02-01T00:00:00.000","Cancellation; Notice Requirements","1"
"2020-12-01T00:00:00.000","Delays (Policyholder Service); Misleading Advertising; Misrepresentation; Refund Of Premium; Unauthorized Acts","1"
"2016-01-01T00:00:00.000","Agent Handling; Delays (Policyholder Service); Other","2"
"2013-05-01T00:00:00.000","Excessive Rates; Premium and Rating","5"
"2023-07-01T00:00:00.000","Misrepresentation","6"
"2021-03-01T00:00:00.000","Cancellation; Premium and Rating","1"
"2018-08-01T00:00:00.000","Delays (Claims Handling)","12"
"2026-08-01T00:00:00.000","Cust Service Claim Handling; Endorsement / Rider; Post-Claim Underwriting; Premium and Rating; Unsatisfactory Settle/Offer","1"
"2025-12-01T00:00:00.000","Cust Service Claim Handling; Delays (Claims Handling); Unauthorized Acts","1"
"2015-06-01T00:00:00.000","Premium and Rating","6"
"2019-05-01T00:00:00.000","Denial Of Claim; Unsatisfactory Settle/Offer","4"
"2014-03-01T00:00:00.000","Denial Of Claim; Other","1"
"2014-02-01T00:00:00.000","Non-Renewal","2"
"2019-04-01T00:00:00.000","Denial Of Claim; Endorsement / Rider; Unsatisfactory Settle/Offer","1"
"2016-12-01T00:00:00.000","Cancellation; Delays (Policyholder Service); Premium Notice","1"
"2024-10-01T00:00:00.000","Cust Srvc Policy Holder Srvcs; Delays (Policyholder Service); Misrepresentation","1"
"2012-12-01T00:00:00.000","Cust Service Claim Handling; Denial Of Claim","3"
"2024-10-01T00:00:00.000","Cust Srvc Policy Holder Srvcs; Notice Requirements","2"
"2022-01-01T00:00:00.000","Non-Renewal","3"
"2019-02-01T00:00:00.000","Premium and Rating; Refund Of Premium; Use Of Clue Reports","1"
"2013-08-01T00:00:00.000","Premium Notice","2"
"2015-03-01T00:00:00.000","Denial Of Claim","12"
"2014-08-01T00:00:00.000","Delays (Claims Handling); Unsatisfactory Settle/Offer","7"
"2021-05-01T00:00:00.000","Non-Renewal","2"
"2024-08-01T00:00:00.000","Unsatisfactory Settle/Offer","55"
"2026-07-01T00:00:00.000","Premium and Rating; Refund Of Premium","3"
"2013-01-01T00:00:00.000","Agent Handling; Misrepresentation","1"
"2025-05-01T00:00:00.000","Cust Service Claim Handling; Cust Srvc Policy Holder Srvcs; Delays (Policyholder Service)","1"
"2023-12-01T00:00:00.000","Unsatisfactory Settle/Offer","27"
"2013-06-01T00:00:00.000","Cancellation; Premium Notice","1"
"2023-04-01T00:00:00.000","Cancellation; Cust Service Claim Handling; Denial Of Claim","1"
"2017-07-01T00:00:00.000","Commissions","1"
"2013-09-01T00:00:00.000","Premium and Rating; Refund Of Premium","1"
"2015-09-01T00:00:00.000","Cust Service Claim Handling; Delays (Claims Handling); Denial Of Claim","1"
"2016-03-01T00:00:00.000","Cust Service Claim Handling; Delays (Claims Handling); Unsatisfactory Settle/Offer","13"
"2026-08-01T00:00:00.000","Cust Srvc Policy Holder Srvcs; Denial Of Claim; Endorsement / Rider","1"
"2020-09-01T00:00:00.000","Delays (Policyholder Service); Unauthorized Acts","1"
"2016-10-01T00:00:00.000","Premium and Rating; Use Of Clue Reports","2"
"2026-06-01T00:00:00.000","Cancellation; Cust Service Claim Handling; Denial Of Claim","1"
"2018-08-01T00:00:00.000","Agent Handling","10"
"2016-12-01T00:00:00.000","Cust Service Claim Handling; Delays (Claims Handling); Denial Of Claim; Unsatisfactory Settle/Offer","1"
"2012-07-01T00:00:00.000","Other","9"
"2020-07-01T00:00:00.000","Other","2"
"2024-11-01T00:00:00.000","Cust Srvc Policy Holder Srvcs","1"
"2024-09-01T00:00:00.000","Cust Srvc Policy Holder Srvcs; Delays (Policyholder Service); Refund Of Premium","7"
"2014-05-01T00:00:00.000","Conversion","2"
"2019-06-01T00:00:00.000","Use of Credit Reports","1"
"2014-11-01T00:00:00.000","Refund Of Premium","11"
"2016-12-01T00:00:00.000","Premium and Rating; Unsatisfactory Settle/Offer","1"
"2017-10-01T00:00:00.000","Post-Claim Underwriting","1"
"2025-03-01T00:00:00.000","Non-Renewal","3"
"2021-01-01T00:00:00.000","Delays (Underwriting); Non-Renewal","1"
"2022-03-01T00:00:00.000","Delays (Policyholder Service); Denial Of Claim","1"
"2022-01-01T00:00:00.000","Delays (Policyholder Service); Refund Of Premium","4"
"2024-12-01T00:00:00.000","Cancellation; Cust Srvc Policy Holder Srvcs; Delays (Policyholder Service); Refund Of Premium","1"
"2022-02-01T00:00:00.000","Cancellation; Refund Of Premium","6"
"2021-03-01T00:00:00.000","Cancellation; Denial Of Claim","4"
"2024-11-01T00:00:00.000","Cancellation; Cust Service Claim Handling; Delays (Claims Handling)","1"
"2016-05-01T00:00:00.000","Increased Dwelling Coverage; Premium and Rating","1"
"2021-05-01T00:00:00.000","Cust Service Claim Handling; Premium and Rating; Unsatisfactory Settle/Offer","1"
"2019-04-01T00:00:00.000","Cust Service Claim Handling; Delays (Claims Handling); Unsatisfactory Settle/Offer","14"
"2018-02-01T00:00:00.000","Cust Service Claim Handling; Unsatisfactory Settle/Offer","10"
"2016-05-01T00:00:00.000","Cancellation; Denial Of Claim; Premium and Rating","1"
"2017-12-01T00:00:00.000","Conversion","1"
"2020-06-01T00:00:00.000","Delays (Policyholder Service); Premium Notice","1"
"2018-06-01T00:00:00.000","Cust Service Claim Handling; Unauthorized Acts","1"
"2020-04-01T00:00:00.000","Premium and Rating","7"
"2026-04-01T00:00:00.000","Cust Service Claim Handling; Cust Srvc Policy Holder Srvcs; Premium and Rating","1"
"2016-07-01T00:00:00.000","Delays (Claims Handling); Premium and Rating; Unsatisfactory Settle/Offer","1"
"2025-04-01T00:00:00.000","Other","4"
"2020-11-01T00:00:00.000","Conversion; Unauthorized Acts","2"
"2016-09-01T00:00:00.000","Notice Requirements; Other; Premium Notice; Premium and Rating","1"
"2014-04-01T00:00:00.000","Agent Handling; Conversion; Misrepresentation","1"
"2025-10-01T00:00:00.000","Cancellation; Delays (Underwriting); Refund Of Premium","1"
"2015-09-01T00:00:00.000","Agent Handling; Cancellation","1"
"2013-11-01T00:00:00.000","Delays (Claims Handling); Denial Of Claim","1"
"2025-08-01T00:00:00.000","Delays (Policyholder Service)","7"
"2020-12-01T00:00:00.000","Cust Service Claim Handling; Denial Of Claim","12"
"2017-07-01T00:00:00.000","Unauthorized Acts","3"
"2026-05-01T00:00:00.000","Cust Srvc Policy Holder Srvcs; Delays (Underwriting); Premium and Rating; Refund Of Premium","1"
"2022-07-01T00:00:00.000","Delays (Claims Handling); Unsatisfactory Settle/Offer","29"
"2018-01-01T00:00:00.000","Premium Notice","2"
"2017-09-01T00:00:00.000","Cust Service Claim Handling; Delays (Claims Handling); Unsatisfactory Settle/Offer; Usual And Customary","1"
"2015-11-01T00:00:00.000","Cancellation; Delays (Policyholder Service); Refund Of Premium","1"
"2025-07-01T00:00:00.000","Cancellation; Cust Srvc Policy Holder Srvcs","5"
"2015-08-01T00:00:00.000","Denial Of Claim; Non-Renewal","1"
"2023-08-01T00:00:00.000","Denial Of Claim","38"
"2013-12-01T00:00:00.000","Cancellation","4"
"2016-12-01T00:00:00.000","Denial Of Claim","20"
"2024-07-01T00:00:00.000","Cust Service Claim Handling; Cust Srvc Policy Holder Srvcs; Denial Of Claim","1"
"2025-05-01T00:00:00.000","Denial Of Claim; Policy Exclusion; Unsatisfactory Settle/Offer","1"
"2016-03-01T00:00:00.000","Cust Service Claim Handling; Delays (Claims Handling); Denial Of Claim","4"
"2014-08-01T00:00:00.000","Denial Of Claim; Non-Renewal","1"
"2024-07-01T00:00:00.000","Cust Srvc Policy Holder Srvcs; Delays In Authorization; Premium Notice","1"
"2014-06-01T00:00:00.000","Cust Service Claim Handling; Unfair Discrim-Clms Handling","1"
"2022-07-01T00:00:00.000","Cust Service Claim Handling; Delays (Policyholder Service); Refund Of Premium","1"
"2020-10-01T00:00:00.000","Misrepresentation; Unauthorized Acts","1"
"2017-09-01T00:00:00.000","Other","1"
"2021-01-01T00:00:00.000","Cust Service Claim Handling; Delays (Claims Handling)","30"
"2015-05-01T00:00:00.000","Cust Service Claim Handling; Unsatisfactory Settle/Offer","4"
"2020-07-01T00:00:00.000","Premium Notice","1"
"2026-07-01T00:00:00.000","Cust Srvc Policy Holder Srvcs; Premium Notice; Premium and Rating; Refund Of Premium","1"
"2012-10-01T00:00:00.000","Cancellation; Premium and Rating","1"
"2026-08-01T00:00:00.000","Delays (Policyholder Service)","1"
"2024-11-01T00:00:00.000","Other","1"
"2020-12-01T00:00:00.000","Premium and Rating","5"
"2013-03-01T00:00:00.000","Cancellation; Non-Renewal","1"
"2026-08-01T00:00:00.000","Delays (Underwriting); Premium and Rating","1"
"2022-08-01T00:00:00.000","Premium and Rating; Use Of Clue Reports","1"
"2022-03-01T00:00:00.000","Not Within TDI Jurisdiction","1"
"2014-10-01T00:00:00.000","Cancellation; Delays (Underwriting)","1"
"2020-03-01T00:00:00.000","Denial Of Claim; Unsatisfactory Settle/Offer","2"
"2026-03-01T00:00:00.000","Cust Srvc Policy Holder Srvcs; Delays (Policyholder Service); Unsatisfactory Settle/Offer","1"
"2019-05-01T00:00:00.000","Cust Service Claim Handling; Delays (Claims Handling); Denial Of Claim","1"
"2014-09-01T00:00:00.000","Premium and Rating; Refund Of Premium","2"
"2012-04-01T00:00:00.000","Delays (Claims Handling); Denial Of Claim","1"
"2023-09-01T00:00:00.000","Cust Service Claim Handling; Denial Of Claim; Premium and Rating","1"
"2025-10-01T00:00:00.000","Cancellation; Cust Service Claim Handling; Delays (Claims Handling); Unsatisfactory Settle/Offer","1"
"2021-02-01T00:00:00.000","Cust Service Claim Handling; Delays (Policyholder Service)","1"
"2020-05-01T00:00:00.000","Delays (Policyholder Service); Delays (Underwriting)","1"
"2024-05-01T00:00:00.000","Non-Renewal; Unsatisfactory Settle/Offer","1"
"2024-07-01T00:00:00.000","Other","3"
"2025-09-01T00:00:00.000","Premium and Rating","6"
"2025-07-01T00:00:00.000","Cust Srvc Policy Holder Srvcs; Premium and Rating","8"
"2019-07-01T00:00:00.000","Cancellation","4"
"2020-08-01T00:00:00.000","Misrepresentation; Unauthorized Acts","2"
"2015-01-01T00:00:00.000","Delays (Claims Handling)","11"
"2017-04-01T00:00:00.000","Cust Service Claim Handling; Denial Of Claim","4"
"2016-10-01T00:00:00.000","Cust Service Claim Handling; Denial Of Claim","6"
"2025-09-01T00:00:00.000","Cust Srvc Policy Holder Srvcs; Premium and Rating; Refund Of Premium; Use Of Clue Reports","1"
"2026-06-01T00:00:00.000","Cust Service Claim Handling; Premium and Rating","1"
"2025-11-01T00:00:00.000","Cust Service Claim Handling; Delays (Claims Handling); Unauthorized Acts","1"
"2015-03-01T00:00:00.000","Other; Premium and Rating; Refund Of Premium","1"
"2016-06-01T00:00:00.000","Denial Of Claim","33"
"2018-01-01T00:00:00.000","Cust Service Claim Handling; Delays (Claims Handling); Denial Of Claim","4"
"2024-05-01T00:00:00.000","Premium and Rating","26"
"2021-10-01T00:00:00.000","Cust Service Claim Handling; Denial Of Claim; Unsatisfactory Settle/Offer","1"
"2016-05-01T00:00:00.000","Refund Of Premium","6"
"2022-05-01T00:00:00.000","Delays (Policyholder Service); Misrepresentation","1"
"2017-12-01T00:00:00.000","Unsatisfactory Settle/Offer; Usual And Customary","1"
"2024-03-01T00:00:00.000","Denial Of Claim; Refund Of Premium","1"
"2019-01-01T00:00:00.000","Delays (Claims Handling); Denial Of Claim","3"
"2025-08-01T00:00:00.000","Policy Exclusion; Unsatisfactory Settle/Offer","2"
"2018-03-01T00:00:00.000","Cancellation; Delays (Policyholder Service); Premium and Rating; Refund Of Premium","1"
"2015-01-01T00:00:00.000","Cancellation","5"
"2019-04-01T00:00:00.000","Cancellation; Delays (Policyholder Service); Premium Notice","1"
"2015-11-01T00:00:00.000","Agent Handling","7"
"2022-05-01T00:00:00.000","Misleading Advertising","1"
"2014-04-01T00:00:00.000","Delays (Policyholder Service); Denial Of Claim; Unsatisfactory Settle/Offer","1"
"2019-02-01T00:00:00.000","Claimant Fraud","1"
"2024-04-01T00:00:00.000","Cust Srvc Policy Holder Srvcs; Refund Of Premium","2"
"2021-06-01T00:00:00.000","Cust Service Claim Handling; Delays (Claims Handling); Denial Of Claim","8"
"2019-10-01T00:00:00.000","Cust Service Claim Handling; Delays (Claims Handling); Misrepresentation","1"
"2017-04-01T00:00:00.000","Cancellation; Refund Of Premium","1"
"2020-12-01T00:00:00.000","Delays (Policyholder Service); Misrepresentation","1"
"2019-04-01T00:00:00.000","Premium and Rating; Refund Of Premium","1"
"2018-09-01T00:00:00.000","Post-Claim Underwriting","1"
"2014-12-01T00:00:00.000","Cust Service Claim Handling; Delays (Claims Handling); Unsatisfactory Settle/Offer","4"
"2022-03-01T00:00:00.000","Delays (Policyholder Service); Refund Of Premium","9"
"2019-10-01T00:00:00.000","Cancellation; Premium Notice","1"
"2021-12-01T00:00:00.000","Misrepresentation","5"
"2026-07-01T00:00:00.000","Non-Renewal","1"
"2019-07-01T00:00:00.000","Agent Handling","5"
"2019-03-01T00:00:00.000","Agent Handling; Refund Of Premium","1"
"2019-08-01T00:00:00.000","Delays (Policyholder Service); Refund Of Premium","6"
"2019-01-01T00:00:00.000","Cust Service Claim Handling; Delays (Claims Handling); Unauthorized Acts","1"
"2014-08-01T00:00:00.000","Delays (Policyholder Service); Other","2"
"2025-08-01T00:00:00.000","Refund Of Premium","3"
"2017-03-01T00:00:00.000","Delays (Claims Handling); Premium and Rating; Unsatisfactory Settle/Offer","1"
"2015-06-01T00:00:00.000","Agent Handling; Misrepresentation","2"
"2024-12-01T00:00:00.000","Delays (Claims Handling); Non-Renewal; Unsatisfactory Settle/Offer","1"
"2026-06-01T00:00:00.000","Cust Service Claim Handling; Denial Of Claim; Non-Renewal; Refund Of Premium","1"
"2021-08-01T00:00:00.000","Cust Service Claim Handling; Denial Of Claim; Unsatisfactory Settle/Offer","1"
"2017-05-01T00:00:00.000","Delays (Policyholder Service); Refund Of Premium","4"
"2024-08-01T00:00:00.000","Cust Service Claim Handling; Denial Of Claim; Premium and Rating","1"
"2023-05-01T00:00:00.000","Cancellation; Misrepresentation","1"
"2024-11-01T00:00:00.000","Cust Service Claim Handling; Delays (Claims Handling); Unsatisfactory Settle/Offer","74"
"2026-02-01T00:00:00.000","Cust Service Claim Handling; Premium and Rating","1"
"2021-07-01T00:00:00.000","Use of Credit Reports","4"
"2022-01-01T00:00:00.000","Cancellation; Cust Service Claim Handling; Misrepresentation","1"
"2019-11-01T00:00:00.000","Delays (Policyholder Service)","3"
"2017-04-01T00:00:00.000","Cancellation","3"
"2023-11-01T00:00:00.000","Premium Notice; Premium and Rating; Refund Of Premium","1"
"2015-11-01T00:00:00.000","Denial Of Claim","31"
"2019-05-01T00:00:00.000","Delays (Claims Handling); Endorsement / Rider; Unsatisfactory Settle/Offer","1"
"2014-02-01T00:00:00.000","Unsatisfactory Settle/Offer","28"
"2024-10-01T00:00:00.000","Premium and Rating","14"
"2024-04-01T00:00:00.000","Non-Renewal","13"
"2018-10-01T00:00:00.000","Duplication of Coverage","1"
"2016-08-01T00:00:00.000","Other; Premium Notice","1"
"2020-10-01T00:00:00.000","Premium and Rating; Refund Of Premium","1"
"2021-05-01T00:00:00.000","Other; Use Of Clue Reports","1"
"2018-03-01T00:00:00.000","Denial Of Claim; Non-Renewal","1"
"2023-08-01T00:00:00.000","Cust Service Claim Handling; Unsatisfactory Settle/Offer","28"
"2020-11-01T00:00:00.000","Cust Service Claim Handling; Delays (Claims Handling); Unsatisfactory Settle/Offer","38"
"2013-06-01T00:00:00.000","Cust Service Claim Handling; Delays (Claims Handling)","3"
"2016-01-01T00:00:00.000","Delays (Underwriting)","1"
"2020-09-01T00:00:00.000","Unsatisfactory Settle/Offer","2"
"2020-01-01T00:00:00.000","Delays (Underwriting); Non-Renewal; Premium and Rating","1"
"2017-06-01T00:00:00.000","Delays (Policyholder Service); Premium Notice; Premium and Rating","2"
"2016-12-01T00:00:00.000","Agent Handling; Premium and Rating","2"
"2014-07-01T00:00:00.000","Unauthorized Acts","1"
"2026-07-01T00:00:00.000","Cust Service Claim Handling; Delays (Claims Handling); Denial Of Claim; Policy Exclusion","1"
"2025-06-01T00:00:00.000","Cancellation; Cust Service Claim Handling; Delays (Claims Handling)","1"
"2024-12-01T00:00:00.000","Cust Service Claim Handling; Delays (Claims Handling); Unauthorized Acts","1"
"2017-03-01T00:00:00.000","Not Within TDI Jurisdiction; Refund Of Premium","1"
"2018-01-01T00:00:00.000","Non-Renewal","2"
"2025-01-01T00:00:00.000","Cancellation; Denial Of Claim","1"
"2014-12-01T00:00:00.000","Cancellation","5"
"2016-12-01T00:00:00.000","Non-Renewal","1"
"2014-07-01T00:00:00.000","Premium and Rating","23"
"2016-08-01T00:00:00.000","Delays (Policyholder Service); Denial Of Claim; Unsatisfactory Settle/Offer","1"
"2020-02-01T00:00:00.000","Cancellation; Continuation of Benefits","1"
"2020-05-01T00:00:00.000","Denial Of Claim","22"
"2018-04-01T00:00:00.000","Agent Handling; Denial Of Claim; Misrepresentation","1"
"2015-05-01T00:00:00.000","Unauthorized Acts","13"
"2026-06-01T00:00:00.000","Delays (Claims Handling); Unsatisfactory Settle/Offer","8"
"2026-08-01T00:00:00.000","Cust Service Claim Handling; Delays (Claims Handling); Endorsement / Rider","1"
"2026-06-01T00:00:00.000","Cust Srvc Policy Holder Srvcs; Delays (Policyholder Service)","8"
"2024-07-01T00:00:00.000","Cust Srvc Policy Holder Srvcs; Premium and Rating; Refund Of Premium","1"
"2021-11-01T00:00:00.000","Denial Of Claim; Unsatisfactory Settle/Offer","8"
"2018-02-01T00:00:00.000","Delays (Policyholder Service); Refund Of Premium","1"
"2013-02-01T00:00:00.000","Denial Of Claim","17"
"2017-11-01T00:00:00.000","Cust Service Claim Handling; Unfair Discrimination","1"
"2021-10-01T00:00:00.000","Cancellation; Delays (Policyholder Service); Refund Of Premium","1"
"2013-03-01T00:00:00.000","Other; Premium and Rating","1"
"2024-08-01T00:00:00.000","Cust Service Claim Handling; Delays (Claims Handling); Unsatisfactory Settle/Offer","132"
"2021-05-01T00:00:00.000","Cust Service Claim Handling; Delays (Claims Handling)","72"
"2017-09-01T00:00:00.000","Misrepresentation","1"
"2016-09-01T00:00:00.000","Delays (Policyholder Service); Refund Of Premium","7"
"2018-05-01T00:00:00.000","Cust Service Claim Handling; Endorsement / Rider; Unsatisfactory Settle/Offer","1"
"2024-02-01T00:00:00.000","Delays (Claims Handling); Premium and Rating","1"
"2014-02-01T00:00:00.000","Other","4"
"2024-12-01T00:00:00.000","Delays (Policyholder Service)","3"
"2017-04-01T00:00:00.000","Cust Service Claim Handling; Increased Dwelling Coverage; Premium and Rating; Unsatisfactory Settle/Offer","1"
"2021-05-01T00:00:00.000","Other","8"
"2012-11-01T00:00:00.000","Delays (Policyholder Service); Refund Of Premium","1"
"2017-01-01T00:00:00.000","Delays (Underwriting)","1"
"2014-09-01T00:00:00.000","Agent Handling; Improper Inducements","1"
"2025-07-01T00:00:00.000","Cust Srvc Policy Holder Srvcs; Delays In Authorization; Refund Of Premium","1"
"2025-05-01T00:00:00.000","Cancellation; Cust Service Claim Handling; Refusal to Insure; Unsatisfactory Settle/Offer","1"
"2013-07-01T00:00:00.000","Unsatisfactory Settle/Offer","33"
"2013-07-01T00:00:00.000","Premium Notice","3"
"2019-06-01T00:00:00.000","Other","2"
"2017-02-01T00:00:00.000","Delays (Claims Handling); Unfair Discrim-Clms Handling; Unsatisfactory Settle/Offer","1"
"2021-07-01T00:00:00.000","Non-Renewal; Premium Notice; Premium and Rating; Refund Of Premium","1"
"2018-07-01T00:00:00.000","Agent Handling; Denial Of Claim","1"
"2022-10-01T00:00:00.000","Misrepresentation; Refund Of Premium","1"
"2025-02-01T00:00:00.000","Denial Of Claim; Endorsement / Rider","1"
"2023-06-01T00:00:00.000","Misleading Advertising","1"
"2023-05-01T00:00:00.000","Premium and Rating; Refund Of Premium","5"
"2018-08-01T00:00:00.000","Cust Service Claim Handling; Denial Of Claim; Unsatisfactory Settle/Offer","2"
"2018-09-01T00:00:00.000","Delays (Claims Handling); Denial Of Claim","1"
"2025-04-01T00:00:00.000","Cust Srvc Policy Holder Srvcs; Unsatisfactory Settle/Offer","2"
"2016-02-01T00:00:00.000","Cust Service Claim Handling; Delays (Claims Handling); Non-Renewal","1"
"2025-03-01T00:00:00.000","Endorsement / Rider; Unsatisfactory Settle/Offer","2"
"2018-05-01T00:00:00.000","Commissions; Unauthorized Acts","1"
"2012-05-01T00:00:00.000","Agent Handling","3"
"2024-10-01T00:00:00.000","Cust Srvc Policy Holder Srvcs; Denial Of Claim","1"
"2018-12-01T00:00:00.000","Agent Handling","1"
"2015-08-01T00:00:00.000","Non-Renewal; Other","1"
"2024-06-01T00:00:00.000","Cust Srvc Policy Holder Srvcs; Misrepresentation","1"
"2014-12-01T00:00:00.000","Cancellation; Delays (Underwriting)","1"
"2021-07-01T00:00:00.000","Cancellation; Denial Of Claim","1"
"2014-04-01T00:00:00.000","Denial Of Claim; Unsatisfactory Settle/Offer","2"
"2016-02-01T00:00:00.000","Delays (Claims Handling); Unsatisfactory Settle/Offer","9"
"2023-12-01T00:00:00.000","Cust Service Claim Handling; Refund Of Premium","1"
"2015-11-01T00:00:00.000","Endorsement / Rider; Other","1"
"2024-05-01T00:00:00.000","Cust Srvc Policy Holder Srvcs; Delays (Policyholder Service); Refund Of Premium","3"
"2021-03-01T00:00:00.000","Denial Of Claim","79"
"2020-04-01T00:00:00.000","Unauthorized Acts","1"
"2016-05-01T00:00:00.000","Cancellation; Non-Renewal","1"
"2012-11-01T00:00:00.000","Agent Handling; Misrepresentation","1"
"2021-08-01T00:00:00.000","Coordination of Benefits; Delays (Claims Handling)","1"
"2024-03-01T00:00:00.000","Cancellation; Denial Of Claim","2"
"2023-11-01T00:00:00.000","Denial Of Claim","23"
"2019-04-01T00:00:00.000","Delays (Claims Handling); Unsatisfactory Settle/Offer","10"
"2020-11-01T00:00:00.000","Cust Service Claim Handling; Delays (Claims Handling); Endorsement / Rider; Unsatisfactory Settle/Offer","1"
"2018-07-01T00:00:00.000","Post-Claim Underwriting","1"
"2015-09-01T00:00:00.000","Cust Service Claim Handling; Delays (Underwriting); Unsatisfactory Settle/Offer","1"
"2012-12-01T00:00:00.000","Excessive Rates; Premium and Rating; Use of Credit Reports","1"
"2023-10-01T00:00:00.000","Delays (Claims Handling); Non-Renewal","1"
"2014-02-01T00:00:00.000","Delays (Claims Handling); Unfair Discrim-Clms Handling; Unsatisfactory Settle/Offer","1"
"2014-11-01T00:00:00.000","Agent Handling; Churning","1"
"2026-08-01T00:00:00.000","Refund Of Premium; Unauthorized Acts","1"
"2025-07-01T00:00:00.000","Cust Service Claim Handling; Cust Srvc Policy Holder Srvcs; Premium and Rating; Unsatisfactory Settle/Offer","1"
"2014-11-01T00:00:00.000","Unsatisfactory Settle/Offer; Use Of Clue Reports","1"
"2024-08-01T00:00:00.000","Cust Srvc Policy Holder Srvcs; Endorsement / Rider; Notice Requirements","1"
"2015-03-01T00:00:00.000","Cust Service Claim Handling; Delays (Claims Handling); Denial Of Claim","1"
"2025-02-01T00:00:00.000","Delays (Underwriting); Endorsement / Rider","1"
"2024-03-01T00:00:00.000","Cancellation; Delays (Policyholder Service)","1"
"2022-04-01T00:00:00.000","Use of Credit Reports","1"
"2024-07-01T00:00:00.000","Delays (Claims Handling); Denial Of Claim","3"
"2015-06-01T00:00:00.000","Cust Service Claim Handling; Delays (Claims Handling)","11"
"2024-03-01T00:00:00.000","Cust Service Claim Handling; Other","2"
"2020-04-01T00:00:00.000","Cancellation; Premium and Rating","2"
"2013-10-01T00:00:00.000","Premium and Rating","21"
"2013-09-01T00:00:00.000","Premium and Rating","15"
"2024-04-01T00:00:00.000","Cust Service Claim Handling; Delays (Claims Handling); Endorsement / Rider","1"
"2012-09-01T00:00:00.000","Conversion","1"
"2022-06-01T00:00:00.000","Cancellation; Misrepresentation","1"
"2020-03-01T00:00:00.000","Cancellation; Refund Of Premium","2"
"2019-01-01T00:00:00.000","Denial Of Claim; Misleading Advertising","1"
"2019-12-01T00:00:00.000","Other","3"
"2018-07-01T00:00:00.000","Cancellation; Delays (Policyholder Service)","1"
"2017-12-01T00:00:00.000","Cancellation; Delays (Claims Handling); Denial Of Claim","1"
"2012-06-01T00:00:00.000","Cancellation; Premium and Rating","1"
"2025-06-01T00:00:00.000","Delays (Policyholder Service)","5"
"2018-11-01T00:00:00.000","Cancellation; Refund Of Premium","1"
"2012-10-01T00:00:00.000","Denial Of Claim; Disaster; Unsatisfactory Settle/Offer","1"
"2023-09-01T00:00:00.000","Delays (Policyholder Service); Delays (Underwriting); Premium and Rating","1"
"2012-10-01T00:00:00.000","Endorsement / Rider","1"
"2025-05-01T00:00:00.000","Unsatisfactory Settle/Offer","35"
"2017-01-01T00:00:00.000","Denial Of Claim; Endorsement / Rider","1"
"2023-06-01T00:00:00.000","Delays (Claims Handling); Unsatisfactory Settle/Offer","43"
"2026-02-01T00:00:00.000","Cust Service Claim Handling","6"
"2024-07-01T00:00:00.000","Non-Renewal; Premium and Rating; Unsatisfactory Settle/Offer","1"
"2022-05-01T00:00:00.000","Cust Service Claim Handling","3"
"2015-12-01T00:00:00.000","Post-Claim Underwriting; Premium and Rating","1"
"2018-02-01T00:00:00.000","Agent Handling; Delays (Policyholder Service); Refusal to Insure","1"
"2024-08-01T00:00:00.000","Cust Service Claim Handling; Delays (Claims Handling); Non-Renewal; Unsatisfactory Settle/Offer","3"
"2025-06-01T00:00:00.000","Cancellation; Delays (Underwriting)","1"
"2016-10-01T00:00:00.000","Conversion; Cust Service Claim Handling; Delays (Claims Handling)","1"
"2015-07-01T00:00:00.000","Delays (Policyholder Service)","2"
"2026-03-01T00:00:00.000","Cust Service Claim Handling; Denial Of Claim; Liability Dispute","1"
"2016-12-01T00:00:00.000","Cust Service Claim Handling; Unsatisfactory Settle/Offer","5"
"2025-01-01T00:00:00.000","Unsatisfactory Settle/Offer","26"
"2022-02-01T00:00:00.000","Cust Service Claim Handling; Endorsement / Rider; Unsatisfactory Settle/Offer","1"
"2023-10-01T00:00:00.000","Cancellation; Refund Of Premium","1"
"2017-10-01T00:00:00.000","Refund Of Premium","1"
"2016-09-01T00:00:00.000","Denial Of Claim; Premium and Rating","2"
"2019-06-01T00:00:00.000","Delays (Underwriting); Premium and Rating","3"
"2024-09-01T00:00:00.000","Endorsement / Rider; Unsatisfactory Settle/Offer","4"
"2015-07-01T00:00:00.000","Agent Handling; Refund Of Premium","1"
"2024-01-01T00:00:00.000","Delays (Claims Handling)","10"
"2023-10-01T00:00:00.000","Cancellation; Delays (Policyholder Service); Refund Of Premium","1"
"2013-07-01T00:00:00.000","Cust Service Claim Handling; Delays (Claims Handling); Liability Dispute","1"
"2026-08-01T00:00:00.000","Cust Service Claim Handling; Delays (Claims Handling); Unsatisfactory Settle/Offer","63"
"2025-07-01T00:00:00.000","Use of Credit Reports","1"
"2014-09-01T00:00:00.000","Delays (Claims Handling); Denial Of Claim","2"
"2015-04-01T00:00:00.000","Non-Renewal","4"
"2021-01-01T00:00:00.000","Cancellation; Delays (Policyholder Service)","1"
"2025-08-01T00:00:00.000","Delays (Underwriting); Premium and Rating","1"
"2024-12-01T00:00:00.000","Cancellation","8"
"2018-07-01T00:00:00.000","Premium Notice; Premium and Rating; Refund Of Premium","1"
"2026-05-01T00:00:00.000","Cust Service Claim Handling; Denial Of Claim; Post-Claim Underwriting","1"
"2017-01-01T00:00:00.000","Not Within TDI Jurisdiction","1"
"2023-11-01T00:00:00.000","Delays (Underwriting); Endorsement / Rider","1"
"2024-05-01T00:00:00.000","Delays (Policyholder Service); Premium and Rating; Refund Of Premium","1"
"2022-01-01T00:00:00.000","Delays (Policyholder Service)","14"
"2017-11-01T00:00:00.000","Commissions","1"
"2026-07-01T00:00:00.000","Cust Service Claim Handling; Denial Of Claim; Endorsement / Rider; Policy Exclusion","2"
"2016-05-01T00:00:00.000","Agent Handling; Cust Service Claim Handling; Delays (Policyholder Service)","1"
"2020-03-01T00:00:00.000","Cust Service Claim Handling; Delays (Claims Handling); Delays (Underwriting)","1"
"2024-10-01T00:00:00.000","Premium and Rating; Refund Of Premium","3"
"2025-07-01T00:00:00.000","Misrepresentation","7"
"2025-09-01T00:00:00.000","Use of Credit Reports","2"
"2018-01-01T00:00:00.000","Cust Service Claim Handling; Denial Of Claim; Unsatisfactory Settle/Offer","1"
"2013-03-01T00:00:00.000","Delays (Policyholder Service)","24"
"2012-12-01T00:00:00.000","Delays (Policyholder Service); Refund Of Premium","3"
"2024-09-01T00:00:00.000","Unsatisfactory Settle/Offer","58"
"2021-07-01T00:00:00.000","Delays (Policyholder Service); Misrepresentation","1"
"2019-04-01T00:00:00.000","Cust Service Claim Handling; Deficient Claim Notice; Delays (Claims Handling)","1"
"2021-11-01T00:00:00.000","Cancellation; Cust Service Claim Handling","1"
"2014-11-01T00:00:00.000","Delays (Claims Handling)","8"
"2017-09-01T00:00:00.000","Unauthorized Acts","8"
"2019-09-01T00:00:00.000","Delays (Policyholder Service); Notice Requirements; Premium and Rating; Unsatisfactory Settle/Offer","1"
"2025-01-01T00:00:00.000","Denial Of Claim; Premium and Rating","3"
"2025-09-01T00:00:00.000","Unauthorized Acts","5"
"2016-09-01T00:00:00.000","Assignment of Benefits","1"
"2020-03-01T00:00:00.000","Denial Of Claim","26"
"2013-07-01T00:00:00.000","Denial Of Claim; Non-Renewal","1"
"2012-09-01T00:00:00.000","Denial Of Claim","31"
"2012-10-01T00:00:00.000","Excessive Rates; Premium and Rating","2"
"2023-04-01T00:00:00.000","Misleading Advertising; Misrepresentation; Refund Of Premium","1"
"2017-04-01T00:00:00.000","Cancellation; Delays (Policyholder Service); Refund Of Premium","1"
"2025-07-01T00:00:00.000","Cust Service Claim Handling; Delays (Claims Handling); Denial Of Claim; Fraud","1"
"2013-01-01T00:00:00.000","Excessive Rates; Premium and Rating","3"
"2021-11-01T00:00:00.000","Cancellation; Delays (Underwriting); Refund Of Premium; Refusal to Insure","1"
"2017-08-01T00:00:00.000","Delays (Claims Handling); Unsatisfactory Settle/Offer; Usual And Customary","3"
"2017-08-01T00:00:00.000","Cancellation; Denial Of Claim; Notice Requirements","2"
"2026-06-01T00:00:00.000","Cust Srvc Policy Holder Srvcs; Premium and Rating","2"
"2012-10-01T00:00:00.000","Agent Handling; Refund Of Premium","1"
"2017-07-01T00:00:00.000","Cancellation; Denial Of Claim; Notice Requirements","1"
"2025-09-01T00:00:00.000","Closing; Cust Srvc Policy Holder Srvcs; Delays (Policyholder Service); Escrow Fees/Closing Costs","1"
"2017-04-01T00:00:00.000","Non-Renewal","3"
"2013-01-01T00:00:00.000","Premium and Rating","16"
"2021-04-01T00:00:00.000","Delays (Claims Handling); Other","1"
"2017-11-01T00:00:00.000","Cust Service Claim Handling; Denial Of Claim; Unsatisfactory Settle/Offer","1"
"2026-03-01T00:00:00.000","Cust Service Claim Handling; Premium and Rating","1"
"2021-06-01T00:00:00.000","Cust Service Claim Handling; Denial Of Claim; Unsatisfactory Settle/Offer","2"
"2016-09-01T00:00:00.000","Delays (Claims Handling)","12"
"2023-09-01T00:00:00.000","Cust Service Claim Handling; Delays (Policyholder Service); Denial Of Claim; Premium and Rating","1"
"2019-04-01T00:00:00.000","Delays (Claims Handling)","10"
"2016-04-01T00:00:00.000","Cancellation; Denial Of Claim","1"
"2025-07-01T00:00:00.000","Denial Of Claim","20"
"2013-07-01T00:00:00.000","Cancellation; Premium Notice; Premium and Rating","1"
"2026-04-01T00:00:00.000","Cust Service Claim Handling; Non-Renewal; Unsatisfactory Settle/Offer","1"
"2012-08-01T00:00:00.000","Misleading Advertising","4"
"2024-04-01T00:00:00.000","Cust Service Claim Handling; Delays (Claims Handling); Denial Of Claim","4"
"2018-11-01T00:00:00.000","Cancellation","3"
"2019-07-01T00:00:00.000","Post-Claim Underwriting","2"
"2019-03-01T00:00:00.000","Non-Renewal","1"
"2019-10-01T00:00:00.000","Delays (Policyholder Service); Refusal to Insure","1"
"2018-01-01T00:00:00.000","Endorsement / Rider","1"
"2016-01-01T00:00:00.000","Premium Notice; Refund Of Premium","2"
"2025-06-01T00:00:00.000","Cancellation; Non-Renewal","1"
"2020-06-01T00:00:00.000","Denial Of Claim; Liability Dispute","2"
"2025-01-01T00:00:00.000","Cancellation; Refund Of Premium","3"
"2015-11-01T00:00:00.000","Delays (Underwriting); Premium and Rating; Use of Credit Reports","1"
"2026-05-01T00:00:00.000","Cust Service Claim Handling; Delays (Claims Handling); Premium and Rating; Unsatisfactory Settle/Offer","1"
"2015-07-01T00:00:00.000","Cancellation; Denial Of Claim; Other; Refund Of Premium","1"
"2021-06-01T00:00:00.000","Denial Of Claim; Unsatisfactory Settle/Offer","3"
"2026-07-01T00:00:00.000","Cust Service Claim Handling; Cust Srvc Policy Holder Srvcs; Denial Of Claim; Refund Of Premium","1"
"2021-11-01T00:00:00.000","Delays (Underwriting); Refusal to Insure","1"
"2022-06-01T00:00:00.000","Delays (Claims Handling); Delays (Policyholder Service)","1"
"2026-04-01T00:00:00.000","Cust Srvc Policy Holder Srvcs; Delays (Policyholder Service); Premium and Rating; Refund Of Premium","2"
"2017-05-01T00:00:00.000","Agent Handling; Cancellation; Delays (Policyholder Service); Premium and Rating","1"
"2025-12-01T00:00:00.000","Cust Service Claim Handling; Cust Srvc Policy Holder Srvcs; Delays (Claims Handling); Denial Of Claim","1"
"2020-10-01T00:00:00.000","Endorsement / Rider; Premium and Rating","1"
"2013-05-01T00:00:00.000","Non-Renewal; Unsatisfactory Settle/Offer","1"
"2012-08-01T00:00:00.000","Cust Service Claim Handling; Denial Of Claim","4"
"2020-01-01T00:00:00.000","Delays (Policyholder Service); Refund Of Premium","3"
"2023-08-01T00:00:00.000","Cust Service Claim Handling; Delays (Claims Handling); Denial Of Claim","4"
"2013-11-01T00:00:00.000","Cust Service Claim Handling; Unsatisfactory Settle/Offer","2"
"2014-05-01T00:00:00.000","Denial Of Claim","24"
"2024-08-01T00:00:00.000","Denial Of Claim; Misrepresentation","1"
"2012-06-01T00:00:00.000","Denial Of Claim; Unsatisfactory Settle/Offer","6"
"2019-03-01T00:00:00.000","Cancellation; Premium and Rating; Refund Of Premium","2"
"2020-01-01T00:00:00.000","Misrepresentation","9"
"2023-02-01T00:00:00.000","Delays (Policyholder Service); Non-Renewal","1"
"2016-05-01T00:00:00.000","Refusal to Insure","1"
"2016-04-01T00:00:00.000","Cancellation; Delays (Policyholder Service)","1"
"2019-08-01T00:00:00.000","Denial Of Claim; Unsatisfactory Settle/Offer; Use Of Clue Reports","1"
"2015-05-01T00:00:00.000","Denial Of Claim","28"
"2018-08-01T00:00:00.000","Delays (Claims Handling); Denial Of Claim","2"
"2012-12-01T00:00:00.000","Premium Notice","1"
"2025-09-01T00:00:00.000","Cust Srvc Policy Holder Srvcs; Delays (Policyholder Service); Non-Renewal","1"
"2017-08-01T00:00:00.000","Cust Service Claim Handling; Delays (Claims Handling)","11"
"2015-07-01T00:00:00.000","Agent Handling; Cust Service Claim Handling; Denial Of Claim","1"
"2014-12-01T00:00:00.000","Notice Requirements; Other; Premium and Rating","1"
"2012-11-01T00:00:00.000","Cancellation; Delays (Policyholder Service)","1"
"2026-05-01T00:00:00.000","Cancellation; Endorsement / Rider; Premium and Rating; Refund Of Premium","1"
"2013-11-01T00:00:00.000","Cancellation; Denial Of Claim","1"
"2013-03-01T00:00:00.000","Unsatisfactory Settle/Offer","17"
"2025-10-01T00:00:00.000","Delays (Underwriting)","1"
"2025-07-01T00:00:00.000","Cancellation; Delays (Underwriting)","1"
"2022-02-01T00:00:00.000","Cust Service Claim Handling; Denial Of Claim; Unsatisfactory Settle/Offer","1"
"2013-08-01T00:00:00.000","Cust Service Claim Handling; Delays (Claims Handling); Denial Of Claim","2"
"2025-09-01T00:00:00.000","Misrepresentation; Use of Credit Reports","1"
"2012-06-01T00:00:00.000","Refusal to Insure","3"
"2017-03-01T00:00:00.000","Cancellation; Denial Of Claim","2"
"2012-07-01T00:00:00.000","Denial Of Claim; Premium and Rating","1"
"2019-05-01T00:00:00.000","Cancellation; Non-Renewal","1"
"2025-09-01T00:00:00.000","Cancellation; Cust Service Claim Handling; Delays (Claims Handling); Refund Of Premium; Unsatisfactory Settle/Offer","1"
"2016-01-01T00:00:00.000","Cust Service Claim Handling; Delays (Claims Handling); Non-Renewal","1"
"2013-01-01T00:00:00.000","Non-Renewal","3"
"2022-08-01T00:00:00.000","Delays (Claims Handling); Unsatisfactory Settle/Offer; Usual And Customary","1"
"2023-05-01T00:00:00.000","Cancellation; Delays (Claims Handling); Unsatisfactory Settle/Offer","2"
"2016-04-01T00:00:00.000","Premium and Rating; Refund Of Premium; Use of Credit Reports","1"
"2016-05-01T00:00:00.000","Non-Renewal; Post-Claim Underwriting","1"
"2021-10-01T00:00:00.000","Cust Service Claim Handling; Delays (Claims Handling); Denial Of Claim","3"
"2026-04-01T00:00:00.000","Cust Service Claim Handling; Endorsement / Rider; Unsatisfactory Settle/Offer","2"
"2021-08-01T00:00:00.000","Delays (Policyholder Service)","14"
"2026-04-01T00:00:00.000","Cust Service Claim Handling; Delays (Claims Handling); Endorsement / Rider; Policy Exclusion; Unsatisfactory Settle/Offer","1"
"2026-02-01T00:00:00.000","Cust Service Claim Handling; Fraud","1"
"2026-09-01T00:00:00.000","Cust Srvc Policy Holder Srvcs; Delays (Policyholder Service); Premium and Rating; Refund Of Premium","1"
"2025-07-01T00:00:00.000","Cust Srvc Policy Holder Srvcs; Misrepresentation","2"
"2018-07-01T00:00:00.000","Premium Notice","1"
"2025-08-01T00:00:00.000","Cancellation; Cust Srvc Policy Holder Srvcs; Delays (Underwriting); Refusal to Insure","1"
"2013-11-01T00:00:00.000","Delays (Policyholder Service)","4"
"2015-02-01T00:00:00.000","Other","5"
"2019-06-01T00:00:00.000","Delays (Claims Handling); Unsatisfactory Settle/Offer","10"
"2016-02-01T00:00:00.000","Denial Of Claim; Unsatisfactory Settle/Offer","1"
"2026-08-01T00:00:00.000","Delays (Policyholder Service); Refund Of Premium","3"
"2021-12-01T00:00:00.000","Delays (Policyholder Service); Refund Of Premium","4"
"2013-07-01T00:00:00.000","Delays (Claims Handling); Liability Dispute","2"
"2014-04-01T00:00:00.000","Delays (Claims Handling); Unsatisfactory Settle/Offer","11"
"2024-02-01T00:00:00.000","Cust Service Claim Handling; Delays (Claims Handling); Refund Of Premium","1"
"2024-04-01T00:00:00.000","Denial Of Claim; Refund Of Premium","1"
"2018-05-01T00:00:00.000","Cust Service Claim Handling; Non-Renewal; Unsatisfactory Settle/Offer","1"
"2016-04-01T00:00:00.000","Cancellation; Delays (Policyholder Service); Premium and Rating","1"
"2025-02-01T00:00:00.000","Cust Srvc Policy Holder Srvcs; Refund Of Premium","1"
"2020-04-01T00:00:00.000","Delays (Claims Handling); Denial Of Claim","1"
"2018-06-01T00:00:00.000","Cust Service Claim Handling; Post-Claim Underwriting","2"
"2022-10-01T00:00:00.000","Cust Service Claim Handling; Delays (Policyholder Service)","3"
"2015-06-01T00:00:00.000","Denial Of Claim; Premium and Rating","1"
"2024-12-01T00:00:00.000","Delays (Policyholder Service); Premium and Rating; Refund Of Premium","1"
"2020-06-01T00:00:00.000","Cancellation; Delays (Policyholder Service)","1"
"2019-05-01T00:00:00.000","Delays (Claims Handling)","13"
"2017-10-01T00:00:00.000","Cancellation; Delays (Policyholder Service)","1"
"2023-07-01T00:00:00.000","Denial Of Claim","23"
"2020-02-01T00:00:00.000","Other","1"
"2024-12-01T00:00:00.000","Cust Service Claim Handling; Delays (Claims Handling); Unsatisfactory Settle/Offer","73"
"2023-04-01T00:00:00.000","Cancellation; Delays (Policyholder Service); Refund Of Premium","3"
"2015-06-01T00:00:00.000","Delays (Claims Handling); Denial Of Claim; Unsatisfactory Settle/Offer","1"
"2024-09-01T00:00:00.000","Misrepresentation; Refusal to Insure","1"
"2018-07-01T00:00:00.000","Cancellation; Delays (Policyholder Service); Refund Of Premium","1"
"2015-09-01T00:00:00.000","Agent Handling; Premium and Rating","1"
"2012-10-01T00:00:00.000","Unsatisfactory Settle/Offer","49"
"2026-01-01T00:00:00.000","Non-Renewal","2"
"2014-01-01T00:00:00.000","Excessive Rates; Non-Renewal; Premium Notice; Premium and Rating","1"
"2024-10-01T00:00:00.000","Cust Service Claim Handling; Delays (Claims Handling); Insurer Fraud; Unsatisfactory Settle/Offer","1"
"2021-01-01T00:00:00.000","Cust Service Claim Handling; Misrepresentation; Unauthorized Acts","1"
"2018-08-01T00:00:00.000","Cancellation; Premium and Rating","1"
"2024-05-01T00:00:00.000","Cancellation; Premium and Rating","3"
"2021-01-01T00:00:00.000","Refund Of Premium","5"
"2017-07-01T00:00:00.000","Agent Handling; Refund Of Premium","1"
"2016-07-01T00:00:00.000","Delays (Claims Handling); Non-Renewal","2"
"2023-09-01T00:00:00.000","Non-Renewal; Unsatisfactory Settle/Offer","2"
"2024-07-01T00:00:00.000","Cancellation; Cust Srvc Policy Holder Srvcs; Refund Of Premium","1"
"2025-08-01T00:00:00.000","Cust Srvc Policy Holder Srvcs","13"
"2024-04-01T00:00:00.000","Denial Of Claim","32"
"2024-02-01T00:00:00.000","Delays (Policyholder Service); Premium and Rating","1"
"2017-05-01T00:00:00.000","Unauthorized Acts","2"
"2025-05-01T00:00:00.000","Cust Srvc Policy Holder Srvcs; Other","1"
"2016-05-01T00:00:00.000","Denial Of Claim; Unsatisfactory Settle/Offer","2"
"2020-09-01T00:00:00.000","Cancellation","9"
"2021-08-01T00:00:00.000","Cust Service Claim Handling; Insurer Fraud","1"
"2022-08-01T00:00:00.000","Delays (Claims Handling)","46"
"2026-05-01T00:00:00.000","Delays (Claims Handling); Unsatisfactory Settle/Offer","8"
"2016-07-01T00:00:00.000","Cancellation; Refund Of Premium; Refusal to Insure","1"
"2026-07-01T00:00:00.000","Denial Of Claim","12"
"2015-07-01T00:00:00.000","Denial Of Claim","39"
"2025-01-01T00:00:00.000","Premium and Rating; Refund Of Premium; Unauthorized Acts","1"
"2019-03-01T00:00:00.000","Cust Service Claim Handling; Denial Of Claim","8"
"2022-09-01T00:00:00.000","Cust Service Claim Handling; Unsatisfactory Settle/Offer","12"
"2024-04-01T00:00:00.000","Refusal to Insure","2"
"2015-05-01T00:00:00.000","Agent Handling; Delays (Policyholder Service)","1"
"2014-09-01T00:00:00.000","Delays (Underwriting); Premium Notice","1"
"2020-05-01T00:00:00.000","Denial Of Claim; Unsatisfactory Settle/Offer","1"
"2019-11-01T00:00:00.000","Cust Service Claim Handling; Delays (Claims Handling); Liability Dispute","1"
"2013-05-01T00:00:00.000","Misleading Advertising","5"
"2013-12-01T00:00:00.000","Delays (Policyholder Service); Premium and Rating","1"
"2024-11-01T00:00:00.000","Misrepresentation; Refund Of Premium","1"
"2024-06-01T00:00:00.000","Non-Renewal; Use Of Clue Reports","1"
"2016-05-01T00:00:00.000","Cancellation; Denial Of Claim","2"
"2024-12-01T00:00:00.000","Endorsement / Rider; Premium and Rating; Refund Of Premium","1"
"2012-12-01T00:00:00.000","Delays (Claims Handling); Denial Of Claim","1"
"2013-04-01T00:00:00.000","Cust Service Claim Handling; Denial Of Claim","6"
"2025-02-01T00:00:00.000","Delays (Claims Handling)","9"
"2018-02-01T00:00:00.000","Cancellation; Refund Of Premium","1"
"2026-07-01T00:00:00.000","Cust Service Claim Handling","1"
"2025-07-01T00:00:00.000","Cust Srvc Policy Holder Srvcs; Delays In Authorization","1"
"2016-09-01T00:00:00.000","Post-Claim Underwriting; Use Of Clue Reports","1"
"2023-06-01T00:00:00.000","Cust Service Claim Handling; Denial Of Claim","5"
"2026-08-01T00:00:00.000","Other","3"
"2022-06-01T00:00:00.000","Unsatisfactory Settle/Offer","42"
"2018-05-01T00:00:00.000","Cancellation","5"
"2026-08-01T00:00:00.000","Cust Service Claim Handling; Delays (Claims Handling); Denial Of Claim; Policy Exclusion","1"
"2024-07-01T00:00:00.000","Cust Service Claim Handling; Delays (Claims Handling); Denial Of Claim","19"
"2023-01-01T00:00:00.000","Refund Of Premium","9"
"2020-08-01T00:00:00.000","Cancellation","4"
"2017-03-01T00:00:00.000","Delays (Policyholder Service)","4"
"2025-05-01T00:00:00.000","Denial Of Claim","14"
"2016-05-01T00:00:00.000","Agent Handling; Misleading Advertising; Use of Credit Reports","1"
"2015-10-01T00:00:00.000","Delays (Policyholder Service); Refund Of Premium","4"
"2024-11-01T00:00:00.000","Cust Srvc Policy Holder Srvcs; Endorsement / Rider; Unsatisfactory Settle/Offer","1"
"2022-07-01T00:00:00.000","Use Of Clue Reports","1"
"2022-01-01T00:00:00.000","Other","4"
"2024-09-01T00:00:00.000","Delays (Policyholder Service)","1"
"2019-02-01T00:00:00.000","Delays (Claims Handling); Unsatisfactory Settle/Offer","5"
"2024-08-01T00:00:00.000","Non-Renewal","7"
"2022-03-01T00:00:00.000","Misrepresentation; Premium and Rating; Refund Of Premium","1"
"2017-09-01T00:00:00.000","Non-Renewal; Unsatisfactory Settle/Offer","1"
"2016-01-01T00:00:00.000","Cust Service Claim Handling; Delays (Claims Handling); Non-Renewal; Notice Requirements","1"
"2022-05-01T00:00:00.000","Cust Service Claim Handling; Unsatisfactory Settle/Offer","9"
"2015-12-01T00:00:00.000","Endorsement / Rider; Other","1"
"2018-09-01T00:00:00.000","Agent Handling; Non-Renewal","1"
"2016-06-01T00:00:00.000","Delays (Claims Handling); Endorsement / Rider; Unsatisfactory Settle/Offer","1"
"2019-11-01T00:00:00.000","Delays (Policyholder Service); Unsatisfactory Settle/Offer","1"
"2014-06-01T00:00:00.000","Agent Handling; Misrepresentation; Other","1"
"2023-04-01T00:00:00.000","Cust Service Claim Handling; Delays (Claims Handling); Denial Of Claim","2"
"2018-01-01T00:00:00.000","Denial Of Claim; Non-Renewal; Notice Requirements","1"
"2025-09-01T00:00:00.000","Cancellation; Cust Srvc Policy Holder Srvcs; Notice Requirements","1"
"2014-05-01T00:00:00.000","Delays (Policyholder Service)","9"
"2024-06-01T00:00:00.000","Cust Srvc Policy Holder Srvcs; Refusal to Insure","1"
"2022-02-01T00:00:00.000","Cust Service Claim Handling; Denial Of Claim","7"
"2026-01-01T00:00:00.000","Denial Of Claim; Misrepresentation","1"
"2026-03-01T00:00:00.000","Claim Underpayment; Cust Service Claim Handling; Declination Of Verification","1"
"2026-05-01T00:00:00.000","Cust Service Claim Handling; Misrepresentation; Unsatisfactory Settle/Offer","1"
"2026-04-01T00:00:00.000","Cust Srvc Policy Holder Srvcs; Delays (Underwriting); Non-Renewal","1"
"2014-09-01T00:00:00.000","Cust Service Claim Handling; Delays (Claims Handling)","9"
"2023-01-01T00:00:00.000","Cancellation; Delays (Policyholder Service); Misrepresentation; Refund Of Premium","1"
"2018-04-01T00:00:00.000","Cust Service Claim Handling; Unsatisfactory Settle/Offer","11"
"2025-09-01T00:00:00.000","Cust Srvc Policy Holder Srvcs; Delays (Policyholder Service); Refund Of Premium","11"
"2021-02-01T00:00:00.000","Cancellation; Delays (Claims Handling); Unsatisfactory Settle/Offer","1"
"2022-10-01T00:00:00.000","Delays (Claims Handling)","33"
"2018-07-01T00:00:00.000","Cancellation; Non-Renewal","1"
"2020-09-01T00:00:00.000","Premium and Rating","8"
"2019-06-01T00:00:00.000","Unauthorized Acts; Use of Credit Reports","1"
"2014-09-01T00:00:00.000","Denial Of Claim; Unsatisfactory Settle/Offer","2"
"2024-02-01T00:00:00.000","Cancellation; Delays (Policyholder Service)","2"
"2014-07-01T00:00:00.000","Cancellation; Delays (Claims Handling); Post-Claim Underwriting","1"
"2012-08-01T00:00:00.000","Use Of Clue Reports","1"
"2026-04-01T00:00:00.000","Cancellation; Cust Srvc Policy Holder Srvcs","3"
"2019-10-01T00:00:00.000","Premium and Rating; Refund Of Premium","2"
"2020-10-01T00:00:00.000","Cust Service Claim Handling; Denial Of Claim","13"
"2025-07-01T00:00:00.000","Cust Service Claim Handling; Cust Srvc Policy Holder Srvcs; Delays (Claims Handling)","1"
"2014-10-01T00:00:00.000","Increased Dwelling Coverage; Unsatisfactory Settle/Offer","1"
"2024-12-01T00:00:00.000","Cancellation; Cust Srvc Policy Holder Srvcs; Refund Of Premium","2"
"2016-06-01T00:00:00.000","Denial Of Claim; Liability Dispute","1"
"2025-03-01T00:00:00.000","Cust Srvc Policy Holder Srvcs; Premium Notice; Premium and Rating","1"
"2013-06-01T00:00:00.000","Delays (Claims Handling); Premium and Rating","1"
"2016-08-01T00:00:00.000","Premium and Rating","6"
"2021-04-01T00:00:00.000","Delays (Policyholder Service); Refund Of Premium","7"
"2024-04-01T00:00:00.000","Misrepresentation; Unauthorized Acts","1"
"2013-05-01T00:00:00.000","Premium and Rating","30"
"2020-06-01T00:00:00.000","Cancellation; Conversion; Misrepresentation; Unauthorized Acts","1"
"2014-09-01T00:00:00.000","Cust Service Claim Handling; Delays (Claims Handling); Unsatisfactory Settle/Offer","3"
"2014-05-01T00:00:00.000","Cust Service Claim Handling; Delays (Claims Handling); Unsatisfactory Settle/Offer","2"
"2016-06-01T00:00:00.000","Cust Service Claim Handling; Delays (Underwriting)","1"
"2026-06-01T00:00:00.000","Cancellation; Cust Srvc Policy Holder Srvcs; Delays (Underwriting)","1"
"2026-07-01T00:00:00.000","Cust Service Claim Handling; Cust Srvc Policy Holder Srvcs; Denial Of Claim","1"
"2020-11-01T00:00:00.000","Cancellation; Refund Of Premium","3"
"2012-08-01T00:00:00.000","Denial Of Claim","32"
"2022-05-01T00:00:00.000","Premium and Rating","6"
"2012-09-01T00:00:00.000","Cancellation; Refund Of Premium","2"
"2022-12-01T00:00:00.000","Denial Of Claim; Unsatisfactory Settle/Offer","7"
"2024-11-01T00:00:00.000","Misrepresentation","2"
"2025-02-01T00:00:00.000","Cust Srvc Policy Holder Srvcs; Delays (Underwriting); Misrepresentation","1"
"2023-12-01T00:00:00.000","Delays (Claims Handling); Endorsement / Rider; Unsatisfactory Settle/Offer","1"
"2022-08-01T00:00:00.000","Use Of Clue Reports","2"
"2025-10-01T00:00:00.000","Cust Srvc Policy Holder Srvcs; Misrepresentation","1"
"2014-05-01T00:00:00.000","Excessive Rates; Premium and Rating; Use of Credit Reports","1"
"2025-06-01T00:00:00.000","Commissions","1"
"2021-10-01T00:00:00.000","Premium and Rating; Unsatisfactory Settle/Offer","1"
"2021-06-01T00:00:00.000","Delays (Claims Handling); Denial Of Claim","3"
"2026-05-01T00:00:00.000","Cancellation; Cust Srvc Policy Holder Srvcs; Delays (Underwriting); Refund Of Premium","1"
"2025-02-01T00:00:00.000","Delays (Claims Handling); Unsatisfactory Settle/Offer","8"
"2022-12-01T00:00:00.000","Delays (Policyholder Service); Unsatisfactory Settle/Offer","1"
"2022-12-01T00:00:00.000","Cust Service Claim Handling; Denial Of Claim","2"
"2022-09-01T00:00:00.000","Delays (Policyholder Service); Refund Of Premium","4"
"2025-12-01T00:00:00.000","Cust Srvc Policy Holder Srvcs; Delays (Underwriting); Premium and Rating","2"
"2024-09-01T00:00:00.000","Cust Service Claim Handling; Delays (Claims Handling); Premium and Rating","1"
"2022-02-01T00:00:00.000","Premium and Rating; Refund Of Premium","2"
"2017-09-01T00:00:00.000","Cust Service Claim Handling; Delays (Claims Handling); Delays (Policyholder Service)","1"
"2026-07-01T00:00:00.000","Delays (Claims Handling); Policy Exclusion; Unsatisfactory Settle/Offer","1"
"2021-12-01T00:00:00.000","Cust Service Claim Handling; Delays (Claims Handling); Denial Of Claim; Unsatisfactory Settle/Offer","1"
"2019-10-01T00:00:00.000","Delays (Policyholder Service); Premium Notice","1"
"2013-03-01T00:00:00.000","Cancellation; Refusal to Insure","2"
"2022-06-01T00:00:00.000","Refund Of Premium","8"
"2020-02-01T00:00:00.000","Improper Inducements; Misrepresentation","1"
"2026-07-01T00:00:00.000","Cancellation; Denial Of Claim; Endorsement / Rider; Refund Of Premium","1"
"2015-04-01T00:00:00.000","Delays (Policyholder Service); Refund Of Premium","3"
"2023-07-01T00:00:00.000","Cust Service Claim Handling; Delays (Claims Handling); Denial Of Claim","5"
"2020-05-01T00:00:00.000","Cust Service Claim Handling; Delays (Policyholder Service); Denial Of Claim","1"
"2025-07-01T00:00:00.000","Cust Service Claim Handling; Cust Srvc Policy Holder Srvcs; Delays (Claims Handling); Delays (Policyholder Service)","3"
"2016-01-01T00:00:00.000","Conversion","1"
"2022-08-01T00:00:00.000","Delays (Claims Handling); Non-Renewal","1"
"2026-03-01T00:00:00.000","Cust Service Claim Handling; Cust Srvc Policy Holder Srvcs; Misrepresentation; Unsatisfactory Settle/Offer","1"
"2020-01-01T00:00:00.000","Cancellation; Denial Of Claim; Post-Claim Underwriting","1"
"2019-01-01T00:00:00.000","Cancellation","3"
"2023-03-01T00:00:00.000","Delays (Policyholder Service); Refund Of Premium","4"
"2013-04-01T00:00:00.000","Not Within TDI Jurisdiction","1"
"2018-01-01T00:00:00.000","Agent Handling; Premium Notice","1"
"2026-02-01T00:00:00.000","Cancellation; Refund Of Premium","1"
"2021-06-01T00:00:00.000","Use of Credit Reports","1"
"2025-10-01T00:00:00.000","Delays (Claims Handling); Denial Of Claim; Unsatisfactory Settle/Offer","1"
"2016-10-01T00:00:00.000","Cust Service Claim Handling","3"
"2025-04-01T00:00:00.000","Cust Srvc Policy Holder Srvcs; Notice Requirements","2"
"2023-05-01T00:00:00.000","Cust Service Claim Handling; Delays (Underwriting)","1"
"2019-03-01T00:00:00.000","Delays (Claims Handling); Unsatisfactory Settle/Offer","3"
"2019-01-01T00:00:00.000","Denial Of Claim; Unsatisfactory Settle/Offer","2"
"2014-02-01T00:00:00.000","Delays (Policyholder Service); Excessive Rates; Premium and Rating; Refund Of Premium","1"
"2026-03-01T00:00:00.000","Cust Service Claim Handling; Misrepresentation; Unsatisfactory Settle/Offer","1"
"2015-07-01T00:00:00.000","Misleading Advertising","1"
"2020-10-01T00:00:00.000","Misrepresentation","6"
"2026-08-01T00:00:00.000","Cust Srvc Policy Holder Srvcs; Misrepresentation; Refund Of Premium","1"
"2014-12-01T00:00:00.000","Cancellation; Delays (Policyholder Service); Premium and Rating","1"
"2026-07-01T00:00:00.000","Cust Srvc Policy Holder Srvcs; Premium Notice; Premium and Rating","1"
"2024-08-01T00:00:00.000","Cust Service Claim Handling; Endorsement / Rider; Premium and Rating","1"
"2021-11-01T00:00:00.000","Cust Service Claim Handling; Denial Of Claim; Unsatisfactory Settle/Offer","2"
"2013-06-01T00:00:00.000","Delays (Claims Handling)","9"
"2013-06-01T00:00:00.000","Unsatisfactory Settle/Offer","39"
"2017-08-01T00:00:00.000","Agent Handling; Delays (Underwriting); Misrepresentation","1"
"2019-05-01T00:00:00.000","Unsatisfactory Settle/Offer","17"
"2025-04-01T00:00:00.000","Cust Service Claim Handling; Delays (Claims Handling); Endorsement / Rider; Policy Exclusion; Unsatisfactory Settle/Offer","1"
"2019-04-01T00:00:00.000","Misleading Advertising","1"
"2016-07-01T00:00:00.000","Cancellation; Refund Of Premium","3"
"2021-12-01T00:00:00.000","Cust Service Claim Handling","7"
"2021-08-01T00:00:00.000","Use Of Clue Reports","1"
"2016-09-01T00:00:00.000","Premium and Rating","8"
"2023-08-01T00:00:00.000","Unauthorized Acts","4"
"2018-06-01T00:00:00.000","Delays (Claims Handling)","15"
"2022-11-01T00:00:00.000","Cust Service Claim Handling; Unsatisfactory Settle/Offer","7"
"2016-06-01T00:00:00.000","Agent Handling; Other; Refund Of Premium","1"
"2024-12-01T00:00:00.000","Endorsement / Rider; Premium and Rating","1"
"2019-05-01T00:00:00.000","Cancellation; Denial Of Claim","2"
"2014-03-01T00:00:00.000","Conversion","2"
"2013-04-01T00:00:00.000","Cust Service Claim Handling; Denial Of Claim; Unsatisfactory Settle/Offer","1"
"2012-06-01T00:00:00.000","Cust Service Claim Handling; Delays (Claims Handling); Denial Of Claim","1"
"2014-03-01T00:00:00.000","Cancellation; Denial Of Claim","1"
"2016-12-01T00:00:00.000","Cust Service Claim Handling; Denial Of Claim","7"
"2019-11-01T00:00:00.000","Delays (Claims Handling); Denial Of Claim","1"
"2021-09-01T00:00:00.000","Non-Renewal","1"
"2016-12-01T00:00:00.000","Premium and Rating","4"
"2026-06-01T00:00:00.000","Cust Service Claim Handling; Cust Srvc Policy Holder Srvcs; Endorsement / Rider; Unsatisfactory Settle/Offer","1"
"2018-04-01T00:00:00.000","Delays (Policyholder Service); Notice Requirements","1"
"2025-06-01T00:00:00.000","Denial Of Claim; Non-Renewal; Premium and Rating; Unsatisfactory Settle/Offer; Use Of Clue Reports","1"
"2018-10-01T00:00:00.000","Unsatisfactory Settle/Offer","15"
"2012-11-01T00:00:00.000","Other","11"
"2024-09-01T00:00:00.000","Denial Of Claim; Post-Claim Underwriting","1"
"2016-09-01T00:00:00.000","Delays (Policyholder Service); Delays (Underwriting); Premium and Rating","1"
"2025-09-01T00:00:00.000","Cust Srvc Policy Holder Srvcs; Delays (Policyholder Service)","11"
"2016-08-01T00:00:00.000","Unauthorized Acts","3"
"2023-06-01T00:00:00.000","Delays (Claims Handling); Denial Of Claim; Unsatisfactory Settle/Offer","1"
"2013-08-01T00:00:00.000","Misrepresentation","1"
"2015-07-01T00:00:00.000","Delays (Underwriting); Premium and Rating","1"
"2021-10-01T00:00:00.000","Cust Service Claim Handling; Delays (Claims Handling); Denial Of Claim; Unsatisfactory Settle/Offer","2"
"2019-06-01T00:00:00.000","Cancellation; Delays (Claims Handling)","1"
"2016-02-01T00:00:00.000","Cust Service Claim Handling; Denial Of Claim","3"
"2017-06-01T00:00:00.000","Other","1"
"2015-09-01T00:00:00.000","Commissions","1"
"2021-04-01T00:00:00.000","Delays (Claims Handling); Misrepresentation; Unsatisfactory Settle/Offer","1"
"2014-07-01T00:00:00.000","Cust Service Claim Handling; Delays (Claims Handling); Denial Of Claim; Unsatisfactory Settle/Offer","1"
"2023-12-01T00:00:00.000","Cancellation; Cust Service Claim Handling; Delays (Claims Handling)","1"
"2015-10-01T00:00:00.000","Delays (Policyholder Service); Premium and Rating","2"
"2024-08-01T00:00:00.000","Delays (Claims Handling); Denial Of Claim","2"
"2016-03-01T00:00:00.000","Delays (Underwriting); Denial Of Claim","1"
"2022-08-01T00:00:00.000","Misrepresentation; Non-Renewal","1"
"2021-03-01T00:00:00.000","Cancellation; Delays (Claims Handling)","1"
"2014-09-01T00:00:00.000","Cancellation; Other","1"
"2026-04-01T00:00:00.000","Cust Srvc Policy Holder Srvcs; Misrepresentation","4"
"2015-10-01T00:00:00.000","Cancellation; Delays (Policyholder Service); Notice Requirements; Other","1"
"2022-02-01T00:00:00.000","Cancellation; Premium and Rating; Refund Of Premium","1"
"2022-02-01T00:00:00.000","Delays (Claims Handling)","21"
"2016-11-01T00:00:00.000","Denial Of Claim","10"
"2025-05-01T00:00:00.000","Refund Of Premium","11"
"2025-02-01T00:00:00.000","Cancellation; Cust Srvc Policy Holder Srvcs","1"
"2023-10-01T00:00:00.000","Denial Of Claim; Misrepresentation","1"
"2012-09-01T00:00:00.000","Misleading Advertising","1"
"2025-08-01T00:00:00.000","Misrepresentation","10"
"2024-01-01T00:00:00.000","Denial Of Claim","25"
"2012-09-01T00:00:00.000","Cancellation; Unsatisfactory Settle/Offer","1"
"2024-01-01T00:00:00.000","Cust Service Claim Handling; Delays (Claims Handling); Unsatisfactory Settle/Offer","54"
"2022-09-01T00:00:00.000","Cancellation","4"
"2019-02-01T00:00:00.000","Cancellation; Delays (Policyholder Service); Refund Of Premium","3"
"2024-01-01T00:00:00.000","Cancellation; Denial Of Claim; Non-Renewal","1"
"2015-04-01T00:00:00.000","Other","2"
"2022-03-01T00:00:00.000","Cust Service Claim Handling; Delays (Claims Handling)","25"
"2020-04-01T00:00:00.000","Cancellation; Continuation of Benefits; Refund Of Premium","1"
"2021-11-01T00:00:00.000","Misrepresentation","8"
"2012-10-01T00:00:00.000","Agent Handling; Insurer Fraud; Non-Disclosure Of Coverage","1"
"2025-04-01T00:00:00.000","Cancellation; Cust Srvc Policy Holder Srvcs; Delays (Policyholder Service); Refund Of Premium","1"
"2025-06-01T00:00:00.000","Cust Srvc Policy Holder Srvcs","16"
"2019-10-01T00:00:00.000","Cancellation","6"
"2026-08-01T00:00:00.000","Unsatisfactory Settle/Offer","14"
"2016-01-01T00:00:00.000","Unfair Discrim-Clms Handling; Unsatisfactory Settle/Offer","1"
"2019-06-01T00:00:00.000","Premium and Rating; Refund Of Premium","3"
"2020-06-01T00:00:00.000","Other","1"
"2024-08-01T00:00:00.000","Cust Service Claim Handling; Delays (Claims Handling); Unfair Discrim-Clms Handling","1"
"2019-03-01T00:00:00.000","Delays (Claims Handling); Denial Of Claim","3"
"2025-09-01T00:00:00.000","Cust Service Claim Handling; Delays (Claims Handling); Premium and Rating; Unsatisfactory Settle/Offer","1"
"2026-03-01T00:00:00.000","Delays (Claims Handling); Denial Of Claim; Unsatisfactory Settle/Offer","2"
"2023-11-01T00:00:00.000","Premium and Rating; Refund Of Premium","3"
"2022-01-01T00:00:00.000","Refund Of Premium","7"
"2015-04-01T00:00:00.000","Delays (Claims Handling); Delays (Policyholder Service); Delays In Authorization","1"
"2017-06-01T00:00:00.000","Assignment of Benefits","1"
"2014-06-01T00:00:00.000","Other","4"
"2015-06-01T00:00:00.000","Agent Handling; Delays (Policyholder Service)","1"
"2014-05-01T00:00:00.000","Agent Handling; Premium and Rating; Refund Of Premium","1"
"2023-08-01T00:00:00.000","Delays (Policyholder Service); Unsatisfactory Settle/Offer","1"
"2018-04-01T00:00:00.000","Cust Service Claim Handling; Delays (Claims Handling)","16"
"2014-09-01T00:00:00.000","Delays (Claims Handling); Unsatisfactory Settle/Offer","9"
"2014-03-01T00:00:00.000","Premium Notice","1"
"2013-05-01T00:00:00.000","Delays (Claims Handling); Denial Of Claim","2"
"2025-03-01T00:00:00.000","Cancellation; Cust Srvc Policy Holder Srvcs","3"
"2018-12-01T00:00:00.000","Delays (Policyholder Service); Other","1"
"2024-05-01T00:00:00.000","Delays (Policyholder Service); Notice Requirements; Refund Of Premium","1"
"2015-06-01T00:00:00.000","Denial Of Claim; Unfair Discrim-Clms Handling","1"
"2021-01-01T00:00:00.000","Premium and Rating","10"
"2023-11-01T00:00:00.000","Use Of Clue Reports","2"
"2016-05-01T00:00:00.000","Delays (Claims Handling); Liability Dispute","1"
"2016-10-01T00:00:00.000","Delays (Underwriting); Premium and Rating","1"
"2012-09-01T00:00:00.000","Agent Handling; Churning; Premium and Rating; Twisting","1"
"2024-05-01T00:00:00.000","Cust Srvc Policy Holder Srvcs; Delays (Policyholder Service); Premium Notice","1"
"2021-02-01T00:00:00.000","Cust Service Claim Handling; Non-Renewal","1"
"2023-06-01T00:00:00.000","Cust Service Claim Handling; Unsatisfactory Settle/Offer","14"
"2022-10-01T00:00:00.000","Notice Requirements","1"
"2016-06-01T00:00:00.000","Cust Service Claim Handling; Delays (Claims Handling); Endorsement / Rider; Unsatisfactory Settle/Offer","1"
"2023-11-01T00:00:00.000","Delays (Claims Handling)","28"
"2018-05-01T00:00:00.000","Use of Credit Reports","1"
"2014-09-01T00:00:00.000","Premium and Rating; Use of Credit Reports","1"
"2026-07-01T00:00:00.000","Cust Service Claim Handling; Denial Of Claim; Endorsement / Rider","1"
"2014-05-01T00:00:00.000","Delays (Policyholder Service); Use Of Clue Reports","1"
"2022-01-01T00:00:00.000","Delays (Claims Handling); Denial Of Claim; Unsatisfactory Settle/Offer","2"
"2019-11-01T00:00:00.000","Unsatisfactory Settle/Offer","17"
"2025-05-01T00:00:00.000","Denial Of Claim; Premium and Rating","1"
"2014-08-01T00:00:00.000","Denial Of Claim","38"
"2024-11-01T00:00:00.000","Delays (Claims Handling)","6"
"2026-05-01T00:00:00.000","Cust Service Claim Handling; Delays (Claims Handling); Delays (Policyholder Service); Non-Renewal; Unsatisfactory Settle/Offer","1"
"2021-11-01T00:00:00.000","Cancellation","3"
"2013-05-01T00:00:00.000","Agent Handling","17"
"2012-11-01T00:00:00.000","Delays (Policyholder Service)","2"
"2023-02-01T00:00:00.000","Premium and Rating; Use Of Clue Reports","1"
"2017-05-01T00:00:00.000","Cust Service Claim Handling; Unsatisfactory Settle/Offer","10"
"2021-05-01T00:00:00.000","Unauthorized Acts","1"
"2017-07-01T00:00:00.000","Cancellation; Cust Service Claim Handling; Denial Of Claim","1"
"2012-11-01T00:00:00.000","Cancellation; Delays (Claims Handling)","1"
"2026-09-01T00:00:00.000","Cust Service Claim Handling; Unsatisfactory Settle/Offer","8"
"2022-11-01T00:00:00.000","Commissions","1"
"2021-05-01T00:00:00.000","Notice Requirements; Premium and Rating","1"
"2020-09-01T00:00:00.000","Assignment of Benefits; Cust Service Claim Handling; Delays (Claims Handling); Unsatisfactory Settle/Offer","1"
"2019-09-01T00:00:00.000","Delays (Policyholder Service); Premium and Rating; Refund Of Premium","1"
"2013-12-01T00:00:00.000","Conversion","1"
"2017-09-01T00:00:00.000","Post-Claim Underwriting","1"
"2025-05-01T00:00:00.000","Cancellation; Cust Srvc Policy Holder Srvcs; Delays (Policyholder Service)","3"
"2012-10-01T00:00:00.000","Not Within TDI Jurisdiction","1"
"2025-04-01T00:00:00.000","Premium and Rating","15"
"2018-05-01T00:00:00.000","Cancellation; Refusal to Insure","1"
"2025-11-01T00:00:00.000","Cust Service Claim Handling; Non-Renewal; Unsatisfactory Settle/Offer","1"
"2022-12-01T00:00:00.000","Cust Service Claim Handling; Delays (Claims Handling)","41"
"2017-04-01T00:00:00.000","Cust Service Claim Handling; Delays (Claims Handling); Denial Of Claim; Endorsement / Rider","1"
"2019-07-01T00:00:00.000","Endorsement / Rider; Premium and Rating","1"
"2013-10-01T00:00:00.000","Agent Handling","10"
"2024-02-01T00:00:00.000","Denial Of Claim","27"
"2025-07-01T00:00:00.000","Cancellation; Cust Srvc Policy Holder Srvcs; Delays (Policyholder Service); Delays (Underwriting); Refund Of Premium","1"
"2026-07-01T00:00:00.000","Delays (Claims Handling); Unsatisfactory Settle/Offer","5"
"2017-04-01T00:00:00.000","Cust Service Claim Handling; Delays (Claims Handling); Denial Of Claim","1"
"2020-12-01T00:00:00.000","Misleading Advertising; Misrepresentation","1"
"2015-03-01T00:00:00.000","Cust Service Claim Handling; Denial Of Claim; Unfair Discrim-Clms Handling","1"
"2021-05-01T00:00:00.000","Other; Refund Of Premium","3"
"2026-03-01T00:00:00.000","Cust Service Claim Handling; Cust Srvc Policy Holder Srvcs; Delays (Claims Handling); Endorsement / Rider; Unsatisfactory Settle/Offer","1"
"2015-02-01T00:00:00.000","Non-Renewal; Use Of Clue Reports","1"
"2024-10-01T00:00:00.000","Cancellation; Delays (Underwriting)","1"
"2017-09-01T00:00:00.000","Delays (Underwriting); Denial Of Claim; Refund Of Premium","1"
"2021-08-01T00:00:00.000","Refund Of Premium; Refusal to Insure","1"
"2014-07-01T00:00:00.000","Not Within TDI Jurisdiction; Other; Refund Of Premium","1"
"2024-05-01T00:00:00.000","Denial Of Claim; Endorsement / Rider","1"
"2012-07-01T00:00:00.000","Use of Credit Reports","1"
"2025-03-01T00:00:00.000","Cust Srvc Policy Holder Srvcs; Misrepresentation; Refund Of Premium","2"
"2016-09-01T00:00:00.000","Cust Service Claim Handling; Delays (Claims Handling)","10"
"2026-01-01T00:00:00.000","Cust Service Claim Handling; Delays (Claims Handling); Fraud","1"
"2023-09-01T00:00:00.000","Non-Renewal; Refusal to Insure","1"
"2018-01-01T00:00:00.000","Cust Service Claim Handling; Delays (Claims Handling); Unsatisfactory Settle/Offer","18"
"2019-07-01T00:00:00.000","Premium and Rating","1"
"2024-05-01T00:00:00.000","Cancellation; Delays (Claims Handling)","1"
"2020-09-01T00:00:00.000","Cust Service Claim Handling; Delays (Claims Handling); Denial Of Claim; Premium and Rating; Unsatisfactory Settle/Offer","1"
"2026-05-01T00:00:00.000","Cust Srvc Policy Holder Srvcs; Unauthorized Acts","2"
"2022-08-01T00:00:00.000","Cust Service Claim Handling","7"
"2019-05-01T00:00:00.000","Cancellation; Cust Service Claim Handling; Delays (Claims Handling); Non-Renewal","1"
"2019-01-01T00:00:00.000","Premium and Rating; Refund Of Premium","1"
"2024-10-01T00:00:00.000","Cancellation; Premium Notice","1"
"2020-12-01T00:00:00.000","Cust Service Claim Handling; Unsatisfactory Settle/Offer","5"
"2024-07-01T00:00:00.000","Cust Service Claim Handling; Cust Srvc Policy Holder Srvcs; Delays (Claims Handling); Delays (Policyholder Service)","1"
"2023-05-01T00:00:00.000","Cust Service Claim Handling","6"
"2026-01-01T00:00:00.000","Cust Service Claim Handling; Policy Exclusion; Unsatisfactory Settle/Offer","1"
"2016-10-01T00:00:00.000","Cust Service Claim Handling; Delays (Claims Handling); Delays (Underwriting); Unsatisfactory Settle/Offer","1"
"2019-07-01T00:00:00.000","Delays (Policyholder Service); Endorsement / Rider; Premium and Rating","1"
"2024-11-01T00:00:00.000","Refund Of Premium","3"
"2026-02-01T00:00:00.000","Denial Of Claim; Misrepresentation; Policy Exclusion","1"
"2018-08-01T00:00:00.000","Unauthorized Acts","2"
"2020-10-01T00:00:00.000","Denial Of Claim; Non-Renewal","1"
"2017-05-01T00:00:00.000","Denial Of Claim","26"
"2026-06-01T00:00:00.000","Cust Service Claim Handling; Unsatisfactory Settle/Offer","59"
"2016-11-01T00:00:00.000","Denial Of Claim; Unsatisfactory Settle/Offer","4"
"2019-06-01T00:00:00.000","Denial Of Claim","30"
"2016-04-01T00:00:00.000","Cust Service Claim Handling; Delays (Claims Handling)","7"
"2017-04-01T00:00:00.000","Denial Of Claim","23"
"2024-09-01T00:00:00.000","Cust Service Claim Handling; Use Of Clue Reports","1"
"2016-01-01T00:00:00.000","Refusal to Insure","2"
"2025-02-01T00:00:00.000","Premium and Rating","16"
"2026-09-01T00:00:00.000","Delays (Claims Handling); Premium and Rating","1"
"2025-03-01T00:00:00.000","Cancellation; Delays (Underwriting)","1"
"2016-01-01T00:00:00.000","Delays (Policyholder Service); Denial Of Claim","1"
"2025-01-01T00:00:00.000","Cust Srvc Policy Holder Srvcs; Delays (Policyholder Service); Premium and Rating; Refund Of Premium","2"
"2015-06-01T00:00:00.000","Other","2"
"2020-01-01T00:00:00.000","Delays (Policyholder Service); Non-Renewal; Refund Of Premium","1"
"2017-09-01T00:00:00.000","Post-Claim Underwriting; Premium and Rating","1"
"2025-04-01T00:00:00.000","Endorsement / Rider; Notice Requirements; Unsatisfactory Settle/Offer","1"
"2022-01-01T00:00:00.000","Denial Of Claim; Unsatisfactory Settle/Offer","5"
"2021-12-01T00:00:00.000","Cancellation; Delays (Policyholder Service)","1"
"2025-03-01T00:00:00.000","Cust Srvc Policy Holder Srvcs; Premium and Rating; Refund Of Premium","1"
"2021-08-01T00:00:00.000","Delays (Underwriting)","1"
"2026-03-01T00:00:00.000","Cust Srvc Policy Holder Srvcs; Delays (Policyholder Service); Denial Of Claim; Non-Renewal","1"
"2019-09-01T00:00:00.000","Post-Claim Underwriting; Premium and Rating","1"
"2015-01-01T00:00:00.000","Agent Handling; Denial Of Claim; Misrepresentation; Non-Disclosure Of Coverage; Premium and Rating","1"
"2019-07-01T00:00:00.000","Denial Of Claim; Post-Claim Underwriting; Premium and Rating","1"
"2012-11-01T00:00:00.000","Agent Handling; Conversion","2"
"2026-01-01T00:00:00.000","Cancellation; Premium and Rating","1"
"2024-07-01T00:00:00.000","Endorsement / Rider","1"
"2026-08-01T00:00:00.000","Refusal to Insure","1"
"2015-08-01T00:00:00.000","Agent Handling; Conversion","1"
"2012-10-01T00:00:00.000","Cancellation; Refund Of Premium","4"
"2014-03-01T00:00:00.000","Non-Renewal","6"
"2026-01-01T00:00:00.000","Premium and Rating; Refund Of Premium","2"
"2021-12-01T00:00:00.000","Cust Service Claim Handling; Delays (Claims Handling); Denial Of Claim; Liability Dispute","1"
"2012-08-01T00:00:00.000","Refusal to Insure","1"
"2012-10-01T00:00:00.000","Cancellation","13"
"2023-11-01T00:00:00.000","Cancellation; Delays (Policyholder Service)","2"
"2021-09-01T00:00:00.000","Cust Service Claim Handling; Delays (Claims Handling); Denial Of Claim","4"
"2018-11-01T00:00:00.000","Cust Service Claim Handling; Delays (Claims Handling); Unsatisfactory Settle/Offer","9"
"2016-07-01T00:00:00.000","Agent Handling; Cancellation; Delays (Policyholder Service)","1"
"2024-05-01T00:00:00.000","Misrepresentation; Other","1"
"2012-05-01T00:00:00.000","Delays (Claims Handling); Disaster","1"
"2024-08-01T00:00:00.000","Cust Srvc Policy Holder Srvcs; Non-Renewal","1"
"2017-02-01T00:00:00.000","Cust Service Claim Handling; Delays (Claims Handling); Unsatisfactory Settle/Offer","10"
"2025-04-01T00:00:00.000","Cust Srvc Policy Holder Srvcs; Premium and Rating; Refund Of Premium","5"
"2025-07-01T00:00:00.000","Cancellation; Cust Srvc Policy Holder Srvcs; Delays (Policyholder Service); Non-Renewal; Refusal to Insure; Unfair Discrimination","1"
"2021-03-01T00:00:00.000","Denial Of Claim; Post-Claim Underwriting","1"
"2024-07-01T00:00:00.000","Cancellation; Cust Srvc Policy Holder Srvcs; Refusal to Insure","1"
"2020-11-01T00:00:00.000","Denial Of Claim","12"
"2015-06-01T00:00:00.000","Closed-Lack Of Info Cmplainant","1"
"2023-12-01T00:00:00.000","Cancellation; Refund Of Premium","4"
"2014-04-01T00:00:00.000","Premium and Rating","20"
"2026-01-01T00:00:00.000","Cust Service Claim Handling","3"
"2012-10-01T00:00:00.000","Misleading Advertising; Premium and Rating","1"
"2020-11-01T00:00:00.000","Misrepresentation; Refund Of Premium","1"
"2017-01-01T00:00:00.000","Premium Notice; Premium and Rating","1"
"2013-06-01T00:00:00.000","Non-Renewal","4"
"2015-09-01T00:00:00.000","Agent Handling","7"
"2017-05-01T00:00:00.000","Delays (Claims Handling); Delays (Underwriting); Denial Of Claim","1"
"2022-03-01T00:00:00.000","Cancellation","3"
"2016-09-01T00:00:00.000","Cancellation; Delays (Policyholder Service); Premium and Rating","1"
"2014-10-01T00:00:00.000","Delays (Policyholder Service); Refund Of Premium","5"
"2019-11-01T00:00:00.000","Premium and Rating","2"
"2014-04-01T00:00:00.000","Agent Handling; Conversion","1"
"2024-06-01T00:00:00.000","Endorsement / Rider; Misrepresentation; Premium and Rating","1"
"2023-02-01T00:00:00.000","Unsatisfactory Settle/Offer; Usual And Customary","2"
"2025-05-01T00:00:00.000","Cust Srvc Policy Holder Srvcs; Premium and Rating; Use Of Clue Reports","1"
"2014-12-01T00:00:00.000","Delays (Claims Handling); Unsatisfactory Settle/Offer","3"
"2026-04-01T00:00:00.000","Cust Service Claim Handling; Denial Of Claim","17"
"2023-10-01T00:00:00.000","Delays (Claims Handling)","30"
"2025-06-01T00:00:00.000","Cust Service Claim Handling; Unauthorized Acts; Unsatisfactory Settle/Offer","1"
"2015-12-01T00:00:00.000","Delays (Policyholder Service); Other","1"
"2013-02-01T00:00:00.000","Cust Service Claim Handling; Denial Of Claim","6"
"2015-10-01T00:00:00.000","Cust Service Claim Handling; Delays (Claims Handling)","6"
"2023-09-01T00:00:00.000","Conversion; Unauthorized Acts","1"
"2018-04-01T00:00:00.000","Cust Service Claim Handling; Unauthorized Acts","1"
"2025-12-01T00:00:00.000","Cust Srvc Policy Holder Srvcs; Unsatisfactory Settle/Offer","1"
"2013-09-01T00:00:00.000","Liability Dispute","1"
"2023-11-01T00:00:00.000","Delays (Policyholder Service); Premium Notice","1"
"2019-09-01T00:00:00.000","Misrepresentation","8"
"2015-09-01T00:00:00.000","Increased Dwelling Coverage; Premium and Rating","1"
"2014-11-01T00:00:00.000","Delays (Underwriting); Non-Renewal","1"
"2017-12-01T00:00:00.000","Endorsement / Rider; Non-Renewal","1"
"2014-02-01T00:00:00.000","Use Of Clue Reports","1"
"2013-09-01T00:00:00.000","Denial Of Claim; Liability Dispute","3"
"2015-06-01T00:00:00.000","Cancellation; Premium and Rating","2"
"2019-07-01T00:00:00.000","Delays (Claims Handling); Other","1"
"2025-06-01T00:00:00.000","Cust Service Claim Handling; Delays (Claims Handling); Unfair Discrim-Clms Handling","1"
"2017-06-01T00:00:00.000","Delays (Claims Handling); Denial Of Claim","2"
"2016-08-01T00:00:00.000","Agent Handling; Delays (Policyholder Service); Refund Of Premium","1"
"2021-07-01T00:00:00.000","Delays (Policyholder Service); Premium and Rating","1"
"2014-10-01T00:00:00.000","Premium and Rating","14"
"2024-04-01T00:00:00.000","Endorsement / Rider; Unsatisfactory Settle/Offer","3"
"2025-05-01T00:00:00.000","Denial Of Claim; Endorsement / Rider","1"
"2022-10-01T00:00:00.000","Premium and Rating","3"
"2018-06-01T00:00:00.000","Unsatisfactory Settle/Offer","12"
"2013-04-01T00:00:00.000","Delays (Policyholder Service); Refund Of Premium","5"
"2017-08-01T00:00:00.000","Cust Service Claim Handling; Delays (Claims Handling); Premium and Rating; Unsatisfactory Settle/Offer","1"
"2016-04-01T00:00:00.000","Agent Handling; Conversion","1"
"2025-07-01T00:00:00.000","Cancellation; Refund Of Premium","2"
"2016-03-01T00:00:00.000","Cust Service Claim Handling","2"
"2022-07-01T00:00:00.000","Delays (Policyholder Service); Refund Of Premium","4"
"2025-10-01T00:00:00.000","Non-Renewal","1"
"2025-12-01T00:00:00.000","Cust Srvc Policy Holder Srvcs; Delays (Policyholder Service); Non-Renewal; Refund Of Premium","1"
"2016-12-01T00:00:00.000","Cust Service Claim Handling; Delays (Claims Handling); Denial Of Claim; Non-Renewal","1"
"2024-12-01T00:00:00.000","Cust Service Claim Handling; Delays (Claims Handling); Denial Of Claim","10"
"2015-06-01T00:00:00.000","Increased Dwelling Coverage; Premium and Rating","2"
"2016-08-01T00:00:00.000","Cust Service Claim Handling","1"
"2018-04-01T00:00:00.000","Agent Handling; Misrepresentation","2"
"2013-02-01T00:00:00.000","Other; Use of Credit Reports","1"
"2026-08-01T00:00:00.000","Cust Service Claim Handling; Delays (Claims Handling); Refund Of Premium; Unsatisfactory Settle/Offer","1"
"2021-03-01T00:00:00.000","Cust Service Claim Handling; Denial Of Claim","17"
"2012-04-01T00:00:00.000","Delays (Claims Handling)","1"
"2016-07-01T00:00:00.000","Delays (Claims Handling); Delays (Policyholder Service)","1"
"2016-03-01T00:00:00.000","Agent Handling","7"
"2024-08-01T00:00:00.000","Delays (Policyholder Service); Premium and Rating","1"
"2013-09-01T00:00:00.000","Agent Handling; Cancellation; Delays (Underwriting); Denial Of Claim","1"
"2018-06-01T00:00:00.000","Cust Service Claim Handling; Delays (Claims Handling)","13"
"2018-08-01T00:00:00.000","Cust Service Claim Handling; Delays (Claims Handling); Unsatisfactory Settle/Offer","8"
"2024-10-01T00:00:00.000","Denial Of Claim; Liability Dispute","1"
"2018-10-01T00:00:00.000","Delays (Underwriting)","2"
"2017-06-01T00:00:00.000","Cust Service Claim Handling; Delays (Claims Handling); Denial Of Claim","3"
"2025-11-01T00:00:00.000","Cust Service Claim Handling","4"
"2015-05-01T00:00:00.000","Premium and Rating; Unsatisfactory Settle/Offer","2"
"2016-11-01T00:00:00.000","Cust Service Claim Handling","3"
"2023-09-01T00:00:00.000","Delays (Policyholder Service); Misrepresentation","1"
"2024-10-01T00:00:00.000","Cust Srvc Policy Holder Srvcs; Delays (Policyholder Service); Unauthorized Acts","1"
"2020-03-01T00:00:00.000","Non-Renewal","1"
"2023-06-01T00:00:00.000","Delays (Policyholder Service); Premium and Rating","1"
"2026-09-01T00:00:00.000","Refusal to Insure","1"
"2020-03-01T00:00:00.000","Cust Service Claim Handling; Unauthorized Acts","1"
"2026-06-01T00:00:00.000","Cancellation; Cust Srvc Policy Holder Srvcs; Delays (Policyholder Service); Premium and Rating; Refund Of Premium","1"
"2016-08-01T00:00:00.000","Cancellation; Refund Of Premium","1"
"2025-03-01T00:00:00.000","Misrepresentation; Unsatisfactory Settle/Offer","1"
"2024-03-01T00:00:00.000","Cust Srvc Policy Holder Srvcs; Delays (Policyholder Service); Premium and Rating","1"
"2023-03-01T00:00:00.000","Cust Service Claim Handling; Premium and Rating","1"
"2019-09-01T00:00:00.000","Premium Notice","2"
"2023-07-01T00:00:00.000","Other","7"
"2023-03-01T00:00:00.000","Delays (Claims Handling); Denial Of Claim","4"
"2020-06-01T00:00:00.000","Delays (Policyholder Service); Refund Of Premium","7"
"2020-04-01T00:00:00.000","Denial Of Claim; Non-Renewal","1"
"2024-09-01T00:00:00.000","Cancellation; Delays (Underwriting); Premium and Rating","1"
"2014-11-01T00:00:00.000","Misrepresentation; Other","1"
"2013-09-01T00:00:00.000","Other; Premium and Rating","1"
"2025-12-01T00:00:00.000","Cust Srvc Policy Holder Srvcs; Delays (Policyholder Service); Premium and Rating","2"
"2019-01-01T00:00:00.000","Cancellation; Refund Of Premium","1"
"2025-09-01T00:00:00.000","Cust Service Claim Handling; Delays (Claims Handling); Non-Renewal; Unsatisfactory Settle/Offer","2"
"2015-11-01T00:00:00.000","Non-Renewal; Premium and Rating","1"
"2013-04-01T00:00:00.000","Cust Service Claim Handling; Delays (Claims Handling); Denial Of Claim","3"
"2012-10-01T00:00:00.000","Premium and Rating; Use of Credit Reports","1"
"2020-07-01T00:00:00.000","Cust Service Claim Handling; Denial Of Claim; Premium and Rating","1"
"2026-04-01T00:00:00.000","Premium and Rating; Use of Credit Reports","2"
"2013-08-01T00:00:00.000","Delays (Underwriting); Refund Of Premium","1"
"2023-01-01T00:00:00.000","Endorsement / Rider; Premium and Rating","1"
"2023-02-01T00:00:00.000","Delays (Policyholder Service)","15"
"2014-10-01T00:00:00.000","Cust Service Claim Handling; Denial Of Claim","1"
"2015-08-01T00:00:00.000","Denial Of Claim; Unauthorized Acts","1"
"2024-06-01T00:00:00.000","Cust Service Claim Handling","2"
"2013-08-01T00:00:00.000","Cust Service Claim Handling; Unsatisfactory Settle/Offer","3"
"2015-02-01T00:00:00.000","Cancellation; Denial Of Claim","2"
"2021-06-01T00:00:00.000","Cust Service Claim Handling; Denial Of Claim; Premium and Rating; Unsatisfactory Settle/Offer","1"
"2025-08-01T00:00:00.000","Cust Service Claim Handling; Delays (Claims Handling); Unauthorized Acts","1"
"2025-05-01T00:00:00.000","Cust Service Claim Handling; Cust Srvc Policy Holder Srvcs; Delays (Claims Handling); Delays (Policyholder Service); Denial Of Claim; Unsatisfactory Settle/Offer","1"
"2017-07-01T00:00:00.000","Cust Service Claim Handling","5"
"2022-08-01T00:00:00.000","Delays (Claims Handling); Denial Of Claim; Unsatisfactory Settle/Offer","2"
"2018-08-01T00:00:00.000","Property Taxes","1"
"2022-04-01T00:00:00.000","Refusal to Insure; Use Of Clue Reports","1"
"2019-09-01T00:00:00.000","Premium and Rating","5"
"2022-04-01T00:00:00.000","Delays (Policyholder Service); Non-Renewal","1"
"2017-07-01T00:00:00.000","Delays (Claims Handling); Denial Of Claim","3"
"2015-07-01T00:00:00.000","Premium and Rating; Refund Of Premium","1"
"2017-06-01T00:00:00.000","Agent Handling; Delays (Policyholder Service); Refund Of Premium","1"
"2026-08-01T00:00:00.000","Refund Of Premium","10"
"2025-03-01T00:00:00.000","Use of Credit Reports","1"
"2023-03-01T00:00:00.000","Cancellation; Delays (Policyholder Service); Premium Notice","1"
"2025-09-01T00:00:00.000","Use Of Clue Reports","1"
"2025-04-01T00:00:00.000","Endorsement / Rider; Unsatisfactory Settle/Offer","2"
"2014-06-01T00:00:00.000","Unfair Discrim-Clms Handling","1"
"2026-01-01T00:00:00.000","Delays (Claims Handling)","2"
"2016-02-01T00:00:00.000","Post-Claim Underwriting","1"
"2021-06-01T00:00:00.000","Premium and Rating","5"
"2023-02-01T00:00:00.000","Cust Service Claim Handling; Delays (Claims Handling); Unsatisfactory Settle/Offer","22"
"2013-12-01T00:00:00.000","Premium and Rating; Unsatisfactory Settle/Offer","1"
"2025-03-01T00:00:00.000","Cust Srvc Policy Holder Srvcs; Delays (Policyholder Service); Refund Of Premium","5"
"2025-01-01T00:00:00.000","Cust Service Claim Handling; Unsatisfactory Settle/Offer; Use Of Clue Reports","1"
"2015-07-01T00:00:00.000","Cust Service Claim Handling; Delays (Claims Handling); Unsatisfactory Settle/Offer","8"
"2020-03-01T00:00:00.000","Cancellation; Continuation of Benefits; Cust Service Claim Handling; Delays (Underwriting); Non-Renewal; Premium and Rating; Refusal to Insure","1"
"2024-06-01T00:00:00.000","Denial Of Claim; Premium and Rating","2"
"2023-09-01T00:00:00.000","Refund Of Premium","11"
"2024-12-01T00:00:00.000","Premium and Rating; Use Of Clue Reports","2"
"2024-11-01T00:00:00.000","Premium and Rating","9"
"2023-10-01T00:00:00.000","Delays (Policyholder Service); Premium Notice","1"
"2022-12-01T00:00:00.000","Delays (Policyholder Service); Refund Of Premium","5"
"2017-04-01T00:00:00.000","Refusal to Insure","1"
"2015-08-01T00:00:00.000","Delays (Claims Handling); Denial Of Claim","5"
"2018-06-01T00:00:00.000","Agent Handling; Cancellation; Refund Of Premium","1"
"2017-09-01T00:00:00.000","Cust Service Claim Handling; Disaster; Unsatisfactory Settle/Offer","1"
"2017-03-01T00:00:00.000","Non-Renewal; Premium and Rating","1"
"2012-06-01T00:00:00.000","Cust Service Claim Handling; Disaster","1"
"2015-06-01T00:00:00.000","Denial Of Claim; Endorsement / Rider","1"
"2015-01-01T00:00:00.000","Non-Renewal","5"
"2026-04-01T00:00:00.000","Cust Srvc Policy Holder Srvcs; Premium and Rating; Use Of Clue Reports","1"
"2020-08-01T00:00:00.000","Non-Renewal","2"
"2019-02-01T00:00:00.000","Agent Handling; Delays (Policyholder Service)","1"
"2024-07-01T00:00:00.000","Denial Of Claim; Unsatisfactory Settle/Offer","1"
"2017-03-01T00:00:00.000","Cust Service Claim Handling; Delays (Claims Handling); Denial Of Claim","1"
"2025-01-01T00:00:00.000","Endorsement / Rider; Policy Exclusion; Refund Of Premium","1"
"2013-09-01T00:00:00.000","Cancellation; Denial Of Claim","1"
"2019-08-01T00:00:00.000","Delays (Underwriting)","1"
"2018-03-01T00:00:00.000","Endorsement / Rider","1"
"2026-04-01T00:00:00.000","Cust Service Claim Handling; Denial Of Claim; Premium and Rating","1"
"2023-09-01T00:00:00.000","Cust Service Claim Handling; Unsatisfactory Settle/Offer","16"
"2015-05-01T00:00:00.000","Other","6"
"2024-04-01T00:00:00.000","Cancellation; Cust Service Claim Handling","1"
"2026-07-01T00:00:00.000","Denial Of Claim; Policy Exclusion","4"
"2014-10-01T00:00:00.000","Cancellation; Delays (Policyholder Service); Notice Requirements; Other","1"
"2023-12-01T00:00:00.000","Delays (Policyholder Service); Non-Renewal; Refund Of Premium","1"
"2021-10-01T00:00:00.000","Premium and Rating","4"
"2024-11-01T00:00:00.000","Cust Service Claim Handling","1"
"2024-12-01T00:00:00.000","Unsatisfactory Settle/Offer","14"
"2012-05-01T00:00:00.000","Denial Of Claim; Unsatisfactory Settle/Offer","1"
"2016-03-01T00:00:00.000","Agent Handling; Cust Service Claim Handling; Delays (Claims Handling); Denial Of Claim; Non-Disclosure Of Coverage; Other","1"
"2026-05-01T00:00:00.000","Cancellation; Cust Service Claim Handling; Refusal to Insure; Unsatisfactory Settle/Offer","1"
"2019-05-01T00:00:00.000","Cancellation; Delays (Policyholder Service); Refund Of Premium","1"
"2022-12-01T00:00:00.000","Premium Notice","1"
"2016-07-01T00:00:00.000","Unsatisfactory Settle/Offer","14"
"2016-06-01T00:00:00.000","Cust Service Claim Handling; Non-Renewal; Unsatisfactory Settle/Offer","1"
"2018-05-01T00:00:00.000","Cancellation; Delays (Policyholder Service); Refund Of Premium","5"
"2012-10-01T00:00:00.000","Cust Service Claim Handling; Delays (Claims Handling)","5"
"2026-08-01T00:00:00.000","Cust Service Claim Handling; Denial Of Claim; Unsatisfactory Settle/Offer","1"
"2024-06-01T00:00:00.000","Delays (Claims Handling); Denial Of Claim; Unsatisfactory Settle/Offer","1"
"2023-04-01T00:00:00.000","Cust Service Claim Handling; Denial Of Claim; Refund Of Premium","1"
"2024-02-01T00:00:00.000","Cust Service Claim Handling; Delays (Claims Handling); Delays (Policyholder Service)","1"
"2018-05-01T00:00:00.000","Increased Dwelling Coverage; Premium and Rating","2"
"2023-02-01T00:00:00.000","Misrepresentation; Refund Of Premium","1"
"2024-04-01T00:00:00.000","Cust Service Claim Handling; Delays (Claims Handling)","72"
"2019-08-01T00:00:00.000","Agent Handling","5"
"2014-02-01T00:00:00.000","Denial Of Claim","28"
"2013-01-01T00:00:00.000","Cust Service Claim Handling; Premium and Rating","1"
"2020-12-01T00:00:00.000","Delays (Policyholder Service); Delays (Underwriting); Premium and Rating; Refund Of Premium","1"
"2022-03-01T00:00:00.000","Cust Service Claim Handling","5"
"2016-11-01T00:00:00.000","Delays (Claims Handling); Denial Of Claim","2"
"2017-05-01T00:00:00.000","Delays (Policyholder Service); Premium and Rating; Refund Of Premium","1"
"2026-03-01T00:00:00.000","Unsatisfactory Settle/Offer","10"
"2024-07-01T00:00:00.000","Cancellation; Cust Srvc Policy Holder Srvcs; Premium and Rating","2"
"2015-02-01T00:00:00.000","Delays (Claims Handling); Insurer Fraud; Other","1"
"2016-04-01T00:00:00.000","Premium and Rating","8"
"2019-10-01T00:00:00.000","Delays (Policyholder Service); Refund Of Premium","3"
"2023-11-01T00:00:00.000","Cancellation; Delays (Policyholder Service); Refund Of Premium","1"
"2016-10-01T00:00:00.000","Premium Notice","2"
"2023-03-01T00:00:00.000","Cust Service Claim Handling; Delays (Claims Handling); Premium Notice; Premium and Rating; Refund Of Premium","1"
"2023-03-01T00:00:00.000","Cust Service Claim Handling; Delays (Policyholder Service); Refund Of Premium","1"
"2024-08-01T00:00:00.000","Cust Srvc Policy Holder Srvcs; Delays (Policyholder Service); Misrepresentation","1"
"2016-07-01T00:00:00.000","Denial Of Claim; Other","1"
"2021-10-01T00:00:00.000","Cust Service Claim Handling","9"
"2022-10-01T00:00:00.000","Other","1"
"2018-12-01T00:00:00.000","Cancellation; Delays (Policyholder Service); Refund Of Premium","2"
"2016-03-01T00:00:00.000","Denial Of Claim","26"
"2024-02-01T00:00:00.000","Cust Service Claim Handling; Denial Of Claim; Unsatisfactory Settle/Offer","1"
"2021-01-01T00:00:00.000","Cust Service Claim Handling; Denial Of Claim; Unsatisfactory Settle/Offer","2"
"2017-06-01T00:00:00.000","Cust Service Claim Handling","2"
"2017-03-01T00:00:00.000","Unauthorized Acts","4"
"2018-07-01T00:00:00.000","Agent Handling","15"
"2025-02-01T00:00:00.000","Cust Service Claim Handling; Misrepresentation","1"
"2020-03-01T00:00:00.000","Endorsement / Rider; Unsatisfactory Settle/Offer","1"
"2024-08-01T00:00:00.000","Cust Service Claim Handling; Cust Srvc Policy Holder Srvcs; Endorsement / Rider","1"
"2017-12-01T00:00:00.000","Endorsement / Rider; Increased Dwelling Coverage; Premium and Rating","1"
"2014-09-01T00:00:00.000","Delays (Claims Handling); Denial Of Claim; Insurer Fraud; Unsatisfactory Settle/Offer","1"
"2017-02-01T00:00:00.000","Delays (Claims Handling); Denial Of Claim","1"
"2021-01-01T00:00:00.000","Cust Service Claim Handling; Delays (Claims Handling); Denial Of Claim","16"
"2025-03-01T00:00:00.000","Cust Service Claim Handling","13"
"2021-09-01T00:00:00.000","Cust Service Claim Handling; Denial Of Claim; Unsatisfactory Settle/Offer","1"
"2015-04-01T00:00:00.000","Delays (Claims Handling)","9"
"2023-09-01T00:00:00.000","Cust Service Claim Handling; Delays (Policyholder Service); Premium Notice","1"
"2026-03-01T00:00:00.000","Refund Of Premium","7"
"2012-08-01T00:00:00.000","Unsatisfactory Settle/Offer","45"
"2017-12-01T00:00:00.000","Premium and Rating; Use of Credit Reports","1"
"2020-11-01T00:00:00.000","Cancellation; Endorsement / Rider; Premium and Rating; Refund Of Premium","1"
"2017-09-01T00:00:00.000","Agent Handling; Non-Renewal","1"
"2012-10-01T00:00:00.000","Agent Handling","20"
"2016-11-01T00:00:00.000","Delays (Claims Handling)","8"
"2023-05-01T00:00:00.000","Cust Service Claim Handling; Denial Of Claim; Non-Renewal","1"
"2023-04-01T00:00:00.000","Delays (Claims Handling)","24"
"2012-06-01T00:00:00.000","Denial Of Claim; Liability Dispute","1"
"2015-02-01T00:00:00.000","Cust Service Claim Handling; Delays (Claims Handling); Unsatisfactory Settle/Offer","3"
"2021-05-01T00:00:00.000","Cust Service Claim Handling; Denial Of Claim; Other","1"
"2017-02-01T00:00:00.000","Non-Renewal","1"
"2016-04-01T00:00:00.000","Notice Requirements; Other; Unsatisfactory Settle/Offer","1"
"2012-09-01T00:00:00.000","Delays (Underwriting)","2"
"2014-06-01T00:00:00.000","Denial Of Claim; Liability Dispute; Unsatisfactory Settle/Offer","1"
"2015-11-01T00:00:00.000","Refund Of Premium","7"
"2023-08-01T00:00:00.000","Delays (Policyholder Service); Premium Notice","2"
"2019-06-01T00:00:00.000","Delays (Claims Handling); Denial Of Claim","1"
"2014-04-01T00:00:00.000","Cancellation; Delays (Policyholder Service); Refund Of Premium","1"
"2024-03-01T00:00:00.000","Premium and Rating; Refund Of Premium","4"
"2015-07-01T00:00:00.000","Other; Refusal to Insure","1"
"2024-12-01T00:00:00.000","Cust Srvc Policy Holder Srvcs; Delays (Policyholder Service); Notice Requirements; Refund Of Premium","2"
"2015-03-01T00:00:00.000","Denial Of Claim; Endorsement / Rider","1"
"2021-07-01T00:00:00.000","Cust Service Claim Handling; Delays (Claims Handling); Denial Of Claim","10"
"2022-04-01T00:00:00.000","Non-Renewal","4"
"2013-04-01T00:00:00.000","Cust Service Claim Handling; Unsatisfactory Settle/Offer","6"
"2015-03-01T00:00:00.000","Other; Unsatisfactory Settle/Offer","1"
"2016-04-01T00:00:00.000","Agent Handling; Cust Service Claim Handling; Non-Disclosure Of Coverage; Unsatisfactory Settle/Offer","1"
"2018-11-01T00:00:00.000","Premium and Rating; Use of Credit Reports","1"
"2017-02-01T00:00:00.000","Cust Service Claim Handling; Premium and Rating; Unsatisfactory Settle/Offer","1"
"2020-08-01T00:00:00.000","Cancellation; Misrepresentation","1"
"2025-12-01T00:00:00.000","Cust Service Claim Handling","2"
"2016-10-01T00:00:00.000","Closing","1"
"2024-03-01T00:00:00.000","Premium Notice","1"
"2025-05-01T00:00:00.000","Cust Srvc Policy Holder Srvcs; Endorsement / Rider; Premium and Rating","1"
"2016-11-01T00:00:00.000","Delays (Underwriting)","3"
"2024-06-01T00:00:00.000","Misrepresentation; Unsatisfactory Settle/Offer","1"
"2013-05-01T00:00:00.000","Unsatisfactory Settle/Offer","54"
"2014-06-01T00:00:00.000","Delays (Policyholder Service); Refund Of Premium","6"
"2023-07-01T00:00:00.000","Delays (Policyholder Service); Other","1"
"2024-09-01T00:00:00.000","Cust Srvc Policy Holder Srvcs; Non-Renewal; Unsatisfactory Settle/Offer","1"
"2026-07-01T00:00:00.000","Denial Of Claim; Unsatisfactory Settle/Offer","1"
"2013-10-01T00:00:00.000","Delays (Claims Handling); Denial Of Claim","1"
"2016-08-01T00:00:00.000","Cust Service Claim Handling; Delays (Claims Handling)","19"
"2018-12-01T00:00:00.000","Delays (Claims Handling); Denial Of Claim","2"
"2017-09-01T00:00:00.000","Delays (Policyholder Service)","5"
"2014-09-01T00:00:00.000","Delays (Policyholder Service); Other","3"
"2012-08-01T00:00:00.000","Disaster; Non-Renewal","1"
"2020-08-01T00:00:00.000","Denial Of Claim; Unsatisfactory Settle/Offer","1"
"2018-07-01T00:00:00.000","Improper Inducements","1"
"2016-07-01T00:00:00.000","Agent Handling; Delays (Claims Handling); Denial Of Claim","1"
"2014-08-01T00:00:00.000","Cust Service Claim Handling; Unsatisfactory Settle/Offer","5"
"2026-07-01T00:00:00.000","Cust Srvc Policy Holder Srvcs; Delays (Policyholder Service); Delays (Underwriting); Non-Renewal","2"
"2019-04-01T00:00:00.000","Denial Of Claim; Unsatisfactory Settle/Offer","2"
"2015-09-01T00:00:00.000","Cancellation","4"
"2024-11-01T00:00:00.000","Misleading Advertising","1"
"2020-09-01T00:00:00.000","Delays (Underwriting); Premium and Rating","1"
"2024-04-01T00:00:00.000","Use of Credit Reports","4"
"2020-02-01T00:00:00.000","Cust Service Claim Handling; Delays (Claims Handling)","12"
"2024-06-01T00:00:00.000","Cust Srvc Policy Holder Srvcs; Unsatisfactory Settle/Offer","1"
"2017-07-01T00:00:00.000","Agent Handling","12"
"2019-11-01T00:00:00.000","Non-Renewal; Notice Requirements","2"
"2025-08-01T00:00:00.000","Delays (Claims Handling)","14"
"2022-06-01T00:00:00.000","Cust Service Claim Handling","10"
"2016-07-01T00:00:00.000","Delays (Claims Handling)","19"
"2013-06-01T00:00:00.000","Denial Of Claim; Non-Renewal","2"
"2024-10-01T00:00:00.000","Use Of Clue Reports","3"
"2026-01-01T00:00:00.000","Cust Srvc Policy Holder Srvcs; Premium Notice; Premium and Rating","1"
"2022-09-01T00:00:00.000","Refusal to Insure; Use of Credit Reports","1"
"2025-04-01T00:00:00.000","Cancellation; Premium and Rating; Refund Of Premium","1"
"2019-06-01T00:00:00.000","Unsatisfactory Settle/Offer; Usual And Customary","1"
"2019-01-01T00:00:00.000","Cust Service Claim Handling; Denial Of Claim; Unsatisfactory Settle/Offer","4"
"2022-07-01T00:00:00.000","Cancellation; Denial Of Claim","1"
"2013-10-01T00:00:00.000","Delays (Policyholder Service); Delays (Underwriting)","3"
"2022-08-01T00:00:00.000","Unsatisfactory Settle/Offer","33"
"2023-10-01T00:00:00.000","Delays (Policyholder Service); Refund Of Premium","7"
"2023-04-01T00:00:00.000","Delays (Underwriting)","1"
"2020-09-01T00:00:00.000","Use Of Clue Reports","2"
"2025-09-01T00:00:00.000","Cust Srvc Policy Holder Srvcs; Delays (Policyholder Service); Misrepresentation","1"
"2019-01-01T00:00:00.000","Unsatisfactory Settle/Offer","5"
"2024-03-01T00:00:00.000","Non-Renewal","4"
"2022-07-01T00:00:00.000","Cust Service Claim Handling; Denial Of Claim","4"
"2014-09-01T00:00:00.000","Cust Service Claim Handling; Denial Of Claim; Liability Dispute","1"
"2025-10-01T00:00:00.000","Cust Srvc Policy Holder Srvcs; Delays (Policyholder Service); Premium and Rating; Refund Of Premium","2"
"2018-08-01T00:00:00.000","Delays (Claims Handling); Denial Of Claim; Refusal to Insure","1"
"2022-10-01T00:00:00.000","Refund Of Premium","11"
"2015-09-01T00:00:00.000","Agent Handling; Delays (Policyholder Service); Premium and Rating; Refund Of Premium","1"
"2015-09-01T00:00:00.000","Agent Handling; Refund Of Premium","1"
"2022-05-01T00:00:00.000","Unsatisfactory Settle/Offer","50"
"2017-05-01T00:00:00.000","Agent Handling; Delays (Policyholder Service); Refund Of Premium","1"
"2015-06-01T00:00:00.000","Delays (Underwriting)","1"
"2020-04-01T00:00:00.000","Cust Service Claim Handling","4"
"2025-08-01T00:00:00.000","Cust Service Claim Handling; Cust Srvc Policy Holder Srvcs","1"
"2016-10-01T00:00:00.000","Cust Service Claim Handling; Delays (Claims Handling); Denial Of Claim; Unsatisfactory Settle/Offer","1"
"2021-04-01T00:00:00.000","Cust Service Claim Handling; Delays (Claims Handling); Unsatisfactory Settle/Offer","35"
"2012-07-01T00:00:00.000","Denial Of Claim; Non-Renewal","2"
"2019-01-01T00:00:00.000","Post-Claim Underwriting; Use Of MIB Reports","1"
"2024-02-01T00:00:00.000","Cust Service Claim Handling; Denial Of Claim; Non-Renewal","1"
"2021-02-01T00:00:00.000","Misrepresentation; Other","1"
"2024-05-01T00:00:00.000","Cust Service Claim Handling; Use Of Clue Reports","1"
"2016-04-01T00:00:00.000","Cust Service Claim Handling; Denial Of Claim","5"
"2015-11-01T00:00:00.000","Cust Service Claim Handling; Delays (Claims Handling); Unsatisfactory Settle/Offer","9"
"2017-04-01T00:00:00.000","Other","2"
"2025-06-01T00:00:00.000","Cancellation","8"
"2021-12-01T00:00:00.000","Misrepresentation; Premium and Rating","1"
"2024-07-01T00:00:00.000","Delays (Claims Handling); Unsatisfactory Settle/Offer","19"
"2015-10-01T00:00:00.000","Cust Service Claim Handling; Denial Of Claim","3"
"2022-06-01T00:00:00.000","Use of Credit Reports","2"
"2023-05-01T00:00:00.000","Delays (Claims Handling); Premium and Rating; Unsatisfactory Settle/Offer","1"
"2026-09-01T00:00:00.000","Misrepresentation","3"
"2020-03-01T00:00:00.000","Unauthorized Acts","2"
"2024-04-01T00:00:00.000","Cust Srvc Policy Holder Srvcs; Non-Renewal","1"
"2016-08-01T00:00:00.000","Agent Handling","10"
"2020-11-01T00:00:00.000","Non-Renewal","1"
"2016-01-01T00:00:00.000","Delays (Policyholder Service); Refund Of Premium","11"
"2025-12-01T00:00:00.000","Cust Service Claim Handling; Delays (Claims Handling); Prompt Pay; Unsatisfactory Settle/Offer","1"
"2025-07-01T00:00:00.000","Cust Service Claim Handling; Delays (Claims Handling); Denial Of Claim; Unsatisfactory Settle/Offer","2"
"2013-06-01T00:00:00.000","Non-Renewal; Unsatisfactory Settle/Offer","1"
"2025-08-01T00:00:00.000","Cust Service Claim Handling; Cust Srvc Policy Holder Srvcs; Delays (Claims Handling); Premium and Rating; Refund Of Premium","1"
"2025-01-01T00:00:00.000","Denial Of Claim; Endorsement / Rider; Policy Exclusion","1"
"2026-08-01T00:00:00.000","Delays (Claims Handling); Non-Renewal","1"
"2014-01-01T00:00:00.000","Cancellation","9"
"2025-09-01T00:00:00.000","Cust Srvc Policy Holder Srvcs; Premium and Rating","6"
"2021-10-01T00:00:00.000","Cancellation; Premium Notice","1"
"2015-12-01T00:00:00.000","Increased Dwelling Coverage; Post-Claim Underwriting; Premium and Rating","1"
"2016-07-01T00:00:00.000","Agent Handling; Unauthorized Acts","1"
"2020-12-01T00:00:00.000","Cust Service Claim Handling; Delays (Claims Handling); Denial Of Claim","3"
"2026-04-01T00:00:00.000","Denial Of Claim; Policy Exclusion","1"
"2024-04-01T00:00:00.000","Cust Service Claim Handling; Delays (Claims Handling); Unsatisfactory Settle/Offer","33"
"2017-08-01T00:00:00.000","Post-Claim Underwriting","1"
"2017-02-01T00:00:00.000","Agent Handling; Endorsement / Rider; Premium and Rating","1"
"2024-06-01T00:00:00.000","Use Of Clue Reports","1"
"2017-08-01T00:00:00.000","Cust Service Claim Handling; Delays (Claims Handling); Non-Renewal; Post-Claim Underwriting","1"
"2016-04-01T00:00:00.000","Delays (Claims Handling)","9"
"2025-04-01T00:00:00.000","Cancellation; Cust Srvc Policy Holder Srvcs; Premium and Rating","2"
"2018-09-01T00:00:00.000","Delays (Claims Handling); Unsatisfactory Settle/Offer","14"
"2013-05-01T00:00:00.000","Denial Of Claim; Premium and Rating","1"
"2019-04-01T00:00:00.000","Delays (Claims Handling); Denial Of Claim","2"
"2022-02-01T00:00:00.000","Denial Of Claim","28"
"2020-07-01T00:00:00.000","Denial Of Claim","19"
"2026-02-01T00:00:00.000","Cust Service Claim Handling; Delays (Claims Handling); Denial Of Claim; Policy Exclusion","1"
"2016-04-01T00:00:00.000","Increased Dwelling Coverage","2"
"2025-08-01T00:00:00.000","Cust Service Claim Handling; Denial Of Claim","11"
"2024-05-01T00:00:00.000","Delays (Underwriting)","2"
"2020-07-01T00:00:00.000","Cust Service Claim Handling; Endorsement / Rider; Unsatisfactory Settle/Offer","1"
"2017-05-01T00:00:00.000","Cust Service Claim Handling","1"
"2013-07-01T00:00:00.000","Delays (Claims Handling); Refund Of Premium","1"
"2018-07-01T00:00:00.000","Agent Handling; Unsatisfactory Settle/Offer","1"
"2012-06-01T00:00:00.000","Agent Handling; Delays (Policyholder Service); Refund Of Premium","1"
"2019-09-01T00:00:00.000","Other","1"
"2023-03-01T00:00:00.000","Unauthorized Acts","6"
"2018-03-01T00:00:00.000","Cancellation; Other","1"
"2024-12-01T00:00:00.000","Commissions","2"
"2019-09-01T00:00:00.000","Non-Renewal","1"
"2017-06-01T00:00:00.000","Cancellation; Refusal to Insure","1"
"2015-01-01T00:00:00.000","Cancellation; Other; Refund Of Premium","1"
"2024-12-01T00:00:00.000","Cancellation; Delays (Policyholder Service)","2"
"2017-06-01T00:00:00.000","Denial Of Claim; Premium and Rating","1"
"2022-03-01T00:00:00.000","Misrepresentation; Unsatisfactory Settle/Offer","1"
"2024-06-01T00:00:00.000","Delays (Policyholder Service); Premium and Rating","1"
"2022-12-01T00:00:00.000","Delays (Claims Handling); Unsatisfactory Settle/Offer","27"
"2020-11-01T00:00:00.000","Cancellation; Premium and Rating","1"
"2025-02-01T00:00:00.000","Cust Srvc Policy Holder Srvcs; Endorsement / Rider; Premium and Rating; Refund Of Premium","1"
"2014-04-01T00:00:00.000","Refund Of Premium","16"
"2016-06-01T00:00:00.000","Delays (Underwriting)","1"
"2025-04-01T00:00:00.000","Delays (Claims Handling); Premium and Rating","1"
"2016-02-01T00:00:00.000","Cancellation; Refund Of Premium","1"
"2018-09-01T00:00:00.000","Other","2"
"2024-12-01T00:00:00.000","Misrepresentation","3"
"2014-08-01T00:00:00.000","Non-Renewal","4"
"2019-11-01T00:00:00.000","Cancellation; Delays (Claims Handling); Denial Of Claim","1"
"2016-09-01T00:00:00.000","Cancellation; Denial Of Claim","1"
"2012-09-01T00:00:00.000","Delays (Claims Handling); Denial Of Claim; Non-Renewal; Unsatisfactory Settle/Offer","1"
"2013-08-01T00:00:00.000","Non-Renewal; Premium and Rating; Refund Of Premium","1"
"2015-02-01T00:00:00.000","Delays (Claims Handling)","12"
"2025-03-01T00:00:00.000","Cust Srvc Policy Holder Srvcs; Delays (Policyholder Service); Premium and Rating; Refund Of Premium","2"
"2016-06-01T00:00:00.000","Other","10"
"2026-02-01T00:00:00.000","Cancellation; Cust Srvc Policy Holder Srvcs; Delays (Policyholder Service); Refund Of Premium","3"
"2013-11-01T00:00:00.000","Cancellation; Unsatisfactory Settle/Offer","1"
"2016-05-01T00:00:00.000","Not Within TDI Jurisdiction","1"
"2016-01-01T00:00:00.000","Delays (Policyholder Service); Other","1"
"2018-04-01T00:00:00.000","Unsatisfactory Settle/Offer; Usual And Customary","2"
"2019-08-01T00:00:00.000","Premium Notice","2"
"2025-04-01T00:00:00.000","Cust Srvc Policy Holder Srvcs; Notice Requirements; Unauthorized Acts","1"
"2013-06-01T00:00:00.000","Agent Handling; Denial Of Claim; Misrepresentation; Non-Disclosure Of Coverage","1"
"2016-04-01T00:00:00.000","Cancellation; Premium and Rating","1"
"2020-11-01T00:00:00.000","Other","1"
"2025-08-01T00:00:00.000","Delays (Policyholder Service); Refund Of Premium","1"
"2012-11-01T00:00:00.000","Liability Dispute","1"
"2022-08-01T00:00:00.000","Cust Service Claim Handling; Denial Of Claim","9"
"2018-03-01T00:00:00.000","Cancellation; Cust Service Claim Handling; Delays (Claims Handling)","1"
"2025-05-01T00:00:00.000","Cust Service Claim Handling; Cust Srvc Policy Holder Srvcs; Delays (Claims Handling); Unsatisfactory Settle/Offer","2"
"2025-02-01T00:00:00.000","Cust Service Claim Handling","5"
"2024-06-01T00:00:00.000","Delays (Policyholder Service)","1"
"2025-10-01T00:00:00.000","Cust Srvc Policy Holder Srvcs; Delays (Policyholder Service)","14"
"2021-12-01T00:00:00.000","Conversion; Delays (Policyholder Service); Refund Of Premium","1"
"2017-10-01T00:00:00.000","Denial Of Claim; Liability Dispute","1"
"2016-11-01T00:00:00.000","Misleading Advertising","1"
"2024-06-01T00:00:00.000","Cust Service Claim Handling; Cust Srvc Policy Holder Srvcs; Unsatisfactory Settle/Offer","1"
"2019-03-01T00:00:00.000","Cancellation; Delays (Policyholder Service); Refund Of Premium","1"
"2024-02-01T00:00:00.000","Premium and Rating","18"
"2021-09-01T00:00:00.000","Delays (Policyholder Service); Denial Of Claim","1"
"2017-09-01T00:00:00.000","Cust Service Claim Handling; Premium and Rating; Unsatisfactory Settle/Offer","1"
"2017-05-01T00:00:00.000","Agent Handling; Misrepresentation","4"
"2025-02-01T00:00:00.000","Denial Of Claim; Policy Exclusion","3"
"2017-05-01T00:00:00.000","Cust Service Claim Handling; Endorsement / Rider; Unsatisfactory Settle/Offer","1"
"2017-07-01T00:00:00.000","Other","1"
"2018-03-01T00:00:00.000","Cancellation; Notice Requirements","1"
"2016-03-01T00:00:00.000","Other; Premium and Rating; Unfair Discrimination; Use Of Clue Reports","1"
"2024-01-01T00:00:00.000","Refund Of Premium","9"
"2013-10-01T00:00:00.000","Cancellation; Delays (Underwriting)","2"
"2016-03-01T00:00:00.000","Agent Handling; Other","1"
"2025-04-01T00:00:00.000","Denial Of Claim","18"
"2013-07-01T00:00:00.000","Delays (Claims Handling); Delays (Policyholder Service)","1"
"2026-05-01T00:00:00.000","Cust Service Claim Handling; Delays (Claims Handling); Misrepresentation; Prompt Pay","1"
"2023-05-01T00:00:00.000","Unsatisfactory Settle/Offer","58"
"2015-08-01T00:00:00.000","Agent Handling; Delays (Policyholder Service); Other","1"
"2016-01-01T00:00:00.000","Cancellation; Delays (Underwriting); Denial Of Claim","1"
"2024-07-01T00:00:00.000","Cancellation; Cust Service Claim Handling; Delays (Claims Handling); Denial Of Claim; Refund Of Premium","1"
"2025-11-01T00:00:00.000","Denial Of Claim","8"
"2024-09-01T00:00:00.000","Unauthorized Acts","9"
"2020-03-01T00:00:00.000","Other","1"
"2019-04-01T00:00:00.000","Cust Service Claim Handling; Premium Notice","1"
"2019-11-01T00:00:00.000","Delays (Policyholder Service); Refund Of Premium","10"
"2023-05-01T00:00:00.000","Delays (Underwriting); Premium and Rating","1"
"2018-06-01T00:00:00.000","Delays (Policyholder Service); Refund Of Premium","6"
"2014-03-01T00:00:00.000","Excessive Rates; Premium and Rating","4"
"2016-08-01T00:00:00.000","Agent Handling; Duplication of Coverage","1"
"2013-07-01T00:00:00.000","Delays (Claims Handling); Excessive Rates; Premium and Rating; Unsatisfactory Settle/Offer","1"
"2013-09-01T00:00:00.000","Cancellation; Delays (Policyholder Service)","2"
"2015-03-01T00:00:00.000","Cancellation","2"
"2020-02-01T00:00:00.000","Cancellation; Delays (Policyholder Service)","3"
"2016-01-01T00:00:00.000","Delays (Claims Handling); Denial Of Claim; Liability Dispute","1"
"2022-05-01T00:00:00.000","Cancellation; Cust Service Claim Handling; Denial Of Claim; Unsatisfactory Settle/Offer","1"
"2014-08-01T00:00:00.000","Delays (Claims Handling)","18"
"2023-09-01T00:00:00.000","Cancellation; Non-Renewal; Premium Notice","1"
"2016-03-01T00:00:00.000","Improper Inducements; Misleading Advertising","1"
"2025-01-01T00:00:00.000","Cancellation; Cust Srvc Policy Holder Srvcs","4"
"2015-02-01T00:00:00.000","Premium and Rating","10"
"2024-09-01T00:00:00.000","Premium and Rating; Refund Of Premium","2"
"2026-04-01T00:00:00.000","Denial Of Claim; Liability Dispute","1"
"2026-06-01T00:00:00.000","Cust Srvc Policy Holder Srvcs; Endorsement / Rider; Premium and Rating; Refund Of Premium","1"
"2024-07-01T00:00:00.000","Denial Of Claim; Unfair Discrim-Clms Handling","1"
"2014-09-01T00:00:00.000","Delays (Policyholder Service); Refund Of Premium","3"
"2015-01-01T00:00:00.000","Denial Of Claim","16"
"2018-05-01T00:00:00.000","Agent Handling; Misrepresentation","1"
"2025-01-01T00:00:00.000","Cust Service Claim Handling; Unsatisfactory Settle/Offer","36"
"2022-07-01T00:00:00.000","Refund Of Premium","8"
"2020-01-01T00:00:00.000","Denial Of Claim","22"
"2014-02-01T00:00:00.000","Agent Handling; Conversion","1"
"2024-03-01T00:00:00.000","Cancellation; Delays (Policyholder Service); Denial Of Claim","1"
"2013-11-01T00:00:00.000","Cust Service Claim Handling; Delays (Claims Handling); Unsatisfactory Settle/Offer","3"
"2013-09-01T00:00:00.000","Non-Renewal","3"
"2014-04-01T00:00:00.000","Cust Service Claim Handling; Unsatisfactory Settle/Offer","3"
"2012-07-01T00:00:00.000","Denial Of Claim; Other","1"
"2024-09-01T00:00:00.000","Cust Srvc Policy Holder Srvcs","8"
"2022-08-01T00:00:00.000","Premium and Rating; Use of Credit Reports","1"
"2017-09-01T00:00:00.000","Cust Service Claim Handling; Unsatisfactory Settle/Offer","8"
"2015-08-01T00:00:00.000","Denial Of Claim; Unsatisfactory Settle/Offer","1"
"2024-02-01T00:00:00.000","Denial Of Claim; Misrepresentation","2"
"2015-09-01T00:00:00.000","Cust Service Claim Handling; Denial Of Claim; Unsatisfactory Settle/Offer","1"
"2024-05-01T00:00:00.000","Cust Service Claim Handling; Delays (Claims Handling)","67"
"2017-08-01T00:00:00.000","Delays (Policyholder Service); Refund Of Premium","3"
"2026-02-01T00:00:00.000","Cancellation; Cust Service Claim Handling; Cust Srvc Policy Holder Srvcs; Delays (Claims Handling)","1"
"2019-10-01T00:00:00.000","Cancellation; Cust Service Claim Handling; Denial Of Claim","1"
"2024-08-01T00:00:00.000","Other; Unsatisfactory Settle/Offer","2"
"2019-06-01T00:00:00.000","Cust Service Claim Handling; Denial Of Claim","6"
"2015-05-01T00:00:00.000","Cancellation","5"
"2026-04-01T00:00:00.000","Premium and Rating","5"
"2020-02-01T00:00:00.000","Cancellation; Cust Service Claim Handling","1"
"2026-03-01T00:00:00.000","Cust Srvc Policy Holder Srvcs; Premium and Rating; Refund Of Premium; Use Of Clue Reports","1"
"2022-06-01T00:00:00.000","Delays (Claims Handling)","29"
"2015-11-01T00:00:00.000","Delays (Policyholder Service); Duplication of Coverage","1"
"2016-07-01T00:00:00.000","Use of Credit Reports","2"
"2020-03-01T00:00:00.000","Delays (Policyholder Service); Premium Notice","1"
"2026-02-01T00:00:00.000","Cancellation; Delays (Underwriting); Denial Of Claim","1"
"2026-08-01T00:00:00.000","Delays (Claims Handling)","7"
"2012-11-01T00:00:00.000","Refund Of Premium","15"
"2024-06-01T00:00:00.000","Denial Of Claim; Liability Dispute","1"
"2024-05-01T00:00:00.000","Cust Srvc Policy Holder Srvcs; Other","1"
"2022-11-01T00:00:00.000","Premium and Rating","3"
"2025-03-01T00:00:00.000","Denial Of Claim; Endorsement / Rider; Unsatisfactory Settle/Offer","1"
"2020-08-01T00:00:00.000","Premium Notice","1"
"2012-12-01T00:00:00.000","Conversion; Delays (Policyholder Service); Refund Of Premium","1"
"2025-08-01T00:00:00.000","Cancellation; Cust Srvc Policy Holder Srvcs","2"
"2016-08-01T00:00:00.000","Agent Handling; Conversion","1"
"2015-07-01T00:00:00.000","Other","6"
"2024-08-01T00:00:00.000","Cancellation; Premium and Rating; Refund Of Premium","2"
"2022-09-01T00:00:00.000","Delays (Claims Handling)","20"
"2021-04-01T00:00:00.000","Other; Refund Of Premium","1"
"2024-10-01T00:00:00.000","Cust Srvc Policy Holder Srvcs; Refund Of Premium","18"
"2015-04-01T00:00:00.000","Denial Of Claim; Non-Renewal","1"
"2019-10-01T00:00:00.000","Cust Service Claim Handling; Delays (Claims Handling); Denial Of Claim","5"
"2016-06-01T00:00:00.000","Delays (Claims Handling); Unsatisfactory Settle/Offer","27"
"2026-04-01T00:00:00.000","Cust Srvc Policy Holder Srvcs; Non-Renewal","1"
"2022-04-01T00:00:00.000","Misrepresentation; Premium and Rating; Refund Of Premium","1"
"2022-10-01T00:00:00.000","Cancellation; Delays (Claims Handling)","1"
"2025-12-01T00:00:00.000","Cust Srvc Policy Holder Srvcs; Delays (Policyholder Service)","9"
"2015-01-01T00:00:00.000","Delays (Claims Handling); Unsatisfactory Settle/Offer","4"
"2020-10-01T00:00:00.000","Cancellation; Denial Of Claim; Non-Renewal; Premium and Rating","1"
"2021-11-01T00:00:00.000","Cancellation; Use Of Clue Reports","1"
"2022-06-01T00:00:00.000","Cancellation; Cust Service Claim Handling","1"
"2016-03-01T00:00:00.000","Agent Handling; Cancellation; Premium and Rating","1"
"2013-08-01T00:00:00.000","Cust Service Claim Handling","1"
"2016-05-01T00:00:00.000","Cust Service Claim Handling; Premium and Rating; Unsatisfactory Settle/Offer","1"
"2025-12-01T00:00:00.000","Cancellation; Cust Srvc Policy Holder Srvcs","3"
"2012-07-01T00:00:00.000","Premium and Rating; Refund Of Premium","3"
"2020-03-01T00:00:00.000","Cancellation; Delays (Policyholder Service); Unauthorized Acts","1"
"2013-11-01T00:00:00.000","Denial Of Claim","27"
"2015-03-01T00:00:00.000","Delays (Underwriting); Premium and Rating; Refund Of Premium","1"
"2017-06-01T00:00:00.000","Delays (Claims Handling)","8"
"2014-10-01T00:00:00.000","Agent Handling; Delays (Policyholder Service)","1"
"2025-12-01T00:00:00.000","Cust Srvc Policy Holder Srvcs; Unauthorized Acts","4"
"2013-08-01T00:00:00.000","Cancellation; Denial Of Claim","2"
"2024-04-01T00:00:00.000","Cust Service Claim Handling; Denial Of Claim; Unsatisfactory Settle/Offer","1"
"2023-03-01T00:00:00.000","Denial Of Claim; Refusal to Insure","1"
"2016-04-01T00:00:00.000","Cust Service Claim Handling","7"
"2025-11-01T00:00:00.000","Delays (Policyholder Service); Refund Of Premium","3"
"2019-06-01T00:00:00.000","Post-Claim Underwriting","1"
"2026-06-01T00:00:00.000","Cust Service Claim Handling; Delays (Policyholder Service); Delays (Underwriting); Endorsement / Rider; Post-Claim Underwriting","1"
"2015-08-01T00:00:00.000","Other; Unsatisfactory Settle/Offer","1"
"2018-07-01T00:00:00.000","Cust Service Claim Handling; Delays (Claims Handling); Denial Of Claim","2"
"2015-01-01T00:00:00.000","Cust Service Claim Handling; Delays (Claims Handling)","8"
"2017-10-01T00:00:00.000","Cancellation; Refund Of Premium","1"
"2012-12-01T00:00:00.000","Cancellation; Denial Of Claim","2"
"2026-04-01T00:00:00.000","Cust Srvc Policy Holder Srvcs; Premium and Rating; Use of Credit Reports","1"
"2016-03-01T00:00:00.000","Post-Claim Underwriting; Premium and Rating","2"
"2020-07-01T00:00:00.000","Assignment of Benefits; Cust Service Claim Handling; Delays (Claims Handling)","1"
"2020-06-01T00:00:00.000","Misrepresentation; Refund Of Premium","1"
"2017-03-01T00:00:00.000","Other","1"
"2018-10-01T00:00:00.000","Delays (Claims Handling); Denial Of Claim","1"
"2021-02-01T00:00:00.000","Delays (Policyholder Service); Refund Of Premium","3"
"2019-08-01T00:00:00.000","Cust Service Claim Handling; Endorsement / Rider; Unsatisfactory Settle/Offer","2"
"2019-08-01T00:00:00.000","Improper Inducements","1"
"2016-08-01T00:00:00.000","Cancellation; Denial Of Claim","1"
"2012-09-01T00:00:00.000","Recoupment Of Claims Payment","1"
"2018-05-01T00:00:00.000","Cancellation; Delays (Policyholder Service)","1"
"2016-07-01T00:00:00.000","Premium and Rating","5"
"2012-07-01T00:00:00.000","Overcharges; Premium and Rating","1"
"2018-08-01T00:00:00.000","Not Within TDI Jurisdiction","1"
"2018-03-01T00:00:00.000","Delays (Claims Handling); Denial Of Claim","2"
"2015-06-01T00:00:00.000","Delays (Claims Handling)","17"
"2019-06-01T00:00:00.000","Unauthorized Acts","1"
"2022-11-01T00:00:00.000","Unauthorized Acts","1"
"2012-12-01T00:00:00.000","Other","5"
"2019-02-01T00:00:00.000","Agent Handling","8"
"2018-04-01T00:00:00.000","Cancellation; Delays (Policyholder Service); Refund Of Premium","3"
"2025-04-01T00:00:00.000","Cust Service Claim Handling; Delays (Claims Handling); Denial Of Claim","12"
"2025-05-01T00:00:00.000","Premium and Rating; Unsatisfactory Settle/Offer","1"
"2013-07-01T00:00:00.000","Delays (Policyholder Service); Premium and Rating","2"
"2013-02-01T00:00:00.000","Denial Of Claim; Unsatisfactory Settle/Offer","1"
"2015-05-01T00:00:00.000","Delays (Claims Handling)","12"
"2024-10-01T00:00:00.000","Cancellation; Cust Srvc Policy Holder Srvcs","3"
"2022-02-01T00:00:00.000","Delays (Policyholder Service)","19"
"2024-03-01T00:00:00.000","Refusal to Insure","2"
"2026-07-01T00:00:00.000","Unsatisfactory Settle/Offer","6"
"2014-05-01T00:00:00.000","Delays (Claims Handling); Unsatisfactory Settle/Offer","3"
"2017-09-01T00:00:00.000","Unsatisfactory Settle/Offer","11"
"2022-01-01T00:00:00.000","Delays (Claims Handling); Unsatisfactory Settle/Offer","25"
"2024-03-01T00:00:00.000","Use of Credit Reports","1"
"2023-03-01T00:00:00.000","Cust Service Claim Handling; Delays (Claims Handling); Unsatisfactory Settle/Offer","27"
"2014-09-01T00:00:00.000","Cancellation; Denial Of Claim","1"
"2016-02-01T00:00:00.000","Agent Handling; Refund Of Premium","2"
"2017-08-01T00:00:00.000","Agent Handling; Delays (Underwriting); Refund Of Premium","1"
"2025-08-01T00:00:00.000","Cust Srvc Policy Holder Srvcs; Denial Of Claim","1"
"2025-09-01T00:00:00.000","Cust Srvc Policy Holder Srvcs; Premium Notice","1"
"2021-07-01T00:00:00.000","Cust Service Claim Handling; Denial Of Claim","12"
"2022-05-01T00:00:00.000","Delays (Policyholder Service); Refund Of Premium","6"
"2019-06-01T00:00:00.000","Cust Service Claim Handling; Denial Of Claim; Unsatisfactory Settle/Offer","2"
"2023-01-01T00:00:00.000","Refusal to Insure","1"
"2026-03-01T00:00:00.000","Denial Of Claim; Policy Exclusion","1"
"2016-06-01T00:00:00.000","Increased Dwelling Coverage; Refund Of Premium","1"
"2023-06-01T00:00:00.000","Misrepresentation; Refund Of Premium","1"
"2014-06-01T00:00:00.000","Agent Handling","10"
"2025-12-01T00:00:00.000","Cust Service Claim Handling; Cust Srvc Policy Holder Srvcs","1"
"2026-04-01T00:00:00.000","Delays (Claims Handling); Unsatisfactory Settle/Offer","11"
"2023-09-01T00:00:00.000","Cancellation; Delays (Policyholder Service)","2"
"2023-06-01T00:00:00.000","Premium and Rating; Unsatisfactory Settle/Offer","1"
"2015-04-01T00:00:00.000","Cancellation; Denial Of Claim; Non-Renewal","1"
"2026-05-01T00:00:00.000","Cust Srvc Policy Holder Srvcs; Misrepresentation; Refund Of Premium","2"
"2015-04-01T00:00:00.000","Non-Renewal; Unsatisfactory Settle/Offer","1"
"2026-02-01T00:00:00.000","Non-Renewal","2"
"2026-07-01T00:00:00.000","Cust Service Claim Handling; Endorsement / Rider; Unsatisfactory Settle/Offer","2"
"2024-03-01T00:00:00.000","Cancellation; Delays (Policyholder Service); Refund Of Premium","3"
"2020-07-01T00:00:00.000","Cancellation; Delays (Policyholder Service); Refund Of Premium","1"
"2014-07-01T00:00:00.000","Cancellation; Denial Of Claim","1"
"2026-08-01T00:00:00.000","Cust Service Claim Handling; Denial Of Claim; Endorsement / Rider; Policy Exclusion","1"
"2016-08-01T00:00:00.000","Claimant Fraud; Delays (Claims Handling); Unsatisfactory Settle/Offer","1"
"2024-03-01T00:00:00.000","Delays (Underwriting)","1"
"2013-11-01T00:00:00.000","Delays (Claims Handling); Unsatisfactory Settle/Offer","11"
"2019-10-01T00:00:00.000","Delays (Policyholder Service); Non-Renewal","1"
"2020-10-01T00:00:00.000","Cust Service Claim Handling; Delays (Claims Handling); Denial Of Claim; Premium and Rating","2"
"2024-08-01T00:00:00.000","Delays (Policyholder Service); Refund Of Premium","6"
"2015-09-01T00:00:00.000","Post-Claim Underwriting","1"
"2021-04-01T00:00:00.000","Unauthorized Acts","1"
"2013-04-01T00:00:00.000","Cancellation; Refund Of Premium","1"
"2025-10-01T00:00:00.000","Cust Service Claim Handling; Delays (Claims Handling); Non-Renewal; Unsatisfactory Settle/Offer","1"
"2014-06-01T00:00:00.000","Denial Of Claim","31"
"2017-03-01T00:00:00.000","Delays (Policyholder Service); Refund Of Premium","3"
"2024-04-01T00:00:00.000","Cust Srvc Policy Holder Srvcs; Delays (Policyholder Service); Refund Of Premium","4"
"2025-03-01T00:00:00.000","Cust Srvc Policy Holder Srvcs; Other","2"
"2016-04-01T00:00:00.000","Increased Dwelling Coverage; Other; Premium and Rating","1"
"2025-02-01T00:00:00.000","Cust Service Claim Handling; Cust Srvc Policy Holder Srvcs; Refund Of Premium","1"
"2023-12-01T00:00:00.000","Other; Unauthorized Acts","1"
"2017-10-01T00:00:00.000","Denial Of Claim; Non-Renewal","3"
"2016-04-01T00:00:00.000","Cancellation; Cust Service Claim Handling; Unsatisfactory Settle/Offer","1"
"2026-04-01T00:00:00.000","Cust Srvc Policy Holder Srvcs; Delays (Policyholder Service); Refund Of Premium","12"
"2015-06-01T00:00:00.000","Denial Of Claim; Unsatisfactory Settle/Offer","2"
"2026-08-01T00:00:00.000","Use of Credit Reports","1"
"2019-05-01T00:00:00.000","Cust Service Claim Handling; Delays (Claims Handling)","22"
"2020-02-01T00:00:00.000","Denial Of Claim; Misrepresentation","1"
"2026-04-01T00:00:00.000","Cust Service Claim Handling; Fraud","1"
"2015-07-01T00:00:00.000","Cancellation; Premium and Rating","1"
"2015-08-01T00:00:00.000","Cancellation; Notice Requirements","1"
"2015-06-01T00:00:00.000","Delays (Claims Handling); Denial Of Claim","1"
"2015-08-01T00:00:00.000","Agent Handling; Refund Of Premium","1"
"2024-01-01T00:00:00.000","Other","1"
"2023-01-01T00:00:00.000","Cust Service Claim Handling; Delays (Claims Handling); Unsatisfactory Settle/Offer","16"
"2012-05-01T00:00:00.000","Cust Service Claim Handling","1"
"2012-10-01T00:00:00.000","Denial Of Claim; Liability Dispute","1"
"2020-02-01T00:00:00.000","Delays (Policyholder Service); Denial Of Claim","1"
"2018-02-01T00:00:00.000","Refund Of Premium","2"
"2026-03-01T00:00:00.000","Denial Of Claim; Unfair Discrim-Clms Handling; Unsatisfactory Settle/Offer","2"
"2024-06-01T00:00:00.000","Delays (Claims Handling); Unsatisfactory Settle/Offer","25"
"2012-08-01T00:00:00.000","Delays (Policyholder Service)","4"
"2020-06-01T00:00:00.000","Delays (Policyholder Service); Delays (Underwriting)","1"
"2014-04-01T00:00:00.000","Endorsement / Rider; Unsatisfactory Settle/Offer","1"
"2025-03-01T00:00:00.000","Cancellation; Cust Service Claim Handling; Delays (Claims Handling); Refund Of Premium","1"
"2021-08-01T00:00:00.000","Delays (Policyholder Service); Misrepresentation","1"
"2025-09-01T00:00:00.000","Cust Service Claim Handling; Delays (Claims Handling)","69"
"2024-02-01T00:00:00.000","Cust Service Claim Handling","4"
"2023-02-01T00:00:00.000","Delays (Policyholder Service); Unauthorized Acts; Unsatisfactory Settle/Offer","1"
"2021-10-01T00:00:00.000","Refund Of Premium","1"
"2025-05-01T00:00:00.000","Premium and Rating","18"
"2024-07-01T00:00:00.000","Delays (Policyholder Service)","1"
"2021-04-01T00:00:00.000","Cust Service Claim Handling; Delays (Claims Handling)","85"
"2017-10-01T00:00:00.000","Cancellation","3"
"2020-11-01T00:00:00.000","Premium and Rating; Use of Credit Reports","1"
"2024-06-01T00:00:00.000","Cancellation; Premium Notice","2"
"2016-11-01T00:00:00.000","Agent Handling; Delays (Policyholder Service); Refund Of Premium","2"
"2021-09-01T00:00:00.000","Cancellation; Denial Of Claim","1"
"2026-01-01T00:00:00.000","Unsatisfactory Settle/Offer","11"
"2014-03-01T00:00:00.000","Other","7"
"2013-09-01T00:00:00.000","Misleading Advertising","1"
"2026-05-01T00:00:00.000","Refund Of Premium","2"
"2025-11-01T00:00:00.000","Delays (Claims Handling); Unsatisfactory Settle/Offer","9"
"2019-09-01T00:00:00.000","Cancellation; Premium and Rating","1"
"2024-07-01T00:00:00.000","Cust Service Claim Handling; Cust Srvc Policy Holder Srvcs","1"
"2015-07-01T00:00:00.000","Coordination of Benefits; Cust Service Claim Handling","1"
"2025-03-01T00:00:00.000","Cust Srvc Policy Holder Srvcs","9"
"2014-02-01T00:00:00.000","Denial Of Claim; Non-Renewal","1"
"2015-08-01T00:00:00.000","Agent Handling; Non-Disclosure Of Coverage","1"
"2015-09-01T00:00:00.000","Delays (Claims Handling)","22"
"2013-11-01T00:00:00.000","Delays (Claims Handling); Denial Of Claim; Other","1"
"2024-12-01T00:00:00.000","Denial Of Claim; Refund Of Premium","1"
"2015-07-01T00:00:00.000","Increased Dwelling Coverage","2"
"2015-02-01T00:00:00.000","Cust Service Claim Handling; Denial Of Claim","2"
"2024-09-01T00:00:00.000","Cust Srvc Policy Holder Srvcs; Delays (Policyholder Service); Unsatisfactory Settle/Offer","1"
"2024-10-01T00:00:00.000","Cust Service Claim Handling; Cust Srvc Policy Holder Srvcs; Delays (Claims Handling); Delays (Policyholder Service); Unsatisfactory Settle/Offer","1"
"2023-08-01T00:00:00.000","Delays (Claims Handling); Unsatisfactory Settle/Offer","26"
"2023-06-01T00:00:00.000","Cancellation; Delays (Policyholder Service); Refund Of Premium","1"
"2015-12-01T00:00:00.000","Cust Service Claim Handling; Premium and Rating; Unsatisfactory Settle/Offer","1"
"2025-03-01T00:00:00.000","Other","4"
"2026-01-01T00:00:00.000","Cust Srvc Policy Holder Srvcs","7"
"2020-07-01T00:00:00.000","Cancellation; Refusal to Insure","1"
"2025-09-01T00:00:00.000","Cust Service Claim Handling; Delays (Claims Handling); Denial Of Claim; Policy Exclusion","2"
"2023-12-01T00:00:00.000","Misrepresentation; Unauthorized Acts","1"
"2024-05-01T00:00:00.000","Endorsement / Rider","1"
"2026-06-01T00:00:00.000","Cust Srvc Policy Holder Srvcs","12"
"2018-08-01T00:00:00.000","Delays (Policyholder Service)","6"
"2017-04-01T00:00:00.000","Cust Service Claim Handling","4"
"2016-12-01T00:00:00.000","Unauthorized Acts","2"
"2023-12-01T00:00:00.000","Non-Renewal","6"
"2017-07-01T00:00:00.000","Agent Handling; Conversion","2"
"2014-08-01T00:00:00.000","Misrepresentation","3"
"2012-10-01T00:00:00.000","Delays (Policyholder Service)","2"
"2014-09-01T00:00:00.000","Non-Renewal; Unsatisfactory Settle/Offer","1"
"2020-01-01T00:00:00.000","Denial Of Claim; Non-Renewal","1"
"2025-11-01T00:00:00.000","Cust Srvc Policy Holder Srvcs; Delays (Policyholder Service); Refund Of Premium","11"
"2017-12-01T00:00:00.000","Cancellation; Premium Notice","1"
"2025-03-01T00:00:00.000","Delays (Claims Handling); Denial Of Claim","1"
"2020-03-01T00:00:00.000","Cancellation; Non-Renewal; Refusal to Insure","1"
"2016-11-01T00:00:00.000","Agent Handling; Delays (Policyholder Service); Endorsement / Rider; Premium and Rating; Refund Of Premium","1"
"2018-05-01T00:00:00.000","Delays (Policyholder Service); Premium and Rating; Refund Of Premium","1"
"2025-07-01T00:00:00.000","Cust Srvc Policy Holder Srvcs; Delays (Policyholder Service); Refusal to Insure","1"
"2026-05-01T00:00:00.000","Cancellation; Cust Srvc Policy Holder Srvcs","2"
"2016-03-01T00:00:00.000","Unauthorized Acts","5"
"2021-01-01T00:00:00.000","Cust Service Claim Handling; Delays (Claims Handling); Unsatisfactory Settle/Offer","35"
"2013-09-01T00:00:00.000","Endorsement / Rider; Refund Of Premium","1"
"2017-09-01T00:00:00.000","Denial Of Claim; Disaster","2"
"2015-03-01T00:00:00.000","Cancellation; Endorsement / Rider; Refund Of Premium","1"
"2026-05-01T00:00:00.000","Cust Service Claim Handling; Cust Srvc Policy Holder Srvcs; Endorsement / Rider; Unsatisfactory Settle/Offer","1"
"2020-10-01T00:00:00.000","Delays (Policyholder Service)","6"
"2019-07-01T00:00:00.000","Cancellation; Delays (Policyholder Service); Other; Refund Of Premium","1"
"2013-05-01T00:00:00.000","Denial Of Claim; Non-Renewal","1"
"2026-01-01T00:00:00.000","Cust Srvc Policy Holder Srvcs; Misrepresentation","2"
"2025-03-01T00:00:00.000","Denial Of Claim; Policy Exclusion","2"
"2026-06-01T00:00:00.000","Misleading Advertising","2"
"2015-03-01T00:00:00.000","Delays (Claims Handling)","8"
"2013-07-01T00:00:00.000","Excessive Rates; Premium and Rating","9"
"2024-11-01T00:00:00.000","Cust Srvc Policy Holder Srvcs; Duplication of Coverage; Refund Of Premium","1"
"2017-01-01T00:00:00.000","Denial Of Claim; Unsatisfactory Settle/Offer","3"
"2024-02-01T00:00:00.000","Endorsement / Rider; Premium and Rating; Unsatisfactory Settle/Offer","1"
"2025-05-01T00:00:00.000","Denial Of Claim; Policy Exclusion","2"
"2026-05-01T00:00:00.000","Cust Service Claim Handling; Cust Srvc Policy Holder Srvcs; Premium and Rating","1"
"2025-07-01T00:00:00.000","Cust Service Claim Handling; Denial Of Claim","17"
"2014-08-01T00:00:00.000","Cust Service Claim Handling; Delays (Claims Handling); Unsatisfactory Settle/Offer","3"
"2025-12-01T00:00:00.000","Cust Service Claim Handling; Cust Srvc Policy Holder Srvcs; Delays (Claims Handling); Denial Of Claim; Refund Of Premium","1"
"2025-12-01T00:00:00.000","Cust Service Claim Handling; Cust Srvc Policy Holder Srvcs; Misrepresentation","1"
"2017-04-01T00:00:00.000","Cust Service Claim Handling; Delays (Claims Handling)","9"
"2017-07-01T00:00:00.000","Cust Service Claim Handling; Misrepresentation","1"
"2024-12-01T00:00:00.000","Cust Srvc Policy Holder Srvcs; Non-Renewal","1"
"2025-04-01T00:00:00.000","Cust Srvc Policy Holder Srvcs; Delays (Policyholder Service); Refund Of Premium","7"
"2018-09-01T00:00:00.000","Agent Handling; Conversion","1"
"2026-01-01T00:00:00.000","Cancellation; Cust Srvc Policy Holder Srvcs; Denial Of Claim","1"
"2016-01-01T00:00:00.000","Unauthorized Acts","6"
"2019-09-01T00:00:00.000","Cancellation; Notice Requirements","1"
"2018-02-01T00:00:00.000","Cust Service Claim Handling; Delays (Claims Handling); Denial Of Claim; Unsatisfactory Settle/Offer","1"
"2014-08-01T00:00:00.000","Cust Service Claim Handling; Delays (Claims Handling); Unfair Discrim-Clms Handling","1"
"2017-11-01T00:00:00.000","Liability Dispute","1"
"2021-04-01T00:00:00.000","Misrepresentation","14"
"2019-06-01T00:00:00.000","Refund Of Premium","4"
"2021-03-01T00:00:00.000","Cancellation; Refund Of Premium","3"
"2016-12-01T00:00:00.000","Commissions; Unauthorized Acts","1"
"2020-01-01T00:00:00.000","Cancellation; Continuation of Benefits; Cust Service Claim Handling; Non-Renewal","1"
"2024-11-01T00:00:00.000","Delays (Policyholder Service); Premium and Rating; Refund Of Premium","2"
"2022-02-01T00:00:00.000","Denial Of Claim; Unsatisfactory Settle/Offer","4"
"2013-10-01T00:00:00.000","Other","6"
"2026-03-01T00:00:00.000","Cust Service Claim Handling; Cust Srvc Policy Holder Srvcs; Delays (Claims Handling); Unsatisfactory Settle/Offer","1"
"2015-12-01T00:00:00.000","Delays (Policyholder Service)","2"
"2019-05-01T00:00:00.000","Delays (Claims Handling); Denial Of Claim","2"
"2020-02-01T00:00:00.000","Unauthorized Acts","4"
"2015-04-01T00:00:00.000","Delays (Policyholder Service); Other; Premium and Rating","1"
"2013-04-01T00:00:00.000","Delays (Policyholder Service); Liability Dispute; Refund Of Premium; Unsatisfactory Settle/Offer","1"
"2018-12-01T00:00:00.000","Endorsement / Rider; Notice Requirements; Unsatisfactory Settle/Offer","1"
"2023-02-01T00:00:00.000","Cancellation; Unsatisfactory Settle/Offer","1"
"2015-05-01T00:00:00.000","Non-Renewal","2"
"2013-03-01T00:00:00.000","Delays (Policyholder Service); Premium Notice; Refund Of Premium","1"
"2022-03-01T00:00:00.000","Cust Service Claim Handling; Delays (Claims Handling); Denial Of Claim","5"
"2017-09-01T00:00:00.000","Agent Handling; Delays (Policyholder Service); Non-Renewal","1"
"2018-12-01T00:00:00.000","Cancellation; Notice Requirements","2"
"2019-01-01T00:00:00.000","Cust Service Claim Handling; Delays (Claims Handling); Disaster; Unsatisfactory Settle/Offer","1"
"2017-12-01T00:00:00.000","Cancellation; Denial Of Claim","1"
"2019-07-01T00:00:00.000","Non-Disclosure Of Coverage","2"
"2015-05-01T00:00:00.000","Delays (Claims Handling); Unsatisfactory Settle/Offer","5"
"2020-12-01T00:00:00.000","Unsatisfactory Settle/Offer","1"
"2025-12-01T00:00:00.000","Denial Of Claim; Refund Of Premium","1"
"2018-11-01T00:00:00.000","Cust Service Claim Handling; Delays (Claims Handling); Denial Of Claim; Unsatisfactory Settle/Offer","1"
"2024-09-01T00:00:00.000","Cust Service Claim Handling; Delays (Claims Handling); Misrepresentation; Unsatisfactory Settle/Offer","1"
"2024-09-01T00:00:00.000","Delays (Policyholder Service); Refund Of Premium","2"
"2020-03-01T00:00:00.000","Premium and Rating; Refund Of Premium","6"
"2026-02-01T00:00:00.000","Premium and Rating; Refund Of Premium","2"
"2020-02-01T00:00:00.000","Unsatisfactory Settle/Offer","3"
"2024-05-01T00:00:00.000","Premium and Rating; Use Of Clue Reports","4"
"2026-04-01T00:00:00.000","Cancellation; Cust Srvc Policy Holder Srvcs; Refund Of Premium","1"
"2026-02-01T00:00:00.000","Delays (Claims Handling); Unfair Discrim-Clms Handling","2"
"2021-09-01T00:00:00.000","Cust Service Claim Handling; Delays (Claims Handling); Not Within TDI Jurisdiction","1"
"2026-06-01T00:00:00.000","Cust Service Claim Handling; Cust Srvc Policy Holder Srvcs; Denial Of Claim","1"
"2021-10-01T00:00:00.000","Cust Service Claim Handling; Delays (Claims Handling)","46"
"2014-05-01T00:00:00.000","Cancellation","8"
"2022-05-01T00:00:00.000","Duplication of Coverage; Misleading Advertising","1"
"2015-03-01T00:00:00.000","Cancellation; Delays (Claims Handling)","1"
"2024-05-01T00:00:00.000","Denial Of Claim; Liability Dispute","1"
"2024-04-01T00:00:00.000","Delays (Policyholder Service); Refund Of Premium","10"
"2024-07-01T00:00:00.000","Cust Service Claim Handling; Delays (Claims Handling); Premium and Rating","1"
"2020-05-01T00:00:00.000","Declination Of Verification; Delays (Claims Handling)","1"
"2025-09-01T00:00:00.000","Cust Service Claim Handling; Cust Srvc Policy Holder Srvcs; Non-Renewal; Unsatisfactory Settle/Offer","1"
"2026-06-01T00:00:00.000","Cust Service Claim Handling","6"
"2026-04-01T00:00:00.000","Denial Of Claim; Unfair Discrim-Clms Handling; Unsatisfactory Settle/Offer","1"
"2018-03-01T00:00:00.000","Delays (Policyholder Service); Premium and Rating; Refund Of Premium","1"
"2015-08-01T00:00:00.000","Denial Of Claim; Use Of Clue Reports","1"
"2014-08-01T00:00:00.000","Delays (Policyholder Service); Refund Of Premium","3"
"2023-05-01T00:00:00.000","Cancellation; Premium Notice","1"
"2023-01-01T00:00:00.000","Cancellation","5"
"2022-03-01T00:00:00.000","Denial Of Claim; Unsatisfactory Settle/Offer","8"
"2015-12-01T00:00:00.000","Premium Notice; Refund Of Premium","1"
"2013-05-01T00:00:00.000","Cancellation","8"
"2021-06-01T00:00:00.000","Cust Service Claim Handling; Unauthorized Acts","1"
"2016-10-01T00:00:00.000","Cust Service Claim Handling; Delays (Claims Handling); Delays (Underwriting)","1"
"2015-10-01T00:00:00.000","Delays (Policyholder Service); Premium and Rating; Refund Of Premium","1"
"2015-06-01T00:00:00.000","Delays (Claims Handling); Unsatisfactory Settle/Offer","10"
"2016-02-01T00:00:00.000","Denial Of Claim; Premium and Rating","1"
"2014-10-01T00:00:00.000","Increased Dwelling Coverage; Misrepresentation; Other","1"
"2023-06-01T00:00:00.000","Cancellation; Refund Of Premium","1"
"2022-04-01T00:00:00.000","Cust Service Claim Handling; Unsatisfactory Settle/Offer","16"
"2024-09-01T00:00:00.000","Refusal to Insure","1"
"2021-02-01T00:00:00.000","Cancellation; Cust Service Claim Handling; Delays (Claims Handling)","2"
"2014-06-01T00:00:00.000","Agent Handling; Unauthorized Acts","1"
"2024-01-01T00:00:00.000","Use Of Clue Reports","1"
"2013-07-01T00:00:00.000","Cust Service Claim Handling; Delays (Claims Handling); Unsatisfactory Settle/Offer","5"
"2015-11-01T00:00:00.000","Delays (Claims Handling); Unsatisfactory Settle/Offer","5"
"2025-06-01T00:00:00.000","Cancellation; Delays (Policyholder Service); Refund Of Premium","1"
"2015-09-01T00:00:00.000","Cust Service Claim Handling; Denial Of Claim","4"
"2023-08-01T00:00:00.000","Delays (Claims Handling)","51"
"2025-08-01T00:00:00.000","Cust Service Claim Handling; Prompt Pay; Unsatisfactory Settle/Offer","1"
"2016-05-01T00:00:00.000","Cust Service Claim Handling; Delays (Policyholder Service)","1"
"2018-03-01T00:00:00.000","Premium and Rating; Refund Of Premium","1"
"2021-03-01T00:00:00.000","Use of Credit Reports","1"
"2025-11-01T00:00:00.000","Refund Of Premium","5"
"2024-08-01T00:00:00.000","Cust Srvc Policy Holder Srvcs; Delays (Policyholder Service)","13"
"2024-05-01T00:00:00.000","Delays (Policyholder Service); Premium and Rating","2"
"2012-11-01T00:00:00.000","Cust Service Claim Handling; Denial Of Claim","3"
"2021-09-01T00:00:00.000","Cust Service Claim Handling; Delays (Claims Handling); Denial Of Claim; Refund Of Premium","1"
"2025-12-01T00:00:00.000","Cust Service Claim Handling; Cust Srvc Policy Holder Srvcs; Delays (Claims Handling); Policy Exclusion; Unsatisfactory Settle/Offer","1"
"2023-11-01T00:00:00.000","Endorsement / Rider; Premium and Rating; Refund Of Premium","1"
"2026-07-01T00:00:00.000","Cust Service Claim Handling; Delays (Claims Handling); Unsatisfactory Settle/Offer","74"
"2016-09-01T00:00:00.000","Cancellation; Cust Service Claim Handling; Delays (Policyholder Service); Denial Of Claim","1"
"2024-02-01T00:00:00.000","Other; Premium and Rating; Use Of Clue Reports","1"
"2018-04-01T00:00:00.000","Cancellation","6"
"2016-05-01T00:00:00.000","Agent Handling; Cancellation; Delays (Policyholder Service); Delays (Underwriting)","1"
"2026-03-01T00:00:00.000","Cancellation; Delays (Policyholder Service); Delays (Underwriting); Refund Of Premium","2"
"2012-10-01T00:00:00.000","Premium Notice","1"
"2025-12-01T00:00:00.000","Cancellation; Cust Service Claim Handling; Denial Of Claim","1"
"2012-12-01T00:00:00.000","Conversion","2"
"2016-09-01T00:00:00.000","Other","2"
"2015-04-01T00:00:00.000","Unauthorized Acts","16"
"2025-03-01T00:00:00.000","Cust Service Claim Handling; Policy Exclusion; Unsatisfactory Settle/Offer","1"
"2023-08-01T00:00:00.000","Delays (Claims Handling); Denial Of Claim","1"
"2021-01-01T00:00:00.000","Denial Of Claim; Premium Notice","1"
"2013-04-01T00:00:00.000","Delays (Policyholder Service)","3"
"2019-04-01T00:00:00.000","Agent Handling; Misrepresentation","2"
"2016-10-01T00:00:00.000","Cancellation; Notice Requirements; Refund Of Premium","1"
"2014-12-01T00:00:00.000","Agent Handling; Denial Of Claim","1"
"2026-07-01T00:00:00.000","Cust Srvc Policy Holder Srvcs; Delays (Policyholder Service); Premium and Rating; Refund Of Premium","2"
"2020-06-01T00:00:00.000","Cust Service Claim Handling; Misrepresentation; Unsatisfactory Settle/Offer","1"
"2012-09-01T00:00:00.000","Non-Renewal; Refund Of Premium","1"
"2024-10-01T00:00:00.000","Cancellation; Cust Srvc Policy Holder Srvcs; Refund Of Premium","1"
"2017-04-01T00:00:00.000","Increased Dwelling Coverage; Premium Notice; Premium and Rating","1"
"2018-05-01T00:00:00.000","Cust Service Claim Handling; Delays (Claims Handling); Denial Of Claim","3"
"2026-07-01T00:00:00.000","Cust Service Claim Handling; Unauthorized Acts","2"
"2019-01-01T00:00:00.000","Cust Service Claim Handling; Delays (Claims Handling); Denial Of Claim; Post-Claim Underwriting; Premium and Rating; Unsatisfactory Settle/Offer","1"
"2015-03-01T00:00:00.000","Refund Of Premium","5"
"2025-03-01T00:00:00.000","Cust Service Claim Handling; Denial Of Claim; Premium and Rating","1"
"2024-03-01T00:00:00.000","Cust Service Claim Handling; Delays (Claims Handling); Premium and Rating; Unsatisfactory Settle/Offer","1"
"2016-10-01T00:00:00.000","Cust Service Claim Handling; Delays (Claims Handling); Delays (Policyholder Service); Unsatisfactory Settle/Offer","1"
"2019-11-01T00:00:00.000","Premium and Rating; Refund Of Premium","1"
"2014-07-01T00:00:00.000","Delays (Policyholder Service)","10"
"2024-06-01T00:00:00.000","Unsatisfactory Settle/Offer","28"
"2012-10-01T00:00:00.000","Other","5"
"2020-09-01T00:00:00.000","Cust Service Claim Handling; Denial Of Claim","12"
"2026-08-01T00:00:00.000","Cust Service Claim Handling; Delays (Claims Handling); Endorsement / Rider; Unsatisfactory Settle/Offer","2"
"2026-01-01T00:00:00.000","Unauthorized Acts","6"
"2015-02-01T00:00:00.000","Refund Of Premium","5"
"2023-10-01T00:00:00.000","Refund Of Premium","6"
"2020-06-01T00:00:00.000","Cancellation; Refusal to Insure","2"
"2024-04-01T00:00:00.000","Delays (Policyholder Service); Premium Notice","2"
"2016-03-01T00:00:00.000","Cancellation; Increased Dwelling Coverage; Other; Premium Notice; Premium and Rating","1"
"2020-01-01T00:00:00.000","Cust Service Claim Handling; Premium and Rating","1"
"2015-11-01T00:00:00.000","Agent Handling; Delays (Policyholder Service)","1"
"2013-05-01T00:00:00.000","Not Within TDI Jurisdiction","1"
"2019-05-01T00:00:00.000","Misleading Advertising; Use of Credit Reports","1"
"2024-10-01T00:00:00.000","Refund Of Premium","8"
"2019-05-01T00:00:00.000","Agent Handling; Premium and Rating","1"
"2024-06-01T00:00:00.000","Cust Srvc Policy Holder Srvcs; Premium and Rating; Refund Of Premium","1"
"2013-04-01T00:00:00.000","Premium and Rating; Use of Credit Reports","1"
"2026-03-01T00:00:00.000","Delays (Claims Handling); Denial Of Claim","1"
"2019-08-01T00:00:00.000","Unsatisfactory Settle/Offer; Usual And Customary","2"
"2024-09-01T00:00:00.000","Cust Srvc Policy Holder Srvcs; Unauthorized Acts","1"
"2025-05-01T00:00:00.000","Cust Srvc Policy Holder Srvcs; Delays (Policyholder Service); Premium and Rating; Refund Of Premium","2"
"2020-11-01T00:00:00.000","Cust Service Claim Handling; Delays (Claims Handling); Non-Renewal; Unsatisfactory Settle/Offer","1"
"2018-03-01T00:00:00.000","Unsatisfactory Settle/Offer","7"
"2013-02-01T00:00:00.000","Delays (Claims Handling); Disaster; Recoupment Of Claims Payment","1"
"2019-05-01T00:00:00.000","Denial Of Claim","23"
"2018-06-01T00:00:00.000","Cust Service Claim Handling; Delays (Claims Handling); Unsatisfactory Settle/Offer","12"
"2025-09-01T00:00:00.000","Non-Renewal","2"
"2026-02-01T00:00:00.000","Cust Service Claim Handling; Delays (Claims Handling); Denial Of Claim; Non-Renewal","1"
"2025-08-01T00:00:00.000","Cust Service Claim Handling","10"
"2020-01-01T00:00:00.000","Cust Service Claim Handling; Delays (Claims Handling); Denial Of Claim; Unsatisfactory Settle/Offer","4"
"2022-09-01T00:00:00.000","Other","3"
"2020-01-01T00:00:00.000","Cust Service Claim Handling; Unsatisfactory Settle/Offer","6"
"2026-04-01T00:00:00.000","Cust Service Claim Handling; Delays (Claims Handling); Non-Renewal","1"
"2024-12-01T00:00:00.000","Unauthorized Acts","1"
"2022-10-01T00:00:00.000","Delays (Underwriting)","1"
"2020-06-01T00:00:00.000","Delays (Underwriting); Denial Of Claim; Refusal to Insure","1"
"2020-02-01T00:00:00.000","Delays (Policyholder Service); Premium and Rating","1"
"2021-07-01T00:00:00.000","Cancellation; Refusal to Insure","1"
"2014-02-01T00:00:00.000","Not Within TDI Jurisdiction","1"
"2016-10-01T00:00:00.000","Cust Service Claim Handling; Use Of Clue Reports","1"
"2023-03-01T00:00:00.000","Conversion; Misrepresentation","1"
"2013-05-01T00:00:00.000","Cancellation; Refusal to Insure","2"
"2025-03-01T00:00:00.000","Cust Service Claim Handling; Premium and Rating; Unsatisfactory Settle/Offer","1"
"2020-06-01T00:00:00.000","Misrepresentation; Use of Credit Reports","2"
"2024-09-01T00:00:00.000","Cancellation; Cust Srvc Policy Holder Srvcs; Denial Of Claim; Premium Notice","1"
"2022-01-01T00:00:00.000","Cancellation; Cust Service Claim Handling; Denial Of Claim; Misrepresentation","1"
"2018-01-01T00:00:00.000","Cust Service Claim Handling; Delays (Claims Handling)","32"
"2020-06-01T00:00:00.000","Endorsement / Rider; Refund Of Premium; Unsatisfactory Settle/Offer","1"
"2015-07-01T00:00:00.000","Cust Service Claim Handling; Unsatisfactory Settle/Offer","8"
"2022-12-01T00:00:00.000","Delays (Claims Handling); Denial Of Claim","2"
"2025-11-01T00:00:00.000","Cust Srvc Policy Holder Srvcs; Endorsement / Rider","1"
"2013-10-01T00:00:00.000","Premium Notice","1"
"2016-08-01T00:00:00.000","Endorsement / Rider; Refusal to Insure","1"
"2012-08-01T00:00:00.000","Increased Dwelling Coverage","2"
"2019-06-01T00:00:00.000","Agent Handling","9"
"2018-07-01T00:00:00.000","Unfair Discrim-Clms Handling","1"
"2022-08-01T00:00:00.000","Delays (Claims Handling); Denial Of Claim","3"
"2015-01-01T00:00:00.000","Other; Unsatisfactory Settle/Offer","1"
"2018-04-01T00:00:00.000","Non-Renewal; Notice Requirements","1"
"2026-08-01T00:00:00.000","Delays (Underwriting); Refund Of Premium","3"
"2018-06-01T00:00:00.000","Denial Of Claim; Non-Renewal","2"
"2013-09-01T00:00:00.000","Denial Of Claim; Unsatisfactory Settle/Offer","1"
"2015-04-01T00:00:00.000","Other; Premium and Rating","1"
"2012-09-01T00:00:00.000","Unfair Discrim-Clms Handling; Unsatisfactory Settle/Offer","1"
"2017-03-01T00:00:00.000","Unsatisfactory Settle/Offer","5"
"2016-09-01T00:00:00.000","Agent Handling","11"
"2015-10-01T00:00:00.000","Premium and Rating; Use of Credit Reports","2"
"2022-10-01T00:00:00.000","Cancellation; Refund Of Premium","2"
"2016-12-01T00:00:00.000","Agent Handling; Delays (Policyholder Service)","1"
"2018-07-01T00:00:00.000","Delays (Policyholder Service)","5"
"2012-06-01T00:00:00.000","Delays (Policyholder Service); Refund Of Premium","1"
"2025-12-01T00:00:00.000","Refusal to Insure; Use Of Clue Reports","1"
"2016-03-01T00:00:00.000","Delays (Claims Handling); Denial Of Claim","4"
"2017-06-01T00:00:00.000","Cust Service Claim Handling; Delays (Claims Handling); Denial Of Claim; Unsatisfactory Settle/Offer","3"
"2018-05-01T00:00:00.000","Cancellation; Notice Requirements","2"
"2020-11-01T00:00:00.000","Misrepresentation","4"
"2016-02-01T00:00:00.000","Cust Service Claim Handling; Delays (Claims Handling); Denial Of Claim","2"
"2018-10-01T00:00:00.000","Cust Service Claim Handling; Denial Of Claim","6"
"2016-07-01T00:00:00.000","Delays (Policyholder Service); Refund Of Premium","7"
"2022-01-01T00:00:00.000","Cancellation; Delays (Claims Handling)","1"
"2024-02-01T00:00:00.000","Cust Srvc Policy Holder Srvcs; Delays (Policyholder Service)","3"
"2016-09-01T00:00:00.000","Delays (Claims Handling); Premium and Rating","1"
"2018-07-01T00:00:00.000","Premium Notice; Premium and Rating","1"
"2016-09-01T00:00:00.000","Delays (Claims Handling); Denial Of Claim; Unsatisfactory Settle/Offer","2"
"2023-04-01T00:00:00.000","Premium and Rating; Refund Of Premium","2"
"2013-06-01T00:00:00.000","Cust Service Claim Handling; Unsatisfactory Settle/Offer","5"
"2017-03-01T00:00:00.000","Cust Service Claim Handling; Denial Of Claim","5"
"2018-09-01T00:00:00.000","Misrepresentation","1"
"2017-02-01T00:00:00.000","Delays (Policyholder Service); Premium Notice","1"
"2020-09-01T00:00:00.000","Misleading Advertising; Premium and Rating","1"
"2021-03-01T00:00:00.000","Cust Service Claim Handling","10"
"2026-05-01T00:00:00.000","Delays (Claims Handling); Prompt Pay; Unsatisfactory Settle/Offer","1"
"2019-06-01T00:00:00.000","Cust Service Claim Handling","2"
"2021-01-01T00:00:00.000","Cust Service Claim Handling; Delays (Claims Handling); Denial Of Claim; Unsatisfactory Settle/Offer","2"
"2024-01-01T00:00:00.000","Denial Of Claim; Premium and Rating","1"
"2024-12-01T00:00:00.000","Refusal to Insure; Use of Credit Reports","1"
"2024-11-01T00:00:00.000","Cust Srvc Policy Holder Srvcs; Endorsement / Rider","1"
"2017-07-01T00:00:00.000","Delays (Underwriting); Premium and Rating","1"
"2015-02-01T00:00:00.000","Agent Handling; Delays (Policyholder Service); Misrepresentation","1"
"2014-11-01T00:00:00.000","Delays (Claims Handling); Denial Of Claim","1"
"2024-05-01T00:00:00.000","Non-Renewal; Refund Of Premium","2"
"2012-10-01T00:00:00.000","Delays (Policyholder Service); Denial Of Claim; Misrepresentation","1"
"2019-09-01T00:00:00.000","Delays (Claims Handling); Denial Of Claim; Unsatisfactory Settle/Offer","1"
"2016-10-01T00:00:00.000","Cancellation; Delays (Policyholder Service)","1"
"2017-02-01T00:00:00.000","Cust Service Claim Handling; Delays (Claims Handling); Denial Of Claim; Unsatisfactory Settle/Offer","4"
"2025-06-01T00:00:00.000","Cust Srvc Policy Holder Srvcs; Misrepresentation","4"
"2024-11-01T00:00:00.000","Cust Service Claim Handling; Delays (Claims Handling); Premium and Rating","1"
"2023-08-01T00:00:00.000","Unfair Discrimination","1"
"2021-08-01T00:00:00.000","Cust Service Claim Handling","4"
"2023-04-01T00:00:00.000","Cust Service Claim Handling; Delays (Claims Handling); Unsatisfactory Settle/Offer","24"
"2022-06-01T00:00:00.000","Denial Of Claim; Unsatisfactory Settle/Offer","2"
"2025-11-01T00:00:00.000","Misrepresentation","4"
"2016-12-01T00:00:00.000","Cancellation","2"
"2016-04-01T00:00:00.000","Claimant Fraud; Cust Service Claim Handling; Post-Claim Underwriting","1"
"2025-09-01T00:00:00.000","Cust Service Claim Handling; Delays (Claims Handling); Denial Of Claim","17"
"2022-05-01T00:00:00.000","Misrepresentation","3"
"2017-07-01T00:00:00.000","Cust Service Claim Handling; Premium and Rating","1"
"2026-08-01T00:00:00.000","Cust Service Claim Handling; Delays (Claims Handling); Denial Of Claim; Unsatisfactory Settle/Offer","1"
"2021-05-01T00:00:00.000","Cust Service Claim Handling; Delays (Claims Handling); Denial Of Claim; Premium and Rating","1"
"2023-05-01T00:00:00.000","Denial Of Claim; Unsatisfactory Settle/Offer","4"
"2015-02-01T00:00:00.000","Delays (Policyholder Service); Premium and Rating","1"
"2015-05-01T00:00:00.000","Cancellation; Refund Of Premium","2"
"2026-04-01T00:00:00.000","Cust Srvc Policy Holder Srvcs; Endorsement / Rider; Misrepresentation; Premium and Rating; Refund Of Premium","1"
"2022-11-01T00:00:00.000","Delays (Claims Handling); Unsatisfactory Settle/Offer","44"
"2016-10-01T00:00:00.000","Delays (Claims Handling)","9"
"2021-08-01T00:00:00.000","Cust Service Claim Handling; Premium and Rating","1"
"2020-03-01T00:00:00.000","Cust Service Claim Handling; Delays (Claims Handling); Duplication of Coverage; Misrepresentation","1"
"2016-02-01T00:00:00.000","Premium and Rating","7"
"2015-04-01T00:00:00.000","Cancellation; Refund Of Premium","1"
"2016-10-01T00:00:00.000","Unsatisfactory Settle/Offer","9"
"2024-06-01T00:00:00.000","Cust Srvc Policy Holder Srvcs; Delays (Policyholder Service); Refund Of Premium","3"
"2021-09-01T00:00:00.000","Other","4"
"2019-05-01T00:00:00.000","Denial Of Claim; Premium and Rating","1"
"2025-11-01T00:00:00.000","Cust Service Claim Handling; Delays (Claims Handling); Denial Of Claim; Unsatisfactory Settle/Offer","1"
"2018-04-01T00:00:00.000","Delays (Claims Handling); Unsatisfactory Settle/Offer","18"
"2025-11-01T00:00:00.000","Cust Service Claim Handling; Delays (Claims Handling)","50"
"2014-03-01T00:00:00.000","Cust Service Claim Handling; Delays (Claims Handling)","2"
"2021-02-01T00:00:00.000","Delays (Policyholder Service); Denial Of Claim","1"
"2014-10-01T00:00:00.000","Increased Dwelling Coverage; Premium and Rating","1"
"2024-04-01T00:00:00.000","Delays (Claims Handling); Unsatisfactory Settle/Offer","20"
"2020-07-01T00:00:00.000","Cancellation; Cust Service Claim Handling; Delays (Policyholder Service); Denial Of Claim; Refund Of Premium","1"
"2023-09-01T00:00:00.000","Cust Service Claim Handling","7"
"2026-08-01T00:00:00.000","Premium and Rating","9"
"2018-10-01T00:00:00.000","Agent Handling; Misrepresentation","1"
"2026-05-01T00:00:00.000","Cust Service Claim Handling; Delays (Claims Handling); Prompt Pay; Unsatisfactory Settle/Offer","3"
"2018-05-01T00:00:00.000","Cust Service Claim Handling; Denial Of Claim; Unsatisfactory Settle/Offer","1"
"2017-03-01T00:00:00.000","Cust Service Claim Handling; Endorsement / Rider; Unsatisfactory Settle/Offer","2"
"2019-07-01T00:00:00.000","Denial Of Claim","32"
"2020-07-01T00:00:00.000","Cust Service Claim Handling","1"
"2020-09-01T00:00:00.000","Assignment of Benefits; Cust Service Claim Handling; Delays (Claims Handling)","5"
"2020-01-01T00:00:00.000","Use of Credit Reports","1"
"2024-02-01T00:00:00.000","Cust Service Claim Handling; Delays (Claims Handling); Non-Renewal; Use Of Clue Reports","1"
"2021-09-01T00:00:00.000","Unsatisfactory Settle/Offer","38"
"2021-04-01T00:00:00.000","Cust Service Claim Handling; Denial Of Claim; Unsatisfactory Settle/Offer","3"
"2012-11-01T00:00:00.000","Delays (Policyholder Service); Premium Notice","1"
"2012-08-01T00:00:00.000","Endorsement / Rider","1"
"2022-12-01T00:00:00.000","Unsatisfactory Settle/Offer","16"
"2014-11-01T00:00:00.000","Cancellation; Denial Of Claim","1"
"2026-07-01T00:00:00.000","Misleading Advertising; Misrepresentation","1"
"2020-03-01T00:00:00.000","Cancellation; Misrepresentation; Refund Of Premium; Unauthorized Acts","1"
"2013-07-01T00:00:00.000","Agent Handling; Not Within TDI Jurisdiction","1"
"2013-02-01T00:00:00.000","Cancellation","4"
"2021-10-01T00:00:00.000","Delays (Claims Handling); Unsatisfactory Settle/Offer","39"
"2026-03-01T00:00:00.000","Cust Srvc Policy Holder Srvcs; Delays (Policyholder Service); Delays (Underwriting); Refund Of Premium","1"
"2022-04-01T00:00:00.000","Cust Service Claim Handling; Delays (Claims Handling); Denial Of Claim","5"
"2019-12-01T00:00:00.000","Premium and Rating; Refund Of Premium","1"
"2025-07-01T00:00:00.000","Cust Service Claim Handling; Denial Of Claim; Policy Exclusion","2"
"2015-01-01T00:00:00.000","Cancellation; Delays (Policyholder Service); Refund Of Premium","1"
"2016-07-01T00:00:00.000","Denial Of Claim; Misrepresentation","2"
"2016-02-01T00:00:00.000","Delays (Policyholder Service); Use Of Clue Reports","1"
"2025-11-01T00:00:00.000","Cust Service Claim Handling; Unauthorized Acts","1"
"2021-09-01T00:00:00.000","Denial Of Claim","41"
"2017-10-01T00:00:00.000","Agent Handling; Delays (Policyholder Service); Refund Of Premium","2"
"2024-05-01T00:00:00.000","Other","4"
"2026-08-01T00:00:00.000","Cust Srvc Policy Holder Srvcs","11"
"2017-05-01T00:00:00.000","Cust Service Claim Handling; Denial Of Claim; Refund Of Premium","1"
"2025-01-01T00:00:00.000","Cust Service Claim Handling; Premium and Rating","1"
"2025-05-01T00:00:00.000","Cust Service Claim Handling; Denial Of Claim; Policy Exclusion","2"
"2019-10-01T00:00:00.000","Delays (Policyholder Service)","6"
"2017-06-01T00:00:00.000","Cust Service Claim Handling; Unsatisfactory Settle/Offer","3"
"2020-03-01T00:00:00.000","Unsatisfactory Settle/Offer; Usual And Customary","1"
"2025-11-01T00:00:00.000","Misleading Advertising","1"
"2025-10-01T00:00:00.000","Cust Service Claim Handling; Delays (Claims Handling); Unsatisfactory Settle/Offer","88"
"2017-10-01T00:00:00.000","Not Within TDI Jurisdiction","5"
"2022-07-01T00:00:00.000","Misleading Advertising","2"
"2013-04-01T00:00:00.000","Agent Handling; Premium and Rating","1"
"2019-10-01T00:00:00.000","Misrepresentation","5"
"2014-12-01T00:00:00.000","Premium and Rating","8"
"2018-02-01T00:00:00.000","Non-Renewal","3"
"2023-09-01T00:00:00.000","Premium and Rating; Unsatisfactory Settle/Offer","1"
"2014-11-01T00:00:00.000","Non-Renewal; Notice Requirements","1"
"2014-02-01T00:00:00.000","Refund Of Premium","14"
"2016-04-01T00:00:00.000","Unauthorized Acts","6"
"2016-10-01T00:00:00.000","Non-Renewal","2"
"2020-08-01T00:00:00.000","Premium and Rating","6"
"2017-06-01T00:00:00.000","Agent Handling; Cust Service Claim Handling; Delays (Claims Handling)","1"
"2019-07-01T00:00:00.000","Delays (Policyholder Service); Refund Of Premium","1"
"2025-06-01T00:00:00.000","Delays (Claims Handling); Unsatisfactory Settle/Offer","22"
"2014-11-01T00:00:00.000","Non-Renewal","2"
"2024-09-01T00:00:00.000","Premium and Rating; Unsatisfactory Settle/Offer","2"
"2016-07-01T00:00:00.000","Overcharges","1"
"2025-07-01T00:00:00.000","Denial Of Claim; Unsatisfactory Settle/Offer","1"
"2021-04-01T00:00:00.000","Cust Service Claim Handling","15"
"2019-12-01T00:00:00.000","Cust Service Claim Handling; Non-Renewal; Post-Claim Underwriting; Unsatisfactory Settle/Offer","1"
"2020-04-01T00:00:00.000","Denial Of Claim; Premium and Rating","1"
"2012-10-01T00:00:00.000","Refund Of Premium; Unsatisfactory Settle/Offer","1"
"2024-10-01T00:00:00.000","Cust Srvc Policy Holder Srvcs; Use Of Clue Reports","2"
"2018-12-01T00:00:00.000","Cust Service Claim Handling","6"
"2017-01-01T00:00:00.000","Premium and Rating","10"
"2021-12-01T00:00:00.000","Misrepresentation; Refund Of Premium","2"
"2018-09-01T00:00:00.000","Cust Service Claim Handling; Denial Of Claim","6"
"2015-08-01T00:00:00.000","Non-Renewal; Unsatisfactory Settle/Offer; Use Of Clue Reports","1"
"2014-10-01T00:00:00.000","Agent Handling; Delays (Policyholder Service); Other","1"
"2012-12-01T00:00:00.000","Delays (Policyholder Service)","3"
"2014-08-01T00:00:00.000","Cust Service Claim Handling","2"
"2016-04-01T00:00:00.000","Agent Handling; Endorsement / Rider; Non-Disclosure Of Coverage","1"
"2014-07-01T00:00:00.000","Non-Disclosure Of Coverage","1"
"2025-04-01T00:00:00.000","Non-Renewal","5"
"2013-10-01T00:00:00.000","Delays (Underwriting); Refund Of Premium","1"
"2015-03-01T00:00:00.000","Cust Service Claim Handling; Delays (Policyholder Service)","1"
"2019-01-01T00:00:00.000","Delays (Policyholder Service); Other","1"
"2025-05-01T00:00:00.000","Not Within TDI Jurisdiction","1"
"2015-04-01T00:00:00.000","Agent Handling; Conversion","1"
"2022-09-01T00:00:00.000","Delays (Policyholder Service); Premium Notice","1"
"2022-02-01T00:00:00.000","Delays (Claims Handling); Non-Renewal; Unsatisfactory Settle/Offer","1"
"2020-02-01T00:00:00.000","Cust Service Claim Handling","2"
"2025-06-01T00:00:00.000","Delays (Policyholder Service); Refund Of Premium","6"
"2020-11-01T00:00:00.000","Denial Of Claim; Unsatisfactory Settle/Offer","2"
"2014-05-01T00:00:00.000","Premium and Rating","15"
"2016-08-01T00:00:00.000","Delays (Claims Handling)","12"
"2025-03-01T00:00:00.000","Cust Service Claim Handling; Delays (Claims Handling); Unsatisfactory Settle/Offer","78"
"2026-02-01T00:00:00.000","Denial Of Claim","8"
"2017-12-01T00:00:00.000","Cancellation; Denial Of Claim; Notice Requirements","2"
"2016-03-01T00:00:00.000","Cancellation","3"
"2020-02-01T00:00:00.000","Premium and Rating","6"
"2015-11-01T00:00:00.000","Delays (Policyholder Service); Refund Of Premium","7"
"2024-08-01T00:00:00.000","Cust Srvc Policy Holder Srvcs; Premium and Rating; Refund Of Premium","1"
"2018-02-01T00:00:00.000","Agent Handling; Conversion","1"
"2026-07-01T00:00:00.000","Cust Service Claim Handling; Delays (Claims Handling); Denial Of Claim; Prompt Pay","1"
"2014-05-01T00:00:00.000","Excessive Rates; Premium and Rating","2"
"2019-03-01T00:00:00.000","Cust Service Claim Handling","1"
"2013-05-01T00:00:00.000","Delays (Underwriting); Misrepresentation","1"
"2023-09-01T00:00:00.000","Cust Service Claim Handling; Delays (Claims Handling); Endorsement / Rider; Unsatisfactory Settle/Offer","1"
"2023-03-01T00:00:00.000","Cust Service Claim Handling; Delays (Claims Handling); Delays (Policyholder Service); Unsatisfactory Settle/Offer","1"
"2024-11-01T00:00:00.000","Delays (Claims Handling); Denial Of Claim; Liability Dispute","1"
"2026-01-01T00:00:00.000","Cust Srvc Policy Holder Srvcs; Premium and Rating","1"
"2025-09-01T00:00:00.000","Cust Srvc Policy Holder Srvcs; Delays (Policyholder Service); Non-Renewal; Refund Of Premium","1"
"2014-10-01T00:00:00.000","Non-Renewal","2"
"2022-04-01T00:00:00.000","Misrepresentation","3"
"2017-09-01T00:00:00.000","Cancellation","7"
"2025-09-01T00:00:00.000","Cust Srvc Policy Holder Srvcs; Denial Of Claim","1"
"2018-10-01T00:00:00.000","Agent Handling; Conversion","2"
"2018-11-01T00:00:00.000","Delays (Policyholder Service); Refund Of Premium","3"
"2012-12-01T00:00:00.000","Refusal to Insure","2"
"2012-04-01T00:00:00.000","Conversion","1"
"2014-12-01T00:00:00.000","Delays (Policyholder Service); Premium and Rating","2"
"2021-05-01T00:00:00.000","Cust Service Claim Handling","8"
"2012-08-01T00:00:00.000","Cust Service Claim Handling; Denial Of Claim; Refund Of Premium","1"
"2013-08-01T00:00:00.000","Denial Of Claim; Unsatisfactory Settle/Offer","6"
"2016-09-01T00:00:00.000","Cust Service Claim Handling; Denial Of Claim","7"
"2014-01-01T00:00:00.000","Agent Handling; Conversion; Non-Disclosure Of Coverage","1"
"2014-02-01T00:00:00.000","Unauthorized Acts","1"
"2013-04-01T00:00:00.000","Cancellation; Delays (Underwriting)","1"
"2024-11-01T00:00:00.000","Cancellation; Refusal to Insure","1"
"2020-03-01T00:00:00.000","Premium Notice; Premium and Rating","1"
"2020-02-01T00:00:00.000","Cust Service Claim Handling; Denial Of Claim; Unsatisfactory Settle/Offer","1"
"2017-01-01T00:00:00.000","Unauthorized Acts","4"
"2025-08-01T00:00:00.000","Cancellation","3"
"2016-03-01T00:00:00.000","Cust Service Claim Handling; Delays (Claims Handling); Denial Of Claim; Unsatisfactory Settle/Offer","2"
"2023-01-01T00:00:00.000","Denial Of Claim; Non-Renewal","1"
"2014-01-01T00:00:00.000","Agent Handling; Increased Dwelling Coverage; Premium Notice","1"
"2022-03-01T00:00:00.000","Cancellation; Cust Service Claim Handling; Misrepresentation","2"
"2012-06-01T00:00:00.000","Misrepresentation","4"
"2023-12-01T00:00:00.000","Cust Service Claim Handling; Unauthorized Acts","1"
"2025-01-01T00:00:00.000","Cust Service Claim Handling; Cust Srvc Policy Holder Srvcs; Unsatisfactory Settle/Offer","1"
"2016-03-01T00:00:00.000","Increased Dwelling Coverage; Notice Requirements","1"
"2023-07-01T00:00:00.000","Refund Of Premium","10"
"2020-05-01T00:00:00.000","Cust Service Claim Handling; Denial Of Claim; Unsatisfactory Settle/Offer","1"
"2014-11-01T00:00:00.000","Delays (Claims Handling); Unsatisfactory Settle/Offer","10"
"2025-08-01T00:00:00.000","Cancellation; Cust Srvc Policy Holder Srvcs; Delays (Policyholder Service); Refund Of Premium","1"
"2018-05-01T00:00:00.000","Agent Handling","15"
"2016-12-01T00:00:00.000","Cust Service Claim Handling; Delays (Claims Handling); Denial Of Claim","2"
"2018-05-01T00:00:00.000","Delays (Claims Handling); Unsatisfactory Settle/Offer","13"
"2021-08-01T00:00:00.000","Premium and Rating; Refund Of Premium","3"
"2025-08-01T00:00:00.000","Cust Service Claim Handling; Cust Srvc Policy Holder Srvcs; Delays (Claims Handling); Delays (Policyholder Service)","2"
"2017-02-01T00:00:00.000","Post-Claim Underwriting; Use Of Clue Reports","1"
"2018-04-01T00:00:00.000","Unsatisfactory Settle/Offer","7"
"2017-10-01T00:00:00.000","Delays (Policyholder Service)","3"
"2017-02-01T00:00:00.000","Unauthorized Acts","4"
"2015-09-01T00:00:00.000","Denial Of Claim; Unfair Discrim-Clms Handling","1"
"2024-07-01T00:00:00.000","Delays (Policyholder Service); Misrepresentation","1"
"2020-11-01T00:00:00.000","Delays (Underwriting)","2"
"2024-11-01T00:00:00.000","Cancellation","3"
"2019-09-01T00:00:00.000","Denial Of Claim; Premium and Rating","1"
"2022-10-01T00:00:00.000","Premium and Rating; Refund Of Premium","2"
"2018-08-01T00:00:00.000","Not Within TDI Jurisdiction; Other","1"
"2016-12-01T00:00:00.000","Cust Service Claim Handling; Delays (Claims Handling)","8"
"2026-09-01T00:00:00.000","Cancellation; Cust Srvc Policy Holder Srvcs; Refund Of Premium","1"
"2020-08-01T00:00:00.000","Unsatisfactory Settle/Offer","4"
"2016-10-01T00:00:00.000","Denial Of Claim; Unsatisfactory Settle/Offer","3"
"2017-08-01T00:00:00.000","Premium and Rating; Refund Of Premium","1"
"2015-07-01T00:00:00.000","Cust Service Claim Handling; Delays (Claims Handling); Disaster","1"
"2024-07-01T00:00:00.000","Cust Srvc Policy Holder Srvcs; Refund Of Premium","3"
"2013-12-01T00:00:00.000","Not Within TDI Jurisdiction","1"
"2020-03-01T00:00:00.000","Delays (Claims Handling)","1"
"2020-06-01T00:00:00.000","Premium Notice; Premium and Rating","1"
"2013-06-01T00:00:00.000","Conversion","2"
"2016-10-01T00:00:00.000","Delays (Policyholder Service)","3"
"2012-12-01T00:00:00.000","Cancellation; Unsatisfactory Settle/Offer","1"
"2023-03-01T00:00:00.000","Delays (Underwriting); Premium and Rating","2"
"2021-04-01T00:00:00.000","Delays (Claims Handling); Denial Of Claim","1"
"2017-10-01T00:00:00.000","Cust Service Claim Handling; Premium and Rating; Unsatisfactory Settle/Offer","1"
"2025-02-01T00:00:00.000","Delays (Claims Handling); Denial Of Claim","2"
"2021-02-01T00:00:00.000","Cust Service Claim Handling; Denial Of Claim","8"
"2017-07-01T00:00:00.000","Cust Service Claim Handling; Denial Of Claim","4"
"2025-06-01T00:00:00.000","Cust Service Claim Handling; Denial Of Claim; Endorsement / Rider","1"
"2023-06-01T00:00:00.000","Premium and Rating; Refund Of Premium","2"
"2018-09-01T00:00:00.000","Agent Handling","6"
"2017-02-01T00:00:00.000","Premium and Rating","8"
"2022-03-01T00:00:00.000","Cancellation; Misrepresentation","1"
"2024-04-01T00:00:00.000","Denial Of Claim; Misrepresentation","1"
"2023-10-01T00:00:00.000","Other","2"
"2018-11-01T00:00:00.000","Cancellation; Cust Service Claim Handling; Delays (Claims Handling)","1"
"2017-09-01T00:00:00.000","Conversion","1"
"2026-02-01T00:00:00.000","Cust Srvc Policy Holder Srvcs; Delays In Authorization","1"
"2020-06-01T00:00:00.000","Endorsement / Rider; Unsatisfactory Settle/Offer","2"
"2016-01-01T00:00:00.000","Delays (Underwriting); Refund Of Premium","1"
"2016-03-01T00:00:00.000","Agent Handling; Delays (Policyholder Service); Refund Of Premium","1"
"2013-05-01T00:00:00.000","Cust Service Claim Handling","1"
"2018-10-01T00:00:00.000","Premium and Rating; Refund Of Premium","3"
"2025-06-01T00:00:00.000","Cancellation; Denial Of Claim; Premium Notice","1"
"2022-02-01T00:00:00.000","Cancellation; Delays (Policyholder Service)","1"
"2026-07-01T00:00:00.000","Maximum Out of Pocket","1"
"2024-07-01T00:00:00.000","Cust Srvc Policy Holder Srvcs; Unsatisfactory Settle/Offer","1"
"2024-02-01T00:00:00.000","Delays (Underwriting)","1"
"2022-01-01T00:00:00.000","Cust Service Claim Handling; Delays (Claims Handling)","26"
"2018-08-01T00:00:00.000","Refund Of Premium","10"
"2017-05-01T00:00:00.000","Cancellation; Delays (Policyholder Service); Refund Of Premium","3"
"2020-08-01T00:00:00.000","Refund Of Premium","3"
"2020-11-01T00:00:00.000","Conversion","1"
"2016-02-01T00:00:00.000","Cancellation; Cust Service Claim Handling; Denial Of Claim","1"
"2023-11-01T00:00:00.000","Refund Of Premium","7"
"2012-06-01T00:00:00.000","Delays (Claims Handling)","18"
"2014-02-01T00:00:00.000","Delays (Claims Handling); Denial Of Claim","1"
"2016-03-01T00:00:00.000","Misrepresentation","1"
"2024-05-01T00:00:00.000","Delays (Claims Handling); Denial Of Claim","1"
"2019-12-01T00:00:00.000","Endorsement / Rider; Unsatisfactory Settle/Offer","1"
"2017-10-01T00:00:00.000","Delays (Claims Handling)","30"
"2021-12-01T00:00:00.000","Misrepresentation; Unsatisfactory Settle/Offer","1"
"2018-04-01T00:00:00.000","Cust Service Claim Handling; Premium and Rating; Unsatisfactory Settle/Offer","1"
"2025-12-01T00:00:00.000","Cust Service Claim Handling; Delays (Claims Handling); Endorsement / Rider; Unsatisfactory Settle/Offer","1"
"2020-04-01T00:00:00.000","Misrepresentation; Notice Requirements","1"
"2021-10-01T00:00:00.000","Cancellation; Premium and Rating","1"
"2026-03-01T00:00:00.000","Cust Srvc Policy Holder Srvcs; Delays (Policyholder Service); Misrepresentation","2"
"2025-02-01T00:00:00.000","Cust Service Claim Handling; Delays (Claims Handling); Premium and Rating","1"
"2019-03-01T00:00:00.000","Other","1"
"2025-12-01T00:00:00.000","Cust Service Claim Handling; Delays (Claims Handling); Denial Of Claim","10"
"2023-07-01T00:00:00.000","Cancellation; Cust Service Claim Handling","1"
"2026-03-01T00:00:00.000","Cust Srvc Policy Holder Srvcs; Endorsement / Rider; Unsatisfactory Settle/Offer","1"
"2024-06-01T00:00:00.000","Denial Of Claim","29"
"2026-01-01T00:00:00.000","Commissions; Unauthorized Acts","1"
"2023-01-01T00:00:00.000","Denial Of Claim; Liability Dispute","1"
"2025-06-01T00:00:00.000","Cust Service Claim Handling; Delays (Claims Handling); Denial Of Claim; Unsatisfactory Settle/Offer","1"
"2021-04-01T00:00:00.000","Closing; Title Defects","1"
"2024-12-01T00:00:00.000","Cust Srvc Policy Holder Srvcs; Delays (Policyholder Service); Premium and Rating; Refund Of Premium","1"
"2022-01-01T00:00:00.000","Denial Of Claim; Other","1"
"2015-07-01T00:00:00.000","Delays (Claims Handling)","12"
"2022-07-01T00:00:00.000","Misrepresentation","4"
"2016-05-01T00:00:00.000","Closed-Lack Of Info Cmplainant","1"
"2014-02-01T00:00:00.000","Agent Handling; Delays (Policyholder Service)","1"
"2020-08-01T00:00:00.000","Cancellation; Delays (Policyholder Service); Refund Of Premium","1"
"2015-03-01T00:00:00.000","Cust Service Claim Handling; Unsatisfactory Settle/Offer","3"
"2019-08-01T00:00:00.000","Unauthorized Acts","1"
"2018-06-01T00:00:00.000","Cancellation; Premium and Rating","1"
"2013-09-01T00:00:00.000","Increased Dwelling Coverage","2"
"2013-02-01T00:00:00.000","Endorsement / Rider; Unsatisfactory Settle/Offer","1"
"2018-10-01T00:00:00.000","Delays (Claims Handling)","13"
"2026-04-01T00:00:00.000","Cust Srvc Policy Holder Srvcs; Endorsement / Rider; Refund Of Premium","1"
"2018-11-01T00:00:00.000","Agent Handling; Cancellation; Delays (Policyholder Service); Refund Of Premium","1"
"2025-09-01T00:00:00.000","Cust Service Claim Handling; Denial Of Claim; Post-Claim Underwriting; Premium and Rating","1"
"2017-05-01T00:00:00.000","Liability Dispute","1"
"2023-06-01T00:00:00.000","Unsatisfactory Settle/Offer","85"
"2026-03-01T00:00:00.000","Delays (Claims Handling); Policy Exclusion","1"
"2025-10-01T00:00:00.000","Cust Service Claim Handling","8"
"2026-01-01T00:00:00.000","Cust Service Claim Handling; Delays (Claims Handling); Unauthorized Acts","1"
"2015-09-01T00:00:00.000","Non-Renewal","4"
"2020-06-01T00:00:00.000","Refund Of Premium","11"
"2013-02-01T00:00:00.000","Excessive Rates; Premium and Rating","7"
"2026-08-01T00:00:00.000","Non-Renewal; Refusal to Insure","1"
"2015-09-01T00:00:00.000","Cancellation; Delays (Policyholder Service); Other","1"
"2025-07-01T00:00:00.000","Cust Srvc Policy Holder Srvcs; Refund Of Premium","8"
"2020-09-01T00:00:00.000","Delays (Policyholder Service); Delays (Underwriting); Premium and Rating; Refund Of Premium","1"
"2018-01-01T00:00:00.000","Delays (Underwriting)","2"
"2025-02-01T00:00:00.000","Non-Renewal","6"
"2013-03-01T00:00:00.000","Excessive Rates; Premium and Rating; Refund Of Premium","1"
"2020-02-01T00:00:00.000","Delays (Policyholder Service); Premium and Rating; Refund Of Premium","1"
"2015-02-01T00:00:00.000","Liability Dispute","1"
"2018-12-01T00:00:00.000","Delays (Claims Handling); Unsatisfactory Settle/Offer","9"
"2025-06-01T00:00:00.000","Denial Of Claim; Policy Exclusion; Unsatisfactory Settle/Offer","1"
"2025-02-01T00:00:00.000","Denial Of Claim","12"
"2017-12-01T00:00:00.000","Cust Service Claim Handling; Unfair Discrim-Clms Handling","1"
"2017-09-01T00:00:00.000","Refund Of Premium","7"
"2024-03-01T00:00:00.000","Cancellation; Delays (Underwriting); Refund Of Premium","1"
"2022-06-01T00:00:00.000","Delays (Claims Handling); Denial Of Claim; Endorsement / Rider","1"
"2026-03-01T00:00:00.000","Delays (Claims Handling); Unfair Discrim-Clms Handling; Unsatisfactory Settle/Offer","1"
"2025-08-01T00:00:00.000","Cust Service Claim Handling; Delays (Claims Handling); Premium and Rating; Unsatisfactory Settle/Offer","1"
"2024-08-01T00:00:00.000","Commissions; Cust Srvc Policy Holder Srvcs; Unauthorized Acts","1"
"2023-11-01T00:00:00.000","Cust Service Claim Handling","6"
"2022-10-01T00:00:00.000","Denial Of Claim; Misrepresentation","1"
"2023-05-01T00:00:00.000","Misrepresentation; Refund Of Premium","3"
"2016-09-01T00:00:00.000","Cust Service Claim Handling; Increased Dwelling Coverage; Unsatisfactory Settle/Offer","1"
"2023-10-01T00:00:00.000","Premium and Rating; Unsatisfactory Settle/Offer","1"
"2018-10-01T00:00:00.000","Agent Handling; Misrepresentation; Unauthorized Acts","1"
"2019-05-01T00:00:00.000","Use of Credit Reports","3"
"2025-01-01T00:00:00.000","Cust Srvc Policy Holder Srvcs; Delays (Underwriting)","1"
"2013-06-01T00:00:00.000","Delays (Policyholder Service); Premium and Rating; Refund Of Premium","1"
"2023-08-01T00:00:00.000","Other","7"
"2022-07-01T00:00:00.000","Cust Service Claim Handling; Endorsement / Rider; Unsatisfactory Settle/Offer","1"
"2014-12-01T00:00:00.000","Agent Handling","8"
"2022-07-01T00:00:00.000","Cust Service Claim Handling; Use Of Clue Reports","1"
"2013-03-01T00:00:00.000","Premium Notice; Premium and Rating","1"
"2020-01-01T00:00:00.000","Delays (Claims Handling); Unsatisfactory Settle/Offer; Usual And Customary","1"
"2026-04-01T00:00:00.000","Cust Service Claim Handling","6"
"2019-12-01T00:00:00.000","Cust Service Claim Handling; Denial Of Claim","3"
"2023-03-01T00:00:00.000","Cancellation; Delays (Policyholder Service)","2"
"2017-01-01T00:00:00.000","Cancellation","3"
"2017-11-01T00:00:00.000","Cust Service Claim Handling; Delays (Claims Handling); Denial Of Claim","10"
"2013-02-01T00:00:00.000","Conversion","2"
"2020-07-01T00:00:00.000","Cust Service Claim Handling; Denial Of Claim; Unsatisfactory Settle/Offer","3"
"2025-07-01T00:00:00.000","Delays (Policyholder Service); Use Of Clue Reports","1"
"2023-05-01T00:00:00.000","Premium and Rating; Unsatisfactory Settle/Offer","1"
"2016-05-01T00:00:00.000","Cancellation","3"
"2017-09-01T00:00:00.000","Denial Of Claim; Unsatisfactory Settle/Offer","2"
"2025-08-01T00:00:00.000","Premium and Rating","15"
"2020-07-01T00:00:00.000","Non-Renewal; Unauthorized Acts","1"
"2017-08-01T00:00:00.000","Denial Of Claim; Premium and Rating","1"
"2018-07-01T00:00:00.000","Delays (Policyholder Service); Premium and Rating; Refund Of Premium","1"
"2023-05-01T00:00:00.000","Cust Service Claim Handling; Unsatisfactory Settle/Offer","12"
"2017-03-01T00:00:00.000","Cust Service Claim Handling; Delays (Policyholder Service); Unsatisfactory Settle/Offer","1"
"2023-11-01T00:00:00.000","Delays (Policyholder Service); Endorsement / Rider; Unsatisfactory Settle/Offer","1"
"2018-08-01T00:00:00.000","Cancellation; Premium Notice; Refund Of Premium","1"
"2017-03-01T00:00:00.000","Use Of Clue Reports","2"
"2017-08-01T00:00:00.000","Unsatisfactory Settle/Offer","15"
"2017-03-01T00:00:00.000","Cancellation; Endorsement / Rider; Premium and Rating; Refund Of Premium","1"
"2014-07-01T00:00:00.000","Delays (Claims Handling); Unsatisfactory Settle/Offer","7"
"2023-06-01T00:00:00.000","Delays (Claims Handling)","42"
"2021-10-01T00:00:00.000","Conversion; Delays (Policyholder Service); Other","1"
"2026-05-01T00:00:00.000","Cust Service Claim Handling; Cust Srvc Policy Holder Srvcs; Use Of Clue Reports","1"
"2017-10-01T00:00:00.000","Cust Service Claim Handling; Delays (Claims Handling)","39"
"2025-12-01T00:00:00.000","Cust Srvc Policy Holder Srvcs; Duplication of Coverage; Premium Notice; Refund Of Premium","1"
"2017-11-01T00:00:00.000","Misleading Advertising","2"
"2025-10-01T00:00:00.000","Endorsement / Rider; Unsatisfactory Settle/Offer","1"
"2023-06-01T00:00:00.000","Cancellation","8"
"2019-01-01T00:00:00.000","Denial Of Claim","20"
"2013-06-01T00:00:00.000","Cust Service Claim Handling; Denial Of Claim; Refusal to Insure","1"
"2012-11-01T00:00:00.000","Conversion","5"
"2025-08-01T00:00:00.000","Cust Srvc Policy Holder Srvcs; Delays (Policyholder Service); Unauthorized Acts","1"
"2025-11-01T00:00:00.000","Misleading Advertising; Misrepresentation","1"
"2026-02-01T00:00:00.000","Cust Service Claim Handling; Denial Of Claim; Unfair Discrim-Clms Handling","1"
"2026-01-01T00:00:00.000","Closing","1"
"2020-06-01T00:00:00.000","Misleading Advertising; Misrepresentation","1"
"2026-02-01T00:00:00.000","Refund Of Premium; Unauthorized Acts","1"
"2022-11-01T00:00:00.000","Cancellation; Premium Notice; Premium and Rating","1"
"2026-04-01T00:00:00.000","Misrepresentation; Premium and Rating","1"
"2017-04-01T00:00:00.000","Unauthorized Acts","3"
"2021-06-01T00:00:00.000","Notice Requirements","1"
"2015-09-01T00:00:00.000","Denial Of Claim","32"
"2015-01-01T00:00:00.000","Delays (Policyholder Service); Refund Of Premium","5"
"2026-03-01T00:00:00.000","Policy Exclusion; Unsatisfactory Settle/Offer","1"
"2016-01-01T00:00:00.000","Cust Service Claim Handling","1"
"2024-10-01T00:00:00.000","Cust Service Claim Handling; Premium and Rating; Unsatisfactory Settle/Offer","1"
"2023-05-01T00:00:00.000","Denial Of Claim","26"
"2022-06-01T00:00:00.000","Notice Requirements","1"
"2012-09-01T00:00:00.000","Closed-Lack Of Info Cmplainant","1"
"2018-02-01T00:00:00.000","Denial Of Claim","35"
"2016-10-01T00:00:00.000","Delays (Policyholder Service); Premium Notice; Premium and Rating; Refund Of Premium","1"
"2015-09-01T00:00:00.000","Delays (Policyholder Service)","4"
"2026-06-01T00:00:00.000","Cust Srvc Policy Holder Srvcs; Delays (Policyholder Service); Duplication of Coverage; Refund Of Premium","1"
"2014-08-01T00:00:00.000","Agent Handling","5"
"2025-02-01T00:00:00.000","Cust Service Claim Handling; Cust Srvc Policy Holder Srvcs; Delays (Claims Handling); Delays (Policyholder Service)","1"
"2026-04-01T00:00:00.000","Refund Of Premium","8"
"2013-11-01T00:00:00.000","Delays (Policyholder Service); Denial Of Claim","1"
"2022-04-01T00:00:00.000","Delays (Claims Handling)","29"
"2018-08-01T00:00:00.000","Denial Of Claim; Post-Claim Underwriting","1"
"2026-01-01T00:00:00.000","Cust Service Claim Handling; Denial Of Claim; Unsatisfactory Settle/Offer","4"
"2024-02-01T00:00:00.000","Unauthorized Acts","3"
"2024-01-01T00:00:00.000","Non-Renewal","14"
"2024-08-01T00:00:00.000","Cust Service Claim Handling; Delays (Claims Handling)","136"
"2013-03-01T00:00:00.000","Denial Of Claim; Endorsement / Rider; Non-Renewal; Premium and Rating","1"
"2012-06-01T00:00:00.000","Agent Handling; Conversion","3"
"2026-06-01T00:00:00.000","Cust Service Claim Handling; Denial Of Claim","28"
"2019-12-01T00:00:00.000","Premium and Rating; Use of Credit Reports","1"
"2025-02-01T00:00:00.000","Cust Srvc Policy Holder Srvcs; Delays (Policyholder Service)","4"
"2023-05-01T00:00:00.000","Conversion; Delays (Policyholder Service); Refund Of Premium","2"
"2020-08-01T00:00:00.000","Liability Dispute; Post-Claim Underwriting; Premium and Rating; Use Of Clue Reports","1"
"2023-09-01T00:00:00.000","Cust Service Claim Handling; Delays (Claims Handling)","69"
"2015-08-01T00:00:00.000","Delays (Claims Handling); Not Within TDI Jurisdiction","2"
"2026-08-01T00:00:00.000","Cust Service Claim Handling; Unauthorized Acts","1"
"2015-03-01T00:00:00.000","Use Of Clue Reports","1"
"2015-08-01T00:00:00.000","Refusal to Insure","2"
"2015-09-01T00:00:00.000","Premium and Rating; Use Of Clue Reports","1"
"2026-03-01T00:00:00.000","Delays (Claims Handling); Prompt Pay; Unsatisfactory Settle/Offer","1"
"2023-08-01T00:00:00.000","Unauthorized Acts; Unsatisfactory Settle/Offer","1"
"2024-05-01T00:00:00.000","Commissions; Unauthorized Acts","1"
"2015-10-01T00:00:00.000","Cust Service Claim Handling; Delays (Claims Handling); Unsatisfactory Settle/Offer","10"
"2013-02-01T00:00:00.000","Delays (Claims Handling); Disaster","1"
"2024-06-01T00:00:00.000","Delays (Policyholder Service); Unauthorized Acts","1"
"2025-09-01T00:00:00.000","Cust Service Claim Handling; Denial Of Claim; Liability Dispute","1"
"2026-04-01T00:00:00.000","Delays (Policyholder Service); Unauthorized Acts","1"
"2016-05-01T00:00:00.000","Delays (Claims Handling); Unsatisfactory Settle/Offer","7"
"2016-07-01T00:00:00.000","Cust Service Claim Handling; Delays (Claims Handling)","9"
"2018-12-01T00:00:00.000","Cust Service Claim Handling; Delays (Claims Handling); Unsatisfactory Settle/Offer","7"
"2016-02-01T00:00:00.000","Agent Handling; Delays (Policyholder Service); Notice Requirements","1"
"2013-07-01T00:00:00.000","Other","10"
"2023-11-01T00:00:00.000","Cancellation","11"
"2025-10-01T00:00:00.000","Delays (Underwriting); Premium and Rating; Refund Of Premium","1"
"2013-05-01T00:00:00.000","Denial Of Claim","30"
"2024-07-01T00:00:00.000","Cancellation; Delays (Claims Handling); Refund Of Premium","1"
"2017-02-01T00:00:00.000","Premium and Rating; Unsatisfactory Settle/Offer","1"
"2024-01-01T00:00:00.000","Cancellation","3"
"2013-08-01T00:00:00.000","Excessive Rates; Premium and Rating","5"
"2014-06-01T00:00:00.000","Denial Of Claim; Liability Dispute","1"
"2016-03-01T00:00:00.000","Non-Renewal; Unsatisfactory Settle/Offer","1"
"2023-10-01T00:00:00.000","Cust Service Claim Handling; Delays (Claims Handling)","54"
"2015-07-01T00:00:00.000","Delays (Policyholder Service); Other; Refund Of Premium","1"
"2014-06-01T00:00:00.000","Agent Handling; Delays (Policyholder Service)","1"
"2025-08-01T00:00:00.000","Endorsement / Rider","1"
"2017-09-01T00:00:00.000","Premium and Rating","5"
"2017-08-01T00:00:00.000","Delays (Policyholder Service); Delays (Underwriting); Refund Of Premium","1"
"2024-12-01T00:00:00.000","Premium and Rating","16"
"2025-07-01T00:00:00.000","Cust Service Claim Handling; Delays (Claims Handling); Endorsement / Rider; Non-Renewal; Unsatisfactory Settle/Offer","1"
"2015-08-01T00:00:00.000","Cust Service Claim Handling; Delays (Claims Handling); Unsatisfactory Settle/Offer","8"
"2014-07-01T00:00:00.000","Other","12"
"2013-04-01T00:00:00.000","Denial Of Claim; Liability Dispute","6"
"2024-05-01T00:00:00.000","Unauthorized Acts","2"
"2025-05-01T00:00:00.000","Delays (Underwriting); Premium Notice; Premium and Rating","1"
"2023-09-01T00:00:00.000","Other","3"
"2013-09-01T00:00:00.000","Delays (Policyholder Service)","6"
"2026-05-01T00:00:00.000","Cust Srvc Policy Holder Srvcs; Unsatisfactory Settle/Offer","1"
"2025-09-01T00:00:00.000","Cust Service Claim Handling; Denial Of Claim; Unsatisfactory Settle/Offer","3"
"2012-10-01T00:00:00.000","Cust Service Claim Handling; Unsatisfactory Settle/Offer","6"
"2026-09-01T00:00:00.000","Delays (Claims Handling)","1"
"2020-06-01T00:00:00.000","Denial Of Claim","24"
"2013-01-01T00:00:00.000","Delays (Policyholder Service)","1"
"2023-02-01T00:00:00.000","Use of Credit Reports","1"
"2014-02-01T00:00:00.000","Premium and Rating","12"
"2024-10-01T00:00:00.000","Claim Recoding/Bundling; Cust Service Claim Handling; Premium and Rating; Use Of Clue Reports","1"
"2022-01-01T00:00:00.000","Conversion; Misrepresentation","1"
"2026-06-01T00:00:00.000","Cancellation; Cust Srvc Policy Holder Srvcs; Delays (Policyholder Service); Refusal to Insure","1"
"2011-10-01T00:00:00.000","Unsatisfactory Settle/Offer","2"
"2023-05-01T00:00:00.000","Cancellation; Denial Of Claim; Premium and Rating","1"
"2025-05-01T00:00:00.000","Cust Srvc Policy Holder Srvcs; Refund Of Premium","12"
"2014-06-01T00:00:00.000","Unsatisfactory Settle/Offer","33"
"2024-02-01T00:00:00.000","Cust Service Claim Handling; Delays (Policyholder Service); Refund Of Premium; Unsatisfactory Settle/Offer; Use Of Clue Reports","1"
"2018-01-01T00:00:00.000","Denial Of Claim","39"
"2024-10-01T00:00:00.000","Cust Srvc Policy Holder Srvcs; Delays (Policyholder Service)","13"
"2019-12-01T00:00:00.000","Cust Service Claim Handling; Endorsement / Rider; Unsatisfactory Settle/Offer","1"
"2021-07-01T00:00:00.000","Non-Renewal","3"
"2019-03-01T00:00:00.000","Use Of Clue Reports","3"
"2024-07-01T00:00:00.000","Misrepresentation; Unsatisfactory Settle/Offer","1"
"2024-11-01T00:00:00.000","Denial Of Claim; Premium and Rating","1"
"2025-01-01T00:00:00.000","Cust Service Claim Handling; Denial Of Claim; Endorsement / Rider","1"
"2023-04-01T00:00:00.000","Summary of Benefits","1"
"2016-04-01T00:00:00.000","Delays (Policyholder Service)","4"
"2024-06-01T00:00:00.000","Cust Service Claim Handling; Delays (Claims Handling)","97"
"2025-01-01T00:00:00.000","Delays (Underwriting)","2"
"2020-08-01T00:00:00.000","Cust Service Claim Handling; Denial Of Claim; Unsatisfactory Settle/Offer","2"
"2015-02-01T00:00:00.000","Agent Handling; Conversion; Misrepresentation; Other; Unauthorized Acts","1"
"2023-01-01T00:00:00.000","Cancellation; Denial Of Claim","1"
"2019-02-01T00:00:00.000","Cust Service Claim Handling; Delays (Claims Handling)","13"
"2022-03-01T00:00:00.000","Premium and Rating; Refund Of Premium","1"
"2013-07-01T00:00:00.000","Denial Of Claim","24"
"2017-10-01T00:00:00.000","Unsatisfactory Settle/Offer; Usual And Customary","3"
"2015-08-01T00:00:00.000","Delays (Policyholder Service); Unsatisfactory Settle/Offer","1"
"2015-09-01T00:00:00.000","Post-Claim Underwriting; Premium and Rating","1"
"2015-04-01T00:00:00.000","Agent Handling; Denial Of Claim; Non-Disclosure Of Coverage","1"
"2022-02-01T00:00:00.000","Cancellation; Delays (Policyholder Service); Refund Of Premium","1"
"2024-10-01T00:00:00.000","Cancellation; Delays (Policyholder Service); Refund Of Premium","1"
"2020-12-01T00:00:00.000","Cancellation; Endorsement / Rider; Refund Of Premium","1"
"2021-02-01T00:00:00.000","Delays (Policyholder Service)","7"
"2015-11-01T00:00:00.000","Delays (Policyholder Service); Premium Notice","1"
"2014-09-01T00:00:00.000","Delays (Claims Handling); Liability Dispute","1"
"2024-06-01T00:00:00.000","Cust Srvc Policy Holder Srvcs; Misrepresentation; Premium and Rating","1"
"2024-04-01T00:00:00.000","Premium and Rating; Use of Credit Reports","1"
"2014-07-01T00:00:00.000","Delays (Policyholder Service); Premium Notice","1"
"2025-12-01T00:00:00.000","Cust Srvc Policy Holder Srvcs; Refund Of Premium","9"
"2015-09-01T00:00:00.000","Delays (Claims Handling); Unsatisfactory Settle/Offer","9"
"2022-02-01T00:00:00.000","Cancellation","3"
"2026-08-01T00:00:00.000","Delays (Claims Handling); Unsatisfactory Settle/Offer","7"
"2018-11-01T00:00:00.000","Cancellation; Denial Of Claim","3"
"2022-01-01T00:00:00.000","Cust Service Claim Handling; Unsatisfactory Settle/Offer","8"
"2016-10-01T00:00:00.000","Cust Service Claim Handling; Unsatisfactory Settle/Offer","5"
"2019-07-01T00:00:00.000","Cancellation; Delays (Policyholder Service); Delays (Underwriting); Refund Of Premium","2"
"2026-05-01T00:00:00.000","Cancellation; Denial Of Claim","1"
"2024-07-01T00:00:00.000","Cancellation; Denial Of Claim; Refund Of Premium","1"
"2020-08-01T00:00:00.000","Unauthorized Acts","3"
"2016-05-01T00:00:00.000","Cust Service Claim Handling; Delays (Underwriting); Endorsement / Rider; Use Of Clue Reports","1"
"2018-12-01T00:00:00.000","Non-Renewal","1"
"2026-02-01T00:00:00.000","Cust Service Claim Handling; Delays (Claims Handling); Refund Of Premium","1"
"2013-09-01T00:00:00.000","Misrepresentation","7"
"2026-04-01T00:00:00.000","Cust Service Claim Handling; Delays (Claims Handling); Unfair Discrim-Clms Handling; Unsatisfactory Settle/Offer","2"
"2024-08-01T00:00:00.000","Delays (Policyholder Service)","7"
"2019-06-01T00:00:00.000","Cancellation; Delays (Policyholder Service); Notice Requirements","1"
"2021-07-01T00:00:00.000","Denial Of Claim; Unsatisfactory Settle/Offer","4"
"2026-04-01T00:00:00.000","Refusal to Insure; Use Of Clue Reports","1"
"2025-05-01T00:00:00.000","Cancellation; Delays (Underwriting)","1"
"2026-06-01T00:00:00.000","Cust Srvc Policy Holder Srvcs; Refund Of Premium","8"
"2019-06-01T00:00:00.000","Misleading Advertising","1"
"2013-03-01T00:00:00.000","Cust Service Claim Handling; Delays (Claims Handling)","8"
"2026-07-01T00:00:00.000","Use Of Clue Reports","1"
"2019-01-01T00:00:00.000","Cancellation; Delays (Policyholder Service)","1"
"2015-04-01T00:00:00.000","Premium and Rating","12"
"2026-07-01T00:00:00.000","Cust Service Claim Handling; Delays (Claims Handling); Denial Of Claim","16"
"2026-05-01T00:00:00.000","Cust Service Claim Handling; Premium Notice; Premium and Rating; Unsatisfactory Settle/Offer","1"
"2022-05-01T00:00:00.000","Improper Inducements","2"
"2015-07-01T00:00:00.000","Agent Handling","11"
"2025-02-01T00:00:00.000","Cust Srvc Policy Holder Srvcs; Delays (Underwriting); Non-Renewal","1"
"2024-08-01T00:00:00.000","Denial Of Claim; Unsatisfactory Settle/Offer","1"
"2021-02-01T00:00:00.000","Denial Of Claim; Unsatisfactory Settle/Offer","2"
"2024-07-01T00:00:00.000","Cust Srvc Policy Holder Srvcs; Misrepresentation","3"
"2017-10-01T00:00:00.000","Agent Handling; Conversion","1"
"2015-05-01T00:00:00.000","Delays (Policyholder Service); Premium Notice","1"
"2025-04-01T00:00:00.000","Cust Service Claim Handling; Liability Dispute; Use Of Clue Reports","1"
"2026-05-01T00:00:00.000","Cust Srvc Policy Holder Srvcs; Misrepresentation","1"
"2022-09-01T00:00:00.000","Cust Service Claim Handling; Delays (Claims Handling)","26"
"2025-08-01T00:00:00.000","Cust Service Claim Handling; Cust Srvc Policy Holder Srvcs; Premium and Rating; Unsatisfactory Settle/Offer","1"
"2016-10-01T00:00:00.000","Cancellation; Denial Of Claim","1"
"2013-03-01T00:00:00.000","Delays (Claims Handling); Excessive Rates; Premium and Rating","1"
"2026-07-01T00:00:00.000","Cust Srvc Policy Holder Srvcs; Refund Of Premium","5"
"2013-05-01T00:00:00.000","Non-Renewal","2"
"2022-04-01T00:00:00.000","Premium Notice; Refund Of Premium","1"
"2016-12-01T00:00:00.000","Denial Of Claim; Premium and Rating","2"
"2013-07-01T00:00:00.000","Delays (Claims Handling); Liability Dispute; Unsatisfactory Settle/Offer","1"
"2020-07-01T00:00:00.000","Assignment of Benefits; Unsatisfactory Settle/Offer","1"
"2018-10-01T00:00:00.000","Premium and Rating","2"
"2022-10-01T00:00:00.000","Cust Service Claim Handling; Delays (Claims Handling)","33"
"2013-02-01T00:00:00.000","Increased Dwelling Coverage","1"
"2017-10-01T00:00:00.000","Delays (Claims Handling); Unsatisfactory Settle/Offer","15"
"2020-08-01T00:00:00.000","Cancellation; Refusal to Insure","1"
"2014-01-01T00:00:00.000","Denial Of Claim","35"
"2025-10-01T00:00:00.000","Cust Service Claim Handling; Delays (Claims Handling); Unauthorized Acts","1"
"2019-06-01T00:00:00.000","Cust Service Claim Handling; Delays (Claims Handling); Unsatisfactory Settle/Offer","9"
"2012-11-01T00:00:00.000","Delays (Claims Handling)","25"
"2013-07-01T00:00:00.000","Denial Of Claim; Liability Dispute","1"
"2019-07-01T00:00:00.000","Conversion","1"
"2022-11-01T00:00:00.000","Cust Service Claim Handling; Delays (Claims Handling); Denial Of Claim; Refund Of Premium","1"
"2026-08-01T00:00:00.000","Cust Service Claim Handling; Delays (Claims Handling)","62"
"2014-08-01T00:00:00.000","Denial Of Claim; Liability Dispute","2"
"2018-10-01T00:00:00.000","Cust Service Claim Handling; Delays (Claims Handling); Unsatisfactory Settle/Offer","6"
"2016-10-01T00:00:00.000","Delays (Policyholder Service); Premium and Rating","1"
"2017-08-01T00:00:00.000","Cancellation; Delays (Policyholder Service)","2"
"2026-09-01T00:00:00.000","Cust Srvc Policy Holder Srvcs; Endorsement / Rider","1"
"2012-08-01T00:00:00.000","Refund Of Premium","12"
"2016-06-01T00:00:00.000","Non-Renewal","1"
"2013-10-01T00:00:00.000","Fraud","1"
"2024-07-01T00:00:00.000","Cust Service Claim Handling; Delays (Claims Handling); Unsatisfactory Settle/Offer","107"
"2020-05-01T00:00:00.000","Cancellation; Premium Notice; Premium and Rating","1"
"2025-01-01T00:00:00.000","Cust Service Claim Handling; Unfair Discrim-Clms Handling; Unsatisfactory Settle/Offer","1"
"2016-03-01T00:00:00.000","Denial Of Claim; Unsatisfactory Settle/Offer","1"
"2020-05-01T00:00:00.000","Delays (Policyholder Service); Premium and Rating","1"
"2012-06-01T00:00:00.000","Other","5"
"2017-06-01T00:00:00.000","Delays (Underwriting)","1"
"2021-11-01T00:00:00.000","Cust Service Claim Handling","6"
"2025-06-01T00:00:00.000","Cancellation; Refund Of Premium","2"
"2022-08-01T00:00:00.000","Denial Of Claim; Misrepresentation","1"
"2019-10-01T00:00:00.000","Cust Service Claim Handling; Non-Renewal; Post-Claim Underwriting; Unsatisfactory Settle/Offer","1"
"2022-07-01T00:00:00.000","Cust Service Claim Handling; Delays (Claims Handling)","44"
"2018-05-01T00:00:00.000","Increased Dwelling Coverage","1"
"2020-01-01T00:00:00.000","Cust Service Claim Handling; Delays (Claims Handling); Liability Dispute; Unauthorized Acts","1"
"2018-04-01T00:00:00.000","Cust Service Claim Handling","12"
"2024-08-01T00:00:00.000","Cust Service Claim Handling; Delays (Claims Handling); Insurer Fraud; Unsatisfactory Settle/Offer","1"
"2013-01-01T00:00:00.000","Agent Handling; Unsatisfactory Settle/Offer","1"
"2021-02-01T00:00:00.000","Cancellation","6"
"2015-12-01T00:00:00.000","Denial Of Claim; Refund Of Premium","1"
"2024-12-01T00:00:00.000","Cancellation; Cust Srvc Policy Holder Srvcs; Delays (Policyholder Service)","2"
"2015-03-01T00:00:00.000","Cust Service Claim Handling; Denial Of Claim","2"
"2013-07-01T00:00:00.000","Agent Handling; Denial Of Claim; Not Within TDI Jurisdiction","1"
"2013-09-01T00:00:00.000","Delays (Claims Handling); Denial Of Claim","3"
"2016-10-01T00:00:00.000","Cancellation; Endorsement / Rider; Notice Requirements; Refund Of Premium","1"
"2020-03-01T00:00:00.000","Delays (Policyholder Service); Refund Of Premium","4"
"2021-09-01T00:00:00.000","Cust Service Claim Handling; Delays (Claims Handling); Denial Of Claim; Unsatisfactory Settle/Offer","3"
"2019-03-01T00:00:00.000","Delays (Policyholder Service); Refund Of Premium","1"
"2020-02-01T00:00:00.000","Delays (Policyholder Service)","7"
"2025-09-01T00:00:00.000","Cust Service Claim Handling; Cust Srvc Policy Holder Srvcs","1"
"2023-03-01T00:00:00.000","Refund Of Premium","14"
"2014-03-01T00:00:00.000","Premium Notice; Premium and Rating","1"
"2024-07-01T00:00:00.000","Refund Of Premium; Unsatisfactory Settle/Offer","1"
"2013-01-01T00:00:00.000","Delays (Claims Handling); Unsatisfactory Settle/Offer","4"
"2015-07-01T00:00:00.000","Cancellation; Notice Requirements; Other; Refund Of Premium","1"
"2013-10-01T00:00:00.000","Denial Of Claim","42"
"2025-01-01T00:00:00.000","Non-Renewal","6"
"2024-11-01T00:00:00.000","Cust Srvc Policy Holder Srvcs; Delays (Policyholder Service); Refund Of Premium","6"
"2026-03-01T00:00:00.000","Delays (Claims Handling); Unsatisfactory Settle/Offer","15"
"2025-07-01T00:00:00.000","Cust Service Claim Handling; Delays (Claims Handling); Premium and Rating; Refund Of Premium; Use Of Clue Reports; Use of Credit Reports","1"
"2018-05-01T00:00:00.000","Cancellation; Refund Of Premium","1"
"2024-10-01T00:00:00.000","Delays (Claims Handling); Denial Of Claim","2"
"2021-06-01T00:00:00.000","Cust Service Claim Handling; Delays (Claims Handling)","59"
"2026-04-01T00:00:00.000","Misrepresentation","3"
"2023-03-01T00:00:00.000","Delays (Policyholder Service)","8"
"2020-09-01T00:00:00.000","Misrepresentation","5"
"2020-05-01T00:00:00.000","Conversion; Unauthorized Acts","1"
"2014-10-01T00:00:00.000","Denial Of Claim; Non-Renewal","2"
"2014-12-01T00:00:00.000","Cancellation; Delays (Policyholder Service); Non-Renewal","1"
"2014-12-01T00:00:00.000","Cancellation; Refusal to Insure","1"
"2025-08-01T00:00:00.000","Non-Renewal; Unfair Discrimination; Use Of Clue Reports","1"
"2024-06-01T00:00:00.000","Cust Srvc Policy Holder Srvcs; Refund Of Premium","4"
"2017-07-01T00:00:00.000","Agent Handling; Cust Service Claim Handling; Unsatisfactory Settle/Offer","1"
"2016-09-01T00:00:00.000","Unsatisfactory Settle/Offer","14"
"2022-11-01T00:00:00.000","Notice Requirements; Premium Notice; Premium and Rating; Refund Of Premium","1"
"2019-11-01T00:00:00.000","Denial Of Claim","26"
"2018-04-01T00:00:00.000","Denial Of Claim; Non-Renewal","1"
"2024-11-01T00:00:00.000","Cust Service Claim Handling; Delays (Claims Handling)","86"
"2022-06-01T00:00:00.000","Cust Service Claim Handling; Refund Of Premium","1"
"2022-04-01T00:00:00.000","Cancellation; Delays (Policyholder Service); Use of Credit Reports","1"
"2026-07-01T00:00:00.000","Endorsement / Rider; Unsatisfactory Settle/Offer","1"
"2026-07-01T00:00:00.000","Cancellation; Non-Renewal","1"
"2021-10-01T00:00:00.000","Other; Unsatisfactory Settle/Offer","1"
"2025-10-01T00:00:00.000","Cust Service Claim Handling; Delays (Claims Handling); Policy Exclusion; Unsatisfactory Settle/Offer","1"
"2017-12-01T00:00:00.000","Agent Handling; Cust Service Claim Handling; Delays (Claims Handling)","1"
"2013-04-01T00:00:00.000","Premium and Rating","13"
"2014-05-01T00:00:00.000","Agent Handling; Conversion; Misrepresentation","1"
"2026-08-01T00:00:00.000","Cust Srvc Policy Holder Srvcs; Delays (Policyholder Service); Premium Notice","1"
"2026-04-01T00:00:00.000","Cancellation; Cust Service Claim Handling","1"
"2025-11-01T00:00:00.000","Cust Srvc Policy Holder Srvcs; Refund Of Premium","6"
"2025-09-01T00:00:00.000","Cancellation; Cust Service Claim Handling; Delays (Claims Handling); Non-Renewal; Unsatisfactory Settle/Offer","2"
"2025-07-01T00:00:00.000","Premium and Rating","9"
"2024-04-01T00:00:00.000","Misrepresentation","12"
"2024-06-01T00:00:00.000","Denial Of Claim; Non-Renewal","1"
"2025-08-01T00:00:00.000","Cancellation; Cust Srvc Policy Holder Srvcs; Delays (Policyholder Service)","2"
"2024-01-01T00:00:00.000","Cust Service Claim Handling; Non-Renewal; Unsatisfactory Settle/Offer","1"
"2021-11-01T00:00:00.000","Cust Service Claim Handling; Delays (Claims Handling); Unsatisfactory Settle/Offer","24"
"2024-03-01T00:00:00.000","Cancellation; Refund Of Premium","3"
"2016-10-01T00:00:00.000","Agent Handling","15"
"2024-09-01T00:00:00.000","Cancellation; Delays (Policyholder Service)","1"
"2021-06-01T00:00:00.000","Cust Service Claim Handling; Delays (Claims Handling); Unsatisfactory Settle/Offer","25"
"2021-05-01T00:00:00.000","Cancellation; Denial Of Claim","3"
"2019-09-01T00:00:00.000","Cancellation; Delays (Claims Handling); Non-Renewal; Unsatisfactory Settle/Offer","1"
"2014-09-01T00:00:00.000","Delays (Policyholder Service)","7"
"2019-12-01T00:00:00.000","Delays (Policyholder Service)","6"
"2018-06-01T00:00:00.000","Other","1"
"2018-09-01T00:00:00.000","Agent Handling; Delays (Policyholder Service); Refund Of Premium","2"
"2023-02-01T00:00:00.000","Delays (Claims Handling); Denial Of Claim","2"
"2024-06-01T00:00:00.000","Non-Renewal; Premium and Rating","2"
"2021-11-01T00:00:00.000","Delays (Policyholder Service); Refund Of Premium","2"
"2012-12-01T00:00:00.000","Cancellation","5"
"2026-09-01T00:00:00.000","Cust Service Claim Handling; Policy Exclusion; Unsatisfactory Settle/Offer","1"
"2013-04-01T00:00:00.000","Excessive Rates; Premium and Rating","8"
"2021-05-01T00:00:00.000","Refund Of Premium","5"
"2017-06-01T00:00:00.000","Cust Service Claim Handling; Denial Of Claim","7"
"2016-05-01T00:00:00.000","Cust Service Claim Handling; Delays (Claims Handling); Unfair Discrim-Clms Handling","1"
"2020-08-01T00:00:00.000","Delays (Policyholder Service); Refusal to Insure","1"
"2025-12-01T00:00:00.000","Use of Credit Reports","1"
"2025-05-01T00:00:00.000","Use of Credit Reports","2"
"2017-06-01T00:00:00.000","Premium Notice","2"
"2014-02-01T00:00:00.000","Delays (Policyholder Service); Other","1"
"2025-07-01T00:00:00.000","Cust Srvc Policy Holder Srvcs; Delays (Policyholder Service); Misrepresentation","2"
"2017-12-01T00:00:00.000","Not Within TDI Jurisdiction","2"
"2021-08-01T00:00:00.000","Delays (Claims Handling); Denial Of Claim","2"
"2015-12-01T00:00:00.000","Cancellation; Denial Of Claim; Refund Of Premium","1"
"2020-07-01T00:00:00.000","Denial Of Claim; Endorsement / Rider","1"
"2018-02-01T00:00:00.000","Cust Service Claim Handling; Unauthorized Acts","1"
"2015-09-01T00:00:00.000","Assignment of Benefits","5"
"2026-03-01T00:00:00.000","Cust Srvc Policy Holder Srvcs; Non-Renewal","1"
"2014-10-01T00:00:00.000","Delays (Claims Handling); Denial Of Claim","3"
"2021-12-01T00:00:00.000","Delays (Claims Handling); Unsatisfactory Settle/Offer","30"
"2019-07-01T00:00:00.000","Cust Service Claim Handling; Delays (Claims Handling); Denial Of Claim","1"
"2017-09-01T00:00:00.000","Cust Service Claim Handling; Denial Of Claim","15"
"2021-07-01T00:00:00.000","Refund Of Premium","3"
"2017-02-01T00:00:00.000","Cust Service Claim Handling; Liability Dispute","1"
"2025-06-01T00:00:00.000","Cancellation; Cust Srvc Policy Holder Srvcs; Premium and Rating; Refund Of Premium","1"
"2026-04-01T00:00:00.000","Cust Service Claim Handling; Delays (Claims Handling); Unsatisfactory Settle/Offer","70"
"2019-03-01T00:00:00.000","Premium Notice","3"
"2015-12-01T00:00:00.000","Cust Service Claim Handling; Not Within TDI Jurisdiction; Other","1"
"2018-05-01T00:00:00.000","Cancellation; Non-Renewal","1"
"2015-09-01T00:00:00.000","Premium Notice","1"
"2016-06-01T00:00:00.000","Agent Handling","14"
"2026-04-01T00:00:00.000","Non-Renewal; Premium and Rating","1"
"2024-03-01T00:00:00.000","Misrepresentation","11"
"2016-11-01T00:00:00.000","Cust Service Claim Handling; Delays (Claims Handling); Denial Of Claim","3"
"2024-04-01T00:00:00.000","Cancellation; Denial Of Claim","1"
"2013-09-01T00:00:00.000","Delays (Policyholder Service); Premium and Rating","1"
"2017-12-01T00:00:00.000","Cust Service Claim Handling","2"
"2022-05-01T00:00:00.000","Cust Service Claim Handling; Delays (Claims Handling); Denial Of Claim","4"
"2020-07-01T00:00:00.000","Endorsement / Rider; Misrepresentation","3"
"2023-02-01T00:00:00.000","Cust Service Claim Handling; Denial Of Claim","3"
"2025-08-01T00:00:00.000","Delays (Claims Handling); Denial Of Claim; Policy Exclusion","1"
"2026-06-01T00:00:00.000","Cancellation; Premium and Rating; Refund Of Premium","1"
"2018-10-01T00:00:00.000","Cancellation","1"
"2023-12-01T00:00:00.000","Cancellation","9"
"2021-11-01T00:00:00.000","Cancellation; Premium and Rating","1"
"2014-10-01T00:00:00.000","Refund Of Premium; Unsatisfactory Settle/Offer","1"
"2021-04-01T00:00:00.000","Conversion","4"
"2014-06-01T00:00:00.000","Excessive Rates; Premium and Rating","3"
"2016-09-01T00:00:00.000","Cust Service Claim Handling; Delays (Claims Handling); Denial Of Claim; Unsatisfactory Settle/Offer","1"
"2017-03-01T00:00:00.000","Cust Service Claim Handling; Unsatisfactory Settle/Offer","5"
"2015-06-01T00:00:00.000","Agent Handling; Increased Dwelling Coverage; Non-Disclosure Of Coverage; Refund Of Premium","1"
"2022-02-01T00:00:00.000","Refund Of Premium","9"
"2018-05-01T00:00:00.000","Delays (Policyholder Service); Use Of Clue Reports","1"
"2015-03-01T00:00:00.000","Cancellation; Denial Of Claim","1"
"2013-12-01T00:00:00.000","Delays (Policyholder Service); Premium Notice; Premium and Rating; Refund Of Premium","1"
"2018-02-01T00:00:00.000","Cust Service Claim Handling","5"
"2013-10-01T00:00:00.000","Agent Handling; Non-Disclosure Of Coverage","1"
"2016-08-01T00:00:00.000","Agent Handling; Cancellation; Delays (Policyholder Service); Refund Of Premium","1"
"2017-09-01T00:00:00.000","Cancellation; Notice Requirements","2"
"2020-06-01T00:00:00.000","Use Of Clue Reports","2"
"2023-10-01T00:00:00.000","Premium and Rating","19"
"2018-10-01T00:00:00.000","Other; Premium and Rating","1"
"2025-06-01T00:00:00.000","Cust Service Claim Handling; Denial Of Claim; Premium and Rating","1"
"2016-09-01T00:00:00.000","Agent Handling; Misrepresentation","2"
"2025-05-01T00:00:00.000","Cust Srvc Policy Holder Srvcs; Use Of Clue Reports","1"
"2020-12-01T00:00:00.000","Cancellation; Refund Of Premium","3"
"2016-07-01T00:00:00.000","Delays (Claims Handling); Unsatisfactory Settle/Offer","11"
"2025-12-01T00:00:00.000","Cust Service Claim Handling; Delays (Claims Handling); Denial Of Claim; Unsatisfactory Settle/Offer","9"
"2022-09-01T00:00:00.000","Not Within TDI Jurisdiction","1"
"2023-12-01T00:00:00.000","Delays (Policyholder Service)","12"
"2026-02-01T00:00:00.000","Misrepresentation","5"
"2026-05-01T00:00:00.000","Unsatisfactory Settle/Offer","17"
"2024-08-01T00:00:00.000","Cust Service Claim Handling; Endorsement / Rider; Unsatisfactory Settle/Offer","1"
"2016-12-01T00:00:00.000","Agent Handling; Misleading Advertising","1"
"2026-09-01T00:00:00.000","Cust Service Claim Handling","2"
"2015-11-01T00:00:00.000","Increased Dwelling Coverage","1"
"2024-09-01T00:00:00.000","Cust Service Claim Handling; Delays (Claims Handling); Non-Renewal","2"
"2017-06-01T00:00:00.000","Not Within TDI Jurisdiction","1"
"2025-09-01T00:00:00.000","Delays (Underwriting); Refund Of Premium","1"
"2016-05-01T00:00:00.000","Cancellation; Refusal to Insure","1"
"2021-05-01T00:00:00.000","Cancellation; Delays (Policyholder Service); Refund Of Premium","2"
"2026-09-01T00:00:00.000","Cust Service Claim Handling; Delays (Claims Handling); Premium and Rating; Use Of Clue Reports","1"
"2019-10-01T00:00:00.000","Delays (Claims Handling); Unsatisfactory Settle/Offer","11"
"2014-04-01T00:00:00.000","Cancellation; Non-Renewal; Refusal to Insure","1"
"2026-01-01T00:00:00.000","Cust Service Claim Handling; Cust Srvc Policy Holder Srvcs; Delays (Claims Handling); Denial Of Claim","1"
"2018-08-01T00:00:00.000","Cust Service Claim Handling; Unsatisfactory Settle/Offer","6"
"2024-02-01T00:00:00.000","Cancellation; Cust Service Claim Handling; Denial Of Claim","1"
"2023-07-01T00:00:00.000","Misrepresentation; Premium and Rating","1"
"2026-06-01T00:00:00.000","Cust Service Claim Handling; Delays (Claims Handling); Endorsement / Rider","1"
"2017-10-01T00:00:00.000","Cancellation; Notice Requirements","1"
"2020-02-01T00:00:00.000","Cancellation; Continuation of Benefits; Cust Service Claim Handling; Post-Claim Underwriting","1"
"2013-08-01T00:00:00.000","Denial Of Claim; Non-Renewal","2"
"2022-08-01T00:00:00.000","Refund Of Premium; Use Of Clue Reports","1"
"2020-06-01T00:00:00.000","Delays (Policyholder Service)","6"
"2025-11-01T00:00:00.000","Denial Of Claim; Policy Exclusion","2"
"2026-02-01T00:00:00.000","Cust Service Claim Handling; Delays (Claims Handling); Denial Of Claim","5"
"2018-07-01T00:00:00.000","Cust Service Claim Handling; Denial Of Claim; Disaster","1"
"2025-01-01T00:00:00.000","Delays (Claims Handling); Denial Of Claim","1"
"2017-03-01T00:00:00.000","Delays (Policyholder Service); Other","1"
"2022-04-01T00:00:00.000","Misrepresentation; Refusal to Insure","1"
"2016-12-01T00:00:00.000","Delays (Policyholder Service); Denial Of Claim","1"
"2026-05-01T00:00:00.000","Cust Srvc Policy Holder Srvcs; Delays (Policyholder Service); Non-Renewal","1"
"2017-11-01T00:00:00.000","Non-Renewal","1"
"2015-04-01T00:00:00.000","Cancellation; Delays (Claims Handling); Delays (Policyholder Service); Refund Of Premium","1"
"2015-06-01T00:00:00.000","Cust Service Claim Handling; Delays (Claims Handling); Denial Of Claim","3"
"2015-06-01T00:00:00.000","Cancellation; Refund Of Premium","1"
"2018-09-01T00:00:00.000","Delays (Claims Handling); Denial Of Claim; Unsatisfactory Settle/Offer","1"
"2016-02-01T00:00:00.000","Cust Service Claim Handling; Delays (Claims Handling); Denial Of Claim; Premium and Rating; Unsatisfactory Settle/Offer","1"
"2012-06-01T00:00:00.000","Premium Notice","2"
"2016-08-01T00:00:00.000","Denial Of Claim; Unfair Discrim-Clms Handling","1"
"2013-03-01T00:00:00.000","Other","7"
"2022-11-01T00:00:00.000","Cust Service Claim Handling; Delays (Claims Handling)","30"
"2024-06-01T00:00:00.000","Cust Service Claim Handling; Delays (Claims Handling); Denial Of Claim","4"
"2023-01-01T00:00:00.000","Unsatisfactory Settle/Offer","27"
"2026-06-01T00:00:00.000","Cancellation; Cust Srvc Policy Holder Srvcs","1"
"2013-04-01T00:00:00.000","Delays (Claims Handling)","18"
"2025-03-01T00:00:00.000","Delays (Policyholder Service); Premium Notice; Premium and Rating; Refund Of Premium","1"
"2020-02-01T00:00:00.000","Cust Service Claim Handling; Delays (Claims Handling); Denial Of Claim; Unsatisfactory Settle/Offer","2"
"2021-09-01T00:00:00.000","Cust Service Claim Handling; Unsatisfactory Settle/Offer","11"
"2020-12-01T00:00:00.000","Denial Of Claim","8"
"2021-03-01T00:00:00.000","Refusal to Insure","1"
"2026-04-01T00:00:00.000","Cancellation; Delays (Claims Handling); Refund Of Premium; Unsatisfactory Settle/Offer","1"
"2020-10-01T00:00:00.000","Non-Renewal","1"
"2023-10-01T00:00:00.000","Delays (Underwriting)","1"
"2013-02-01T00:00:00.000","Delays (Claims Handling); Denial Of Claim","1"
"2019-10-01T00:00:00.000","Unsatisfactory Settle/Offer","17"
"2015-03-01T00:00:00.000","Notice Requirements; Premium and Rating","1"
"2015-01-01T00:00:00.000","Denial Of Claim; Unsatisfactory Settle/Offer","1"
"2020-08-01T00:00:00.000","Other","1"
"2026-05-01T00:00:00.000","Cust Service Claim Handling; Delays (Claims Handling); Unsatisfactory Settle/Offer","63"
"2022-01-01T00:00:00.000","Cancellation; Delays (Policyholder Service); Refund Of Premium","1"
"2012-12-01T00:00:00.000","Non-Renewal","3"
"2012-07-01T00:00:00.000","Denial Of Claim; Unsatisfactory Settle/Offer","8"
"2013-06-01T00:00:00.000","Cust Service Claim Handling; Denial Of Claim; Unsatisfactory Settle/Offer","1"
"2012-07-01T00:00:00.000","Delays (Claims Handling); Unsatisfactory Settle/Offer","16"
"2020-12-01T00:00:00.000","Delays (Policyholder Service)","10"
"2025-06-01T00:00:00.000","Cust Service Claim Handling; Use Of Clue Reports","1"
"2021-05-01T00:00:00.000","Delays (Claims Handling); Non-Renewal; Unsatisfactory Settle/Offer","1"
"2026-03-01T00:00:00.000","Cust Service Claim Handling; Delays (Claims Handling); Prompt Pay","4"
"2022-03-01T00:00:00.000","Premium and Rating","10"
"2023-01-01T00:00:00.000","Misrepresentation; Premium and Rating","1"
"2020-01-01T00:00:00.000","Premium and Rating; Refund Of Premium","2"
"2024-11-01T00:00:00.000","Cancellation; Cust Srvc Policy Holder Srvcs; Delays (Policyholder Service); Refund Of Premium","1"
"2025-01-01T00:00:00.000","Cust Service Claim Handling; Delays (Claims Handling); Non-Renewal; Unsatisfactory Settle/Offer","1"
"2023-05-01T00:00:00.000","Non-Renewal","2"
"2025-03-01T00:00:00.000","Cust Srvc Policy Holder Srvcs; Unauthorized Acts","2"
"2013-12-01T00:00:00.000","Cust Service Claim Handling; Delays (Claims Handling)","3"
"2016-06-01T00:00:00.000","Delays (Underwriting); Premium and Rating","2"
"2026-03-01T00:00:00.000","Cust Service Claim Handling; Denial Of Claim; Premium and Rating","1"
"2021-04-01T00:00:00.000","Refund Of Premium","12"
"2016-05-01T00:00:00.000","Unauthorized Acts","4"
"2026-04-01T00:00:00.000","Cust Srvc Policy Holder Srvcs; Premium and Rating; Refund Of Premium","3"
"2015-12-01T00:00:00.000","Cust Service Claim Handling; Delays (Claims Handling); Post-Claim Underwriting","1"
"2014-01-01T00:00:00.000","Excessive Rates; Premium and Rating","2"
"2020-01-01T00:00:00.000","Cust Service Claim Handling; Delays (Claims Handling); Unsatisfactory Settle/Offer","13"
"2015-09-01T00:00:00.000","Cancellation; Refund Of Premium","3"
"2024-04-01T00:00:00.000","Delays (Policyholder Service); Non-Renewal; Refund Of Premium","1"
"2025-08-01T00:00:00.000","Premium and Rating; Refund Of Premium","1"
"2017-02-01T00:00:00.000","Delays (Policyholder Service); Refund Of Premium","5"
"2015-05-01T00:00:00.000","Cust Service Claim Handling; Delays (Claims Handling); Denial Of Claim","2"
"2015-11-01T00:00:00.000","Notice Requirements; Premium and Rating","1"
"2019-05-01T00:00:00.000","Cust Service Claim Handling; Liability Dispute; Post-Claim Underwriting; Premium and Rating","1"
"2018-01-01T00:00:00.000","Agent Handling; Denial Of Claim","1"
"2022-05-01T00:00:00.000","Delays (Policyholder Service); Premium and Rating; Refund Of Premium","1"
"2021-03-01T00:00:00.000","Denial Of Claim; Non-Renewal; Premium and Rating","1"
"2013-01-01T00:00:00.000","Cust Service Claim Handling; Delays (Claims Handling)","5"
"2023-12-01T00:00:00.000","Cust Service Claim Handling; Premium and Rating","2"
"2015-02-01T00:00:00.000","Endorsement / Rider; Premium and Rating","1"
"2015-04-01T00:00:00.000","Cancellation; Delays (Policyholder Service); Refund Of Premium","4"
"2015-12-01T00:00:00.000","Premium and Rating; Refund Of Premium","1"
"2026-07-01T00:00:00.000","Cust Service Claim Handling; Delays (Underwriting); Denial Of Claim","1"
"2012-07-01T00:00:00.000","Cancellation; Delays (Policyholder Service); Premium Notice","1"
"2012-09-01T00:00:00.000","Refund Of Premium; Unsatisfactory Settle/Offer","1"
"2023-09-01T00:00:00.000","Use Of Clue Reports","1"
"2019-07-01T00:00:00.000","Cust Service Claim Handling; Denial Of Claim","5"
"2026-05-01T00:00:00.000","Cust Srvc Policy Holder Srvcs; Misrepresentation; Premium and Rating; Refund Of Premium","1"
"2020-02-01T00:00:00.000","Commissions; Cust Service Claim Handling","1"
"2021-03-01T00:00:00.000","Delays (Policyholder Service)","25"
"2013-05-01T00:00:00.000","Unrecorded Documents","1"
"2015-02-01T00:00:00.000","Denial Of Claim; Endorsement / Rider","1"
"2024-01-01T00:00:00.000","Delays (Policyholder Service); Misrepresentation","1"
"2022-07-01T00:00:00.000","Cust Service Claim Handling; Delays (Policyholder Service)","1"
"2016-05-01T00:00:00.000","Cust Service Claim Handling; Denial Of Claim","2"
"2012-11-01T00:00:00.000","Premium Notice; Premium and Rating","2"
"2014-07-01T00:00:00.000","Cancellation; Refund Of Premium","2"
"2024-01-01T00:00:00.000","Denial Of Claim; Non-Renewal","1"
"2017-11-01T00:00:00.000","Cust Service Claim Handling; Unsatisfactory Settle/Offer","16"
"2021-10-01T00:00:00.000","Refund Of Premium; Refusal to Insure","1"
"2024-11-01T00:00:00.000","Unauthorized Acts","1"
"2017-08-01T00:00:00.000","Agent Handling; Conversion; Delays (Policyholder Service)","1"
"2023-01-01T00:00:00.000","Cancellation; Unsatisfactory Settle/Offer","1"
"2013-09-01T00:00:00.000","Non-Renewal; Premium Notice; Premium and Rating","1"
"2021-03-01T00:00:00.000","Cust Service Claim Handling; Unsatisfactory Settle/Offer","26"
"2026-08-01T00:00:00.000","Cancellation; Cust Srvc Policy Holder Srvcs","1"
"2012-09-01T00:00:00.000","Denial Of Claim; Disaster; Unsatisfactory Settle/Offer","1"
"2025-09-01T00:00:00.000","Cust Service Claim Handling; Cust Srvc Policy Holder Srvcs; Denial Of Claim; Unsatisfactory Settle/Offer","1"
"2018-11-01T00:00:00.000","Delays (Claims Handling); Unsatisfactory Settle/Offer","8"
"2015-07-01T00:00:00.000","Premium Notice","1"
"2015-09-01T00:00:00.000","Cancellation; Denial Of Claim","1"
"2025-10-01T00:00:00.000","Cust Srvc Policy Holder Srvcs; Premium and Rating; Use Of Clue Reports","3"
"2025-10-01T00:00:00.000","Cust Srvc Policy Holder Srvcs; Premium and Rating; Refund Of Premium","2"
"2020-02-01T00:00:00.000","Cust Service Claim Handling; Unsatisfactory Settle/Offer","7"
"2015-08-01T00:00:00.000","Cancellation; Delays (Policyholder Service); Delays (Underwriting); Refund Of Premium","1"
"2016-03-01T00:00:00.000","Delays (Claims Handling); Delays (Policyholder Service); Premium and Rating; Refund Of Premium","1"
"2026-08-01T00:00:00.000","Delays (Claims Handling); Delays (Policyholder Service)","1"
"2023-12-01T00:00:00.000","Misrepresentation","3"
"2020-05-01T00:00:00.000","Cust Service Claim Handling; Delays (Claims Handling); Unsatisfactory Settle/Offer","16"
"2025-06-01T00:00:00.000","Cust Srvc Policy Holder Srvcs; Delays (Policyholder Service); Refund Of Premium","6"
"2024-06-01T00:00:00.000","Cust Srvc Policy Holder Srvcs; Unauthorized Acts","1"
"2018-07-01T00:00:00.000","Misrepresentation","1"
"2013-06-01T00:00:00.000","Delays (Policyholder Service)","6"
"2026-02-01T00:00:00.000","Premium and Rating","5"
"2023-01-01T00:00:00.000","Non-Renewal","1"
"2016-02-01T00:00:00.000","Delays (Policyholder Service)","5"
"2015-04-01T00:00:00.000","Agent Handling; Delays (Policyholder Service); Refund Of Premium","2"
"2026-05-01T00:00:00.000","Cust Srvc Policy Holder Srvcs; Delays (Policyholder Service); Premium and Rating; Refund Of Premium","1"
"2020-08-01T00:00:00.000","Misrepresentation; Premium Notice","1"
"2026-07-01T00:00:00.000","Cust Service Claim Handling; Unsatisfactory Settle/Offer","56"
"2022-12-01T00:00:00.000","Cancellation; Notice Requirements","1"
"2022-09-01T00:00:00.000","Cust Service Claim Handling; Delays (Claims Handling); Delays (Policyholder Service); Denial Of Claim","1"
"2015-09-01T00:00:00.000","Unauthorized Acts","10"
"2020-05-01T00:00:00.000","Denial Of Claim; Refund Of Premium","1"
"2015-10-01T00:00:00.000","Unauthorized Acts","2"
"2023-11-01T00:00:00.000","Delays (Policyholder Service); Refund Of Premium","7"
"2018-08-01T00:00:00.000","Cust Service Claim Handling; Delays (Claims Handling)","4"
"2019-09-01T00:00:00.000","Cust Service Claim Handling; Unsatisfactory Settle/Offer","7"
"2023-06-01T00:00:00.000","Misrepresentation","8"
"2019-05-01T00:00:00.000","Commissions","1"
"2018-02-01T00:00:00.000","Cancellation; Other","1"
"2019-04-01T00:00:00.000","Unsatisfactory Settle/Offer","5"
"2024-04-01T00:00:00.000","Cancellation; Refusal to Insure","1"
"2024-03-01T00:00:00.000","Cust Service Claim Handling; Denial Of Claim","20"
"2022-02-01T00:00:00.000","Denial Of Claim; Insurer Fraud; Unsatisfactory Settle/Offer","1"
"2013-05-01T00:00:00.000","Denial Of Claim; Unsatisfactory Settle/Offer","3"
"2014-10-01T00:00:00.000","Delays (Policyholder Service); Other; Premium and Rating; Refund Of Premium","1"
"2023-02-01T00:00:00.000","Cust Service Claim Handling; Denial Of Claim; Unsatisfactory Settle/Offer","1"
"2018-06-01T00:00:00.000","Delays (Claims Handling); Denial Of Claim; Disaster","1"
"2016-09-01T00:00:00.000","Delays (Policyholder Service); Premium and Rating; Refund Of Premium","2"
"2019-09-01T00:00:00.000","Post-Claim Underwriting","1"
"2017-02-01T00:00:00.000","Delays (Claims Handling); Refund Of Premium; Unsatisfactory Settle/Offer","1"
"2022-05-01T00:00:00.000","Delays (Claims Handling); Denial Of Claim","1"
"2015-02-01T00:00:00.000","Cancellation; Refund Of Premium","1"
"2015-01-01T00:00:00.000","Other","8"
"2024-09-01T00:00:00.000","Cancellation; Cust Srvc Policy Holder Srvcs; Refund Of Premium","1"
"2024-08-01T00:00:00.000","Cust Service Claim Handling; Delays (Claims Handling); Premium and Rating","1"
"2025-06-01T00:00:00.000","Cust Srvc Policy Holder Srvcs; Premium and Rating","2"
"2017-09-01T00:00:00.000","Cust Service Claim Handling; Delays (Claims Handling); Non-Renewal","1"
"2026-03-01T00:00:00.000","Use of Credit Reports","2"
"2014-07-01T00:00:00.000","Excessive Rates; Premium and Rating","7"
"2021-11-01T00:00:00.000","Delays (Policyholder Service)","4"
"2014-03-01T00:00:00.000","Denial Of Claim; Liability Dispute","1"
"2016-03-01T00:00:00.000","Delays (Claims Handling); Denial Of Claim; Unsatisfactory Settle/Offer","1"
"2020-06-01T00:00:00.000","Cancellation; Refund Of Premium","3"
"2025-04-01T00:00:00.000","Delays (Policyholder Service); Non-Renewal","1"
"2025-04-01T00:00:00.000","Cust Service Claim Handling; Denial Of Claim; Premium and Rating","1"
"2013-03-01T00:00:00.000","Cancellation","6"
"2026-06-01T00:00:00.000","Cust Service Claim Handling; Denial Of Claim; Policy Exclusion","1"
"2024-01-01T00:00:00.000","Delays (Underwriting); Non-Renewal; Use Of Clue Reports","1"
"2025-05-01T00:00:00.000","Delays (Policyholder Service); Premium and Rating; Refund Of Premium","1"
"2023-07-01T00:00:00.000","Cancellation; Delays (Underwriting)","1"
"2019-12-01T00:00:00.000","Misrepresentation; Refund Of Premium","2"
"2012-09-01T00:00:00.000","Refund Of Premium","7"
"2015-10-01T00:00:00.000","Delays (Underwriting); Premium Notice; Premium and Rating","1"
"2021-06-01T00:00:00.000","Delays (Claims Handling); Unsatisfactory Settle/Offer","68"
"2015-09-01T00:00:00.000","Agent Handling; Delays (Claims Handling)","1"
"2016-07-01T00:00:00.000","Agent Handling; Conversion","2"
"2025-09-01T00:00:00.000","Cust Service Claim Handling; Cust Srvc Policy Holder Srvcs; Delays (Claims Handling); Premium Notice; Premium and Rating; Unsatisfactory Settle/Offer","1"
"2016-03-01T00:00:00.000","Increased Dwelling Coverage; Premium and Rating","2"
"2018-06-01T00:00:00.000","Delays (Claims Handling); Unsatisfactory Settle/Offer","8"
"2025-05-01T00:00:00.000","Post-Claim Underwriting","1"
"2018-03-01T00:00:00.000","Misrepresentation","1"
"2016-05-01T00:00:00.000","Unsatisfactory Settle/Offer","39"
"2013-02-01T00:00:00.000","Delays (Claims Handling); Unsatisfactory Settle/Offer","5"
"2015-11-01T00:00:00.000","Agent Handling; Delays (Claims Handling); Premium and Rating","1"
"2012-07-01T00:00:00.000","Cust Service Claim Handling","6"
"2026-06-01T00:00:00.000","Cancellation","1"
"2018-04-01T00:00:00.000","Agent Handling; Cust Service Claim Handling","1"
"2025-05-01T00:00:00.000","Cust Srvc Policy Holder Srvcs; Premium Notice; Premium and Rating","1"
"2017-06-01T00:00:00.000","Agent Handling; Conversion; Notice Requirements","1"
"2019-02-01T00:00:00.000","Denial Of Claim; Unauthorized Acts","1"
"2026-06-01T00:00:00.000","Cust Srvc Policy Holder Srvcs; Non-Renewal; Premium and Rating","1"
"2018-07-01T00:00:00.000","Agent Handling; Cust Service Claim Handling; Denial Of Claim","1"
"2018-01-01T00:00:00.000","Cust Service Claim Handling; Denial Of Claim","7"
"2025-06-01T00:00:00.000","Cust Service Claim Handling; Delays (Claims Handling)","72"
"2026-03-01T00:00:00.000","Cust Service Claim Handling; Delays (Claims Handling)","41"
"2022-06-01T00:00:00.000","Delays (Claims Handling); Unsatisfactory Settle/Offer","23"
"2026-01-01T00:00:00.000","Cancellation; Cust Srvc Policy Holder Srvcs; Delays (Policyholder Service); Refund Of Premium","1"
"2026-01-01T00:00:00.000","Cust Service Claim Handling; Delays (Claims Handling); Unsatisfactory Settle/Offer","65"
"2024-07-01T00:00:00.000","Misrepresentation","5"
"2022-10-01T00:00:00.000","Premium Notice; Refund Of Premium","1"
"2023-02-01T00:00:00.000","Cancellation; Delays (Policyholder Service)","2"
"2018-11-01T00:00:00.000","Cust Service Claim Handling; Denial Of Claim; Unsatisfactory Settle/Offer","1"
"2018-12-01T00:00:00.000","Cancellation","1"
"2018-07-01T00:00:00.000","Agent Handling; Delays (Claims Handling)","1"
"2019-10-01T00:00:00.000","Endorsement / Rider; Premium and Rating","1"
"2014-07-01T00:00:00.000","Delays (Claims Handling); Denial Of Claim","3"
"2024-05-01T00:00:00.000","Other; Unauthorized Acts","1"
"2013-05-01T00:00:00.000","Agent Handling; Premium and Rating","1"
"2017-08-01T00:00:00.000","Premium Notice","2"
"2013-06-01T00:00:00.000","Cancellation; Refusal to Insure","1"
"2024-02-01T00:00:00.000","Delays (Policyholder Service); Misrepresentation","1"
"2016-06-01T00:00:00.000","Delays (Underwriting); Premium and Rating; Refund Of Premium","1"
"2025-10-01T00:00:00.000","Cancellation; Cust Srvc Policy Holder Srvcs; Delays (Policyholder Service); Refund Of Premium","1"
"2022-11-01T00:00:00.000","Cust Service Claim Handling","3"
"2019-06-01T00:00:00.000","Denial Of Claim; Unsatisfactory Settle/Offer","1"
"2026-08-01T00:00:00.000","Cust Srvc Policy Holder Srvcs; Delays (Policyholder Service); Premium and Rating; Refund Of Premium","3"
"2026-04-01T00:00:00.000","Cust Service Claim Handling; Delays (Claims Handling); Non-Renewal; Unsatisfactory Settle/Offer","2"
"2018-07-01T00:00:00.000","Denial Of Claim","34"
"2020-03-01T00:00:00.000","Cancellation; Denial Of Claim","1"
"2015-07-01T00:00:00.000","Agent Handling; Other","1"
"2021-03-01T00:00:00.000","Delays (Policyholder Service); Other; Refund Of Premium","1"
"2016-10-01T00:00:00.000","Delays (Policyholder Service); Premium and Rating; Refund Of Premium","2"
"2015-05-01T00:00:00.000","Premium and Rating","9"
"2025-05-01T00:00:00.000","Denial Of Claim; Unsatisfactory Settle/Offer","4"
"2014-10-01T00:00:00.000","Other; Refund Of Premium","1"
"2012-11-01T00:00:00.000","Cust Service Claim Handling; Delays (Claims Handling)","4"
"2021-06-01T00:00:00.000","Delays (Policyholder Service); Other","1"
"2026-07-01T00:00:00.000","Cust Srvc Policy Holder Srvcs","8"
"2019-05-01T00:00:00.000","Claimant Fraud; Unauthorized Acts","1"
"2013-10-01T00:00:00.000","Increased Dwelling Coverage; Premium and Rating","2"
"2014-08-01T00:00:00.000","Premium and Rating; Refund Of Premium","1"
"2017-04-01T00:00:00.000","Premium and Rating","9"
"2013-05-01T00:00:00.000","Delays (Policyholder Service); Refund Of Premium","2"
"2014-11-01T00:00:00.000","Delays (Policyholder Service)","1"
"2014-04-01T00:00:00.000","Delays (Policyholder Service); Premium and Rating; Unsatisfactory Settle/Offer","1"
"2023-05-01T00:00:00.000","Cancellation; Refund Of Premium","2"
"2017-03-01T00:00:00.000","Agent Handling; Delays (Policyholder Service); Refund Of Premium","1"
"2012-11-01T00:00:00.000","Denial Of Claim; Endorsement / Rider","2"
"2026-01-01T00:00:00.000","Cust Srvc Policy Holder Srvcs; Delays (Policyholder Service); Premium Notice; Premium and Rating","1"
"2014-02-01T00:00:00.000","Cancellation; Use Of Clue Reports","1"
"2026-09-01T00:00:00.000","Cust Srvc Policy Holder Srvcs; Delays (Policyholder Service); Refund Of Premium","3"
"2015-01-01T00:00:00.000","Delays (Policyholder Service)","7"
"2025-08-01T00:00:00.000","Unsatisfactory Settle/Offer","29"
"2016-07-01T00:00:00.000","Delays (Claims Handling); Unsatisfactory Settle/Offer; Usual And Customary","1"
"2018-12-01T00:00:00.000","Premium Notice; Premium and Rating","2"
"2015-01-01T00:00:00.000","Denial Of Claim; Other","2"
"2026-08-01T00:00:00.000","Cust Srvc Policy Holder Srvcs; Delays (Policyholder Service); Delays (Underwriting)","2"
"2017-09-01T00:00:00.000","Delays (Claims Handling)","19"
"2020-02-01T00:00:00.000","Cancellation; Denial Of Claim","1"
"2015-08-01T00:00:00.000","Delays (Policyholder Service); Refund Of Premium","9"
"2014-03-01T00:00:00.000","Refund Of Premium","7"
"2023-01-01T00:00:00.000","Cust Service Claim Handling; Delays (Claims Handling)","34"
"2014-08-01T00:00:00.000","Delays (Policyholder Service); Delays (Underwriting)","1"
"2024-01-01T00:00:00.000","Premium Notice; Refund Of Premium","1"
"2021-11-01T00:00:00.000","Cancellation; Delays (Policyholder Service); Delays (Underwriting); Refusal to Insure","1"
"2018-08-01T00:00:00.000","Other","5"
"2026-03-01T00:00:00.000","Cust Service Claim Handling; Unsatisfactory Settle/Offer; Use Of Clue Reports","2"
"2023-05-01T00:00:00.000","Delays (Claims Handling); Unsatisfactory Settle/Offer","22"
"2016-04-01T00:00:00.000","Delays (Policyholder Service); Refund Of Premium","8"
"2017-05-01T00:00:00.000","Premium and Rating; Refund Of Premium","4"
"2014-07-01T00:00:00.000","Non-Renewal","6"
"2015-11-01T00:00:00.000","Cancellation","1"
"2014-11-01T00:00:00.000","Cust Service Claim Handling; Delays (Claims Handling)","1"
"2015-05-01T00:00:00.000","Cust Service Claim Handling; Delays (Claims Handling); Denial Of Claim; Unsatisfactory Settle/Offer","1"
"2025-11-01T00:00:00.000","Premium and Rating","6"
"2019-08-01T00:00:00.000","Cust Service Claim Handling; Delays (Claims Handling); Denial Of Claim","6"
"2017-12-01T00:00:00.000","Notice Requirements; Other","1"
"2014-01-01T00:00:00.000","Delays (Underwriting)","1"
"2025-05-01T00:00:00.000","Cust Service Claim Handling; Unsatisfactory Settle/Offer","43"
"2017-06-01T00:00:00.000","Cust Service Claim Handling; Delays (Claims Handling)","10"
"2020-09-01T00:00:00.000","Use of Credit Reports","1"
"2015-11-01T00:00:00.000","Unauthorized Acts","11"
"2013-08-01T00:00:00.000","Agent Handling","7"
"2023-09-01T00:00:00.000","Misleading Advertising","1"
"2017-05-01T00:00:00.000","Endorsement / Rider; Unsatisfactory Settle/Offer","1"
"2024-10-01T00:00:00.000","Cust Service Claim Handling; Non-Renewal; Unsatisfactory Settle/Offer","1"
"2021-06-01T00:00:00.000","Cust Service Claim Handling; Delays (Claims Handling); Denial Of Claim; Unsatisfactory Settle/Offer","1"
"2016-10-01T00:00:00.000","Cancellation; Refund Of Premium","1"
"2013-12-01T00:00:00.000","Cancellation; Refusal to Insure","1"
"2025-07-01T00:00:00.000","Denial Of Claim; Policy Exclusion","3"
"2026-06-01T00:00:00.000","Cust Srvc Policy Holder Srvcs; Premium and Rating; Refund Of Premium","2"
"2013-12-01T00:00:00.000","Premium and Rating; Refund Of Premium","2"
"2025-06-01T00:00:00.000","Premium Notice; Premium and Rating; Refund Of Premium","1"
"2025-02-01T00:00:00.000","Cust Srvc Policy Holder Srvcs; Premium and Rating; Refund Of Premium; Use Of Clue Reports","1"
"2014-10-01T00:00:00.000","Delays (Policyholder Service); Other","1"
"2025-02-01T00:00:00.000","Cust Srvc Policy Holder Srvcs; Use Of Clue Reports","1"
"2017-07-01T00:00:00.000","Delays (Claims Handling); Unsatisfactory Settle/Offer","14"
"2026-05-01T00:00:00.000","Cancellation; Cust Service Claim Handling; Delays (Claims Handling); Unsatisfactory Settle/Offer","2"
"2021-09-01T00:00:00.000","Premium and Rating","4"
"2024-12-01T00:00:00.000","Cancellation; Denial Of Claim; Premium and Rating","1"
"2024-01-01T00:00:00.000","Cust Service Claim Handling; Unsatisfactory Settle/Offer","24"
"2026-05-01T00:00:00.000","Cust Service Claim Handling; Premium and Rating; Use Of Clue Reports","1"
"2020-07-01T00:00:00.000","Delays (Claims Handling); Denial Of Claim","1"
"2020-10-01T00:00:00.000","Unfair Discrimination","1"
"2025-04-01T00:00:00.000","Cust Service Claim Handling; Delays (Claims Handling); Premium and Rating; Unsatisfactory Settle/Offer","2"
"2016-03-01T00:00:00.000","Misrepresentation; Unauthorized Acts","1"
"2018-09-01T00:00:00.000","Misleading Advertising","1"
"2022-03-01T00:00:00.000","Refund Of Premium","3"
"2026-04-01T00:00:00.000","Delays (Policyholder Service); Refund Of Premium","5"
"2020-07-01T00:00:00.000","Misrepresentation; Refund Of Premium","1"
"2024-07-01T00:00:00.000","Denial Of Claim; Non-Renewal","1"
"2021-08-01T00:00:00.000","Refusal to Insure","1"
"2019-09-01T00:00:00.000","Premium Notice; Premium and Rating","1"
"2015-04-01T00:00:00.000","Cust Service Claim Handling; Delays (Claims Handling); Unsatisfactory Settle/Offer","4"
"2019-05-01T00:00:00.000","Unauthorized Acts","4"
"2017-09-01T00:00:00.000","Cust Service Claim Handling; Post-Claim Underwriting","1"
"2023-01-01T00:00:00.000","Cust Service Claim Handling; Unsatisfactory Settle/Offer","14"
"2021-06-01T00:00:00.000","Improper Inducements; Misrepresentation; Other","1"
"2018-05-01T00:00:00.000","Cust Service Claim Handling; Delays (Claims Handling)","19"
"2014-02-01T00:00:00.000","Delays (Policyholder Service); Refund Of Premium","4"
"2013-05-01T00:00:00.000","Cancellation; Unsatisfactory Settle/Offer","2"
"2013-05-01T00:00:00.000","Unauthorized Acts","4"
"2020-07-01T00:00:00.000","Premium and Rating","8"
"2026-05-01T00:00:00.000","Cust Srvc Policy Holder Srvcs; Endorsement / Rider; Premium and Rating","1"
"2016-04-01T00:00:00.000","Agent Handling; Cust Service Claim Handling; Denial Of Claim","1"
"2019-02-01T00:00:00.000","Cust Service Claim Handling; Delays (Claims Handling); Unsatisfactory Settle/Offer","8"
"2023-10-01T00:00:00.000","Non-Renewal; Unsatisfactory Settle/Offer","2"
"2017-08-01T00:00:00.000","Cancellation; Notice Requirements","1"
"2026-09-01T00:00:00.000","Unsatisfactory Settle/Offer","3"
"2025-05-01T00:00:00.000","Cust Service Claim Handling; Delays (Claims Handling); Denial Of Claim","11"
"2021-08-01T00:00:00.000","Cust Service Claim Handling; Delays (Claims Handling); Denial Of Claim; Unsatisfactory Settle/Offer","1"
"2026-05-01T00:00:00.000","Cancellation; Refund Of Premium","3"
"2014-05-01T00:00:00.000","Cancellation; Denial Of Claim","1"
"2024-07-01T00:00:00.000","Cancellation; Premium and Rating","1"
"2024-01-01T00:00:00.000","Premium and Rating; Refund Of Premium; Unsatisfactory Settle/Offer","1"
"2014-06-01T00:00:00.000","Cancellation; Delays (Policyholder Service)","2"
"2024-11-01T00:00:00.000","Cust Service Claim Handling; Unsatisfactory Settle/Offer","38"
"2019-07-01T00:00:00.000","Refund Of Premium","2"
"2022-12-01T00:00:00.000","Cust Service Claim Handling; Delays (Claims Handling); Delays (Policyholder Service); Unsatisfactory Settle/Offer","1"
"2012-11-01T00:00:00.000","Denial Of Claim","34"
"2019-09-01T00:00:00.000","Notice Requirements; Unsatisfactory Settle/Offer","1"
"2013-01-01T00:00:00.000","Denial Of Claim","23"
"2021-08-01T00:00:00.000","Cust Service Claim Handling; Delays (Claims Handling)","54"
"2016-12-01T00:00:00.000","Delays (Policyholder Service); Other","1"
"2013-05-01T00:00:00.000","Denial Of Claim; Use of Credit Reports","1"
"2020-03-01T00:00:00.000","Cust Service Claim Handling; Delays (Claims Handling); Denial Of Claim","1"
"2025-05-01T00:00:00.000","Cancellation; Cust Srvc Policy Holder Srvcs; Refund Of Premium","2"
"2023-02-01T00:00:00.000","Cust Service Claim Handling; Delays (Claims Handling); Delays (Policyholder Service)","1"
"2026-06-01T00:00:00.000","Cust Srvc Policy Holder Srvcs; Premium and Rating; Refund Of Premium; Use Of Clue Reports","1"
"2025-04-01T00:00:00.000","Delays (Claims Handling); Unsatisfactory Settle/Offer","15"
"2024-10-01T00:00:00.000","Cancellation","5"
"2022-11-01T00:00:00.000","Cancellation","6"
"2012-10-01T00:00:00.000","Cancellation; Non-Renewal; Refund Of Premium","1"
"2024-11-01T00:00:00.000","Cust Srvc Policy Holder Srvcs; Misrepresentation","2"
"2025-01-01T00:00:00.000","Cust Srvc Policy Holder Srvcs; Delays (Policyholder Service); Refund Of Premium","8"
"2022-08-01T00:00:00.000","Unauthorized Acts","4"
"2013-11-01T00:00:00.000","Denial Of Claim; Refund Of Premium","2"
"2013-11-01T00:00:00.000","Cancellation","11"
"2016-08-01T00:00:00.000","Cust Service Claim Handling; Delays (Claims Handling); Denial Of Claim","4"
"2021-02-01T00:00:00.000","Cust Service Claim Handling","10"
"2021-09-01T00:00:00.000","Denial Of Claim; Unsatisfactory Settle/Offer","5"
"2026-03-01T00:00:00.000","Cust Service Claim Handling","6"
"2025-01-01T00:00:00.000","Cust Srvc Policy Holder Srvcs; Refund Of Premium","9"
"2015-10-01T00:00:00.000","Other","4"
"2019-06-01T00:00:00.000","Delays (Policyholder Service); Premium Notice","1"
"2020-10-01T00:00:00.000","Premium and Rating","6"
"2014-05-01T00:00:00.000","Excessive Rates; Premium and Rating; Refund Of Premium","1"
"2015-08-01T00:00:00.000","Misrepresentation","1"
"2018-06-01T00:00:00.000","Unauthorized Acts","3"
"2024-11-01T00:00:00.000","Delays (Claims Handling); Unsatisfactory Settle/Offer","13"
"2013-07-01T00:00:00.000","Agent Handling; Misrepresentation; Non-Disclosure Of Coverage","1"
"2019-07-01T00:00:00.000","Delays (Claims Handling); Unsatisfactory Settle/Offer","12"
"2016-06-01T00:00:00.000","Cust Service Claim Handling; Unsatisfactory Settle/Offer","19"
"2017-09-01T00:00:00.000","Cust Service Claim Handling; Delays (Claims Handling)","39"
"2012-12-01T00:00:00.000","Denial Of Claim; Endorsement / Rider","1"
"2018-11-01T00:00:00.000","Unsatisfactory Settle/Offer","8"
"2015-10-01T00:00:00.000","Delays (Claims Handling)","13"
"2015-06-01T00:00:00.000","Cust Service Claim Handling; Delays (Claims Handling); Delays (Policyholder Service); Unsatisfactory Settle/Offer","1"
"2018-01-01T00:00:00.000","Delays (Underwriting); Refund Of Premium","1"
"2023-07-01T00:00:00.000","Cancellation; Denial Of Claim","3"
"2014-07-01T00:00:00.000","Claimant Fraud","1"
"2015-03-01T00:00:00.000","Delays (Claims Handling); Denial Of Claim; Non-Renewal","1"
"2026-09-01T00:00:00.000","Cust Service Claim Handling; Delays (Claims Handling); Unsatisfactory Settle/Offer","9"
"2025-06-01T00:00:00.000","Endorsement / Rider; Misrepresentation; Premium and Rating","1"
"2024-08-01T00:00:00.000","Cust Service Claim Handling; Unsatisfactory Settle/Offer","55"
"2013-04-01T00:00:00.000","Denial Of Claim","26"
"2018-12-01T00:00:00.000","Premium and Rating; Refund Of Premium","1"
"2018-03-01T00:00:00.000","Notice Requirements","2"
"2023-03-01T00:00:00.000","Non-Renewal; Unsatisfactory Settle/Offer","1"
"2023-11-01T00:00:00.000","Other","5"
"2021-12-01T00:00:00.000","Delays (Claims Handling); Denial Of Claim","2"
"2025-09-01T00:00:00.000","Cust Srvc Policy Holder Srvcs; Misrepresentation","4"
"2019-03-01T00:00:00.000","Misleading Advertising","2"
"2016-01-01T00:00:00.000","Delays (Claims Handling); Disaster; Unsatisfactory Settle/Offer","1"
"2022-05-01T00:00:00.000","Cust Service Claim Handling; Delays (Claims Handling)","39"
"2018-11-01T00:00:00.000","Cust Service Claim Handling","3"
"2025-09-01T00:00:00.000","Cancellation","3"
"2021-12-01T00:00:00.000","Cust Service Claim Handling; Delays (Claims Handling); Non-Renewal","1"
"2020-11-01T00:00:00.000","Premium Notice; Premium and Rating","1"
"2018-08-01T00:00:00.000","Agent Handling; Cust Service Claim Handling; Delays (Claims Handling)","1"
"2012-11-01T00:00:00.000","Liability Dispute; Unsatisfactory Settle/Offer","2"
"2017-10-01T00:00:00.000","Non-Renewal; Premium and Rating","1"
"2024-09-01T00:00:00.000","Denial Of Claim; Unsatisfactory Settle/Offer","4"
"2023-01-01T00:00:00.000","Cancellation; Refund Of Premium","1"
"2020-06-01T00:00:00.000","Cust Service Claim Handling; Premium and Rating","1"
"2020-03-01T00:00:00.000","Refund Of Premium","7"
"2016-05-01T00:00:00.000","Delays (Underwriting)","1"
"2018-07-01T00:00:00.000","Agent Handling; Misrepresentation","1"
"2014-06-01T00:00:00.000","Cancellation; Other","1"
"2018-02-01T00:00:00.000","Agent Handling; Cancellation; Refund Of Premium","1"
"2023-04-01T00:00:00.000","Delays (Claims Handling); Unsatisfactory Settle/Offer","17"
"2018-09-01T00:00:00.000","Premium and Rating","3"
"2012-07-01T00:00:00.000","Endorsement / Rider; Unsatisfactory Settle/Offer","1"
"2021-04-01T00:00:00.000","Denial Of Claim; Liability Dispute","1"
"2014-12-01T00:00:00.000","Denial Of Claim; Unsatisfactory Settle/Offer","1"
"2016-09-01T00:00:00.000","Denial Of Claim; Unsatisfactory Settle/Offer","1"
"2016-05-01T00:00:00.000","Misrepresentation","1"
"2021-02-01T00:00:00.000","Other","3"
"2016-03-01T00:00:00.000","Cust Service Claim Handling; Unsatisfactory Settle/Offer","12"
"2018-02-01T00:00:00.000","Premium Notice","2"
"2021-08-01T00:00:00.000","Cust Service Claim Handling; Delays (Claims Handling); Unsatisfactory Settle/Offer","15"
"2017-06-01T00:00:00.000","Unsatisfactory Settle/Offer; Usual And Customary","1"
"2017-10-01T00:00:00.000","Cust Service Claim Handling; Delays (Claims Handling); Unfair Discrim-Clms Handling","1"
"2015-08-01T00:00:00.000","Agent Handling; Delays (Policyholder Service); Endorsement / Rider; Refund Of Premium","1"
"2025-08-01T00:00:00.000","Cust Service Claim Handling; Denial Of Claim; Unsatisfactory Settle/Offer","2"
"2013-11-01T00:00:00.000","Refund Of Premium","10"
"2019-01-01T00:00:00.000","Delays (Policyholder Service)","1"
"2017-07-01T00:00:00.000","Misrepresentation","1"
"2021-08-01T00:00:00.000","Cust Service Claim Handling; Denial Of Claim; Refund Of Premium","2"
"2019-12-01T00:00:00.000","Non-Renewal; Unfair Discrimination","1"
"2014-04-01T00:00:00.000","Cancellation; Denial Of Claim","1"
"2026-08-01T00:00:00.000","Cust Srvc Policy Holder Srvcs; Premium and Rating; Refund Of Premium","4"
"2016-02-01T00:00:00.000","Non-Disclosure Of Coverage; Other","1"
"2020-05-01T00:00:00.000","Cust Service Claim Handling; Delays (Claims Handling); Denial Of Claim; Unsatisfactory Settle/Offer","3"
"2022-07-01T00:00:00.000","Denial Of Claim; Non-Renewal","1"
"2019-07-01T00:00:00.000","Delays (Claims Handling)","5"
"2025-04-01T00:00:00.000","Refund Of Premium","6"
"2018-05-01T00:00:00.000","Post-Claim Underwriting; Premium and Rating","1"
"2017-05-01T00:00:00.000","Agent Handling; Delays (Policyholder Service); Delays (Underwriting); Endorsement / Rider; Refund Of Premium","1"
"2021-12-01T00:00:00.000","Cust Service Claim Handling; Delays (Claims Handling); Denial Of Claim","1"
"2025-12-01T00:00:00.000","Cust Srvc Policy Holder Srvcs; Non-Renewal","1"
"2019-03-01T00:00:00.000","Cancellation; Denial Of Claim","1"
"2020-09-01T00:00:00.000","Cancellation; Refund Of Premium","2"
"2013-10-01T00:00:00.000","Cancellation; Refund Of Premium","2"
"2014-03-01T00:00:00.000","Misleading Advertising","2"
"2025-04-01T00:00:00.000","Misrepresentation; Unauthorized Acts","2"
"2022-11-01T00:00:00.000","Cancellation; Delays (Policyholder Service)","1"
"2026-09-01T00:00:00.000","Cust Service Claim Handling; Cust Srvc Policy Holder Srvcs; Delays (Claims Handling); Denial Of Claim","1"
"2025-08-01T00:00:00.000","Endorsement / Rider; Unsatisfactory Settle/Offer","1"
"2013-10-01T00:00:00.000","Cust Service Claim Handling","2"
"2020-10-01T00:00:00.000","Delays (Claims Handling); Unsatisfactory Settle/Offer","5"
"2026-01-01T00:00:00.000","Cust Srvc Policy Holder Srvcs; Refund Of Premium","16"
"2020-02-01T00:00:00.000","Refund Of Premium","9"
"2021-02-01T00:00:00.000","Cust Service Claim Handling; Delays (Claims Handling); Denial Of Claim","6"
"2025-06-01T00:00:00.000","Cust Service Claim Handling; Unsatisfactory Settle/Offer","41"
"2016-07-01T00:00:00.000","Cancellation; Delays (Claims Handling); Denial Of Claim; Unsatisfactory Settle/Offer","1"
"2020-09-01T00:00:00.000","Refund Of Premium","3"
"2019-05-01T00:00:00.000","Refund Of Premium","5"
"2014-11-01T00:00:00.000","Agent Handling","6"
"2022-09-01T00:00:00.000","Cust Service Claim Handling; Post-Claim Underwriting","1"
"2022-03-01T00:00:00.000","Misrepresentation","14"
"2019-12-01T00:00:00.000","Delays (Claims Handling); Unsatisfactory Settle/Offer","1"
"2016-12-01T00:00:00.000","Cust Service Claim Handling; Delays (Claims Handling); Unsatisfactory Settle/Offer","9"
"2026-06-01T00:00:00.000","Cancellation; Cust Srvc Policy Holder Srvcs; Delays (Policyholder Service); Refund Of Premium","3"
"2026-04-01T00:00:00.000","Cust Service Claim Handling; Delays (Claims Handling); Endorsement / Rider; Unsatisfactory Settle/Offer","2"
"2024-01-01T00:00:00.000","Use of Credit Reports","1"
"2024-04-01T00:00:00.000","Delays (Claims Handling); Other","1"
"2022-07-01T00:00:00.000","Cust Service Claim Handling; Delays (Claims Handling); Denial Of Claim","2"
"2017-01-01T00:00:00.000","Denial Of Claim","26"
"2012-08-01T00:00:00.000","Other","4"
"2024-07-01T00:00:00.000","Cust Service Claim Handling; Cust Srvc Policy Holder Srvcs; Unsatisfactory Settle/Offer","1"
"2021-02-01T00:00:00.000","Cust Service Claim Handling; Denial Of Claim; Unsatisfactory Settle/Offer","1"
"2024-05-01T00:00:00.000","Premium and Rating; Refund Of Premium","3"
"2018-09-01T00:00:00.000","Delays (Claims Handling)","13"
"2024-11-01T00:00:00.000","Cust Srvc Policy Holder Srvcs; Delays (Policyholder Service)","12"
"2017-06-01T00:00:00.000","Cust Service Claim Handling; Denial Of Claim; Premium and Rating","1"
"2025-10-01T00:00:00.000","Cancellation","7"
"2018-01-01T00:00:00.000","Delays (Policyholder Service); Premium and Rating; Use of Credit Reports","1"
"2025-04-01T00:00:00.000","Cust Service Claim Handling; Delays (Claims Handling)","75"
"2015-10-01T00:00:00.000","Delays (Claims Handling); Denial Of Claim","2"
"2025-03-01T00:00:00.000","Cust Srvc Policy Holder Srvcs; Delays (Policyholder Service); Premium and Rating","3"
"2014-12-01T00:00:00.000","Cancellation; Refund Of Premium","2"
"2025-01-01T00:00:00.000","Cust Srvc Policy Holder Srvcs; Other","1"
"2020-10-01T00:00:00.000","Cust Service Claim Handling; Denial Of Claim; Unsatisfactory Settle/Offer","2"
"2020-07-01T00:00:00.000","Endorsement / Rider; Refund Of Premium","1"
"2015-08-01T00:00:00.000","Cancellation; Delays (Policyholder Service); Non-Renewal; Other","1"
"2024-12-01T00:00:00.000","Cancellation; Cust Srvc Policy Holder Srvcs","3"
"2015-07-01T00:00:00.000","Contract Disputes","3"
"2021-09-01T00:00:00.000","Delays (Policyholder Service)","8"
"2015-09-01T00:00:00.000","Premium and Rating","12"
"2020-10-01T00:00:00.000","Delays (Policyholder Service); Misrepresentation","1"
"2017-07-01T00:00:00.000","Notice Requirements","1"
"2015-06-01T00:00:00.000","Liability Dispute; Premium and Rating","1"
"2023-03-01T00:00:00.000","Misleading Advertising","2"
"2015-08-01T00:00:00.000","Cust Service Claim Handling; Delays (Claims Handling); Denial Of Claim","3"
"2014-11-01T00:00:00.000","Refusal to Insure","1"
"2017-09-01T00:00:00.000","Cust Service Claim Handling; Post-Claim Underwriting; Unsatisfactory Settle/Offer","1"
"2015-03-01T00:00:00.000","Unauthorized Acts","3"
"2025-11-01T00:00:00.000","Cust Service Claim Handling; Unsatisfactory Settle/Offer","27"
"2014-06-01T00:00:00.000","Cust Service Claim Handling; Unsatisfactory Settle/Offer","4"
"2018-08-01T00:00:00.000","Cust Service Claim Handling; Delays (Claims Handling); Denial Of Claim; Unsatisfactory Settle/Offer","1"
"2026-05-01T00:00:00.000","Denial Of Claim; Unsatisfactory Settle/Offer","1"
"2015-12-01T00:00:00.000","Cust Service Claim Handling","1"
"2012-12-01T00:00:00.000","Non-Disclosure Of Coverage","1"
"2015-02-01T00:00:00.000","Endorsement / Rider","1"
"2023-02-01T00:00:00.000","Use Of Clue Reports","1"
"2018-06-01T00:00:00.000","Cust Service Claim Handling; Denial Of Claim; Unfair Discrim-Clms Handling","1"
"2023-11-01T00:00:00.000","Cancellation; Refund Of Premium","1"
"2019-05-01T00:00:00.000","Agent Handling; Endorsement / Rider; Premium and Rating; Unsatisfactory Settle/Offer","1"
"2017-08-01T00:00:00.000","Agent Handling; Misrepresentation","1"
"2014-11-01T00:00:00.000","Agent/Agency Contrct Termin; Cust Service Claim Handling","1"
"2024-06-01T00:00:00.000","Cust Service Claim Handling; Delays (Claims Handling); Denial Of Claim; Unsatisfactory Settle/Offer","2"
"2014-01-01T00:00:00.000","Cancellation; Delays (Policyholder Service); Refund Of Premium","1"
"2013-01-01T00:00:00.000","Agent Handling","12"
"2025-01-01T00:00:00.000","Cust Srvc Policy Holder Srvcs","14"
"2022-01-01T00:00:00.000","Delays (Underwriting)","1"
"2024-06-01T00:00:00.000","Delays (Underwriting); Non-Renewal","2"
"2022-10-01T00:00:00.000","Refund Of Premium; Unsatisfactory Settle/Offer","1"
"2024-03-01T00:00:00.000","Refund Of Premium","20"
"2023-07-01T00:00:00.000","Delays (Claims Handling); Unsatisfactory Settle/Offer","21"
"2026-08-01T00:00:00.000","Cust Service Claim Handling; Cust Srvc Policy Holder Srvcs; Denial Of Claim","2"
"2015-12-01T00:00:00.000","Other","3"
"2025-04-01T00:00:00.000","Delays (Policyholder Service); Endorsement / Rider; Unsatisfactory Settle/Offer","1"
"2026-08-01T00:00:00.000","Cancellation; Cust Srvc Policy Holder Srvcs; Delays (Policyholder Service); Premium Notice; Premium and Rating","1"
"2019-02-01T00:00:00.000","Delays (Policyholder Service); Other","1"
"2020-04-01T00:00:00.000","Cancellation; Delays (Policyholder Service)","1"
"2024-09-01T00:00:00.000","Cust Service Claim Handling; Delays (Claims Handling); Delays (Policyholder Service); Misrepresentation; Unsatisfactory Settle/Offer","1"
"2026-06-01T00:00:00.000","Cancellation; Premium Notice","1"
"2025-10-01T00:00:00.000","Cust Srvc Policy Holder Srvcs; Refund Of Premium","4"
"2024-10-01T00:00:00.000","Cust Srvc Policy Holder Srvcs; Unsatisfactory Settle/Offer","1"
"2015-12-01T00:00:00.000","Premium and Rating","13"
"2022-01-01T00:00:00.000","Misrepresentation; Refund Of Premium","1"
"2012-06-01T00:00:00.000","Delays (Claims Handling); Unsatisfactory Settle/Offer","7"
"2026-03-01T00:00:00.000","Premium Notice; Premium and Rating; Refund Of Premium","1"
"2014-09-01T00:00:00.000","Delays (Underwriting); Non-Renewal; Other","1"
"2012-08-01T00:00:00.000","Misleading Advertising; Non-Disclosure Of Coverage","2"
"2025-09-01T00:00:00.000","Misrepresentation","6"
"2026-02-01T00:00:00.000","Cancellation; Delays (Policyholder Service); Refund Of Premium","1"
"2014-03-01T00:00:00.000","Delays (Claims Handling); Liability Dispute","1"
"2022-10-01T00:00:00.000","Cust Service Claim Handling; Misrepresentation","1"
"2022-06-01T00:00:00.000","Premium and Rating","6"
"2024-07-01T00:00:00.000","Premium and Rating; Refund Of Premium","2"
"2018-02-01T00:00:00.000","Unsatisfactory Settle/Offer","12"
"2025-12-01T00:00:00.000","Cust Service Claim Handling; Denial Of Claim; Policy Exclusion","3"
"2013-09-01T00:00:00.000","Cancellation; Excessive Rates; Premium and Rating","1"
"2013-08-01T00:00:00.000","Agent Handling; Delays (Underwriting)","1"
"2025-02-01T00:00:00.000","Cust Srvc Policy Holder Srvcs; Delays (Policyholder Service); Unauthorized Acts","1"
"2023-12-01T00:00:00.000","Delays (Policyholder Service); Premium and Rating","1"
"2020-02-01T00:00:00.000","Improper Inducements","2"
"2023-05-01T00:00:00.000","Cust Service Claim Handling; Denial Of Claim; Unsatisfactory Settle/Offer","1"
"2019-03-01T00:00:00.000","Denial Of Claim","18"
"2017-08-01T00:00:00.000","Increased Dwelling Coverage; Premium and Rating","1"
"2025-10-01T00:00:00.000","Unsatisfactory Settle/Offer","14"
"2012-05-01T00:00:00.000","Delays (Policyholder Service); XX-Abusive Service; XX-Payment Not Credited","1"
"2019-10-01T00:00:00.000","Cust Service Claim Handling; Delays (Claims Handling); Denial Of Claim; Usual And Customary","1"
"2024-11-01T00:00:00.000","Cust Service Claim Handling; Denial Of Claim; Non-Renewal","1"
"2017-12-01T00:00:00.000","Cust Service Claim Handling; Unsatisfactory Settle/Offer","8"
"2014-09-01T00:00:00.000","Delays (Underwriting)","2"
"2013-02-01T00:00:00.000","Excessive Rates; Premium and Rating; Unsatisfactory Settle/Offer","1"
"2020-08-01T00:00:00.000","Cancellation; Delays (Policyholder Service); Premium Notice","1"
"2023-01-01T00:00:00.000","Delays (Claims Handling); Non-Renewal","1"
"2022-11-01T00:00:00.000","Premium Notice; Refund Of Premium","2"
"2016-03-01T00:00:00.000","Other","5"
"2017-08-01T00:00:00.000","Delays (Policyholder Service)","5"
"2018-10-01T00:00:00.000","Use Of Clue Reports","1"
"2018-05-01T00:00:00.000","Misrepresentation","2"
"2013-09-01T00:00:00.000","Coordination of Benefits; Cust Service Claim Handling","1"
"2025-01-01T00:00:00.000","Delays (Policyholder Service)","2"
"2025-07-01T00:00:00.000","Cust Service Claim Handling; Delays (Claims Handling); Policy Exclusion; Unsatisfactory Settle/Offer","2"
"2016-05-01T00:00:00.000","Cust Service Claim Handling; Unsatisfactory Settle/Offer","25"
"2021-03-01T00:00:00.000","Premium and Rating; Refund Of Premium","2"
"2013-08-01T00:00:00.000","Delays (Claims Handling); Unsatisfactory Settle/Offer","11"
"2012-12-01T00:00:00.000","Denial Of Claim; Refusal to Insure","1"
"2026-05-01T00:00:00.000","Cust Srvc Policy Holder Srvcs; Premium and Rating; Refund Of Premium","4"
"2026-01-01T00:00:00.000","Cust Service Claim Handling; Denial Of Claim; Policy Exclusion","1"
"2018-05-01T00:00:00.000","Premium and Rating; Refund Of Premium","3"
"2026-08-01T00:00:00.000","Cust Service Claim Handling","7"
"2026-05-01T00:00:00.000","Cancellation","5"
"2015-05-01T00:00:00.000","Improper Inducements","1"
"2020-03-01T00:00:00.000","Cancellation; Delays (Policyholder Service); Premium Notice","1"
"2026-03-01T00:00:00.000","Cust Srvc Policy Holder Srvcs; Refund Of Premium","9"
"2025-06-01T00:00:00.000","Cust Srvc Policy Holder Srvcs; Delays (Policyholder Service); Unauthorized Acts","1"
"2018-05-01T00:00:00.000","Agent Handling; Conversion","1"
"2017-12-01T00:00:00.000","Delays (Claims Handling); Refund Of Premium","1"
"2013-04-01T00:00:00.000","Premium and Rating; Refund Of Premium","1"
"2020-07-01T00:00:00.000","Cust Service Claim Handling; Delays (Claims Handling); Premium and Rating","1"
"2024-09-01T00:00:00.000","Denial Of Claim; Policy Exclusion","1"
"2012-11-01T00:00:00.000","Premium Notice","1"
"2016-05-01T00:00:00.000","Notice Requirements","2"
"2019-08-01T00:00:00.000","Denial Of Claim","17"
"2020-04-01T00:00:00.000","Cust Service Claim Handling; Delays (Claims Handling); Unsatisfactory Settle/Offer","17"
"2022-11-01T00:00:00.000","Unsatisfactory Settle/Offer","22"
"2022-04-01T00:00:00.000","Premium Notice; Premium and Rating; Refund Of Premium","1"
"2019-03-01T00:00:00.000","Agent Handling; Delays (Policyholder Service)","1"
"2024-08-01T00:00:00.000","Refusal to Insure","2"
"2018-09-01T00:00:00.000","Unauthorized Acts","3"
"2024-09-01T00:00:00.000","Cancellation; Cust Service Claim Handling; Premium and Rating; Unsatisfactory Settle/Offer","1"
"2014-08-01T00:00:00.000","Refund Of Premium","11"
"2017-02-01T00:00:00.000","Delays (Claims Handling)","5"
"2017-11-01T00:00:00.000","Agent Handling; Cancellation","1"
"2014-05-01T00:00:00.000","Agent Handling","8"
"2025-04-01T00:00:00.000","Cust Srvc Policy Holder Srvcs; Policy Exclusion; Unsatisfactory Settle/Offer","1"
"2024-08-01T00:00:00.000","Delays (Underwriting); Non-Renewal","1"
"2022-05-01T00:00:00.000","Cust Service Claim Handling; Delays (Claims Handling); Unsatisfactory Settle/Offer","13"
"2021-11-01T00:00:00.000","Delays (Claims Handling); Denial Of Claim","2"
"2026-07-01T00:00:00.000","Cancellation; Cust Srvc Policy Holder Srvcs; Delays (Policyholder Service); Premium and Rating","1"
"2017-12-01T00:00:00.000","Cancellation","2"
"2016-06-01T00:00:00.000","Delays (Claims Handling); Denial Of Claim","3"
"2013-08-01T00:00:00.000","Delays (Claims Handling)","17"
"2024-09-01T00:00:00.000","Other","8"
"2024-01-01T00:00:00.000","Delays (Underwriting); Refund Of Premium","1"
"2022-07-01T00:00:00.000","Denial Of Claim; Misrepresentation","1"
"2016-12-01T00:00:00.000","Delays (Claims Handling)","7"
"2017-08-01T00:00:00.000","Agent Handling; Conversion","2"
"2024-10-01T00:00:00.000","Delays (Claims Handling); Non-Renewal; Unsatisfactory Settle/Offer","1"
"2015-11-01T00:00:00.000","Cust Service Claim Handling; Unsatisfactory Settle/Offer","4"
"2024-03-01T00:00:00.000","Cancellation; Cust Service Claim Handling; Denial Of Claim","1"
"2017-04-01T00:00:00.000","Conversion; Misrepresentation","1"
"2026-06-01T00:00:00.000","Unsatisfactory Settle/Offer","14"
"2026-07-01T00:00:00.000","Cust Service Claim Handling; Delays (Claims Handling); Premium and Rating; Unsatisfactory Settle/Offer","1"
"2023-08-01T00:00:00.000","Endorsement / Rider; Unsatisfactory Settle/Offer","2"
"2017-12-01T00:00:00.000","Cust Service Claim Handling; Delays (Claims Handling); Unsatisfactory Settle/Offer; Usual And Customary","1"
"2025-02-01T00:00:00.000","Cust Service Claim Handling; Denial Of Claim","13"
"2025-09-01T00:00:00.000","Cust Srvc Policy Holder Srvcs; Premium and Rating; Refund Of Premium","1"
"2013-05-01T00:00:00.000","Twisting; Unsatisfactory Settle/Offer","1"
"2012-07-01T00:00:00.000","Unsatisfactory Settle/Offer","50"
"2024-06-01T00:00:00.000","Cancellation; Refund Of Premium","2"
"2016-03-01T00:00:00.000","Agent Handling; Delays (Claims Handling); Unsatisfactory Settle/Offer","1"
"2015-06-01T00:00:00.000","Unauthorized Acts","8"
"2022-10-01T00:00:00.000","Denial Of Claim; Unsatisfactory Settle/Offer","1"
"2019-08-01T00:00:00.000","Increased Dwelling Coverage; Unsatisfactory Settle/Offer","1"
"2015-04-01T00:00:00.000","Other; Premium and Rating; Use Of Clue Reports","1"
"2022-11-01T00:00:00.000","Cust Service Claim Handling; Premium and Rating","1"
"2024-03-01T00:00:00.000","Delays (Claims Handling); Denial Of Claim","1"
"2024-07-01T00:00:00.000","Cust Srvc Policy Holder Srvcs; Delays (Policyholder Service)","10"
"2016-07-01T00:00:00.000","Agent Handling; Misrepresentation","2"
"2025-09-01T00:00:00.000","Cancellation; Cust Srvc Policy Holder Srvcs","3"
"2025-06-01T00:00:00.000","Cust Service Claim Handling; Delays (Claims Handling); Policy Exclusion; Unsatisfactory Settle/Offer","1"
"2014-02-01T00:00:00.000","Delays (Underwriting)","1"
"2016-08-01T00:00:00.000","Delays (Policyholder Service); Premium Notice","1"
"2023-04-01T00:00:00.000","Other","3"
"2021-12-01T00:00:00.000","Cust Service Claim Handling; Delays (Claims Handling); Unsatisfactory Settle/Offer","16"
"2022-12-01T00:00:00.000","Other","2"
"2014-06-01T00:00:00.000","Non-Renewal","4"
"2020-09-01T00:00:00.000","Misleading Advertising; Misrepresentation","4"
"2014-01-01T00:00:00.000","Refund Of Premium","10"
"2013-12-01T00:00:00.000","Cust Service Claim Handling; Denial Of Claim","2"
"2014-03-01T00:00:00.000","Cust Service Claim Handling","3"
"2024-06-01T00:00:00.000","Cust Service Claim Handling; Insurer Fraud; Unsatisfactory Settle/Offer","1"
"2022-02-01T00:00:00.000","Delays (Claims Handling); Denial Of Claim","1"
"2015-05-01T00:00:00.000","Cust Service Claim Handling; Delays (Claims Handling); Unsatisfactory Settle/Offer","6"
"2025-06-01T00:00:00.000","Unsatisfactory Settle/Offer","27"
"2021-04-01T00:00:00.000","Unsatisfactory Settle/Offer","37"
"2023-01-01T00:00:00.000","Cust Service Claim Handling; Delays (Claims Handling); Denial Of Claim; Unsatisfactory Settle/Offer","2"
"2024-04-01T00:00:00.000","Cust Service Claim Handling","5"
"2018-10-01T00:00:00.000","Post-Claim Underwriting","1"
"2017-10-01T00:00:00.000","Delays (Policyholder Service); Premium and Rating; Refund Of Premium","1"
"2025-08-01T00:00:00.000","Cust Srvc Policy Holder Srvcs; Delays (Policyholder Service); Delays (Underwriting); Premium and Rating","1"
"2023-05-01T00:00:00.000","Endorsement / Rider; Misrepresentation","1"
"2024-06-01T00:00:00.000","Misrepresentation","7"
"2024-10-01T00:00:00.000","Cust Srvc Policy Holder Srvcs; Premium and Rating","6"
"2026-08-01T00:00:00.000","Cust Service Claim Handling; Delays (Claims Handling); Premium and Rating","1"
"2017-12-01T00:00:00.000","Delays (Policyholder Service); Refund Of Premium","1"
"2017-09-01T00:00:00.000","Agent Handling; Conversion","4"
"2021-12-01T00:00:00.000","Delays (Claims Handling); Denial Of Claim; Unsatisfactory Settle/Offer","1"
"2026-01-01T00:00:00.000","Cust Service Claim Handling; Cust Srvc Policy Holder Srvcs","1"
"2018-10-01T00:00:00.000","Non-Renewal; Other","1"
"2024-07-01T00:00:00.000","Non-Renewal; Premium and Rating","1"
"2023-01-01T00:00:00.000","Cust Service Claim Handling; Denial Of Claim","5"
"2024-09-01T00:00:00.000","Delays (Policyholder Service); Premium Notice","1"
"2015-09-01T00:00:00.000","Agent Handling; Denial Of Claim","1"
"2026-06-01T00:00:00.000","Delays (Policyholder Service)","2"
"2017-08-01T00:00:00.000","Denial Of Claim","32"
"2022-11-01T00:00:00.000","Refund Of Premium","9"
"2025-07-01T00:00:00.000","Cust Service Claim Handling; Denial Of Claim; Unsatisfactory Settle/Offer","2"
"2012-09-01T00:00:00.000","Misrepresentation","5"
"2018-03-01T00:00:00.000","Cust Service Claim Handling; Denial Of Claim","6"
"2025-12-01T00:00:00.000","Denial Of Claim","13"
"2017-07-01T00:00:00.000","Cust Service Claim Handling; Delays (Claims Handling); Premium and Rating; Unsatisfactory Settle/Offer","1"
"2014-05-01T00:00:00.000","Cust Service Claim Handling; Denial Of Claim","1"
"2023-11-01T00:00:00.000","Unauthorized Acts","6"
"2025-04-01T00:00:00.000","Cust Service Claim Handling","13"
"2023-09-01T00:00:00.000","Premium and Rating; Refund Of Premium","3"
"2023-12-01T00:00:00.000","Cust Service Claim Handling; Delays (Claims Handling); Non-Renewal; Unsatisfactory Settle/Offer","1"
"2026-08-01T00:00:00.000","Denial Of Claim","20"
"2026-07-01T00:00:00.000","Cust Service Claim Handling; Cust Srvc Policy Holder Srvcs; Endorsement / Rider; Unsatisfactory Settle/Offer","2"
"2013-07-01T00:00:00.000","Agent Handling; Cancellation; Refund Of Premium","1"
"2017-08-01T00:00:00.000","Agent Handling; Conversion; Misrepresentation","2"
"2025-01-01T00:00:00.000","Cust Service Claim Handling; Denial Of Claim","19"
"2025-03-01T00:00:00.000","Cust Srvc Policy Holder Srvcs; Delays (Policyholder Service); Misrepresentation","1"
"2023-11-01T00:00:00.000","Cust Service Claim Handling; Delays (Claims Handling); Refund Of Premium","1"
"2025-04-01T00:00:00.000","Cust Service Claim Handling; Denial Of Claim; Non-Renewal","1"
"2018-05-01T00:00:00.000","Other","1"
"2016-04-01T00:00:00.000","Cust Service Claim Handling; Unfair Discrim-Clms Handling","1"
"2026-03-01T00:00:00.000","Cancellation; Delays (Policyholder Service); Refund Of Premium","1"
"2018-07-01T00:00:00.000","Delays (Claims Handling); Unsatisfactory Settle/Offer; Usual And Customary","1"
"2023-08-01T00:00:00.000","Premium Notice","1"
"2017-07-01T00:00:00.000","Use of Credit Reports","1"
"2024-04-01T00:00:00.000","Cust Service Claim Handling; Denial Of Claim; Non-Renewal","2"
"2016-12-01T00:00:00.000","Agent Handling; Improper Inducements; Misrepresentation; Premium and Rating","1"
"2017-06-01T00:00:00.000","Denial Of Claim","32"
"2019-06-01T00:00:00.000","Cancellation; Denial Of Claim","1"
"2016-05-01T00:00:00.000","Agent Handling; Premium and Rating","2"
"2017-02-01T00:00:00.000","Denial Of Claim; Unsatisfactory Settle/Offer","2"
"2026-03-01T00:00:00.000","Cust Srvc Policy Holder Srvcs; Delays (Policyholder Service); Non-Renewal","1"
"2018-10-01T00:00:00.000","Cust Service Claim Handling; Unsatisfactory Settle/Offer","4"
"2015-07-01T00:00:00.000","Cust Service Claim Handling; Delays (Claims Handling)","10"
"2020-10-01T00:00:00.000","Cust Service Claim Handling; Unsatisfactory Settle/Offer","11"
"2024-08-01T00:00:00.000","Cancellation; Cust Srvc Policy Holder Srvcs; Delays (Policyholder Service); Denial Of Claim; Refund Of Premium","1"
"2024-11-01T00:00:00.000","Cust Srvc Policy Holder Srvcs; Endorsement / Rider; Premium Notice; Premium and Rating","1"
"2013-09-01T00:00:00.000","Excessive Rates; Other; Premium and Rating","1"
"2013-07-01T00:00:00.000","Premium and Rating","17"
"2023-09-01T00:00:00.000","Unsatisfactory Settle/Offer","70"
"2013-06-01T00:00:00.000","Delays (Claims Handling); Liability Dispute","2"
"2025-04-01T00:00:00.000","Cust Srvc Policy Holder Srvcs; Non-Renewal","2"
"2015-01-01T00:00:00.000","Cust Service Claim Handling; Unsatisfactory Settle/Offer","3"
"2015-03-01T00:00:00.000","Delays (Policyholder Service)","2"
"2023-06-01T00:00:00.000","Delays (Underwriting); Premium and Rating","1"
"2025-09-01T00:00:00.000","Cust Service Claim Handling; Cust Srvc Policy Holder Srvcs; Delays (Claims Handling); Delays (Policyholder Service)","1"
"2017-03-01T00:00:00.000","Cancellation; Premium Notice","1"
"2022-12-01T00:00:00.000","Delays (Claims Handling); Denial Of Claim; Unsatisfactory Settle/Offer","2"
"2021-01-01T00:00:00.000","Misleading Advertising","2"
"2020-07-01T00:00:00.000","Delays (Policyholder Service); Premium Notice; Refund Of Premium","1"
"2023-10-01T00:00:00.000","Unsatisfactory Settle/Offer","48"
"2020-09-01T00:00:00.000","Unauthorized Acts","4"
"2012-08-01T00:00:00.000","Cancellation; Denial Of Claim; Unsatisfactory Settle/Offer","1"
"2017-09-01T00:00:00.000","Agent Handling; Delays (Policyholder Service)","3"
"2025-09-01T00:00:00.000","Cust Service Claim Handling; Cust Srvc Policy Holder Srvcs; Premium and Rating; Unsatisfactory Settle/Offer","1"
"2018-12-01T00:00:00.000","Delays (Policyholder Service); Post-Claim Underwriting","1"
"2022-03-01T00:00:00.000","Delays (Claims Handling); Unsatisfactory Settle/Offer","28"
"2020-11-01T00:00:00.000","Cust Service Claim Handling; Unsatisfactory Settle/Offer","13"
"2026-09-01T00:00:00.000","Denial Of Claim; Refund Of Premium","1"
"2018-10-01T00:00:00.000","Cust Service Claim Handling; Delays (Claims Handling)","11"
"2016-07-01T00:00:00.000","Cust Service Claim Handling; Increased Dwelling Coverage; Premium and Rating; Unsatisfactory Settle/Offer","1"
"2017-07-01T00:00:00.000","Delays (Policyholder Service); Non-Renewal","1"
"2025-03-01T00:00:00.000","Cust Service Claim Handling; Delays (Claims Handling); Policy Exclusion; Unsatisfactory Settle/Offer","1"
"2021-03-01T00:00:00.000","Denial Of Claim; Liability Dispute","1"
"2017-02-01T00:00:00.000","Other; Refund Of Premium","1"
"2016-06-01T00:00:00.000","Cust Service Claim Handling; Delays (Claims Handling)","27"
"2026-08-01T00:00:00.000","Cancellation; Premium and Rating; Refund Of Premium","1"
"2025-09-01T00:00:00.000","Cust Service Claim Handling; Unsatisfactory Settle/Offer","20"
"2020-08-01T00:00:00.000","Endorsement / Rider; Unsatisfactory Settle/Offer","1"
"2021-01-01T00:00:00.000","Cancellation","7"
"2015-06-01T00:00:00.000","Cust Service Claim Handling; Post-Claim Underwriting","1"
"2019-03-01T00:00:00.000","Cancellation; Delays (Policyholder Service)","2"
"2023-07-01T00:00:00.000","Delays (Policyholder Service)","14"
"2020-10-01T00:00:00.000","Denial Of Claim","14"
"2026-01-01T00:00:00.000","Cust Service Claim Handling; Cust Srvc Policy Holder Srvcs; Denial Of Claim","1"
"2019-06-01T00:00:00.000","Unsatisfactory Settle/Offer","12"
"2020-08-01T00:00:00.000","Delays (Policyholder Service); Refund Of Premium","4"
"2015-03-01T00:00:00.000","Premium and Rating; Refund Of Premium","2"
"2018-06-01T00:00:00.000","Delays (Claims Handling); Denial Of Claim","3"
"2021-04-01T00:00:00.000","Delays (Policyholder Service); Other","2"
"2020-11-01T00:00:00.000","Cust Service Claim Handling; Delays (Claims Handling); Denial Of Claim","7"
"2016-06-01T00:00:00.000","Denial Of Claim; Unsatisfactory Settle/Offer","3"
"2017-09-01T00:00:00.000","Delays (Policyholder Service); Refund Of Premium","7"
"2023-09-01T00:00:00.000","Delays (Claims Handling); Use Of Clue Reports","1"
"2023-09-01T00:00:00.000","Refusal to Insure; Use Of Clue Reports","1"
"2026-07-01T00:00:00.000","Delays (Underwriting); Use Of Clue Reports","1"
"2015-11-01T00:00:00.000","Delays (Policyholder Service); Unauthorized Acts","1"
"2015-08-01T00:00:00.000","Cust Service Claim Handling","2"
"2024-07-01T00:00:00.000","Cancellation; Delays (Policyholder Service); Premium and Rating","1"
"2025-01-01T00:00:00.000","Cust Service Claim Handling; Delays (Claims Handling)","70"
"2013-03-01T00:00:00.000","Increased Dwelling Coverage","1"
"2021-05-01T00:00:00.000","Denial Of Claim","39"
"2019-10-01T00:00:00.000","Premium Notice; Premium and Rating","1"
"2018-07-01T00:00:00.000","Non-Renewal","2"
"2016-02-01T00:00:00.000","Increased Dwelling Coverage; Unsatisfactory Settle/Offer","1"
"2022-06-01T00:00:00.000","Delays (Policyholder Service); Endorsement / Rider; Premium and Rating","1"
"2022-08-01T00:00:00.000","Delays (Policyholder Service); Misrepresentation","1"
"2025-06-01T00:00:00.000","Non-Renewal; Refund Of Premium","1"
"2018-11-01T00:00:00.000","Cust Service Claim Handling; Delays (Claims Handling); Denial Of Claim","1"
"2013-03-01T00:00:00.000","Other; Refund Of Premium","3"
"2023-01-01T00:00:00.000","Cust Service Claim Handling; Delays (Policyholder Service); Refund Of Premium","1"
"2019-08-01T00:00:00.000","Cust Service Claim Handling; Denial Of Claim; Unsatisfactory Settle/Offer","1"
"2024-05-01T00:00:00.000","Delays (Claims Handling); Misrepresentation; Unsatisfactory Settle/Offer","1"
"2022-01-01T00:00:00.000","Cust Service Claim Handling; Delays (Claims Handling); Unsatisfactory Settle/Offer","17"
"2020-05-01T00:00:00.000","Cust Service Claim Handling","2"
"2015-11-01T00:00:00.000","Agent Handling; Cancellation; Premium and Rating","1"
"2022-12-01T00:00:00.000","Unsatisfactory Settle/Offer; Usual And Customary","1"
"2013-10-01T00:00:00.000","Cancellation; Delays (Policyholder Service); Refund Of Premium","1"
"2024-09-01T00:00:00.000","Cust Service Claim Handling; Delays (Claims Handling)","100"
"2026-03-01T00:00:00.000","Cancellation; Cust Service Claim Handling; Cust Srvc Policy Holder Srvcs; Delays (Claims Handling)","1"
"2025-02-01T00:00:00.000","Cust Service Claim Handling; Denial Of Claim; Unsatisfactory Settle/Offer","1"
"2021-07-01T00:00:00.000","Cancellation; Refund Of Premium","7"
"2016-07-01T00:00:00.000","Delays (Claims Handling); Denial Of Claim","4"
"2018-10-01T00:00:00.000","Cust Service Claim Handling; Delays (Claims Handling); Delays (Policyholder Service); Unsatisfactory Settle/Offer","1"
"2024-06-01T00:00:00.000","Cust Srvc Policy Holder Srvcs; Delays (Policyholder Service); Premium and Rating","1"
"2022-04-01T00:00:00.000","Denial Of Claim; Misrepresentation","1"
"2015-11-01T00:00:00.000","Delays (Claims Handling)","18"
"2018-10-01T00:00:00.000","Other","4"
"2021-03-01T00:00:00.000","Delays (Claims Handling)","42"
"2018-08-01T00:00:00.000","Cust Service Claim Handling","3"
"2014-12-01T00:00:00.000","Cust Service Claim Handling; Delays (Claims Handling)","8"
"2017-03-01T00:00:00.000","Delays (Claims Handling)","3"
"2024-09-01T00:00:00.000","Non-Renewal","7"
"2021-09-01T00:00:00.000","Endorsement / Rider; Premium and Rating","1"
"2014-03-01T00:00:00.000","Unsatisfactory Settle/Offer","36"
"2017-07-01T00:00:00.000","Cust Service Claim Handling; Denial Of Claim; Non-Renewal","1"
"2017-03-01T00:00:00.000","Cust Service Claim Handling; Delays (Claims Handling)","7"
"2021-09-01T00:00:00.000","Cancellation; Delays (Policyholder Service); Refund Of Premium","1"
"2015-05-01T00:00:00.000","Non-Renewal; Other","1"
"2018-07-01T00:00:00.000","Premium and Rating","8"
"2021-04-01T00:00:00.000","Cust Service Claim Handling; Delays (Claims Handling); Premium and Rating; Unsatisfactory Settle/Offer","1"
"2021-04-01T00:00:00.000","Cust Service Claim Handling; Denial Of Claim; Non-Renewal","1"
"2026-03-01T00:00:00.000","Cust Srvc Policy Holder Srvcs; Unauthorized Acts","1"
"2015-03-01T00:00:00.000","Non-Renewal","3"
"2026-03-01T00:00:00.000","Cust Service Claim Handling; Delays (Claims Handling); Premium and Rating","1"
"2024-11-01T00:00:00.000","Unsatisfactory Settle/Offer","35"
"2016-06-01T00:00:00.000","Increased Dwelling Coverage","1"
"2013-11-01T00:00:00.000","Premium and Rating; Refund Of Premium","2"
"2020-12-01T00:00:00.000","Cust Service Claim Handling; Delays (Claims Handling); Denial Of Claim; Non-Renewal","1"
"2025-07-01T00:00:00.000","Delays (Policyholder Service); Refund Of Premium","3"
"2024-04-01T00:00:00.000","Non-Renewal; Refund Of Premium","2"
"2020-07-01T00:00:00.000","Cust Service Claim Handling; Unsatisfactory Settle/Offer","11"
"2018-12-01T00:00:00.000","Post-Claim Underwriting","1"
"2024-06-01T00:00:00.000","Delays (Claims Handling); Premium and Rating","1"
"2012-08-01T00:00:00.000","Premium and Rating; Windstorm Exclusion","1"
"2016-01-01T00:00:00.000","Cust Service Claim Handling; Delays (Claims Handling); Unsatisfactory Settle/Offer","8"
"2023-05-01T00:00:00.000","Delays (Policyholder Service); Unauthorized Acts","2"
"2022-04-01T00:00:00.000","Denial Of Claim; Non-Renewal","1"
"2024-04-01T00:00:00.000","Delays (Policyholder Service)","11"
"2023-12-01T00:00:00.000","Premium and Rating","17"
"2024-03-01T00:00:00.000","Delays (Claims Handling)","16"
"2017-02-01T00:00:00.000","Denial Of Claim; Endorsement / Rider","1"
"2025-05-01T00:00:00.000","Cust Service Claim Handling; Delays (Claims Handling); Endorsement / Rider","1"
"2018-03-01T00:00:00.000","Premium Notice","2"
"2018-03-01T00:00:00.000","Delays (Policyholder Service)","3"
"2017-04-01T00:00:00.000","Cust Service Claim Handling; Unsatisfactory Settle/Offer","5"
"2024-06-01T00:00:00.000","Delays (Claims Handling); Other; Unsatisfactory Settle/Offer","1"
"2013-12-01T00:00:00.000","Cust Service Claim Handling; Delays (Claims Handling); Delays (Policyholder Service); Unsatisfactory Settle/Offer","1"
"2014-08-01T00:00:00.000","Premium and Rating","11"
"2025-12-01T00:00:00.000","Cust Service Claim Handling; Delays (Claims Handling); Premium and Rating; Unsatisfactory Settle/Offer; Use Of Clue Reports","1"
"2021-10-01T00:00:00.000","Unsatisfactory Settle/Offer","21"
"2021-03-01T00:00:00.000","Cust Service Claim Handling; Delays (Claims Handling)","64"
"2017-08-01T00:00:00.000","Delays (Claims Handling); Unsatisfactory Settle/Offer","10"
"2025-04-01T00:00:00.000","Use Of Clue Reports","1"
"2015-10-01T00:00:00.000","Refund Of Premium","2"
"2016-07-01T00:00:00.000","Cancellation","4"
"2017-01-01T00:00:00.000","Denial Of Claim; Non-Renewal","2"
"2025-07-01T00:00:00.000","Delays (Claims Handling)","15"
"2014-12-01T00:00:00.000","Delays (Claims Handling)","9"
"2024-11-01T00:00:00.000","Delays (Policyholder Service); Refund Of Premium","3"
"2026-03-01T00:00:00.000","Premium and Rating","7"
"2022-06-01T00:00:00.000","Cust Service Claim Handling; Delays (Claims Handling)","35"
"2015-03-01T00:00:00.000","Cust Service Claim Handling; Delays (Claims Handling)","4"
"2019-10-01T00:00:00.000","Unsatisfactory Settle/Offer; Usual And Customary","1"
"2015-05-01T00:00:00.000","Agent Handling; Unauthorized Acts","1"
"2026-03-01T00:00:00.000","Cust Srvc Policy Holder Srvcs; Premium and Rating; Refund Of Premium","3"
"2018-11-01T00:00:00.000","Refund Of Premium","3"
"2015-03-01T00:00:00.000","Delays (Policyholder Service); Refund Of Premium","7"
"2013-12-01T00:00:00.000","Delays (Claims Handling); Unsatisfactory Settle/Offer","6"
"2026-04-01T00:00:00.000","Delays (Claims Handling); Non-Renewal","1"
"2024-11-01T00:00:00.000","Cust Service Claim Handling; Other","1"
"2021-01-01T00:00:00.000","Cancellation; Delays (Policyholder Service); Delays (Underwriting)","1"
"2026-01-01T00:00:00.000","Cancellation; Cust Srvc Policy Holder Srvcs; Premium and Rating; Refund Of Premium","1"
"2025-03-01T00:00:00.000","Delays (Underwriting); Premium and Rating; Refund Of Premium","1"
"2017-07-01T00:00:00.000","Refund Of Premium; Refusal to Insure","1"
"2023-10-01T00:00:00.000","Cust Service Claim Handling; Denial Of Claim","11"
"2019-12-01T00:00:00.000","Delays (Policyholder Service); Refund Of Premium","4"
"2025-07-01T00:00:00.000","Cust Srvc Policy Holder Srvcs; Delays (Policyholder Service); Premium and Rating; Unsatisfactory Settle/Offer","1"
"2022-04-01T00:00:00.000","Misleading Advertising","2"
"2025-04-01T00:00:00.000","Cancellation; Delays (Underwriting); Refund Of Premium","1"
"2025-08-01T00:00:00.000","Denial Of Claim; Endorsement / Rider","1"
"2020-04-01T00:00:00.000","Cust Service Claim Handling; Premium and Rating; Unsatisfactory Settle/Offer","1"
"2023-04-01T00:00:00.000","Delays (Policyholder Service)","13"
"2016-09-01T00:00:00.000","Cust Service Claim Handling; Delays (Claims Handling); Denial Of Claim","5"
"2013-06-01T00:00:00.000","Unauthorized Acts","1"
"2024-07-01T00:00:00.000","Refund Of Premium","9"
"2013-10-01T00:00:00.000","Non-Renewal","8"
"2013-05-01T00:00:00.000","Cust Service Claim Handling; Delays (Claims Handling)","1"
"2025-11-01T00:00:00.000","Cust Service Claim Handling; Delays (Claims Handling); Policy Exclusion","2"
"2017-09-01T00:00:00.000","Cust Service Claim Handling; Delays (Claims Handling); Endorsement / Rider; Non-Renewal; Unsatisfactory Settle/Offer","1"
"2020-06-01T00:00:00.000","Cust Service Claim Handling; Denial Of Claim","15"
"2025-12-01T00:00:00.000","Cust Srvc Policy Holder Srvcs","14"
"2018-12-01T00:00:00.000","Cust Service Claim Handling; Delays (Claims Handling)","10"
"2023-03-01T00:00:00.000","Cancellation; Premium and Rating","1"
"2023-06-01T00:00:00.000","Delays (Underwriting); Non-Renewal","2"
"2019-04-01T00:00:00.000","Delays (Policyholder Service); Duplication of Coverage; Refund Of Premium","1"
"2015-05-01T00:00:00.000","Cancellation; Cust Service Claim Handling; Delays (Policyholder Service); Refund Of Premium; Refusal to Insure","1"
"2014-04-01T00:00:00.000","Cancellation; Other","1"
"2025-07-01T00:00:00.000","Delays (Policyholder Service)","2"
"2014-03-01T00:00:00.000","Delays (Policyholder Service); Refund Of Premium","1"
"2024-08-01T00:00:00.000","Delays (Claims Handling); Unsatisfactory Settle/Offer","24"
"2019-11-01T00:00:00.000","Cust Service Claim Handling","3"
"2022-05-01T00:00:00.000","Non-Renewal","4"
"2016-10-01T00:00:00.000","Agent Handling; Delays (Policyholder Service); Refund Of Premium","1"
"2015-05-01T00:00:00.000","Increased Dwelling Coverage; Other","1"
"2023-08-01T00:00:00.000","Delays (Underwriting); Refund Of Premium","1"
"2024-07-01T00:00:00.000","Cust Service Claim Handling; Cust Srvc Policy Holder Srvcs; Premium and Rating","1"
"2013-03-01T00:00:00.000","Cancellation; Refund Of Premium","1"
"2021-03-01T00:00:00.000","Denial Of Claim; Non-Renewal","1"
"2018-03-01T00:00:00.000","Cust Service Claim Handling; Denial Of Claim; Unsatisfactory Settle/Offer","2"
"2020-09-01T00:00:00.000","Cust Service Claim Handling; Delays (Claims Handling); Denial Of Claim; Premium and Rating","1"
"2016-06-01T00:00:00.000","Cancellation; Notice Requirements; Refund Of Premium","1"
"2013-11-01T00:00:00.000","Cust Service Claim Handling","3"
"2025-10-01T00:00:00.000","Cust Service Claim Handling; Cust Srvc Policy Holder Srvcs; Delays (Claims Handling); Denial Of Claim; Unsatisfactory Settle/Offer","1"
"2016-05-01T00:00:00.000","Cust Service Claim Handling; Delays (Claims Handling); Unsatisfactory Settle/Offer","26"
"2015-09-01T00:00:00.000","Cust Service Claim Handling","2"
"2020-04-01T00:00:00.000","Cancellation; Non-Renewal; Refund Of Premium; Refusal to Insure; Unfair Discrimination","1"
"2020-07-01T00:00:00.000","Unsatisfactory Settle/Offer; Usual And Customary","1"
"2020-10-01T00:00:00.000","Cancellation; Cust Service Claim Handling; Delays (Claims Handling); Non-Renewal","1"
"2025-02-01T00:00:00.000","Delays (Policyholder Service)","2"
"2021-07-01T00:00:00.000","Conversion","3"
"2018-11-01T00:00:00.000","Non-Renewal","3"
"2015-10-01T00:00:00.000","Agent Handling; Conversion","2"
"2022-04-01T00:00:00.000","Refund Of Premium","9"
"2026-06-01T00:00:00.000","Cust Service Claim Handling; Delays (Claims Handling); Denial Of Claim; Policy Exclusion","3"
"2015-01-01T00:00:00.000","Non-Renewal; Other","2"
"2013-10-01T00:00:00.000","Use Of Clue Reports","3"
"2023-12-01T00:00:00.000","Cancellation; Cust Service Claim Handling; Denial Of Claim","1"
"2016-01-01T00:00:00.000","Cancellation; Delays (Policyholder Service)","2"
"2024-06-01T00:00:00.000","Refusal to Insure","4"
"2016-02-01T00:00:00.000","Delays (Policyholder Service); Other; Premium Notice","2"
"2015-12-01T00:00:00.000","Agent Handling; Cust Service Claim Handling; Delays (Claims Handling); Refund Of Premium","1"
"2023-08-01T00:00:00.000","Endorsement / Rider; Premium and Rating; Refund Of Premium","1"
"2012-08-01T00:00:00.000","Excessive Rates; Premium and Rating","2"
"2019-08-01T00:00:00.000","Unsatisfactory Settle/Offer","14"
"2022-08-01T00:00:00.000","Cust Service Claim Handling; Delays (Claims Handling); Unsatisfactory Settle/Offer","21"
"2018-09-01T00:00:00.000","Agent Handling; Other","1"
"2013-12-01T00:00:00.000","Premium Notice; Refund Of Premium","1"
"2015-04-01T00:00:00.000","Unsatisfactory Settle/Offer","9"
"2026-01-01T00:00:00.000","Cust Service Claim Handling; Delays (Claims Handling); Premium and Rating","1"
"2025-01-01T00:00:00.000","Delays (Underwriting); Premium and Rating","1"
"2019-01-01T00:00:00.000","Unsatisfactory Settle/Offer; Usual And Customary","1"
"2020-09-01T00:00:00.000","Cust Service Claim Handling; Delays (Claims Handling); Unsatisfactory Settle/Offer","37"
"2017-09-01T00:00:00.000","Assignment of Benefits; Cust Service Claim Handling; Delays (Claims Handling); Premium and Rating","1"
"2016-05-01T00:00:00.000","Agent Handling; Cust Service Claim Handling","1"
"2017-10-01T00:00:00.000","Unauthorized Acts","10"
"2021-04-01T00:00:00.000","Cancellation; Refusal to Insure","1"
"2017-09-01T00:00:00.000","Delays (Policyholder Service); Premium and Rating; Refund Of Premium","1"
"2015-04-01T00:00:00.000","Premium and Rating; Use Of Clue Reports","1"
"2023-05-01T00:00:00.000","Improper Inducements","1"
"2013-09-01T00:00:00.000","Agent Handling","12"
"2016-11-01T00:00:00.000","Delays (Policyholder Service); Notice Requirements; Premium and Rating; Refund Of Premium","1"
"2019-05-01T00:00:00.000","Premium Notice","2"
"2017-01-01T00:00:00.000","Cust Service Claim Handling; Denial Of Claim","6"
"2017-12-01T00:00:00.000","Cust Service Claim Handling; Delays (Claims Handling); Delays (Policyholder Service); Unsatisfactory Settle/Offer","1"
"2024-02-01T00:00:00.000","Delays (Policyholder Service); Refund Of Premium","9"
"2021-08-01T00:00:00.000","Delays (Claims Handling); Denial Of Claim; Unsatisfactory Settle/Offer","2"
"2012-10-01T00:00:00.000","Delays (Policyholder Service); Refund Of Premium","2"
"2017-09-01T00:00:00.000","Cancellation; Delays (Policyholder Service); Refund Of Premium","2"
"2013-08-01T00:00:00.000","Cancellation; Refund Of Premium","2"
"2023-10-01T00:00:00.000","Endorsement / Rider","1"
"2013-03-01T00:00:00.000","Cust Service Claim Handling; Unsatisfactory Settle/Offer","4"
"2026-01-01T00:00:00.000","Cust Service Claim Handling; Denial Of Claim","14"
"2024-07-01T00:00:00.000","Unsatisfactory Settle/Offer","36"
"2020-12-01T00:00:00.000","Cust Service Claim Handling","1"
"2014-10-01T00:00:00.000","Agent Handling; Denial Of Claim; Unsatisfactory Settle/Offer","1"
"2024-08-01T00:00:00.000","Other","6"
"2022-01-01T00:00:00.000","Cust Service Claim Handling; Delays (Claims Handling); Denial Of Claim; Unsatisfactory Settle/Offer","1"
"2016-10-01T00:00:00.000","Denial Of Claim","26"
"2015-11-01T00:00:00.000","Non-Renewal","2"
"2026-07-01T00:00:00.000","Cancellation; Refund Of Premium","2"
"2013-07-01T00:00:00.000","Delays (Policyholder Service)","14"
"2024-07-01T00:00:00.000","Cancellation; Non-Renewal","1"
"2025-11-01T00:00:00.000","Cust Service Claim Handling; Delays (Claims Handling); Unsatisfactory Settle/Offer","65"
"2020-04-01T00:00:00.000","Cust Service Claim Handling; Denial Of Claim","2"
"2019-01-01T00:00:00.000","Agent Handling; Denial Of Claim","1"
"2025-08-01T00:00:00.000","Other","3"
"2018-01-01T00:00:00.000","Refund Of Premium","1"
"2021-05-01T00:00:00.000","Delays (Claims Handling)","39"
"2026-09-01T00:00:00.000","Cust Srvc Policy Holder Srvcs; Refund Of Premium","4"
"2019-06-01T00:00:00.000","Cust Service Claim Handling; Delays (Claims Handling); Denial Of Claim","3"
"2012-10-01T00:00:00.000","Closed-Lack Of Info Cmplainant","2"
"2026-01-01T00:00:00.000","Cancellation; Cust Srvc Policy Holder Srvcs; Delays (Policyholder Service); Premium and Rating","3"
"2016-04-01T00:00:00.000","Endorsement / Rider; Other; Unsatisfactory Settle/Offer","1"
"2022-09-01T00:00:00.000","Premium and Rating; Refund Of Premium","1"
"2021-08-01T00:00:00.000","Cust Service Claim Handling; Delays (Claims Handling); Denial Of Claim","2"
"2017-06-01T00:00:00.000","Cancellation; Denial Of Claim; Notice Requirements","1"
"2020-07-01T00:00:00.000","Delays (Policyholder Service); Refund Of Premium","8"
"2018-09-01T00:00:00.000","Unsatisfactory Settle/Offer","13"
"2014-12-01T00:00:00.000","Delays (Policyholder Service); Refund Of Premium","4"
"2026-04-01T00:00:00.000","Cancellation; Refund Of Premium","4"
"2018-07-01T00:00:00.000","Delays (Claims Handling); Premium and Rating","1"
"2015-07-01T00:00:00.000","Agent Handling; Unauthorized Acts","1"
"2024-04-01T00:00:00.000","Cust Service Claim Handling; Delays (Policyholder Service); Denial Of Claim","1"
"2016-05-01T00:00:00.000","Denial Of Claim; Refusal to Insure","1"
"2021-02-01T00:00:00.000","Assignment of Benefits; Cust Service Claim Handling; Delays (Claims Handling)","1"
"2020-12-01T00:00:00.000","Cust Service Claim Handling; Delays (Policyholder Service)","1"
"2017-12-01T00:00:00.000","Denial Of Claim; Unfair Discrim-Clms Handling","1"
"2023-03-01T00:00:00.000","Cust Service Claim Handling; Delays (Claims Handling)","42"
"2015-03-01T00:00:00.000","Increased Dwelling Coverage; Other; Premium and Rating; Refund Of Premium","1"
"2012-12-01T00:00:00.000","Cancellation; Non-Renewal","1"
"2018-07-01T00:00:00.000","Agent Handling; Duplication of Coverage; Misrepresentation; Premium Notice","1"
"2025-01-01T00:00:00.000","Cancellation; Cust Service Claim Handling; Denial Of Claim","1"
"2023-03-01T00:00:00.000","Cust Service Claim Handling; Use Of Clue Reports","1"
"2012-06-01T00:00:00.000","Delays (Policyholder Service); Premium Notice","1"
"2026-07-01T00:00:00.000","Cancellation; Cust Srvc Policy Holder Srvcs","6"
"2023-10-01T00:00:00.000","Cust Service Claim Handling; Delays (Claims Handling); Denial Of Claim","8"
"2013-01-01T00:00:00.000","Cancellation; Premium and Rating","3"
"2017-08-01T00:00:00.000","Premium and Rating","5"
"2017-06-01T00:00:00.000","Delays (Claims Handling); Endorsement / Rider; Unsatisfactory Settle/Offer","1"
"2025-03-01T00:00:00.000","Misrepresentation","1"
"2021-08-01T00:00:00.000","Cancellation; Refund Of Premium","10"
"2024-02-01T00:00:00.000","Cancellation; Refund Of Premium","2"
"2016-08-01T00:00:00.000","Non-Renewal","7"
"2024-09-01T00:00:00.000","Misleading Advertising","2"
"2015-06-01T00:00:00.000","Cancellation; Denial Of Claim","1"
"2026-07-01T00:00:00.000","Refund Of Premium","8"
"2025-05-01T00:00:00.000","Unsatisfactory Settle/Offer; Usual And Customary","3"
"2022-07-01T00:00:00.000","Premium and Rating","5"
"2012-10-01T00:00:00.000","Delays (Claims Handling); Unsatisfactory Settle/Offer","13"
"2023-02-01T00:00:00.000","Premium and Rating","10"
"2025-03-01T00:00:00.000","Delays (Policyholder Service); Denial Of Claim","1"
"2019-08-01T00:00:00.000","Cancellation; Premium and Rating; Unsatisfactory Settle/Offer","1"
"2025-03-01T00:00:00.000","Cancellation","4"
"2018-01-01T00:00:00.000","Delays (Claims Handling); Denial Of Claim","2"
"2020-08-01T00:00:00.000","Delays (Policyholder Service); Misrepresentation","1"
"2026-05-01T00:00:00.000","Cust Srvc Policy Holder Srvcs; Endorsement / Rider; Premium and Rating; Refund Of Premium","1"
"2024-10-01T00:00:00.000","Commissions; Refund Of Premium","1"
"2026-09-01T00:00:00.000","Cust Srvc Policy Holder Srvcs; Delays (Policyholder Service)","3"
"2024-09-01T00:00:00.000","Cust Srvc Policy Holder Srvcs; Delays (Policyholder Service); Unauthorized Acts","1"
"2013-11-01T00:00:00.000","Delays (Policyholder Service); Other; Refund Of Premium","1"
"2017-09-01T00:00:00.000","Agent Handling; Post-Claim Underwriting","1"
"2025-12-01T00:00:00.000","Unsatisfactory Settle/Offer","12"
"2019-05-01T00:00:00.000","Cust Service Claim Handling; Unsatisfactory Settle/Offer","10"
"2013-06-01T00:00:00.000","Excessive Rates; Other; Premium and Rating","1"
"2025-08-01T00:00:00.000","Denial Of Claim","25"
"2023-11-01T00:00:00.000","Unfair Discrimination","1"
"2015-11-01T00:00:00.000","Refund Of Premium; Unauthorized Acts","1"
"2023-07-01T00:00:00.000","Cust Service Claim Handling; Premium and Rating; Unsatisfactory Settle/Offer","1"
"2019-02-01T00:00:00.000","Cust Service Claim Handling; Delays (Claims Handling); Denial Of Claim","1"
"2019-10-01T00:00:00.000","Other","1"
"2026-05-01T00:00:00.000","Cancellation; Cust Srvc Policy Holder Srvcs; Refund Of Premium","1"
"2022-01-01T00:00:00.000","Cust Service Claim Handling; Denial Of Claim; Premium and Rating","1"
"2018-11-01T00:00:00.000","Delays (Policyholder Service); Premium and Rating; Refund Of Premium","1"
"2025-04-01T00:00:00.000","Cust Srvc Policy Holder Srvcs; Unauthorized Acts","2"
"2019-03-01T00:00:00.000","Premium and Rating; Use of Credit Reports","1"
"2023-06-01T00:00:00.000","Delays (Underwriting)","1"
"2020-08-01T00:00:00.000","Misrepresentation; Other","1"
"2019-08-01T00:00:00.000","Agent Handling; Misrepresentation","1"
"2018-08-01T00:00:00.000","Unsatisfactory Settle/Offer","32"
"2023-04-01T00:00:00.000","Denial Of Claim","18"
"2013-09-01T00:00:00.000","Cust Service Claim Handling; Denial Of Claim","2"
"2018-05-01T00:00:00.000","Refund Of Premium","6"
"2025-03-01T00:00:00.000","Cancellation; Cust Srvc Policy Holder Srvcs; Delays (Policyholder Service); Premium and Rating","1"
"2020-08-01T00:00:00.000","Premium and Rating; Refund Of Premium","1"
"2023-11-01T00:00:00.000","Cust Service Claim Handling; Premium and Rating","2"
"2017-09-01T00:00:00.000","Delays (Policyholder Service); Denial Of Claim","2"
"2019-08-01T00:00:00.000","Delays (Claims Handling); Insurer Fraud","2"
"2026-02-01T00:00:00.000","Cust Service Claim Handling; Delays (Claims Handling); Unfair Discrim-Clms Handling","1"
"2015-07-01T00:00:00.000","Delays (Claims Handling); Denial Of Claim","6"
"2018-02-01T00:00:00.000","Cust Service Claim Handling; Denial Of Claim","6"
"2021-06-01T00:00:00.000","Premium and Rating; Unsatisfactory Settle/Offer","1"
"2015-01-01T00:00:00.000","Cancellation; Delays (Claims Handling)","1"
"2012-07-01T00:00:00.000","Misleading Advertising","1"
"2021-08-01T00:00:00.000","Denial Of Claim; Non-Renewal","1"
"2016-06-01T00:00:00.000","Agent Handling; Cust Service Claim Handling; Unsatisfactory Settle/Offer","2"
"2017-04-01T00:00:00.000","Cancellation; Delays (Underwriting); Refund Of Premium","1"
"2022-06-01T00:00:00.000","Cancellation","7"
"2023-10-01T00:00:00.000","Other; Unauthorized Acts","2"
"2020-06-01T00:00:00.000","Cust Service Claim Handling; Delays (Claims Handling)","34"
"2017-10-01T00:00:00.000","Agent Handling; Denial Of Claim","1"
"2023-01-01T00:00:00.000","Cust Service Claim Handling","5"
"2023-07-01T00:00:00.000","Cancellation; Refund Of Premium","4"
"2015-03-01T00:00:00.000","Misleading Advertising","1"
"2016-05-01T00:00:00.000","Cust Service Claim Handling; Delays (Claims Handling); Delays (Policyholder Service); Unsatisfactory Settle/Offer","1"
"2020-09-01T00:00:00.000","Post-Claim Underwriting; Use Of Clue Reports","1"
"2015-09-01T00:00:00.000","Delays (Claims Handling); Premium and Rating; Unsatisfactory Settle/Offer","1"
"2023-08-01T00:00:00.000","Cust Service Claim Handling; Delays (Claims Handling)","80"
"2016-08-01T00:00:00.000","Unsatisfactory Settle/Offer","10"
"2024-12-01T00:00:00.000","Cust Service Claim Handling; Delays (Claims Handling); Non-Renewal; Premium and Rating; Unsatisfactory Settle/Offer","1"
"2021-01-01T00:00:00.000","Misrepresentation","5"
"2023-05-01T00:00:00.000","Misrepresentation","9"
"2021-02-01T00:00:00.000","Misrepresentation; Refund Of Premium","1"
"2026-04-01T00:00:00.000","Cust Srvc Policy Holder Srvcs; Denial Of Claim","1"
"2023-10-01T00:00:00.000","Cust Service Claim Handling","5"
"2018-07-01T00:00:00.000","Assignment of Benefits","1"
"2017-11-01T00:00:00.000","Unauthorized Acts","4"
"2021-08-01T00:00:00.000","Delays (Policyholder Service); Use of Credit Reports","1"
"2015-08-01T00:00:00.000","Cancellation; Refund Of Premium","1"
"2016-06-01T00:00:00.000","Agent Handling; Refund Of Premium","1"
"2016-04-01T00:00:00.000","Notice Requirements; Premium Notice","1"
"2018-04-01T00:00:00.000","Denial Of Claim; Unsatisfactory Settle/Offer","2"
"2024-03-01T00:00:00.000","Delays (Claims Handling); Unsatisfactory Settle/Offer","23"
"2017-09-01T00:00:00.000","Cust Service Claim Handling; Denial Of Claim; Disaster","1"
"2014-09-01T00:00:00.000","Non-Renewal","3"
"2012-06-01T00:00:00.000","Agent Handling; XX-Premiums Misquoted","1"
"2017-11-01T00:00:00.000","Delays (Policyholder Service)","4"
"2017-04-01T00:00:00.000","Conversion","2"
"2026-05-01T00:00:00.000","Cust Service Claim Handling; Delays (Claims Handling); Denial Of Claim","10"
"2012-08-01T00:00:00.000","Delays (Claims Handling)","28"
"2019-03-01T00:00:00.000","Cust Service Claim Handling; Delays (Claims Handling); Denial Of Claim","3"
"2019-02-01T00:00:00.000","Cust Service Claim Handling; Other","1"
"2024-08-01T00:00:00.000","Premium and Rating; Use Of Clue Reports","6"
"2018-07-01T00:00:00.000","Premium Notice; Refund Of Premium","1"
"2024-12-01T00:00:00.000","Cust Service Claim Handling; Denial Of Claim; Endorsement / Rider; Unsatisfactory Settle/Offer","1"
"2019-03-01T00:00:00.000","Use of Credit Reports","1"
"2014-03-01T00:00:00.000","Delays (Claims Handling)","12"
"2025-03-01T00:00:00.000","Cancellation; Cust Srvc Policy Holder Srvcs; Denial Of Claim","1"
"2018-12-01T00:00:00.000","Cust Service Claim Handling; Delays (Claims Handling); Denial Of Claim","4"
"2023-09-01T00:00:00.000","Endorsement / Rider; Premium and Rating","1"
"2020-06-01T00:00:00.000","Endorsement / Rider; Misrepresentation","2"
"2016-01-01T00:00:00.000","Denial Of Claim; Unsatisfactory Settle/Offer","1"
"2020-04-01T00:00:00.000","Delays (Policyholder Service); Refund Of Premium","2"
"2015-08-01T00:00:00.000","Not Within TDI Jurisdiction","2"
"2021-01-01T00:00:00.000","Conversion","2"
"2017-08-01T00:00:00.000","Agent Handling; Delays (Policyholder Service)","1"
"2020-04-01T00:00:00.000","Delays (Claims Handling); Endorsement / Rider; Unsatisfactory Settle/Offer","1"
"2017-09-01T00:00:00.000","Claimant Fraud","1"
"2021-10-01T00:00:00.000","Delays (Policyholder Service); Premium Notice; Premium and Rating","1"
"2022-08-01T00:00:00.000","Cancellation; Refund Of Premium","1"
"2025-10-01T00:00:00.000","Cust Service Claim Handling; Cust Srvc Policy Holder Srvcs; Delays (Claims Handling)","1"
"2023-01-01T00:00:00.000","Delays (Policyholder Service); Unauthorized Acts","1"
"2026-02-01T00:00:00.000","Cust Service Claim Handling; Delays (Claims Handling); Denial Of Claim; Unsatisfactory Settle/Offer","5"
"2015-02-01T00:00:00.000","Improper Inducements; Misleading Advertising","1"
"2016-01-01T00:00:00.000","Cancellation; Denial Of Claim","2"
"2024-11-01T00:00:00.000","Cancellation; Cust Srvc Policy Holder Srvcs; Premium and Rating","1"
"2023-12-01T00:00:00.000","Non-Renewal; Unsatisfactory Settle/Offer","2"
"2022-02-01T00:00:00.000","Misrepresentation","8"
"2020-08-01T00:00:00.000","Misrepresentation","3"
"2023-09-01T00:00:00.000","Delays (Claims Handling); Denial Of Claim","3"
"2012-11-01T00:00:00.000","Denial Of Claim; Disaster","1"
"2023-09-01T00:00:00.000","Not Within TDI Jurisdiction","1"
"2023-09-01T00:00:00.000","Denial Of Claim","24"
"2016-11-01T00:00:00.000","Unauthorized Acts","10"
"2012-06-01T00:00:00.000","Cust Service Claim Handling; Denial Of Claim","2"
"2019-06-01T00:00:00.000","Premium and Rating; Use Of Clue Reports","1"
"2018-06-01T00:00:00.000","Agent Handling; Cancellation; Notice Requirements","1"
"2020-10-01T00:00:00.000","Denial Of Claim; Endorsement / Rider","2"
"2026-04-01T00:00:00.000","Cancellation; Refusal to Insure","1"
"2022-09-01T00:00:00.000","Delays (Claims Handling); Denial Of Claim","4"
"2015-10-01T00:00:00.000","Not Within TDI Jurisdiction","1"
"2017-11-01T00:00:00.000","Cancellation; Delays (Policyholder Service)","1"
"2021-11-01T00:00:00.000","Misrepresentation; Other; Premium and Rating","1"
"2021-02-01T00:00:00.000","Cancellation; Delays (Underwriting); Refund Of Premium","1"
"2025-11-01T00:00:00.000","Cancellation; Cust Srvc Policy Holder Srvcs; Delays (Policyholder Service); Refund Of Premium","2"
"2012-08-01T00:00:00.000","Agent Handling","19"
"2026-08-01T00:00:00.000","Endorsement / Rider; Misrepresentation","1"
"2016-01-01T00:00:00.000","Delays (Policyholder Service); Delays (Underwriting); Other; Refund Of Premium","1"
"2017-01-01T00:00:00.000","Use of Credit Reports","2"
"2026-04-01T00:00:00.000","Cust Srvc Policy Holder Srvcs; Unauthorized Acts","1"
"2017-02-01T00:00:00.000","Unsatisfactory Settle/Offer; Usual And Customary","1"
"2016-11-01T00:00:00.000","Cust Service Claim Handling; Delays (Claims Handling)","13"
"2020-06-01T00:00:00.000","Delays (Claims Handling)","3"
"2024-05-01T00:00:00.000","Cust Srvc Policy Holder Srvcs; Delays (Policyholder Service); Premium and Rating; Refund Of Premium","1"
"2019-05-01T00:00:00.000","Cancellation; Refusal to Insure","1"
"2026-05-01T00:00:00.000","Cust Service Claim Handling; Cust Srvc Policy Holder Srvcs; Delays (Claims Handling); Premium and Rating; Refund Of Premium","1"
"2021-03-01T00:00:00.000","Delays (Policyholder Service); Refund Of Premium","10"
"2019-02-01T00:00:00.000","Cancellation; Endorsement / Rider; Other","1"
"2013-11-01T00:00:00.000","Other","9"
"2025-01-01T00:00:00.000","Cust Service Claim Handling; Cust Srvc Policy Holder Srvcs; Delays (Policyholder Service); Misrepresentation; Unsatisfactory Settle/Offer","1"
"2013-02-01T00:00:00.000","Agent Handling; Delays (Claims Handling)","1"
"2020-02-01T00:00:00.000","Cancellation; Non-Renewal","1"
"2025-11-01T00:00:00.000","Cust Srvc Policy Holder Srvcs","8"
"2017-07-01T00:00:00.000","Cust Service Claim Handling; Delays (Claims Handling)","9"
"2017-07-01T00:00:00.000","Claimant Fraud","1"
"2020-10-01T00:00:00.000","Cust Service Claim Handling; Delays (Claims Handling); Unsatisfactory Settle/Offer","55"
"2021-12-01T00:00:00.000","Cancellation","2"
"2014-07-01T00:00:00.000","Delays (Claims Handling); Denial Of Claim; Non-Renewal","1"
"2023-10-01T00:00:00.000","Non-Renewal","5"
"2021-04-01T00:00:00.000","Delays (Policyholder Service); Premium and Rating","1"
"2013-08-01T00:00:00.000","Denial Of Claim; Other","1"
"2026-01-01T00:00:00.000","Endorsement / Rider","1"
"2021-09-01T00:00:00.000","Delays (Policyholder Service); Refund Of Premium","7"
"2019-11-01T00:00:00.000","Misrepresentation; Unsatisfactory Settle/Offer","1"
"2012-06-01T00:00:00.000","Agent Handling; Delays (Claims Handling)","1"
"2021-07-01T00:00:00.000","Delays (Policyholder Service); Refund Of Premium","5"
"2019-11-01T00:00:00.000","Post-Claim Underwriting; Use Of Clue Reports","1"
"2017-11-01T00:00:00.000","Post-Claim Underwriting","1"
"2025-04-01T00:00:00.000","Denial Of Claim; Premium and Rating","1"
"2024-01-01T00:00:00.000","Cancellation; Cust Service Claim Handling","1"
"2012-08-01T00:00:00.000","Cancellation; Denial Of Claim","2"
"2018-04-01T00:00:00.000","Delays (Policyholder Service)","4"
"2013-01-01T00:00:00.000","Refund Of Premium","14"
"2023-04-01T00:00:00.000","Endorsement / Rider","2"
"2023-09-01T00:00:00.000","Delays (Claims Handling); Misrepresentation","1"
"2012-08-01T00:00:00.000","Unauthorized Acts","2"
"2020-04-01T00:00:00.000","Post-Claim Underwriting; Premium and Rating","1"
"2015-12-01T00:00:00.000","Denial Of Claim","29"
"2024-11-01T00:00:00.000","Cust Srvc Policy Holder Srvcs; Delays (Policyholder Service); Premium and Rating; Refund Of Premium","1"
"2016-03-01T00:00:00.000","Cust Service Claim Handling; Delays (Claims Handling); Denial Of Claim; Non-Renewal","1"
"2021-08-01T00:00:00.000","Cancellation; Premium and Rating","1"
"2018-03-01T00:00:00.000","Cust Service Claim Handling; Delays (Claims Handling)","17"
"2023-01-01T00:00:00.000","Delays (Claims Handling)","28"
"2019-02-01T00:00:00.000","Delays (Policyholder Service)","1"
"2026-03-01T00:00:00.000","Cancellation; Cust Srvc Policy Holder Srvcs; Delays (Policyholder Service); Refund Of Premium","2"
"2013-04-01T00:00:00.000","Delays (Underwriting)","1"
"2021-07-01T00:00:00.000","Cancellation","5"
"2024-01-01T00:00:00.000","Delays (Claims Handling); Endorsement / Rider; Unsatisfactory Settle/Offer","1"
"2018-03-01T00:00:00.000","Delays (Claims Handling); Unfair Discrim-Clms Handling; Unsatisfactory Settle/Offer","1"
"2026-06-01T00:00:00.000","Denial Of Claim; Endorsement / Rider","1"
"2015-05-01T00:00:00.000","Agent Handling; Improper Inducements","1"
"2015-05-01T00:00:00.000","Closed-Lack Of Info Cmplainant; Other","1"
"2016-02-01T00:00:00.000","Agent Handling; Delays (Policyholder Service)","1"
"2012-07-01T00:00:00.000","Delays (Claims Handling)","27"
"2016-11-01T00:00:00.000","Refusal to Insure","1"
"2022-07-01T00:00:00.000","Non-Renewal","1"
"2017-01-01T00:00:00.000","Cust Service Claim Handling; Notice Requirements; Unsatisfactory Settle/Offer","1"
"2024-05-01T00:00:00.000","Non-Renewal","10"
"2020-06-01T00:00:00.000","Unauthorized Acts","3"
"2015-07-01T00:00:00.000","Delays (Claims Handling); Unsatisfactory Settle/Offer","11"
"2022-12-01T00:00:00.000","Use of Credit Reports","1"
"2014-09-01T00:00:00.000","Unsatisfactory Settle/Offer","15"
"2021-08-01T00:00:00.000","Cancellation","3"
"2013-05-01T00:00:00.000","Cancellation; Denial Of Claim","1"
"2024-09-01T00:00:00.000","Cancellation; Cust Srvc Policy Holder Srvcs; Refund Of Premium; Unfair Discrimination","1"
"2022-01-01T00:00:00.000","Delays (Claims Handling)","31"
"2021-07-01T00:00:00.000","Cancellation; Delays (Underwriting); Refund Of Premium","1"
"2020-01-01T00:00:00.000","Cust Service Claim Handling","4"
"2024-04-01T00:00:00.000","Cust Service Claim Handling; Delays (Claims Handling); Premium and Rating; Unsatisfactory Settle/Offer","1"
"2021-08-01T00:00:00.000","Use of Credit Reports","3"
"2024-01-01T00:00:00.000","Delays (Policyholder Service); Endorsement / Rider; Refund Of Premium","1"
"2026-05-01T00:00:00.000","Cust Service Claim Handling; Cust Srvc Policy Holder Srvcs; Delays (Claims Handling); Premium and Rating; Refund Of Premium; Unsatisfactory Settle/Offer","1"
"2018-12-01T00:00:00.000","Unauthorized Acts","1"
"2026-08-01T00:00:00.000","Cancellation; Premium and Rating","1"
"2024-04-01T00:00:00.000","Premium and Rating; Refund Of Premium","9"
"2013-10-01T00:00:00.000","Agent Handling; Misrepresentation","1"
"2023-09-01T00:00:00.000","Cancellation; Delays (Policyholder Service); Refund Of Premium","1"
"2023-02-01T00:00:00.000","Refund Of Premium","13"
"2014-09-01T00:00:00.000","Cancellation; Refund Of Premium; Refusal to Insure","1"
"2025-06-01T00:00:00.000","Cust Srvc Policy Holder Srvcs; Delays (Policyholder Service)","13"
"2021-02-01T00:00:00.000","Cust Service Claim Handling; Delays (Policyholder Service); Denial Of Claim","1"
"2017-11-01T00:00:00.000","Delays (Claims Handling); Unsatisfactory Settle/Offer","13"
"2014-10-01T00:00:00.000","Cancellation; Delays (Policyholder Service); Refund Of Premium","1"
"2024-11-01T00:00:00.000","Cust Service Claim Handling; Misrepresentation; Unsatisfactory Settle/Offer","1"
"2014-10-01T00:00:00.000","Premium and Rating; Refund Of Premium","3"
"2025-07-01T00:00:00.000","Cust Srvc Policy Holder Srvcs; Premium and Rating; Refund Of Premium","3"
"2021-12-01T00:00:00.000","Cust Service Claim Handling; Delays (Claims Handling)","30"
"2025-09-01T00:00:00.000","Cust Service Claim Handling; Delays (Claims Handling); Unsatisfactory Settle/Offer","92"
"2020-05-01T00:00:00.000","Cust Service Claim Handling; Post-Claim Underwriting","1"
"2012-07-01T00:00:00.000","Deficient Claim Notice; Delays (Claims Handling)","1"
"2025-11-01T00:00:00.000","Cancellation","1"
"2019-03-01T00:00:00.000","Cancellation; Premium and Rating","1"
"2024-02-01T00:00:00.000","Unsatisfactory Settle/Offer","28"
"2019-05-01T00:00:00.000","Cancellation; Cust Service Claim Handling","1"
"2025-09-01T00:00:00.000","Cust Service Claim Handling; Cust Srvc Policy Holder Srvcs; Delays (Claims Handling); Unsatisfactory Settle/Offer","1"
"2026-05-01T00:00:00.000","Delays (Claims Handling); Denial Of Claim; Unsatisfactory Settle/Offer","2"
"2019-11-01T00:00:00.000","Delays (Policyholder Service); Premium and Rating; Refund Of Premium","1"
"2015-05-01T00:00:00.000","Agent Handling; Delays (Policyholder Service); Notice Requirements","1"
"2018-10-01T00:00:00.000","Other; Refund Of Premium","1"
"2022-11-01T00:00:00.000","Cust Service Claim Handling; Denial Of Claim","4"
"2025-11-01T00:00:00.000","Cust Service Claim Handling; Delays (Claims Handling); Policy Exclusion; Unsatisfactory Settle/Offer","2"
"2025-09-01T00:00:00.000","Cust Service Claim Handling; Delays (Claims Handling); Denial Of Claim; Endorsement / Rider","1"
"2019-05-01T00:00:00.000","Delays (Claims Handling); Premium and Rating","1"
"2013-02-01T00:00:00.000","Other","6"
"2020-01-01T00:00:00.000","Cancellation","2"
"2024-06-01T00:00:00.000","Cust Srvc Policy Holder Srvcs; Delays (Underwriting)","1"
"2018-04-01T00:00:00.000","Delays (Claims Handling); Denial Of Claim; Unsatisfactory Settle/Offer","3"
"2017-08-01T00:00:00.000","Delays (Claims Handling)","6"
"2014-06-01T00:00:00.000","Misrepresentation; Other; Premium and Rating","1"
"2014-07-01T00:00:00.000","Unsatisfactory Settle/Offer","43"
"2024-07-01T00:00:00.000","Cust Srvc Policy Holder Srvcs; Non-Renewal","2"
"2024-02-01T00:00:00.000","Misrepresentation","4"
"2014-05-01T00:00:00.000","Refund Of Premium","10"
"2025-08-01T00:00:00.000","Cancellation; Cust Service Claim Handling; Cust Srvc Policy Holder Srvcs; Delays (Claims Handling); Unsatisfactory Settle/Offer","1"
"2026-04-01T00:00:00.000","Cust Service Claim Handling; Delays (Claims Handling); Denial Of Claim; Policy Exclusion","1"
"2013-03-01T00:00:00.000","Refusal to Insure","3"
"2024-08-01T00:00:00.000","Use of Credit Reports","3"
"2012-09-01T00:00:00.000","Delays (Claims Handling); Unsatisfactory Settle/Offer","14"
"2020-08-01T00:00:00.000","Delays (Underwriting)","2"
"2014-11-01T00:00:00.000","Cancellation; Delays (Underwriting); Refund Of Premium","2"
"2024-02-01T00:00:00.000","Delays (Policyholder Service); Premium and Rating; Refund Of Premium","1"
"2023-03-01T00:00:00.000","Misleading Advertising; Misrepresentation","1"
"2018-02-01T00:00:00.000","Cancellation; Delays (Underwriting)","1"
"2023-09-01T00:00:00.000","Unauthorized Acts","3"
"2025-11-01T00:00:00.000","Use of Credit Reports","2"
"2018-03-01T00:00:00.000","Cancellation","4"
"2017-07-01T00:00:00.000","Post-Claim Underwriting","1"
"2024-06-01T00:00:00.000","Cust Srvc Policy Holder Srvcs; Misrepresentation; Premium and Rating; Use of Credit Reports","1"
"2025-12-01T00:00:00.000","Cust Service Claim Handling; Delays (Claims Handling); Denial Of Claim; Misrepresentation; Refund Of Premium","1"
"2025-05-01T00:00:00.000","Cust Service Claim Handling; Delays (Claims Handling); Unfair Discrim-Clms Handling","1"
"2025-05-01T00:00:00.000","Policy Exclusion; Unsatisfactory Settle/Offer","1"
"2022-11-01T00:00:00.000","Cancellation; Delays (Policyholder Service); Refund Of Premium","2"
"2025-10-01T00:00:00.000","Refund Of Premium","7"
"2017-09-01T00:00:00.000","Cancellation; Delays (Policyholder Service); Denial Of Claim; Refund Of Premium","1"
"2024-04-01T00:00:00.000","Cust Srvc Policy Holder Srvcs; Misrepresentation","2"
"2025-04-01T00:00:00.000","Denial Of Claim; Endorsement / Rider; Non-Renewal","1"
"2020-05-01T00:00:00.000","Delays (Claims Handling); Denial Of Claim","2"
"2020-06-01T00:00:00.000","Cust Service Claim Handling; Denial Of Claim; Unsatisfactory Settle/Offer","2"
"2015-02-01T00:00:00.000","Denial Of Claim; Unsatisfactory Settle/Offer","2"
"2020-04-01T00:00:00.000","Cancellation","3"
"2016-03-01T00:00:00.000","Premium and Rating","11"
"2013-02-01T00:00:00.000","Use of Credit Reports","1"
"2019-07-01T00:00:00.000","Premium and Rating; Refund Of Premium","1"
"2013-11-01T00:00:00.000","Cancellation; Premium and Rating","2"
"2013-06-01T00:00:00.000","Cust Service Claim Handling","6"
"2026-03-01T00:00:00.000","Cust Service Claim Handling; Denial Of Claim; Unsatisfactory Settle/Offer","6"
"2017-06-01T00:00:00.000","Cancellation; Other","1"
"2019-07-01T00:00:00.000","Misrepresentation","4"
"2020-11-01T00:00:00.000","Premium and Rating; Refund Of Premium","3"
"2020-03-01T00:00:00.000","Premium Notice","3"
"2019-11-01T00:00:00.000","Refusal to Insure","1"
"2017-03-01T00:00:00.000","Delays (Policyholder Service); Denial Of Claim; Refund Of Premium","1"
"2019-03-01T00:00:00.000","Cancellation; Notice Requirements","1"
"2020-01-01T00:00:00.000","Denial Of Claim; Unsatisfactory Settle/Offer","2"
"2021-08-01T00:00:00.000","Denial Of Claim","40"
"2021-03-01T00:00:00.000","Other; Unsatisfactory Settle/Offer","1"
"2020-08-01T00:00:00.000","Delays (Policyholder Service); Delays (Underwriting); Refund Of Premium","1"
"2014-05-01T00:00:00.000","Use Of Clue Reports","2"
"2019-04-01T00:00:00.000","Cancellation; Delays (Policyholder Service); Refund Of Premium","2"
"2024-07-01T00:00:00.000","Cust Srvc Policy Holder Srvcs; Premium Notice; Premium and Rating","1"
"2025-01-01T00:00:00.000","Cust Srvc Policy Holder Srvcs; Delays (Policyholder Service)","13"
"2024-12-01T00:00:00.000","Cust Service Claim Handling","6"
"2025-04-01T00:00:00.000","Cust Srvc Policy Holder Srvcs; Delays (Underwriting); Refund Of Premium","1"
"2021-07-01T00:00:00.000","Conversion; Delays (Policyholder Service); Misrepresentation","1"
"2026-03-01T00:00:00.000","Cancellation; Cust Srvc Policy Holder Srvcs; Delays (Policyholder Service)","1"
"2022-09-01T00:00:00.000","Denial Of Claim; Non-Renewal","1"
"2013-08-01T00:00:00.000","Delays (Claims Handling); Denial Of Claim","4"
"2026-07-01T00:00:00.000","Cust Srvc Policy Holder Srvcs; Unauthorized Acts","1"
"2015-06-01T00:00:00.000","Cancellation","6"
"2019-08-01T00:00:00.000","Agent Handling; Misleading Advertising","1"
"2026-06-01T00:00:00.000","Other","2"
"2024-10-01T00:00:00.000","Delays (Policyholder Service)","4"
"2016-04-01T00:00:00.000","Other","16"
"2019-06-01T00:00:00.000","Cancellation; Premium and Rating","1"
"2012-06-01T00:00:00.000","Misleading Advertising; Misrepresentation","1"
"2025-01-01T00:00:00.000","Delays (Policyholder Service); Refund Of Premium","7"
"2022-01-01T00:00:00.000","Cust Service Claim Handling; Delays (Claims Handling); Non-Renewal","1"
"2021-11-01T00:00:00.000","Refund Of Premium","3"
"2018-01-01T00:00:00.000","Agent Handling; Cancellation","1"
"2017-11-01T00:00:00.000","Delays (Policyholder Service); Premium and Rating; Refund Of Premium","1"
"2016-06-01T00:00:00.000","Claimant Fraud","1"
"2019-03-01T00:00:00.000","Delays (Policyholder Service); Delays (Underwriting); Other","1"
"2023-07-01T00:00:00.000","Delays (Underwriting); Refusal to Insure; Use Of Clue Reports","1"
"2013-12-01T00:00:00.000","Cancellation; Not Within TDI Jurisdiction","1"
"2012-06-01T00:00:00.000","Non-Renewal","5"
"2013-04-01T00:00:00.000","Non-Renewal; Refusal to Insure","1"
"2024-12-01T00:00:00.000","Cust Service Claim Handling; Delays (Claims Handling)","65"
"2024-06-01T00:00:00.000","Cust Srvc Policy Holder Srvcs; Delays (Policyholder Service); Endorsement / Rider","1"
"2016-10-01T00:00:00.000","Denial Of Claim; Misrepresentation","1"
"2026-06-01T00:00:00.000","Cust Srvc Policy Holder Srvcs; Delays (Underwriting); Premium and Rating; Refund Of Premium","1"
"2014-07-01T00:00:00.000","Denial Of Claim; Unsatisfactory Settle/Offer","2"
"2024-04-01T00:00:00.000","Delays (Policyholder Service); Premium and Rating","3"
"2015-04-01T00:00:00.000","Delays (Claims Handling); Unsatisfactory Settle/Offer","4"
"2024-11-01T00:00:00.000","Cust Srvc Policy Holder Srvcs; Refund Of Premium","2"
"2022-05-01T00:00:00.000","Cancellation; Cust Service Claim Handling; Delays (Claims Handling); Unsatisfactory Settle/Offer","1"
"2014-01-01T00:00:00.000","Unauthorized Acts","3"
"2015-12-01T00:00:00.000","Cancellation","3"
"2022-08-01T00:00:00.000","Other","2"
"2019-01-01T00:00:00.000","Endorsement / Rider; Premium and Rating","1"
"2019-04-01T00:00:00.000","Unauthorized Acts","2"
"2018-03-01T00:00:00.000","Post-Claim Underwriting; Premium and Rating","1"
"2025-02-01T00:00:00.000","Cust Service Claim Handling; Delays (Claims Handling); Denial Of Claim; Policy Exclusion","2"
"2020-06-01T00:00:00.000","Cust Service Claim Handling; Delays (Claims Handling); Denial Of Claim","3"
"2026-03-01T00:00:00.000","Cancellation; Cust Srvc Policy Holder Srvcs; Premium and Rating; Refund Of Premium","1"
"2026-07-01T00:00:00.000","Cancellation; Premium and Rating; Refund Of Premium","1"
"2013-11-01T00:00:00.000","Agent Handling","2"
"2025-08-01T00:00:00.000","Cancellation; Refund Of Premium","2"
"2021-11-01T00:00:00.000","Unsatisfactory Settle/Offer; Usual And Customary","1"
"2017-04-01T00:00:00.000","Cust Service Claim Handling; Non-Renewal; Unsatisfactory Settle/Offer","1"
"2025-04-01T00:00:00.000","Cust Srvc Policy Holder Srvcs; Premium and Rating","3"
"2013-07-01T00:00:00.000","Cancellation; Refund Of Premium","2"
"2019-10-01T00:00:00.000","Premium and Rating","5"
"2020-12-01T00:00:00.000","Endorsement / Rider; Unsatisfactory Settle/Offer","1"
"2024-04-01T00:00:00.000","Cancellation; Cust Service Claim Handling; Delays (Claims Handling); Endorsement / Rider; Post-Claim Underwriting; Unsatisfactory Settle/Offer","1"
"2016-12-01T00:00:00.000","Delays (Underwriting)","1"
"2021-11-01T00:00:00.000","Use of Credit Reports","1"
"2019-05-01T00:00:00.000","Cancellation; Delays (Underwriting); Non-Renewal","1"
"2020-12-01T00:00:00.000","Cancellation; Premium and Rating","1"
"2014-04-01T00:00:00.000","Denial Of Claim","26"
"2013-01-01T00:00:00.000","Premium and Rating; Use of Credit Reports","1"
"2012-11-01T00:00:00.000","Agent Handling; Churning","1"
"2025-05-01T00:00:00.000","Premium and Rating; Refund Of Premium","6"
"2016-10-01T00:00:00.000","Unsatisfactory Settle/Offer; Usual And Customary","1"
"2024-05-01T00:00:00.000","Cust Srvc Policy Holder Srvcs; Unsatisfactory Settle/Offer","1"
"2024-06-01T00:00:00.000","Cust Service Claim Handling; Denial Of Claim; Use Of Clue Reports","1"
"2013-03-01T00:00:00.000","Denial Of Claim","35"
"2014-06-01T00:00:00.000","Improper Inducements; Misrepresentation","1"
"2024-05-01T00:00:00.000","Cust Srvc Policy Holder Srvcs","3"
"2016-02-01T00:00:00.000","Notice Requirements; Premium Notice; Premium and Rating","1"
"2021-06-01T00:00:00.000","Non-Renewal","3"
"2015-06-01T00:00:00.000","Cancellation; Delays (Policyholder Service); Delays (Underwriting); Other; Refund Of Premium","1"
"2014-09-01T00:00:00.000","Unauthorized Acts","2"
"2022-08-01T00:00:00.000","Non-Renewal","3"
"2022-03-01T00:00:00.000","Unauthorized Acts","1"
"2017-09-01T00:00:00.000","Premium Notice","1"
"2018-04-01T00:00:00.000","Increased Dwelling Coverage; Premium Notice; Refund Of Premium","1"
"2019-02-01T00:00:00.000","Unauthorized Acts","1"
"2015-04-01T00:00:00.000","Cust Service Claim Handling; Denial Of Claim; Unsatisfactory Settle/Offer","1"
"2013-06-01T00:00:00.000","Delays (Claims Handling); Unsatisfactory Settle/Offer","6"
"2025-12-01T00:00:00.000","Cust Srvc Policy Holder Srvcs; Misrepresentation","2"
"2020-07-01T00:00:00.000","Cust Service Claim Handling; Denial Of Claim","12"
"2020-04-01T00:00:00.000","Other; Premium and Rating","1"
"2016-11-01T00:00:00.000","Delays (Claims Handling); Denial Of Claim; Unsatisfactory Settle/Offer","1"
"2017-05-01T00:00:00.000","Delays (Claims Handling); Delays (Underwriting); Premium and Rating; Unsatisfactory Settle/Offer","1"
"2026-06-01T00:00:00.000","Cancellation; Delays (Underwriting); Refund Of Premium","2"
"2021-10-01T00:00:00.000","Other; Use of Credit Reports","1"
"2014-03-01T00:00:00.000","Cust Service Claim Handling; Delays (Claims Handling); Unsatisfactory Settle/Offer","2"
"2022-12-01T00:00:00.000","Delays (Policyholder Service); Delays (Underwriting); Refund Of Premium","1"
"2023-11-01T00:00:00.000","Delays (Policyholder Service); Other","1"
"2018-09-01T00:00:00.000","Cancellation; Notice Requirements","1"
"2023-01-01T00:00:00.000","Delays (Policyholder Service); Refund Of Premium","6"
"2020-10-01T00:00:00.000","Cust Service Claim Handling; Delays (Policyholder Service); Refund Of Premium","1"
"2023-09-01T00:00:00.000","Cust Service Claim Handling; Delays (Claims Handling); Unsatisfactory Settle/Offer","38"
"2020-11-01T00:00:00.000","Cust Service Claim Handling; Denial Of Claim","9"
"2013-03-01T00:00:00.000","Cust Service Claim Handling; Denial Of Claim","3"
"2025-01-01T00:00:00.000","Cust Srvc Policy Holder Srvcs; Non-Renewal; Refund Of Premium","1"
"2023-05-01T00:00:00.000","Post-Claim Underwriting","1"
"2021-07-01T00:00:00.000","Cancellation; Premium Notice","1"
"2021-12-01T00:00:00.000","Cancellation; Refund Of Premium","1"
"2018-11-01T00:00:00.000","Premium and Rating","3"
"2025-07-01T00:00:00.000","Cust Srvc Policy Holder Srvcs; Delays (Policyholder Service); Premium and Rating; Refund Of Premium; Use of Credit Reports","1"
"2022-11-01T00:00:00.000","Cust Service Claim Handling; Premium Notice; Premium and Rating; Refund Of Premium","1"
"2018-03-01T00:00:00.000","Agent Handling; Conversion","1"
"2017-11-01T00:00:00.000","Delays (Policyholder Service); Unsatisfactory Settle/Offer","1"
"2024-02-01T00:00:00.000","Premium and Rating; Refund Of Premium","3"
"2025-02-01T00:00:00.000","Unauthorized Acts","4"
"2015-12-01T00:00:00.000","Delays (Claims Handling)","15"
"2022-01-01T00:00:00.000","Cancellation; Premium and Rating; Refund Of Premium; Refusal to Insure","1"
"2013-04-01T00:00:00.000","Denial Of Claim; Misleading Advertising","1"
"2025-10-01T00:00:00.000","Cancellation; Cust Srvc Policy Holder Srvcs; Refund Of Premium","4"
"2023-09-01T00:00:00.000","Refund Of Premium; Unsatisfactory Settle/Offer","1"
"2024-11-01T00:00:00.000","Denial Of Claim; Endorsement / Rider","1"
"2022-12-01T00:00:00.000","Unauthorized Acts","3"
"2017-06-01T00:00:00.000","Delays (Policyholder Service); Endorsement / Rider; Premium and Rating; Refund Of Premium","1"
"2024-01-01T00:00:00.000","Cust Service Claim Handling; Delays (Claims Handling); Non-Renewal; Unsatisfactory Settle/Offer","2"
"2020-06-01T00:00:00.000","Assignment of Benefits; Cust Service Claim Handling","1"
"2024-05-01T00:00:00.000","Cust Service Claim Handling; Delays (Policyholder Service); Denial Of Claim","1"
"2021-04-01T00:00:00.000","Premium and Rating; Use Of Clue Reports","1"
"2023-12-01T00:00:00.000","Refund Of Premium","6"
"2020-09-01T00:00:00.000","Premium and Rating; Unsatisfactory Settle/Offer","1"
"2024-04-01T00:00:00.000","Unauthorized Acts","1"
"2017-11-01T00:00:00.000","Premium Notice","2"
"2015-05-01T00:00:00.000","Cancellation; Delays (Policyholder Service); Delays (Underwriting)","1"
"2024-08-01T00:00:00.000","Cancellation; Cust Srvc Policy Holder Srvcs","5"
"2025-10-01T00:00:00.000","Cust Srvc Policy Holder Srvcs; Misrepresentation; Non-Renewal; Refund Of Premium","1"
"2017-02-01T00:00:00.000","Agent Handling; Cust Service Claim Handling","1"
"2014-07-01T00:00:00.000","Denial Of Claim","34"
"2017-02-01T00:00:00.000","Post-Claim Underwriting","1"
"2014-07-01T00:00:00.000","Non-Renewal; Unsatisfactory Settle/Offer","1"
"2017-09-01T00:00:00.000","Non-Renewal","2"
"2019-07-01T00:00:00.000","Delays (Claims Handling); Unsatisfactory Settle/Offer; Usual And Customary","1"
"2025-04-01T00:00:00.000","Cust Srvc Policy Holder Srvcs; Delays (Policyholder Service)","14"
"2025-03-01T00:00:00.000","Cust Srvc Policy Holder Srvcs; Notice Requirements; Premium and Rating; Refund Of Premium","1"
"2017-02-01T00:00:00.000","Delays (Policyholder Service)","1"
"2012-06-01T00:00:00.000","Delays (Claims Handling); Denial Of Claim","2"
"2013-02-01T00:00:00.000","Liability Dispute; Unsatisfactory Settle/Offer","2"
"2023-01-01T00:00:00.000","Delays (Policyholder Service)","9"
"2018-11-01T00:00:00.000","Denial Of Claim","27"
"2026-08-01T00:00:00.000","Cust Srvc Policy Holder Srvcs; Delays (Underwriting); Refund Of Premium","1"
"2024-08-01T00:00:00.000","Cancellation; Cust Srvc Policy Holder Srvcs; Refund Of Premium","1"
"2019-10-01T00:00:00.000","Misleading Advertising","1"
"2026-03-01T00:00:00.000","Denial Of Claim","9"
"2023-01-01T00:00:00.000","Cust Service Claim Handling; Delays (Policyholder Service)","2"
"2023-07-01T00:00:00.000","Denial Of Claim; Non-Renewal","1"
"2020-01-01T00:00:00.000","Misrepresentation; Unsatisfactory Settle/Offer","1"
"2026-07-01T00:00:00.000","Cust Service Claim Handling; Cust Srvc Policy Holder Srvcs; Delays (Claims Handling); Unsatisfactory Settle/Offer","1"
"2015-04-01T00:00:00.000","Cancellation","6"
"2019-12-01T00:00:00.000","Refund Of Premium","11"
"2015-06-01T00:00:00.000","Increased Dwelling Coverage","3"
"2025-07-01T00:00:00.000","Misrepresentation; Refund Of Premium","1"
"2016-10-01T00:00:00.000","Denial Of Claim; Premium and Rating; Unsatisfactory Settle/Offer","1"
"2024-07-01T00:00:00.000","Unauthorized Acts","3"
"2016-08-01T00:00:00.000","Usual And Customary","1"
"2015-10-01T00:00:00.000","Delays (Claims Handling); Unsatisfactory Settle/Offer","6"
"2021-10-01T00:00:00.000","Cust Service Claim Handling; Denial Of Claim; Premium and Rating; Unsatisfactory Settle/Offer","1"
"2021-04-01T00:00:00.000","Cust Service Claim Handling; Liability Dispute","1"
"2021-12-01T00:00:00.000","Refund Of Premium","7"
"2016-07-01T00:00:00.000","Cust Service Claim Handling; Endorsement / Rider; Unsatisfactory Settle/Offer","1"
"2013-09-01T00:00:00.000","Cancellation; Refusal to Insure","1"
"2012-11-01T00:00:00.000","Assignment of Benefits; Claimant Fraud","1"
"2025-07-01T00:00:00.000","Cust Service Claim Handling; Delays (Claims Handling); Unsatisfactory Settle/Offer","76"
"2012-07-01T00:00:00.000","Other; Unsatisfactory Settle/Offer","1"
"2024-11-01T00:00:00.000","Cancellation; Cust Service Claim Handling; Delays (Claims Handling); Denial Of Claim","1"
"2022-09-01T00:00:00.000","Denial Of Claim","33"
"2013-10-01T00:00:00.000","Cust Service Claim Handling; Delays (Claims Handling)","4"
"2020-02-01T00:00:00.000","Misrepresentation; Unsatisfactory Settle/Offer","1"
"2025-11-01T00:00:00.000","Cust Srvc Policy Holder Srvcs; Non-Renewal","1"
"2022-06-01T00:00:00.000","Delays (Claims Handling); Denial Of Claim","4"
"2020-09-01T00:00:00.000","Delays (Policyholder Service); Delays (Underwriting); Endorsement / Rider; Premium and Rating","1"
"2016-02-01T00:00:00.000","Other","3"
"2016-10-01T00:00:00.000","Other","1"
"2026-04-01T00:00:00.000","Cancellation; Cust Srvc Policy Holder Srvcs; Use Of Clue Reports","1"
"2022-04-01T00:00:00.000","Cust Service Claim Handling; Denial Of Claim; Unsatisfactory Settle/Offer","4"
"2012-09-01T00:00:00.000","Agent Handling","14"
"2025-02-01T00:00:00.000","Unsatisfactory Settle/Offer","29"
"2025-02-01T00:00:00.000","Cust Srvc Policy Holder Srvcs; Delays (Policyholder Service); Other","1"
"2019-10-01T00:00:00.000","Cust Service Claim Handling","6"
"2018-09-01T00:00:00.000","Denial Of Claim","34"
"2016-07-01T00:00:00.000","Denial Of Claim; Premium and Rating","1"
"2014-05-01T00:00:00.000","Delays (Policyholder Service); Refund Of Premium","5"
"2016-07-01T00:00:00.000","Cancellation; Use of Credit Reports","1"
"2019-06-01T00:00:00.000","Premium and Rating","5"
"2012-05-01T00:00:00.000","Cancellation","1"
"2019-08-01T00:00:00.000","Cust Service Claim Handling; Non-Disclosure Of Coverage; Unsatisfactory Settle/Offer","1"
"2019-04-01T00:00:00.000","Agent Handling","3"
"2026-01-01T00:00:00.000","Cust Srvc Policy Holder Srvcs; Endorsement / Rider; Misrepresentation","1"
"2023-01-01T00:00:00.000","Delays (Claims Handling); Unsatisfactory Settle/Offer","46"
"2023-12-01T00:00:00.000","Use Of Clue Reports","1"
"2014-11-01T00:00:00.000","Agent Handling; Other; Refund Of Premium","1"
"2022-08-01T00:00:00.000","Use of Credit Reports","1"
"2020-07-01T00:00:00.000","Delays (Claims Handling); Denial Of Claim; Unsatisfactory Settle/Offer","1"
"2025-02-01T00:00:00.000","Cust Service Claim Handling; Unsatisfactory Settle/Offer","30"
"2021-11-01T00:00:00.000","Cust Service Claim Handling; Premium Notice; Premium and Rating","1"
"2020-01-01T00:00:00.000","Cust Service Claim Handling; Denial Of Claim","5"
"2025-08-01T00:00:00.000","Cust Service Claim Handling; Denial Of Claim; Liability Dispute","1"
"2026-06-01T00:00:00.000","Refusal to Insure","1"
"2013-08-01T00:00:00.000","Delays (Claims Handling); Excessive Rates; Premium and Rating","1"
"2022-06-01T00:00:00.000","Cust Service Claim Handling; Unsatisfactory Settle/Offer","14"
"2022-04-01T00:00:00.000","Delays (Claims Handling); Delays (Policyholder Service)","1"
"2013-03-01T00:00:00.000","Delays (Policyholder Service); Refund Of Premium","3"
"2022-04-01T00:00:00.000","Commissions","1"
"2024-07-01T00:00:00.000","Cust Srvc Policy Holder Srvcs; Delays (Policyholder Service); Misrepresentation; Refund Of Premium","1"
"2018-11-01T00:00:00.000","Delays (Claims Handling)","6"
"2025-01-01T00:00:00.000","Unauthorized Acts","1"
"2025-02-01T00:00:00.000","Cust Service Claim Handling; Cust Srvc Policy Holder Srvcs; Delays (Policyholder Service); Denial Of Claim","1"
"2016-05-01T00:00:00.000","Cancellation; Delays (Policyholder Service); Delays (Underwriting)","1"
"2012-08-01T00:00:00.000","Cust Service Claim Handling; Unsatisfactory Settle/Offer","9"
"2021-05-01T00:00:00.000","Denial Of Claim; Liability Dispute","1"
"2017-08-01T00:00:00.000","Delays (Policyholder Service); Premium and Rating","2"
"2017-06-01T00:00:00.000","Cancellation; Delays (Policyholder Service); Premium and Rating; Refund Of Premium","1"
"2012-09-01T00:00:00.000","Cust Service Claim Handling; Delays (Claims Handling); Denial Of Claim; Endorsement / Rider","1"
"2025-08-01T00:00:00.000","Cust Srvc Policy Holder Srvcs; Premium and Rating; Refund Of Premium","3"
"2025-06-01T00:00:00.000","Policy Exclusion; Unsatisfactory Settle/Offer","3"
"2018-06-01T00:00:00.000","Cust Service Claim Handling; Delays (Claims Handling); Denial Of Claim","2"
"2026-04-01T00:00:00.000","Cust Srvc Policy Holder Srvcs; Delays (Policyholder Service)","7"
"2025-05-01T00:00:00.000","Cust Srvc Policy Holder Srvcs; Delays (Policyholder Service); Premium Notice","1"
"2013-04-01T00:00:00.000","Agent Handling; Excessive Rates; Premium and Rating","1"
"2013-08-01T00:00:00.000","Agent Handling; Other","1"
"2019-10-01T00:00:00.000","Denial Of Claim; Unsatisfactory Settle/Offer","1"
"2013-03-01T00:00:00.000","Excessive Rates; Premium and Rating","6"
"2025-05-01T00:00:00.000","Cancellation; Delays (Policyholder Service)","1"
"2024-11-01T00:00:00.000","Cust Srvc Policy Holder Srvcs; Delays (Policyholder Service); Refund Of Premium; Unsatisfactory Settle/Offer","1"
"2022-10-01T00:00:00.000","Cancellation; Delays (Policyholder Service)","2"
"2024-01-01T00:00:00.000","Cust Service Claim Handling; Delays (Claims Handling); Refund Of Premium","1"
"2023-12-01T00:00:00.000","Cust Service Claim Handling","3"
"2020-06-01T00:00:00.000","Non-Renewal","2"
"2016-08-01T00:00:00.000","Delays (Policyholder Service); Premium and Rating; Unsatisfactory Settle/Offer","1"
"2020-06-01T00:00:00.000","Premium and Rating; Refund Of Premium","5"
"2024-07-01T00:00:00.000","Delays (Claims Handling); Denial Of Claim; Unsatisfactory Settle/Offer","1"
"2026-04-01T00:00:00.000","Cancellation; Non-Renewal; Use Of Clue Reports","1"
"2015-10-01T00:00:00.000","Delays (Policyholder Service); Delays (Underwriting); Premium and Rating","1"
"2014-11-01T00:00:00.000","Cust Service Claim Handling; Delays (Claims Handling); Denial Of Claim; Unsatisfactory Settle/Offer","1"
"2017-07-01T00:00:00.000","Delays (Underwriting); Refund Of Premium","1"
"2025-11-01T00:00:00.000","Cust Srvc Policy Holder Srvcs; Premium Notice; Unfair Discrimination","1"
"2014-03-01T00:00:00.000","Denial Of Claim","33"
"2022-02-01T00:00:00.000","Cust Service Claim Handling; Delays (Policyholder Service)","1"
"2025-12-01T00:00:00.000","Cust Service Claim Handling; Delays (Claims Handling); Non-Renewal; Premium and Rating; Unsatisfactory Settle/Offer","1"
"2014-09-01T00:00:00.000","Denial Of Claim","34"
"2026-04-01T00:00:00.000","Delays (Claims Handling); Denial Of Claim","2"
"2013-12-01T00:00:00.000","Non-Renewal","3"
"2019-07-01T00:00:00.000","Non-Renewal","1"
"2020-06-01T00:00:00.000","Delays (Underwriting)","3"
"2022-06-01T00:00:00.000","Misrepresentation; Refund Of Premium","1"
"2015-08-01T00:00:00.000","Denial Of Claim; Refund Of Premium","1"
"2014-01-01T00:00:00.000","Overcharges","1"
"2023-04-01T00:00:00.000","Delays (Claims Handling); Denial Of Claim","3"
"2021-09-01T00:00:00.000","Premium and Rating; Use Of Clue Reports","1"
"2015-11-01T00:00:00.000","Refusal to Insure","2"
"2025-07-01T00:00:00.000","Cust Service Claim Handling; Cust Srvc Policy Holder Srvcs; Delays (Policyholder Service); Denial Of Claim; Unsatisfactory Settle/Offer","1"
"2026-04-01T00:00:00.000","Cust Srvc Policy Holder Srvcs; Use of Credit Reports","1"
"2015-01-01T00:00:00.000","Unsatisfactory Settle/Offer","9"
"2017-12-01T00:00:00.000","Premium Notice","1"
"2024-07-01T00:00:00.000","Premium and Rating","17"
"2015-09-01T00:00:00.000","Delays (Claims Handling); Delays (Policyholder Service)","1"
"2015-07-01T00:00:00.000","Delays (Claims Handling); Delays (Policyholder Service); Denial Of Claim","1"
"2023-01-01T00:00:00.000","Delays (Policyholder Service); Misrepresentation","2"
"2020-04-01T00:00:00.000","Delays (Policyholder Service)","4"
"2018-07-01T00:00:00.000","Use Of Clue Reports","2"
"2014-08-01T00:00:00.000","Delays (Claims Handling); Denial Of Claim","2"
"2022-01-01T00:00:00.000","Cust Service Claim Handling; Denial Of Claim","11"
"2016-07-01T00:00:00.000","Cust Service Claim Handling; Delays (Claims Handling); Denial Of Claim","3"
"2024-08-01T00:00:00.000","Cust Service Claim Handling; Cust Srvc Policy Holder Srvcs; Denial Of Claim; Premium and Rating","1"
"2025-08-01T00:00:00.000","Cust Service Claim Handling; Delays (Claims Handling)","75"
"2026-07-01T00:00:00.000","Cust Service Claim Handling; Cust Srvc Policy Holder Srvcs; Delays (Claims Handling); Refund Of Premium; Unsatisfactory Settle/Offer","1"
"2019-01-01T00:00:00.000","Denial Of Claim; Refund Of Premium","1"
"2026-04-01T00:00:00.000","Cust Service Claim Handling; Denial Of Claim; Unsatisfactory Settle/Offer","9"
"2016-02-01T00:00:00.000","Premium and Rating; Use of Credit Reports","2"
"2026-03-01T00:00:00.000","Cust Srvc Policy Holder Srvcs; Premium and Rating","5"
"2019-01-01T00:00:00.000","Agent Handling","6"
"2025-06-01T00:00:00.000","Denial Of Claim; Unsatisfactory Settle/Offer","1"
"2025-02-01T00:00:00.000","Cust Service Claim Handling; Delays (Claims Handling); Premium and Rating; Unsatisfactory Settle/Offer","1"
"2016-05-01T00:00:00.000","Cust Service Claim Handling; Endorsement / Rider; Unsatisfactory Settle/Offer","2"
"2026-02-01T00:00:00.000","Delays (Policyholder Service); Refund Of Premium","4"
"2015-11-01T00:00:00.000","Cancellation; Non-Renewal","1"
"2013-05-01T00:00:00.000","Increased Dwelling Coverage; Premium Notice; Refund Of Premium","1"
"2025-12-01T00:00:00.000","Misrepresentation","4"
"2025-04-01T00:00:00.000","Cancellation; Refund Of Premium","3"
"2026-06-01T00:00:00.000","Cancellation; Premium and Rating","1"
"2018-06-01T00:00:00.000","Cancellation","3"
"2021-04-01T00:00:00.000","Denial Of Claim; Unsatisfactory Settle/Offer","14"
"2015-06-01T00:00:00.000","Delays (Policyholder Service)","5"
"2025-03-01T00:00:00.000","Premium and Rating","20"
"2024-12-01T00:00:00.000","Cancellation; Premium and Rating","1"
"2013-05-01T00:00:00.000","Insurer Fraud","1"
"2024-10-01T00:00:00.000","Cust Srvc Policy Holder Srvcs; Refund Of Premium; Unauthorized Acts","1"
"2016-01-01T00:00:00.000","Denial Of Claim; Non-Renewal","1"
"2020-06-01T00:00:00.000","Delays (Policyholder Service); Misrepresentation; Refund Of Premium","1"
"2019-09-01T00:00:00.000","Delays (Policyholder Service); Refund Of Premium","6"
"2018-03-01T00:00:00.000","Cust Service Claim Handling; Delays (Claims Handling); Denial Of Claim","2"
"2016-01-01T00:00:00.000","Notice Requirements; Refund Of Premium","1"
"2017-05-01T00:00:00.000","Cust Service Claim Handling; Delays (Claims Handling); Denial Of Claim; Unsatisfactory Settle/Offer","1"
"2014-02-01T00:00:00.000","Delays (Claims Handling); Unsatisfactory Settle/Offer","4"
"2023-09-01T00:00:00.000","Other; Refund Of Premium","1"
"2024-07-01T00:00:00.000","Commissions; Unauthorized Acts","1"
"2017-03-01T00:00:00.000","Endorsement / Rider; Premium and Rating; Refund Of Premium; Unsatisfactory Settle/Offer","1"
"2022-05-01T00:00:00.000","Denial Of Claim; Unsatisfactory Settle/Offer","4"
"2018-03-01T00:00:00.000","Delays (Underwriting)","1"
"2020-05-01T00:00:00.000","Denial Of Claim; Endorsement / Rider; Non-Renewal","1"
"2024-03-01T00:00:00.000","Other","3"
"2017-08-01T00:00:00.000","Premium and Rating; Use of Credit Reports","1"
"2015-06-01T00:00:00.000","Post-Claim Underwriting","1"
"2024-01-01T00:00:00.000","Cancellation; Refund Of Premium","2"
"2026-05-01T00:00:00.000","Cust Srvc Policy Holder Srvcs; Premium and Rating","2"
"2020-05-01T00:00:00.000","Premium and Rating; Refund Of Premium","2"
"2023-10-01T00:00:00.000","Delays (Claims Handling); Unsatisfactory Settle/Offer","30"
"2025-04-01T00:00:00.000","Cust Service Claim Handling; Delays (Claims Handling); Endorsement / Rider; Unsatisfactory Settle/Offer","1"
"2014-05-01T00:00:00.000","Cust Service Claim Handling; Unsatisfactory Settle/Offer","3"
"2025-09-01T00:00:00.000","Cust Srvc Policy Holder Srvcs; Delays (Policyholder Service); Premium and Rating; Refund Of Premium","3"
"2024-04-01T00:00:00.000","Cust Service Claim Handling; Denial Of Claim; Premium and Rating","1"
"2025-05-01T00:00:00.000","Cust Service Claim Handling; Cust Srvc Policy Holder Srvcs; Delays (Claims Handling); Delays (Policyholder Service); Denial Of Claim; Endorsement / Rider","1"
"2023-02-01T00:00:00.000","Refusal to Insure; Use Of Clue Reports","1"
"2024-06-01T00:00:00.000","Cust Srvc Policy Holder Srvcs; Premium and Rating","2"
"2024-03-01T00:00:00.000","Cust Service Claim Handling; Delays (Claims Handling); Endorsement / Rider; Unsatisfactory Settle/Offer","1"
"2021-07-01T00:00:00.000","Unsatisfactory Settle/Offer","41"
"2018-02-01T00:00:00.000","Misleading Advertising","1"
"2018-02-01T00:00:00.000","Premium and Rating; Use of Credit Reports","1"
"2015-10-01T00:00:00.000","Agent Handling; Misrepresentation","1"
"2015-12-01T00:00:00.000","Delays (Policyholder Service); Other; Refund Of Premium","1"
"2020-09-01T00:00:00.000","Cancellation; Cust Service Claim Handling; Post-Claim Underwriting; Unsatisfactory Settle/Offer","1"
"2015-08-01T00:00:00.000","Delays (Claims Handling)","24"
"2022-04-01T00:00:00.000","Delays (Policyholder Service); Premium and Rating","2"
"2025-03-01T00:00:00.000","Cust Srvc Policy Holder Srvcs; Delays (Policyholder Service)","19"
"2022-11-01T00:00:00.000","Cust Service Claim Handling; Delays (Claims Handling); Denial Of Claim","8"
"2012-07-01T00:00:00.000","Delays (Underwriting)","1"
"2020-02-01T00:00:00.000","Denial Of Claim","26"
"2023-02-01T00:00:00.000","Non-Renewal; Refusal to Insure","1"
"2014-05-01T00:00:00.000","Delays (Policyholder Service); Not Within TDI Jurisdiction; Other","1"
"2025-03-01T00:00:00.000","Cust Service Claim Handling; Denial Of Claim; Unsatisfactory Settle/Offer","3"
"2020-08-01T00:00:00.000","Delays (Policyholder Service); Non-Renewal","1"
"2026-02-01T00:00:00.000","Cust Service Claim Handling; Cust Srvc Policy Holder Srvcs; Delays (Claims Handling); Delays (Underwriting)","1"
"2025-02-01T00:00:00.000","Cust Srvc Policy Holder Srvcs; Misrepresentation","2"
"2025-02-01T00:00:00.000","Cust Service Claim Handling; Delays (Claims Handling); Denial Of Claim; Non-Renewal; Policy Exclusion","1"
"2025-12-01T00:00:00.000","Cust Service Claim Handling; Denial Of Claim; Unsatisfactory Settle/Offer","7"
"2019-08-01T00:00:00.000","Delays (Claims Handling); Unfair Discrim-Clms Handling","1"
"2023-11-01T00:00:00.000","Endorsement / Rider","1"
"2014-10-01T00:00:00.000","Cancellation; Non-Renewal","1"
"2014-06-01T00:00:00.000","Delays (Policyholder Service); Notice Requirements","2"
"2025-04-01T00:00:00.000","Cust Service Claim Handling; Cust Srvc Policy Holder Srvcs; Notice Requirements; Premium and Rating; Unsatisfactory Settle/Offer","1"
"2020-12-01T00:00:00.000","Conversion","1"
"2024-05-01T00:00:00.000","Cancellation; Refund Of Premium","3"
"2026-06-01T00:00:00.000","Cust Srvc Policy Holder Srvcs; Delays (Policyholder Service); Premium and Rating; Refund Of Premium","1"
"2019-12-01T00:00:00.000","Misrepresentation","3"
"2020-07-01T00:00:00.000","Cust Service Claim Handling; Delays (Policyholder Service); Inaccurate Provider Listing","1"
"2017-05-01T00:00:00.000","Misrepresentation; Premium and Rating","1"
"2018-04-01T00:00:00.000","Increased Dwelling Coverage; Premium and Rating","1"
"2014-06-01T00:00:00.000","Non-Renewal; Other","1"
"2021-11-01T00:00:00.000","Cancellation; Delays (Policyholder Service); Refund Of Premium","1"
"2025-06-01T00:00:00.000","Cust Service Claim Handling; Cust Srvc Policy Holder Srvcs; Delays (Claims Handling); Endorsement / Rider; Unsatisfactory Settle/Offer","1"
"2021-06-01T00:00:00.000","Delays (Policyholder Service); Other; Premium Notice","1"
"2025-12-01T00:00:00.000","Cust Srvc Policy Holder Srvcs; Delays (Claims Handling); Endorsement / Rider; Unsatisfactory Settle/Offer","1"
"2025-02-01T00:00:00.000","Premium and Rating; Use Of Clue Reports","2"
"2026-05-01T00:00:00.000","Cust Srvc Policy Holder Srvcs; Delays (Policyholder Service); Delays (Underwriting); Premium and Rating","1"
"2022-07-01T00:00:00.000","Delays (Claims Handling); Denial Of Claim","3"
"2019-07-01T00:00:00.000","Delays (Policyholder Service); Delays (Underwriting)","1"
"2013-10-01T00:00:00.000","Delays (Claims Handling); Unsatisfactory Settle/Offer","9"
"2015-06-01T00:00:00.000","Other; Refund Of Premium","1"
"2023-11-01T00:00:00.000","Non-Renewal","6"
"2020-08-01T00:00:00.000","Delays (Claims Handling); Unsatisfactory Settle/Offer","9"
"2016-10-01T00:00:00.000","Agent Handling; Misrepresentation","1"
"2026-03-01T00:00:00.000","Cust Service Claim Handling; Non-Renewal; Unsatisfactory Settle/Offer","2"
"2012-08-01T00:00:00.000","Liability Dispute; Unsatisfactory Settle/Offer","1"
"2025-10-01T00:00:00.000","Cust Service Claim Handling; Delays (Claims Handling); Denial Of Claim","9"
"2017-03-01T00:00:00.000","Increased Dwelling Coverage","1"
"2024-11-01T00:00:00.000","Cust Service Claim Handling; Denial Of Claim; Unsatisfactory Settle/Offer","1"
"2023-10-01T00:00:00.000","Liability Dispute","1"
"2021-03-01T00:00:00.000","Delays (Claims Handling); Other; Unsatisfactory Settle/Offer","1"
"2013-07-01T00:00:00.000","Cust Service Claim Handling; Denial Of Claim","1"
"2020-05-01T00:00:00.000","Cust Service Claim Handling; Unsatisfactory Settle/Offer","6"
"2020-05-01T00:00:00.000","Premium and Rating; Use Of Clue Reports","1"
"2026-07-01T00:00:00.000","Cust Service Claim Handling; Denial Of Claim","22"
"2023-12-01T00:00:00.000","Delays (Underwriting); Premium and Rating","1"
"2025-04-01T00:00:00.000","Notice Requirements; Use Of Clue Reports","1"
"2023-03-01T00:00:00.000","Cust Service Claim Handling; Denial Of Claim","6"
"2024-04-01T00:00:00.000","Cust Srvc Policy Holder Srvcs; Misrepresentation; Refund Of Premium","1"
"2023-02-01T00:00:00.000","Cust Service Claim Handling; Delays (Claims Handling); Delays (Policyholder Service); Unsatisfactory Settle/Offer","1"
"2015-06-01T00:00:00.000","Agent Handling; Premium Notice","1"
"2024-10-01T00:00:00.000","Cancellation; Cust Srvc Policy Holder Srvcs; Unsatisfactory Settle/Offer","1"
"2026-02-01T00:00:00.000","Cust Service Claim Handling; Premium and Rating; Unsatisfactory Settle/Offer","1"
"2014-01-01T00:00:00.000","Delays (Policyholder Service)","10"
"2012-09-01T00:00:00.000","Delays (Claims Handling); Denial Of Claim","2"
"2026-08-01T00:00:00.000","Unfair Discrim-Clms Handling","1"
"2023-04-01T00:00:00.000","Cust Service Claim Handling; Unsatisfactory Settle/Offer","9"
"2019-06-01T00:00:00.000","Increased Dwelling Coverage; Premium and Rating","2"
"2020-09-01T00:00:00.000","Cust Service Claim Handling; Delays (Claims Handling); Liability Dispute; Unsatisfactory Settle/Offer","1"
"2024-02-01T00:00:00.000","Use Of Clue Reports","1"
"2014-12-01T00:00:00.000","Cancellation; Delays (Policyholder Service)","3"
"2012-07-01T00:00:00.000","Denial Of Claim; Liability Dispute","1"
"2023-02-01T00:00:00.000","Cancellation; Premium and Rating; Refund Of Premium","1"
"2013-08-01T00:00:00.000","Delays (Claims Handling); Delays (Policyholder Service)","1"
"2015-07-01T00:00:00.000","Cust Service Claim Handling; Denial Of Claim; Not Within TDI Jurisdiction","1"
"2024-06-01T00:00:00.000","Delays (Claims Handling); Misrepresentation; Unsatisfactory Settle/Offer","1"
"2022-08-01T00:00:00.000","Delays (Policyholder Service); Refund Of Premium","2"
"2017-12-01T00:00:00.000","Premium Notice; Refund Of Premium","1"
"2013-03-01T00:00:00.000","Misrepresentation","1"
"2023-07-01T00:00:00.000","Delays (Policyholder Service); Endorsement / Rider; Refund Of Premium","1"
"2012-08-01T00:00:00.000","Increased Dwelling Coverage; Premium Notice","1"
"2015-09-01T00:00:00.000","Premium and Rating; Use of Credit Reports","2"
"2015-03-01T00:00:00.000","Cancellation; Cust Service Claim Handling; Delays (Claims Handling); Denial Of Claim","1"
"2021-11-01T00:00:00.000","Delays (Claims Handling); Delays (Underwriting)","1"
"2023-09-01T00:00:00.000","Delays (Claims Handling)","43"
"2020-10-01T00:00:00.000","Cancellation","7"
"2015-10-01T00:00:00.000","Delays (Claims Handling); Increased Dwelling Coverage","1"
"2012-04-01T00:00:00.000","Cust Service Claim Handling; Denial Of Claim","1"
"2016-02-01T00:00:00.000","Cust Service Claim Handling; Delays (Claims Handling)","10"
"2026-08-01T00:00:00.000","Cust Service Claim Handling; Policy Exclusion; Unsatisfactory Settle/Offer","4"
"2025-10-01T00:00:00.000","Cust Service Claim Handling; Delays (Claims Handling); Endorsement / Rider; Unsatisfactory Settle/Offer","1"
"2015-05-01T00:00:00.000","Delays (Claims Handling); Denial Of Claim","3"
"2025-06-01T00:00:00.000","Denial Of Claim; Endorsement / Rider","1"
"2024-10-01T00:00:00.000","Cust Service Claim Handling; Cust Srvc Policy Holder Srvcs; Denial Of Claim","2"
"2015-05-01T00:00:00.000","Cust Service Claim Handling","1"
"2013-02-01T00:00:00.000","Denial Of Claim; Non-Renewal","2"
"2024-05-01T00:00:00.000","Cust Service Claim Handling; Denial Of Claim","25"
"2016-07-01T00:00:00.000","Agent Handling; Cancellation","1"
"2021-06-01T00:00:00.000","Delays (Policyholder Service)","13"
"2021-09-01T00:00:00.000","Other; Unsatisfactory Settle/Offer","2"
"2023-06-01T00:00:00.000","Denial Of Claim","40"
"2013-05-01T00:00:00.000","Conversion","3"
"2025-09-01T00:00:00.000","Unsatisfactory Settle/Offer","11"
"2020-05-01T00:00:00.000","Cancellation; Denial Of Claim","1"
"2025-04-01T00:00:00.000","Use of Credit Reports","1"
"2020-01-01T00:00:00.000","Cancellation; Cust Service Claim Handling; Delays (Claims Handling); Post-Claim Underwriting; Refusal to Insure; Unsatisfactory Settle/Offer","1"
"2022-02-01T00:00:00.000","Misrepresentation; Premium and Rating","1"
"2019-12-01T00:00:00.000","Unsatisfactory Settle/Offer","12"
"2012-06-01T00:00:00.000","Unsatisfactory Settle/Offer","30"
"2013-11-01T00:00:00.000","Denial Of Claim; Non-Renewal; Premium and Rating","1"
"2023-12-01T00:00:00.000","Premium and Rating; Use Of Clue Reports","1"
"2014-02-01T00:00:00.000","Denial Of Claim; Non-Disclosure Of Coverage","1"
"2016-08-01T00:00:00.000","Agent Handling; Delays (Policyholder Service); Misrepresentation; Premium and Rating; Refund Of Premium","1"
"2026-06-01T00:00:00.000","Cust Service Claim Handling; Cust Srvc Policy Holder Srvcs; Premium and Rating; Refund Of Premium","1"
"2018-07-01T00:00:00.000","Refund Of Premium","3"
"2015-10-01T00:00:00.000","Premium and Rating","9"
"2013-07-01T00:00:00.000","Misleading Advertising","1"
"2025-01-01T00:00:00.000","Cust Srvc Policy Holder Srvcs; Premium and Rating; Refund Of Premium","2"
"2024-10-01T00:00:00.000","Cust Service Claim Handling; Delays (Claims Handling); Premium and Rating; Unsatisfactory Settle/Offer","1"
"2019-12-01T00:00:00.000","Conversion","3"
"2023-07-01T00:00:00.000","Cancellation; Premium and Rating; Refund Of Premium","1"
"2019-10-01T00:00:00.000","Denial Of Claim","38"
"2016-01-01T00:00:00.000","Cust Service Claim Handling; Delays (Claims Handling)","8"
"2026-09-01T00:00:00.000","Misrepresentation; Unauthorized Acts","1"
"2018-06-01T00:00:00.000","Non-Renewal; Premium and Rating","1"
"2024-08-01T00:00:00.000","Premium and Rating; Unfair Discrimination","1"
"2026-02-01T00:00:00.000","Cust Service Claim Handling; Cust Srvc Policy Holder Srvcs; Delays (Underwriting); Denial Of Claim","1"
"2022-04-01T00:00:00.000","Cust Service Claim Handling","6"
"2017-06-01T00:00:00.000","Agent Handling; Misrepresentation","2"
"2014-11-01T00:00:00.000","Use Of Clue Reports","1"
"2014-04-01T00:00:00.000","Agent Handling","18"
"2013-09-01T00:00:00.000","Denial Of Claim; Non-Renewal","1"
"2024-09-01T00:00:00.000","Cancellation; Cust Service Claim Handling; Delays (Claims Handling); Unsatisfactory Settle/Offer","1"
"2012-07-01T00:00:00.000","Denial Of Claim; Endorsement / Rider","1"
"2014-06-01T00:00:00.000","Unauthorized Acts","3"
"2013-10-01T00:00:00.000","Non-Disclosure Of Coverage","3"
"2015-08-01T00:00:00.000","Cust Service Claim Handling; Denial Of Claim","1"
"2012-09-01T00:00:00.000","Misleading Advertising; Misrepresentation","1"
"2020-05-01T00:00:00.000","Cust Service Claim Handling; Delays (Claims Handling); Unsatisfactory Settle/Offer; Usual And Customary","1"
"2016-03-01T00:00:00.000","Other; Premium and Rating","1"
"2025-01-01T00:00:00.000","Cust Service Claim Handling","4"
"2023-03-01T00:00:00.000","Cancellation","5"
"2017-10-01T00:00:00.000","Delays (Policyholder Service); Premium and Rating","1"
"2026-03-01T00:00:00.000","Cust Srvc Policy Holder Srvcs; Refund Of Premium; Use of Credit Reports","1"
"2025-07-01T00:00:00.000","Cancellation; Delays (Underwriting); Refund Of Premium","1"
"2017-04-01T00:00:00.000","Delays (Claims Handling); Increased Dwelling Coverage; Unsatisfactory Settle/Offer","1"
"2023-07-01T00:00:00.000","Premium and Rating","21"
"2019-06-01T00:00:00.000","Cust Service Claim Handling; Delays (Claims Handling)","25"
"2023-11-01T00:00:00.000","Delays (Policyholder Service)","10"
"2019-08-01T00:00:00.000","Delays (Policyholder Service); Premium and Rating","2"
"2020-01-01T00:00:00.000","Cancellation; Refund Of Premium","3"
"2024-01-01T00:00:00.000","Cust Service Claim Handling; Delays (Policyholder Service)","2"
"2012-07-01T00:00:00.000","Premium and Rating","15"
"2026-02-01T00:00:00.000","Cust Service Claim Handling; Delays (Claims Handling)","42"
"2024-12-01T00:00:00.000","Cust Service Claim Handling; Delays (Claims Handling); Unauthorized Acts; Unsatisfactory Settle/Offer","1"
"2018-10-01T00:00:00.000","Non-Renewal","3"
"2026-06-01T00:00:00.000","Denial Of Claim","24"
"2019-10-01T00:00:00.000","Cust Service Claim Handling; Denial Of Claim","4"
"2024-08-01T00:00:00.000","Cust Service Claim Handling; Delays (Claims Handling); Use Of Clue Reports","1"
"2016-09-01T00:00:00.000","Cust Service Claim Handling; Delays (Claims Handling); Premium and Rating; Unsatisfactory Settle/Offer","1"
"2013-06-01T00:00:00.000","Cancellation; Denial Of Claim","1"
"2021-01-01T00:00:00.000","Premium and Rating; Use of Credit Reports","1"
"2017-07-01T00:00:00.000","Refund Of Premium","2"
"2025-03-01T00:00:00.000","Cust Service Claim Handling; Denial Of Claim; Endorsement / Rider","1"
"2026-06-01T00:00:00.000","Cancellation; Denial Of Claim","1"
"2025-03-01T00:00:00.000","Cust Service Claim Handling; Denial Of Claim; Premium and Rating; Refund Of Premium","1"
"2026-01-01T00:00:00.000","Cancellation; Cust Service Claim Handling; Denial Of Claim","1"
"2012-09-01T00:00:00.000","Windstorm Exclusion","1"
"2017-05-01T00:00:00.000","Cust Service Claim Handling; Delays (Claims Handling)","6"
"2013-06-01T00:00:00.000","Premium and Rating","16"
"2020-07-01T00:00:00.000","Cust Service Claim Handling; Delays (Claims Handling)","24"
"2016-08-01T00:00:00.000","Post-Claim Underwriting","1"
"2024-04-01T00:00:00.000","Unsatisfactory Settle/Offer","23"
"2019-03-01T00:00:00.000","Eligibility - Fair Plan","1"
"2017-09-01T00:00:00.000","Agent Handling; Delays (Underwriting)","1"
"2012-11-01T00:00:00.000","Cancellation; Delays (Claims Handling); Denial Of Claim","1"
"2026-03-01T00:00:00.000","Cust Srvc Policy Holder Srvcs; Delays (Policyholder Service)","10"
"2016-12-01T00:00:00.000","Delays (Claims Handling); Denial Of Claim","1"
"2026-02-01T00:00:00.000","Cust Srvc Policy Holder Srvcs; Premium and Rating; Refund Of Premium","1"
"2023-06-01T00:00:00.000","Refund Of Premium","12"
"2021-07-01T00:00:00.000","Delays (Claims Handling); Refund Of Premium; Unsatisfactory Settle/Offer","2"
"2018-01-01T00:00:00.000","Cancellation; Delays (Policyholder Service)","1"
"2012-08-01T00:00:00.000","Cancellation; Refusal to Insure","1"
"2017-12-01T00:00:00.000","Misleading Advertising","1"
"2018-12-01T00:00:00.000","Cancellation; Delays (Underwriting); Refund Of Premium","1"
"2016-06-01T00:00:00.000","Notice Requirements; Unsatisfactory Settle/Offer","1"
"2021-08-01T00:00:00.000","Delays (Policyholder Service); Other; Refund Of Premium","1"
"2012-07-01T00:00:00.000","Cust Service Claim Handling; Unsatisfactory Settle/Offer","5"
"2015-02-01T00:00:00.000","Agent Handling; Delays (Policyholder Service); Increased Dwelling Coverage; Notice Requirements","1"
"2015-01-01T00:00:00.000","Unauthorized Acts","7"
"2025-07-01T00:00:00.000","Cust Srvc Policy Holder Srvcs; Delays (Claims Handling); Unsatisfactory Settle/Offer","1"
"2019-08-01T00:00:00.000","Cust Service Claim Handling; Denial Of Claim; Post-Claim Underwriting","1"
"2026-06-01T00:00:00.000","Cust Srvc Policy Holder Srvcs; Denial Of Claim; Policy Exclusion","1"
"2013-03-01T00:00:00.000","Cancellation; Endorsement / Rider","1"
"2022-12-01T00:00:00.000","Cancellation; Premium and Rating; Use of Credit Reports","1"
"2020-11-01T00:00:00.000","Unsatisfactory Settle/Offer","1"
"2025-03-01T00:00:00.000","Cancellation; Cust Srvc Policy Holder Srvcs; Delays (Policyholder Service)","1"
"2012-04-01T00:00:00.000","Refund Of Premium","1"
"2016-04-01T00:00:00.000","Agent Handling","7"
"2026-02-01T00:00:00.000","Cust Service Claim Handling; Delays (Claims Handling); Prompt Pay; Unsatisfactory Settle/Offer","1"
"2013-09-01T00:00:00.000","Agent Handling; Delays (Policyholder Service); Refund Of Premium","1"
"2019-08-01T00:00:00.000","Liability Dispute; Unsatisfactory Settle/Offer","1"
"2012-09-01T00:00:00.000","Disaster; Unsatisfactory Settle/Offer","1"
"2013-06-01T00:00:00.000","Misleading Advertising","1"
"2025-06-01T00:00:00.000","Premium and Rating; Refusal to Insure; Use Of Clue Reports","1"
"2016-05-01T00:00:00.000","Denial Of Claim; Endorsement / Rider","2"
"2013-11-01T00:00:00.000","Delays (Claims Handling)","24"
"2025-05-01T00:00:00.000","Cust Srvc Policy Holder Srvcs; Premium and Rating","5"
"2017-10-01T00:00:00.000","Cust Service Claim Handling; Delays (Claims Handling); Non-Renewal","1"
"2013-08-01T00:00:00.000","Cancellation; Non-Renewal","1"
"2024-10-01T00:00:00.000","Cust Srvc Policy Holder Srvcs; Misrepresentation","5"
"2020-01-01T00:00:00.000","Cust Service Claim Handling; Delays (Claims Handling); Denial Of Claim","4"
"2015-08-01T00:00:00.000","Delays (Underwriting)","1"
"2023-07-01T00:00:00.000","Cust Service Claim Handling; Delays (Claims Handling)","67"
"2024-10-01T00:00:00.000","Cust Service Claim Handling; Unsatisfactory Settle/Offer","46"
"2023-02-01T00:00:00.000","Delays (Policyholder Service); Premium Notice","1"
"2012-10-01T00:00:00.000","Cust Service Claim Handling","4"
"2016-08-01T00:00:00.000","Agent Handling; Unsatisfactory Settle/Offer","2"
"2025-08-01T00:00:00.000","Cust Srvc Policy Holder Srvcs; Delays (Policyholder Service); Non-Renewal; Refund Of Premium","1"
"2019-03-01T00:00:00.000","Cancellation; Disabled Individuals Access; Misrepresentation; Refund Of Premium","1"
"2025-06-01T00:00:00.000","Cancellation; Premium and Rating","1"
"2025-01-01T00:00:00.000","Cancellation; Use Of Clue Reports","1"
"2015-04-01T00:00:00.000","Closed-Lack Of Info Cmplainant","1"
"2024-10-01T00:00:00.000","Cust Service Claim Handling; Delays (Claims Handling); Delays (Policyholder Service)","1"
"2025-05-01T00:00:00.000","Cust Srvc Policy Holder Srvcs; Delays (Claims Handling); Delays (Policyholder Service); Endorsement / Rider; Unsatisfactory Settle/Offer","1"
"2026-07-01T00:00:00.000","Cancellation","3"
"2023-02-01T00:00:00.000","Cust Service Claim Handling; Unsatisfactory Settle/Offer","23"
"2017-11-01T00:00:00.000","Denial Of Claim","77"
"2019-04-01T00:00:00.000","Cancellation; Denial Of Claim","2"
"2015-04-01T00:00:00.000","Delays (Claims Handling); Denial Of Claim","1"
"2026-02-01T00:00:00.000","Delays (Policyholder Service)","2"
"2025-06-01T00:00:00.000","Cust Service Claim Handling; Delays (Claims Handling); Denial Of Claim","10"
"2021-07-01T00:00:00.000","Cust Service Claim Handling; Delays (Claims Handling); Unsatisfactory Settle/Offer","19"
"2025-06-01T00:00:00.000","Cust Service Claim Handling; Cust Srvc Policy Holder Srvcs; Denial Of Claim; Refund Of Premium","1"
"2017-07-01T00:00:00.000","Not Within TDI Jurisdiction","1"
"2015-11-01T00:00:00.000","Unsatisfactory Settle/Offer","9"
"2015-05-01T00:00:00.000","Cust Service Claim Handling; Denial Of Claim","3"
"2015-02-01T00:00:00.000","Cancellation; Delays (Policyholder Service); Refund Of Premium","3"
"2026-08-01T00:00:00.000","Cust Service Claim Handling; Delays (Claims Handling); Policy Exclusion; Unsatisfactory Settle/Offer","3"
"2024-07-01T00:00:00.000","Other; Unauthorized Acts","1"
"2018-01-01T00:00:00.000","Cust Service Claim Handling; Post-Claim Underwriting","1"
"2013-04-01T00:00:00.000","Endorsement / Rider; Unsatisfactory Settle/Offer","1"
"2025-06-01T00:00:00.000","Refusal to Insure","1"
"2012-11-01T00:00:00.000","Denial Of Claim; Non-Renewal","1"
"2017-09-01T00:00:00.000","Cancellation; Non-Renewal","1"
"2013-07-01T00:00:00.000","Cust Service Claim Handling; Delays (Claims Handling)","1"
"2016-02-01T00:00:00.000","Delays (Policyholder Service); Refund Of Premium","10"
"2014-01-01T00:00:00.000","Agent Handling; Cancellation","1"
"2020-11-01T00:00:00.000","Endorsement / Rider; Premium and Rating","1"
"2013-06-01T00:00:00.000","Denial Of Claim","35"
"2012-01-01T00:00:00.000","Premium and Rating","1"
"2017-05-01T00:00:00.000","Endorsement / Rider; Premium Notice; Premium and Rating","1"
"2021-10-01T00:00:00.000","Denial Of Claim; Non-Renewal","1"
"2025-04-01T00:00:00.000","Cust Service Claim Handling; Endorsement / Rider; Unsatisfactory Settle/Offer","1"
"2021-06-01T00:00:00.000","Refund Of Premium","3"
"2025-10-01T00:00:00.000","Misleading Advertising; Misrepresentation","1"
"2025-02-01T00:00:00.000","Cust Srvc Policy Holder Srvcs; Premium and Rating; Refund Of Premium","3"
"2019-02-01T00:00:00.000","Cancellation","2"
"2014-01-01T00:00:00.000","Cancellation; Delays (Policyholder Service)","2"
"2017-02-01T00:00:00.000","Cust Service Claim Handling; Delays (Claims Handling); Denial Of Claim","2"
"2026-05-01T00:00:00.000","Cust Service Claim Handling; Cust Srvc Policy Holder Srvcs; Refund Of Premium; Unsatisfactory Settle/Offer","1"
"2023-03-01T00:00:00.000","Cancellation; Non-Renewal","1"
"2016-06-01T00:00:00.000","Agent Handling; Delays (Claims Handling); Delays (Policyholder Service); Premium and Rating; Unsatisfactory Settle/Offer","1"
"2025-03-01T00:00:00.000","Cust Service Claim Handling; Delays (Claims Handling); Unfair Discrim-Clms Handling; Unsatisfactory Settle/Offer","1"
"2023-08-01T00:00:00.000","Improper Inducements","1"
"2020-11-01T00:00:00.000","Cust Service Claim Handling; Non-Renewal","1"
"2015-10-01T00:00:00.000","Cancellation; Non-Renewal","1"
"2014-11-01T00:00:00.000","Unauthorized Acts","5"
"2023-04-01T00:00:00.000","Cancellation; Refund Of Premium","3"
"2026-06-01T00:00:00.000","Refund Of Premium","8"
"2026-01-01T00:00:00.000","Cust Service Claim Handling; Premium and Rating","1"
"2025-02-01T00:00:00.000","Cust Srvc Policy Holder Srvcs; Premium and Rating; Use of Credit Reports","1"
"2024-11-01T00:00:00.000","Use of Credit Reports","2"
"2014-01-01T00:00:00.000","Premium and Rating","9"
"2015-02-01T00:00:00.000","Cust Service Claim Handling; Denial Of Claim; Unsatisfactory Settle/Offer","1"
"2016-05-01T00:00:00.000","Agent Handling; Notice Requirements","1"
"2017-11-01T00:00:00.000","Agent Handling; Delays (Policyholder Service); Refund Of Premium","2"
"2015-05-01T00:00:00.000","Delays (Claims Handling); Increased Dwelling Coverage","1"
"2015-10-01T00:00:00.000","Cancellation; Denial Of Claim","1"
"2013-04-01T00:00:00.000","Non-Renewal","5"
"2026-03-01T00:00:00.000","Denial Of Claim; Refund Of Premium","1"
"2021-06-01T00:00:00.000","Other","4"
"2012-07-01T00:00:00.000","Cancellation; Other","1"
"2024-09-01T00:00:00.000","Delays (Policyholder Service); Premium and Rating","2"
"2024-02-01T00:00:00.000","Endorsement / Rider","1"
"2026-04-01T00:00:00.000","Cust Srvc Policy Holder Srvcs; Premium and Rating","4"
"2015-01-01T00:00:00.000","Delays (Policyholder Service); Other","2"
"2026-01-01T00:00:00.000","Delays (Underwriting); Non-Renewal; Refund Of Premium","1"
"2013-09-01T00:00:00.000","Other","16"
"2024-07-01T00:00:00.000","Cancellation; Refund Of Premium","4"
"2021-06-01T00:00:00.000","Delays (Policyholder Service); Refund Of Premium","2"
"2018-06-01T00:00:00.000","Refund Of Premium","2"
"2023-02-01T00:00:00.000","Premium Notice","1"
"2022-12-01T00:00:00.000","Cust Service Claim Handling; Premium and Rating","1"
"2024-08-01T00:00:00.000","Cust Srvc Policy Holder Srvcs; Delays (Policyholder Service); Notice Requirements","2"
"2024-02-01T00:00:00.000","Cust Service Claim Handling; Delays (Claims Handling); Denial Of Claim","10"
"2012-08-01T00:00:00.000","Agent Handling; Misrepresentation","1"
"2020-08-01T00:00:00.000","Misleading Advertising","6"
"2021-11-01T00:00:00.000","Delays (Claims Handling)","24"
"2020-03-01T00:00:00.000","Delays (Underwriting); Premium and Rating","1"
"2015-02-01T00:00:00.000","Cancellation; Other","1"
"2020-12-01T00:00:00.000","Endorsement / Rider; Premium and Rating","1"
"2017-09-01T00:00:00.000","Delays (Claims Handling); Unsatisfactory Settle/Offer","3"
"2014-01-01T00:00:00.000","Cust Service Claim Handling; Unsatisfactory Settle/Offer","6"
"2024-12-01T00:00:00.000","Delays (Claims Handling); Delays (Underwriting); Unsatisfactory Settle/Offer","1"
"2025-01-01T00:00:00.000","Cust Service Claim Handling; Delays (Claims Handling); Unauthorized Acts; Unsatisfactory Settle/Offer","1"
"2016-10-01T00:00:00.000","Refund Of Premium","2"
"2025-09-01T00:00:00.000","Misrepresentation; Refund Of Premium","1"
"2015-09-01T00:00:00.000","Cust Service Claim Handling; Delays (Claims Handling); Non-Renewal; Post-Claim Underwriting","1"
"2012-07-01T00:00:00.000","Delays (Policyholder Service); Refund Of Premium","5"
"2016-09-01T00:00:00.000","Delays (Claims Handling); Not Within TDI Jurisdiction; Unsatisfactory Settle/Offer","1"
"2023-04-01T00:00:00.000","Delays (Policyholder Service); Refund Of Premium","4"
"2025-06-01T00:00:00.000","Cust Service Claim Handling; Delays (Claims Handling); Unsatisfactory Settle/Offer","49"
"2024-05-01T00:00:00.000","Delays (Claims Handling); Unsatisfactory Settle/Offer","17"
"2022-12-01T00:00:00.000","Cancellation; Delays (Policyholder Service)","1"
"2018-08-01T00:00:00.000","Non-Renewal","2"
"2016-04-01T00:00:00.000","Agent Handling; Cancellation","2"
"2021-06-01T00:00:00.000","Delays (Policyholder Service); Premium and Rating; Refund Of Premium","1"
"2020-06-01T00:00:00.000","Identification Card Issue; Premium Notice; Premium and Rating","1"
"2025-10-01T00:00:00.000","Delays (Claims Handling)","5"
"2015-04-01T00:00:00.000","Cust Service Claim Handling; Unsatisfactory Settle/Offer","3"
"2014-06-01T00:00:00.000","Delays (Claims Handling); Denial Of Claim; Unsatisfactory Settle/Offer","1"
"2013-03-01T00:00:00.000","Disaster; Unsatisfactory Settle/Offer","1"
"2018-10-01T00:00:00.000","Agent Handling; Cancellation; Premium Notice","1"
"2020-07-01T00:00:00.000","Cust Service Claim Handling; Delays (Claims Handling); Denial Of Claim; Non-Renewal","1"
"2013-11-01T00:00:00.000","Delays (Policyholder Service); Refund Of Premium","2"
"2025-01-01T00:00:00.000","Other","2"
"2021-10-01T00:00:00.000","Cancellation","6"
"2025-05-01T00:00:00.000","Premium and Rating; Use Of Clue Reports","1"
"2018-12-01T00:00:00.000","Other; Premium Notice","1"
"2024-12-01T00:00:00.000","Cust Srvc Policy Holder Srvcs; Delays (Policyholder Service)","11"
"2024-01-01T00:00:00.000","Cust Service Claim Handling; Other","3"
"2026-06-01T00:00:00.000","Premium and Rating; Use Of Clue Reports","1"
"2014-07-01T00:00:00.000","Cancellation","9"
"2013-05-01T00:00:00.000","Premium Notice","1"
"2020-07-01T00:00:00.000","Cancellation; Delays (Policyholder Service)","2"
"2015-11-01T00:00:00.000","Cust Service Claim Handling; Delays (Claims Handling); Disaster; Unsatisfactory Settle/Offer","1"
"2026-06-01T00:00:00.000","Cust Srvc Policy Holder Srvcs; Misrepresentation; Refund Of Premium","1"
"2014-04-01T00:00:00.000","Cust Service Claim Handling; Delays (Claims Handling)","5"
"2025-02-01T00:00:00.000","Use of Credit Reports","3"
"2015-08-01T00:00:00.000","Non-Renewal","4"
"2017-09-01T00:00:00.000","Non-Renewal; Premium and Rating","1"
"2024-07-01T00:00:00.000","Cust Service Claim Handling","10"
"2017-05-01T00:00:00.000","Increased Dwelling Coverage; Premium and Rating; Refund Of Premium","1"
"2015-04-01T00:00:00.000","Refund Of Premium","10"
"2025-07-01T00:00:00.000","Cust Service Claim Handling; Cust Srvc Policy Holder Srvcs; Denial Of Claim; Policy Exclusion","1"
"2017-10-01T00:00:00.000","Cust Service Claim Handling; Delays (Claims Handling); Denial Of Claim","10"
"2021-05-01T00:00:00.000","Delays (Claims Handling); Denial Of Claim; Unsatisfactory Settle/Offer","1"
"2022-05-01T00:00:00.000","Delays (Claims Handling); Denial Of Claim; Unsatisfactory Settle/Offer","2"
"2021-04-01T00:00:00.000","Non-Renewal","4"
"2017-09-01T00:00:00.000","Cust Service Claim Handling; Delays (Claims Handling); Notice Requirements; Unsatisfactory Settle/Offer","1"
"2016-04-01T00:00:00.000","Delays (Claims Handling); Denial Of Claim","2"
"2014-10-01T00:00:00.000","Cancellation","4"
"2025-03-01T00:00:00.000","Delays (Policyholder Service); Refund Of Premium","3"
"2023-03-01T00:00:00.000","Closing","1"
"2024-12-01T00:00:00.000","Unfair Discrim-Clms Handling; Unsatisfactory Settle/Offer","1"
"2018-01-01T00:00:00.000","Delays (Policyholder Service)","2"
"2023-12-01T00:00:00.000","Cust Service Claim Handling; Denial Of Claim; Premium and Rating","1"
"2024-05-01T00:00:00.000","Cancellation","11"
"2022-04-01T00:00:00.000","Cust Service Claim Handling; Denial Of Claim","3"
"2015-05-01T00:00:00.000","Cancellation; Delays (Claims Handling); Unsatisfactory Settle/Offer","1"
"2022-10-01T00:00:00.000","Denial Of Claim","30"
"2018-06-01T00:00:00.000","Cancellation; Denial Of Claim","1"
"2013-05-01T00:00:00.000","Cust Service Claim Handling; Liability Dispute; Non-Renewal; Unsatisfactory Settle/Offer","1"
"2014-06-01T00:00:00.000","Liability Dispute; Unsatisfactory Settle/Offer","1"
"2018-07-01T00:00:00.000","Cust Service Claim Handling","2"
"2021-09-01T00:00:00.000","Misrepresentation","6"
"2020-04-01T00:00:00.000","Cust Service Claim Handling; Denial Of Claim; Refund Of Premium","1"
"2017-01-01T00:00:00.000","Conversion","1"
"2026-03-01T00:00:00.000","Cust Service Claim Handling; Unsatisfactory Settle/Offer","33"
"2013-07-01T00:00:00.000","Agent Handling; Misrepresentation; Not Within TDI Jurisdiction","1"
"2012-09-01T00:00:00.000","Delays (Policyholder Service)","4"
"2020-10-01T00:00:00.000","Cust Service Claim Handling; Delays (Claims Handling); Denial Of Claim","7"
"2017-08-01T00:00:00.000","Refund Of Premium","1"
"2025-03-01T00:00:00.000","Cust Service Claim Handling; Denial Of Claim","10"
"2024-04-01T00:00:00.000","Delays (Policyholder Service); Premium and Rating; Refund Of Premium","1"
"2015-03-01T00:00:00.000","Cancellation; Delays (Policyholder Service); Delays (Underwriting); Refund Of Premium","1"
"2023-02-01T00:00:00.000","Cust Service Claim Handling; Delays (Policyholder Service); Refund Of Premium","1"
"2015-08-01T00:00:00.000","Denial Of Claim; Liability Dispute","2"
"2025-12-01T00:00:00.000","Cust Service Claim Handling; Unauthorized Acts","1"
"2018-04-01T00:00:00.000","Cust Service Claim Handling; Delays (Policyholder Service); Refund Of Premium","1"
"2021-05-01T00:00:00.000","Premium and Rating","5"
"2024-06-01T00:00:00.000","Unauthorized Acts","3"
"2023-07-01T00:00:00.000","Cancellation","14"
"2025-02-01T00:00:00.000","Premium and Rating; Use of Credit Reports","2"
"2015-12-01T00:00:00.000","Cust Service Claim Handling; Denial Of Claim","5"
"2020-06-01T00:00:00.000","Assignment of Benefits; Cust Service Claim Handling; Unsatisfactory Settle/Offer","1"
"2017-11-01T00:00:00.000","Premium Notice; Premium and Rating","1"
"2017-02-01T00:00:00.000","Premium and Rating; Refund Of Premium","2"
"2021-10-01T00:00:00.000","Misleading Advertising","1"
"2015-12-01T00:00:00.000","Agent Handling; Misrepresentation; Non-Disclosure Of Coverage; Unsatisfactory Settle/Offer","1"
"2016-03-01T00:00:00.000","Endorsement / Rider","1"
"2026-05-01T00:00:00.000","Cust Srvc Policy Holder Srvcs; Delays (Policyholder Service)","9"
"2022-03-01T00:00:00.000","Denial Of Claim; Refund Of Premium","1"
"2023-09-01T00:00:00.000","Cancellation; Delays (Policyholder Service); Premium Notice; Refund Of Premium","1"
"2018-06-01T00:00:00.000","Cust Service Claim Handling","3"
"2026-06-01T00:00:00.000","Cancellation; Cust Srvc Policy Holder Srvcs; Delays (Policyholder Service); Delays (Underwriting); Refund Of Premium","2"
"2018-01-01T00:00:00.000","Denial Of Claim; Non-Renewal","1"
"2014-04-01T00:00:00.000","Endorsement / Rider; Premium and Rating","1"
"2022-02-01T00:00:00.000","Non-Renewal; Premium and Rating","1"
"2019-08-01T00:00:00.000","Premium and Rating","6"
"2014-08-01T00:00:00.000","Cancellation","7"
"2013-08-01T00:00:00.000","Delays (Underwriting); Premium and Rating","1"
"2018-08-01T00:00:00.000","Agent Handling; Refund Of Premium","2"
"2024-06-01T00:00:00.000","Other","1"
"2012-06-01T00:00:00.000","Refund Of Premium","6"
"2012-12-01T00:00:00.000","Use Of Clue Reports","1"
"2025-08-01T00:00:00.000","Non-Renewal; Policy Exclusion; Premium and Rating","1"
"2013-05-01T00:00:00.000","Cust Service Claim Handling; Delays (Claims Handling); Unsatisfactory Settle/Offer","4"
"2018-03-01T00:00:00.000","Cancellation; Other; Premium Notice","1"
"2017-07-01T00:00:00.000","Premium and Rating","4"
"2019-05-01T00:00:00.000","Unauthorized Acts; Unsatisfactory Settle/Offer","1"
"2014-05-01T00:00:00.000","Misleading Advertising","1"
"2017-01-01T00:00:00.000","Delays (Policyholder Service); Refund Of Premium","6"
"2019-05-01T00:00:00.000","Delays (Policyholder Service); Refund Of Premium","5"
"2018-04-01T00:00:00.000","Agent Handling; Delays (Policyholder Service)","1"
"2018-03-01T00:00:00.000","Denial Of Claim","30"
"2014-03-01T00:00:00.000","Delays (Claims Handling); Other; Unsatisfactory Settle/Offer","1"
"2026-03-01T00:00:00.000","Delays (Policyholder Service); Premium Notice; Premium and Rating; Refund Of Premium","1"
"2014-12-01T00:00:00.000","Agent Handling; Delays (Policyholder Service); Premium and Rating; Refund Of Premium","1"
"2021-11-01T00:00:00.000","Unsatisfactory Settle/Offer","42"
"2016-07-01T00:00:00.000","Cancellation; Cust Service Claim Handling; Delays (Policyholder Service); Delays (Underwriting); Denial Of Claim; Premium and Rating","1"
"2024-08-01T00:00:00.000","Cancellation","3"
"2015-10-01T00:00:00.000","Endorsement / Rider","1"
"2012-08-01T00:00:00.000","Increased Dwelling Coverage; Refund Of Premium","1"
"2022-08-01T00:00:00.000","Cust Service Claim Handling; Delays (Claims Handling)","44"
"2025-12-01T00:00:00.000","Cust Srvc Policy Holder Srvcs; Misrepresentation; Refund Of Premium","1"
"2017-09-01T00:00:00.000","Cancellation; Denial Of Claim","2"
"2019-05-01T00:00:00.000","Cust Service Claim Handling","4"
"2016-05-01T00:00:00.000","Cancellation; Unsatisfactory Settle/Offer","1"
"2012-08-01T00:00:00.000","Misrepresentation","6"
"2022-06-01T00:00:00.000","Cust Service Claim Handling; Delays (Claims Handling); Endorsement / Rider; Unsatisfactory Settle/Offer","1"
"2013-05-01T00:00:00.000","Agent Handling; Misrepresentation","1"
"2017-10-01T00:00:00.000","Agent Handling; Refund Of Premium","1"
"2016-05-01T00:00:00.000","Unfair Discrim-Clms Handling; Usual And Customary","1"
"2019-10-01T00:00:00.000","Misleading Advertising; Misrepresentation; Unauthorized Acts","1"
"2015-10-01T00:00:00.000","Misrepresentation","1"
"2020-06-01T00:00:00.000","Cust Service Claim Handling; Refund Of Premium","1"
"2024-10-01T00:00:00.000","Cust Service Claim Handling; Cust Srvc Policy Holder Srvcs; Endorsement / Rider; Refund Of Premium; Unsatisfactory Settle/Offer","1"
"2015-04-01T00:00:00.000","Agent Handling; Cancellation","1"
"2020-04-01T00:00:00.000","Cancellation; Delays (Policyholder Service); Refund Of Premium","1"
"2015-07-01T00:00:00.000","Not Within TDI Jurisdiction","1"
"2014-03-01T00:00:00.000","Cancellation; Premium and Rating","2"
"2019-03-01T00:00:00.000","Cancellation; Refund Of Premium","1"
"2020-02-01T00:00:00.000","Cust Service Claim Handling; Denial Of Claim","3"
"2026-03-01T00:00:00.000","Cancellation; Cust Srvc Policy Holder Srvcs; Refund Of Premium","2"
"2013-08-01T00:00:00.000","Delays (Policyholder Service); Refund Of Premium","5"
"2021-10-01T00:00:00.000","Denial Of Claim; Unsatisfactory Settle/Offer","9"
"2012-09-01T00:00:00.000","Cust Service Claim Handling; Usual And Customary","1"
"2021-03-01T00:00:00.000","Other","8"
"2019-10-01T00:00:00.000","Delays (Underwriting); Misleading Advertising; Misrepresentation","1"
"2026-04-01T00:00:00.000","Denial Of Claim; Endorsement / Rider; Refund Of Premium; Unsatisfactory Settle/Offer","1"
"2020-12-01T00:00:00.000","Cancellation; Delays (Policyholder Service); Refund Of Premium","1"
"2026-04-01T00:00:00.000","Unauthorized Acts","3"
"2022-04-01T00:00:00.000","Denial Of Claim","27"
"2022-07-01T00:00:00.000","Cancellation","2"
"2025-07-01T00:00:00.000","Cust Srvc Policy Holder Srvcs; Refusal to Insure; Unsatisfactory Settle/Offer","1"
"2024-05-01T00:00:00.000","Cust Service Claim Handling; Misrepresentation; Unsatisfactory Settle/Offer","1"
"2026-09-01T00:00:00.000","Cust Service Claim Handling; Cust Srvc Policy Holder Srvcs; Delays (Claims Handling); Delays (Policyholder Service); Denial Of Claim; Non-Renewal","1"
"2020-12-01T00:00:00.000","Delays (Policyholder Service); Premium and Rating; Refund Of Premium","1"
"2012-08-01T00:00:00.000","Denial Of Claim; Unsatisfactory Settle/Offer","3"
"2016-08-01T00:00:00.000","Cancellation","5"
"2019-02-01T00:00:00.000","Refund Of Premium","5"
"2012-11-01T00:00:00.000","Delays (Claims Handling); Denial Of Claim","2"
"2022-05-01T00:00:00.000","Cancellation; Denial Of Claim","2"
"2023-01-01T00:00:00.000","Use of Credit Reports","1"
"2020-08-01T00:00:00.000","Denial Of Claim; Endorsement / Rider","1"
"2018-08-01T00:00:00.000","Cancellation; Delays (Policyholder Service)","1"
"2016-09-01T00:00:00.000","Cancellation","3"
"2024-07-01T00:00:00.000","Cust Srvc Policy Holder Srvcs; Delays (Policyholder Service); Unauthorized Acts","1"
"2014-07-01T00:00:00.000","Cust Service Claim Handling; Delays (Claims Handling); Unsatisfactory Settle/Offer","2"
"2025-04-01T00:00:00.000","Cancellation; Cust Service Claim Handling","1"
"2014-12-01T00:00:00.000","Other; Refund Of Premium","3"
"2016-05-01T00:00:00.000","Other","10"
"2015-10-01T00:00:00.000","Delays (Claims Handling); Premium and Rating; Unsatisfactory Settle/Offer","1"
"2013-06-01T00:00:00.000","Premium and Rating; Use of Credit Reports","1"
"2016-05-01T00:00:00.000","Agent Handling; Refund Of Premium","1"
"2019-08-01T00:00:00.000","Delays (Claims Handling); Denial Of Claim","1"
"2021-09-01T00:00:00.000","Cust Service Claim Handling","4"
"2018-03-01T00:00:00.000","Cancellation; Notice Requirements; Other","1"
"2023-09-01T00:00:00.000","Delays (Claims Handling); Denial Of Claim; Unsatisfactory Settle/Offer","1"
"2020-03-01T00:00:00.000","Cancellation","5"
"2026-01-01T00:00:00.000","Cust Srvc Policy Holder Srvcs; Delays (Policyholder Service); Premium and Rating","2"
"2025-04-01T00:00:00.000","Prompt Pay; Unsatisfactory Settle/Offer","1"
"2014-11-01T00:00:00.000","Other","6"
"2026-03-01T00:00:00.000","Cust Service Claim Handling; Cust Srvc Policy Holder Srvcs; Endorsement / Rider","1"
"2023-12-01T00:00:00.000","Endorsement / Rider","1"
"2022-02-01T00:00:00.000","Delays (Policyholder Service); Refund Of Premium","7"
"2012-08-01T00:00:00.000","Delays (Claims Handling); Usual And Customary","1"
"2014-01-01T00:00:00.000","Other; Premium and Rating","2"
"2014-04-01T00:00:00.000","Non-Renewal","6"
"2022-03-01T00:00:00.000","Cust Service Claim Handling; Delays (Claims Handling); Unauthorized Acts; Unsatisfactory Settle/Offer","1"
"2021-06-01T00:00:00.000","Other; Refund Of Premium","1"
"2013-09-01T00:00:00.000","Cancellation; Delays (Policyholder Service); Refund Of Premium","1"
"2015-03-01T00:00:00.000","Other","4"
"2021-12-01T00:00:00.000","Cust Service Claim Handling; Denial Of Claim","6"
"2026-08-01T00:00:00.000","Commissions; Unauthorized Acts","1"
"2021-05-01T00:00:00.000","Delays (Policyholder Service); Unsatisfactory Settle/Offer","2"
"2022-11-01T00:00:00.000","Delays (Claims Handling)","28"
"2024-02-01T00:00:00.000","Cancellation; Denial Of Claim","1"
"2020-06-01T00:00:00.000","Cust Service Claim Handling; Delays (Claims Handling); Delays (Policyholder Service)","1"
"2014-08-01T00:00:00.000","Agent Handling; Delays (Policyholder Service)","2"
"2018-08-01T00:00:00.000","Delays (Claims Handling); Unsatisfactory Settle/Offer","11"
"2025-11-01T00:00:00.000","Cust Service Claim Handling; Use Of Clue Reports","1"
"2020-05-01T00:00:00.000","Premium Notice","2"
"2026-02-01T00:00:00.000","Cust Service Claim Handling; Delays (Claims Handling); Denial Of Claim; Endorsement / Rider; Unsatisfactory Settle/Offer","1"
"2015-09-01T00:00:00.000","Refund Of Premium","1"
"2024-05-01T00:00:00.000","Cust Service Claim Handling; Delays (Claims Handling); Unsatisfactory Settle/Offer","53"
"2025-06-01T00:00:00.000","Refund Of Premium","4"
"2020-06-01T00:00:00.000","Cancellation","7"
"2017-04-01T00:00:00.000","Unsatisfactory Settle/Offer","6"
"2026-04-01T00:00:00.000","Cust Srvc Policy Holder Srvcs","12"
"2020-08-01T00:00:00.000","Cust Service Claim Handling; Premium and Rating; Unsatisfactory Settle/Offer","1"
"2014-07-01T00:00:00.000","Agent Handling","12"
"2012-09-01T00:00:00.000","Denial Of Claim; Premium and Rating","1"
"2014-10-01T00:00:00.000","Cancellation; Delays (Claims Handling)","1"
"2021-04-01T00:00:00.000","Cust Service Claim Handling; Denial Of Claim","6"
"2022-05-01T00:00:00.000","Cancellation","2"
"2015-12-01T00:00:00.000","Cust Service Claim Handling; Delays (Claims Handling)","7"
"2020-09-01T00:00:00.000","Delays (Claims Handling); Unsatisfactory Settle/Offer","5"
"2017-10-01T00:00:00.000","Cust Service Claim Handling","4"
"2022-08-01T00:00:00.000","Cancellation; Unsatisfactory Settle/Offer","1"
"2023-07-01T00:00:00.000","Cancellation; Delays (Policyholder Service); Premium Notice","1"
"2018-05-01T00:00:00.000","Agent Handling; Unsatisfactory Settle/Offer","1"
"2026-05-01T00:00:00.000","Cancellation; Cust Srvc Policy Holder Srvcs; Delays (Policyholder Service); Refund Of Premium","2"
"2026-02-01T00:00:00.000","Cancellation; Cust Srvc Policy Holder Srvcs","1"
"2016-11-01T00:00:00.000","Refund Of Premium","1"
"2016-07-01T00:00:00.000","Cust Service Claim Handling; Denial Of Claim","6"
"2025-10-01T00:00:00.000","Delays (Policyholder Service); Refund Of Premium","3"
"2015-11-01T00:00:00.000","Delays (Claims Handling); Refund Of Premium; Unsatisfactory Settle/Offer","1"
"2025-09-01T00:00:00.000","Cust Srvc Policy Holder Srvcs","8"
"2017-09-01T00:00:00.000","Not Within TDI Jurisdiction","4"
"2016-07-01T00:00:00.000","Assignment of Benefits","1"
"2026-01-01T00:00:00.000","Cust Service Claim Handling; Unauthorized Acts","1"
"2022-06-01T00:00:00.000","Denial Of Claim","23"
"2022-03-01T00:00:00.000","Denial Of Claim","30"
"2014-06-01T00:00:00.000","Delays (Claims Handling)","10"
"2017-01-01T00:00:00.000","Misrepresentation","2"
"2024-11-01T00:00:00.000","Cancellation; Cust Srvc Policy Holder Srvcs; Refund Of Premium","2"
"2021-04-01T00:00:00.000","Premium and Rating","5"
"2025-10-01T00:00:00.000","Cust Service Claim Handling; Delays (Claims Handling); Refund Of Premium; Unsatisfactory Settle/Offer","1"
"2018-05-01T00:00:00.000","Closed-Lack Of Info Cmplainant; Cust Service Claim Handling; Delays (Claims Handling); Unsatisfactory Settle/Offer","1"
"2013-01-01T00:00:00.000","Cust Service Claim Handling","7"
"2014-10-01T00:00:00.000","Cancellation; Notice Requirements","1"
"2016-10-01T00:00:00.000","Contract Disputes","1"
"2022-07-01T00:00:00.000","Misrepresentation; Premium and Rating","1"
"2015-09-01T00:00:00.000","Delays (Claims Handling); Denial Of Claim; Unsatisfactory Settle/Offer","2"
"2014-10-01T00:00:00.000","Delays (Claims Handling)","10"
"2026-02-01T00:00:00.000","Cust Srvc Policy Holder Srvcs; Refund Of Premium","7"
"2013-10-01T00:00:00.000","Not Within TDI Jurisdiction","1"
"2021-07-01T00:00:00.000","Delays (Policyholder Service); Other; Refund Of Premium","1"
"2019-01-01T00:00:00.000","Cancellation; Delays (Policyholder Service); Refund Of Premium","5"
"2023-08-01T00:00:00.000","Use Of Clue Reports","1"
"2014-06-01T00:00:00.000","Conversion","2"
"2013-09-01T00:00:00.000","Cancellation; Delays (Underwriting)","1"
"2020-07-01T00:00:00.000","Misrepresentation; Unauthorized Acts","4"
"2014-08-01T00:00:00.000","Delays (Policyholder Service)","2"
"2015-01-01T00:00:00.000","Cancellation; Premium and Rating","1"
"2018-07-01T00:00:00.000","Cust Service Claim Handling; Denial Of Claim","3"
"2017-05-01T00:00:00.000","Cust Service Claim Handling; Delays (Claims Handling); Denial Of Claim","2"
"2025-05-01T00:00:00.000","Delays (Claims Handling)","19"
"2013-08-01T00:00:00.000","Cust Service Claim Handling; Delays (Claims Handling); Unsatisfactory Settle/Offer","5"
"2026-05-01T00:00:00.000","Cust Service Claim Handling","8"
"2024-09-01T00:00:00.000","Denial Of Claim; Non-Renewal","1"
"2017-02-01T00:00:00.000","Denial Of Claim","24"
"2015-08-01T00:00:00.000","Delays (Policyholder Service)","4"
"2023-07-01T00:00:00.000","Use Of Clue Reports","1"
"2024-08-01T00:00:00.000","Cust Service Claim Handling; Unauthorized Acts","2"
"2017-08-01T00:00:00.000","Cust Service Claim Handling; Delays (Claims Handling); Unsatisfactory Settle/Offer","24"
"2014-06-01T00:00:00.000","Misleading Advertising","1"
"2015-12-01T00:00:00.000","Increased Dwelling Coverage; Refund Of Premium","1"
"2016-04-01T00:00:00.000","Cust Service Claim Handling; Increased Dwelling Coverage; Premium and Rating; Refund Of Premium; Unsatisfactory Settle/Offer","1"
"2013-09-01T00:00:00.000","Endorsement / Rider","2"
"2015-08-01T00:00:00.000","Delays (Claims Handling); Delays (Policyholder Service)","1"
"2014-08-01T00:00:00.000","Delays (Underwriting)","2"
"2022-07-01T00:00:00.000","Cust Service Claim Handling; Unsatisfactory Settle/Offer","9"
"2024-05-01T00:00:00.000","Cust Service Claim Handling","7"
"2016-06-01T00:00:00.000","Cancellation; Denial Of Claim","1"
"2023-03-01T00:00:00.000","Denial Of Claim","24"
"2025-06-01T00:00:00.000","Cust Service Claim Handling; Premium and Rating","1"
"2014-04-01T00:00:00.000","Increased Dwelling Coverage; Premium and Rating; Refund Of Premium","1"
"2025-06-01T00:00:00.000","Cancellation; Delays (Policyholder Service)","1"
"2026-01-01T00:00:00.000","Cust Service Claim Handling; Cust Srvc Policy Holder Srvcs; Premium and Rating; Unsatisfactory Settle/Offer","1"
"2012-08-01T00:00:00.000","Cancellation; Refund Of Premium","4"
"2020-04-01T00:00:00.000","Premium and Rating; Refund Of Premium","1"
"2014-03-01T00:00:00.000","Agent Handling","10"
"2023-11-01T00:00:00.000","Cust Service Claim Handling; Delays (Claims Handling); Denial Of Claim","2"
"2024-05-01T00:00:00.000","Cancellation; Cust Srvc Policy Holder Srvcs; Delays (Policyholder Service); Premium Notice; Premium and Rating","1"
"2023-03-01T00:00:00.000","Cancellation; Non-Renewal; Refund Of Premium","1"
"2013-02-01T00:00:00.000","Cancellation; Unfair Discrimination","2"
"2022-02-01T00:00:00.000","Notice Requirements","1"
"2025-12-01T00:00:00.000","Cancellation; Cust Srvc Policy Holder Srvcs; Delays (Policyholder Service); Premium Notice","1"
"2019-09-01T00:00:00.000","Cancellation; Premium Notice; Refund Of Premium","1"
"2020-01-01T00:00:00.000","Unsatisfactory Settle/Offer","13"
"2012-06-01T00:00:00.000","Cancellation; Delays (Claims Handling); Denial Of Claim","1"
"2024-10-01T00:00:00.000","Cust Service Claim Handling; Cust Srvc Policy Holder Srvcs; Delays (Claims Handling); Unsatisfactory Settle/Offer","1"
"2022-10-01T00:00:00.000","Cancellation; Non-Renewal; Premium and Rating","1"
"2015-12-01T00:00:00.000","Refund Of Premium","3"
"2021-11-01T00:00:00.000","Endorsement / Rider","1"
"2020-10-01T00:00:00.000","Cancellation; Denial Of Claim","1"
"2016-08-01T00:00:00.000","Cust Service Claim Handling; Delays (Claims Handling); Unsatisfactory Settle/Offer","26"
"2012-09-01T00:00:00.000","Unsatisfactory Settle/Offer","28"
"2015-09-01T00:00:00.000","Unsatisfactory Settle/Offer","10"
"2024-01-01T00:00:00.000","Delays (Policyholder Service); Refund Of Premium","9"
"2022-12-01T00:00:00.000","Cancellation; Denial Of Claim; Endorsement / Rider; Unsatisfactory Settle/Offer","1"
"2015-06-01T00:00:00.000","Agent Handling; Delays (Policyholder Service); Misrepresentation; Non-Disclosure Of Coverage; Other; Refund Of Premium","1"
"2013-07-01T00:00:00.000","Non-Disclosure Of Coverage","2"
"2017-12-01T00:00:00.000","Delays (Claims Handling)","11"
"2024-09-01T00:00:00.000","Cust Service Claim Handling; Unfair Discrim-Clms Handling; Unsatisfactory Settle/Offer","1"
"2023-02-01T00:00:00.000","Delays (Underwriting); Premium and Rating","1"
"2012-12-01T00:00:00.000","Delays (Claims Handling)","15"
"2021-11-01T00:00:00.000","Cust Service Claim Handling; Misrepresentation","1"
"2014-07-01T00:00:00.000","Not Within TDI Jurisdiction","1"
"2022-09-01T00:00:00.000","Delays (Policyholder Service); Premium and Rating","2"
"2025-02-01T00:00:00.000","Cust Service Claim Handling; Premium and Rating; Unsatisfactory Settle/Offer","1"
"2016-06-01T00:00:00.000","Unauthorized Acts","6"
"2020-03-01T00:00:00.000","Premium and Rating","8"
"2015-10-01T00:00:00.000","Agent Handling; Delays (Policyholder Service)","1"
"2017-10-01T00:00:00.000","Delays (Claims Handling); Non-Renewal","1"
"2026-05-01T00:00:00.000","Cust Service Claim Handling; Delays (Claims Handling); Endorsement / Rider; Unsatisfactory Settle/Offer","5"
"2021-08-01T00:00:00.000","Unsatisfactory Settle/Offer","71"
"2024-07-01T00:00:00.000","Delays (Claims Handling)","14"
"2013-06-01T00:00:00.000","Agent Handling; Premium Notice","1"
"2020-06-01T00:00:00.000","Premium and Rating","5"
"2024-06-01T00:00:00.000","Delays (Claims Handling); Denial Of Claim","4"
"2023-05-01T00:00:00.000","Unauthorized Acts","4"
"2024-02-01T00:00:00.000","Non-Renewal; Premium and Rating","2"
"2018-07-01T00:00:00.000","Agent Handling; Cancellation; Delays (Policyholder Service); Refund Of Premium","1"
"2013-10-01T00:00:00.000","Refund Of Premium","7"
"2017-05-01T00:00:00.000","Assignment of Benefits","1"
"2024-03-01T00:00:00.000","Cancellation; Cust Service Claim Handling; Delays (Claims Handling); Denial Of Claim","1"
"2015-05-01T00:00:00.000","Agent Handling; Cancellation; Delays (Underwriting); Refusal to Insure","1"
"2020-04-01T00:00:00.000","Delays (Underwriting); Refund Of Premium","1"
"2016-01-01T00:00:00.000","Premium and Rating","9"
"2015-11-01T00:00:00.000","Non-Disclosure Of Coverage","1"
"2024-02-01T00:00:00.000","Cancellation; Delays (Policyholder Service); Refund Of Premium","1"
"2025-11-01T00:00:00.000","Cust Srvc Policy Holder Srvcs; Misrepresentation","1"
"2025-12-01T00:00:00.000","Delays (Claims Handling); Denial Of Claim; Unsatisfactory Settle/Offer","2"
"2020-03-01T00:00:00.000","Misrepresentation; Premium Notice","1"
"2020-10-01T00:00:00.000","Cancellation; Non-Renewal","1"
"2020-03-01T00:00:00.000","Cust Service Claim Handling","3"
"2024-09-01T00:00:00.000","Cust Service Claim Handling; Delays (Claims Handling); Unsatisfactory Settle/Offer","129"
"2017-06-01T00:00:00.000","Denial Of Claim; Endorsement / Rider","1"
"2024-07-01T00:00:00.000","Denial Of Claim; Endorsement / Rider","1"
"2019-04-01T00:00:00.000","Agent Handling; Endorsement / Rider; Premium and Rating","1"
"2021-02-01T00:00:00.000","Cust Service Claim Handling; Delays (Claims Handling); Unsatisfactory Settle/Offer","33"
"2018-01-01T00:00:00.000","Denial Of Claim; Unsatisfactory Settle/Offer","2"
"2016-03-01T00:00:00.000","Cancellation; Delays (Policyholder Service); Refund Of Premium","1"
"2022-11-01T00:00:00.000","Premium and Rating; Use Of Clue Reports","1"
"2024-08-01T00:00:00.000","Cust Service Claim Handling; Delays (Claims Handling); Endorsement / Rider; Unsatisfactory Settle/Offer","1"
"2021-12-01T00:00:00.000","Delays (Policyholder Service); Misrepresentation","1"
"2016-08-01T00:00:00.000","Delays (Policyholder Service); Refund Of Premium","6"
"2024-04-01T00:00:00.000","Cust Service Claim Handling; Misrepresentation; Unsatisfactory Settle/Offer","1"
"2017-10-01T00:00:00.000","Cancellation; Premium and Rating; Unsatisfactory Settle/Offer","1"
"2012-07-01T00:00:00.000","Cust Service Claim Handling; Delays (Claims Handling); Unsatisfactory Settle/Offer","5"
"2017-06-01T00:00:00.000","Non-Renewal","1"
"2013-01-01T00:00:00.000","Refusal to Insure","1"
"2016-02-01T00:00:00.000","Delays (Policyholder Service); Other; Refund Of Premium","1"
"2024-08-01T00:00:00.000","Denial Of Claim","34"
"2023-12-01T00:00:00.000","Cust Service Claim Handling; Use Of Clue Reports","1"
"2014-01-01T00:00:00.000","Agent Handling; Premium and Rating","2"
"2017-06-01T00:00:00.000","Delays (Claims Handling); Unsatisfactory Settle/Offer","7"
"2013-04-01T00:00:00.000","Excessive Rates; Increased Dwelling Coverage; Premium and Rating","1"
"2023-08-01T00:00:00.000","Cancellation; Delays (Underwriting)","1"
"2024-03-01T00:00:00.000","Cust Srvc Policy Holder Srvcs; Delays (Policyholder Service)","4"
"2016-03-01T00:00:00.000","Delays (Claims Handling); Unsatisfactory Settle/Offer","3"
"2013-05-01T00:00:00.000","Agent Handling; Unsatisfactory Settle/Offer","1"
"2014-09-01T00:00:00.000","Cust Service Claim Handling","3"
"2013-04-01T00:00:00.000","Delays (Claims Handling); Delays (Policyholder Service)","1"
"2021-05-01T00:00:00.000","Denial Of Claim; Misrepresentation","1"
"2025-10-01T00:00:00.000","Premium Notice","1"
"2021-04-01T00:00:00.000","Cust Service Claim Handling; Other","1"
"2024-12-01T00:00:00.000","Cancellation; Cust Srvc Policy Holder Srvcs; Notice Requirements; Refund Of Premium","1"
"2024-07-01T00:00:00.000","Cust Service Claim Handling; Delays (Claims Handling); Denial Of Claim; Unsatisfactory Settle/Offer","5"
"2017-02-01T00:00:00.000","Delays (Policyholder Service); Denial Of Claim","1"
"2024-03-01T00:00:00.000","Endorsement / Rider; Unsatisfactory Settle/Offer","1"
"2020-09-01T00:00:00.000","Cancellation; Premium Notice; Premium and Rating; Refund Of Premium","1"
"2021-05-01T00:00:00.000","Premium and Rating; Use Of Clue Reports","1"
"2025-12-01T00:00:00.000","Cust Service Claim Handling; Cust Srvc Policy Holder Srvcs; Delays (Claims Handling); Delays (Policyholder Service)","1"
"2025-08-01T00:00:00.000","Cancellation; Cust Srvc Policy Holder Srvcs; Delays (Underwriting); Non-Renewal","2"
"2023-09-01T00:00:00.000","Cancellation","11"
"2021-02-01T00:00:00.000","Cust Service Claim Handling; Delays (Claims Handling)","43"
"2026-04-01T00:00:00.000","Other","1"
"2024-09-01T00:00:00.000","Cust Srvc Policy Holder Srvcs; Non-Renewal","1"
"2012-08-01T00:00:00.000","Non-Renewal","4"
"2012-05-01T00:00:00.000","Cust Service Claim Handling; Delays (Claims Handling); Unsatisfactory Settle/Offer","1"
"2015-05-01T00:00:00.000","Denial Of Claim; Premium and Rating","3"
"2013-11-01T00:00:00.000","Excessive Rates; Premium and Rating","2"
"2025-07-01T00:00:00.000","Cust Service Claim Handling; Delays (Claims Handling)","76"
"2018-05-01T00:00:00.000","Denial Of Claim","24"
"2014-10-01T00:00:00.000","Refund Of Premium","8"
"2021-03-01T00:00:00.000","Cancellation; Delays (Policyholder Service); Refund Of Premium","2"
"2015-02-01T00:00:00.000","Cust Service Claim Handling","1"
"2026-06-01T00:00:00.000","Cust Service Claim Handling; Endorsement / Rider; Unsatisfactory Settle/Offer","1"
"2015-12-01T00:00:00.000","Denial Of Claim; Unsatisfactory Settle/Offer","2"
"2020-11-01T00:00:00.000","Cancellation; Cust Service Claim Handling; Denial Of Claim","1"
"2016-02-01T00:00:00.000","Cancellation; Denial Of Claim","1"
"2014-10-01T00:00:00.000","Agent Handling; Non-Disclosure Of Coverage; Unsatisfactory Settle/Offer","1"
"2013-01-01T00:00:00.000","Denial Of Claim; Premium and Rating; Unsatisfactory Settle/Offer","1"
"2024-06-01T00:00:00.000","Premium Notice; Premium and Rating","1"
"2019-07-01T00:00:00.000","Notice Requirements","1"
"2018-05-01T00:00:00.000","Denial Of Claim; Usual And Customary","1"
"2015-03-01T00:00:00.000","Denial Of Claim; Non-Renewal","1"
"2019-08-01T00:00:00.000","Denial Of Claim; Unsatisfactory Settle/Offer; Usual And Customary","1"
"2014-04-01T00:00:00.000","Misrepresentation","1"
"2024-05-01T00:00:00.000","Refund Of Premium","12"
"2020-03-01T00:00:00.000","Cust Service Claim Handling; Misrepresentation; Premium and Rating; Unsatisfactory Settle/Offer","1"
"2022-10-01T00:00:00.000","Cust Service Claim Handling; Delays (Claims Handling); Denial Of Claim","5"
"2021-11-01T00:00:00.000","Delays (Claims Handling); Denial Of Claim; Unsatisfactory Settle/Offer","2"
"2021-06-01T00:00:00.000","Unsatisfactory Settle/Offer","54"
"2020-10-01T00:00:00.000","Delays (Policyholder Service); Delays In Authorization; Unsatisfactory Settle/Offer","1"
"2025-05-01T00:00:00.000","Cancellation; Cust Srvc Policy Holder Srvcs; Premium and Rating","1"
"2016-02-01T00:00:00.000","Agent Handling; Cust Service Claim Handling; Denial Of Claim","1"
"2017-05-01T00:00:00.000","Delays (Claims Handling); Unsatisfactory Settle/Offer","15"
"2024-05-01T00:00:00.000","Cust Service Claim Handling; Delays (Policyholder Service); Unsatisfactory Settle/Offer","1"
"2013-09-01T00:00:00.000","Agent Handling; Delays (Claims Handling); Unsatisfactory Settle/Offer","1"
"2025-11-01T00:00:00.000","Cust Srvc Policy Holder Srvcs; Premium and Rating","11"
"2017-06-01T00:00:00.000","Assignment of Benefits; Cust Service Claim Handling","1"
"2025-10-01T00:00:00.000","Denial Of Claim; Unsatisfactory Settle/Offer","2"
"2018-11-01T00:00:00.000","Agent Handling; Delays (Policyholder Service); Refund Of Premium","1"
"2024-07-01T00:00:00.000","Cust Service Claim Handling; Delays (Claims Handling); Unfair Discrim-Clms Handling; Unsatisfactory Settle/Offer","2"
"2023-05-01T00:00:00.000","Delays (Claims Handling); Denial Of Claim","2"
"2024-08-01T00:00:00.000","Misrepresentation; Refund Of Premium","1"
"2025-11-01T00:00:00.000","Cust Service Claim Handling; Denial Of Claim","16"
"2014-09-01T00:00:00.000","Agent Handling; Delays (Policyholder Service)","1"
"2024-12-01T00:00:00.000","Cust Service Claim Handling; Denial Of Claim","19"
"2014-08-01T00:00:00.000","Conversion","1"
"2019-06-01T00:00:00.000","Delays (Policyholder Service); Refund Of Premium","1"
"2022-12-01T00:00:00.000","Cust Service Claim Handling; Unsatisfactory Settle/Offer","10"
"2020-06-01T00:00:00.000","Delays (Policyholder Service); Misrepresentation; Unauthorized Acts","1"
"2026-07-01T00:00:00.000","Other","3"
"2026-06-01T00:00:00.000","Delays (Underwriting); Premium and Rating; Refund Of Premium","1"
"2024-03-01T00:00:00.000","Denial Of Claim","25"
"2020-05-01T00:00:00.000","Unauthorized Acts","1"
"2016-11-01T00:00:00.000","Unfair Discrim-Clms Handling; Unsatisfactory Settle/Offer","1"
"2016-08-01T00:00:00.000","Cust Service Claim Handling; Denial Of Claim","2"
"2014-01-01T00:00:00.000","Excessive Rates; Premium and Rating; Use of Credit Reports","1"
"2023-06-01T00:00:00.000","Other","2"
"2024-12-01T00:00:00.000","Denial Of Claim; Endorsement / Rider; Refund Of Premium","1"
"2021-01-01T00:00:00.000","Conversion; Misrepresentation; Refund Of Premium","1"
"2015-11-01T00:00:00.000","Cust Service Claim Handling; Denial Of Claim","5"
"2013-01-01T00:00:00.000","Agent Handling; Conversion","2"
"2014-11-01T00:00:00.000","Delays (Policyholder Service); Other","2"
"2020-04-01T00:00:00.000","Assignment of Benefits; Cust Service Claim Handling; Delays (Claims Handling)","1"
"2017-08-01T00:00:00.000","Non-Renewal","4"
"2021-10-01T00:00:00.000","Conversion","1"
"2018-05-01T00:00:00.000","Cust Service Claim Handling","2"
"2013-05-01T00:00:00.000","Cust Service Claim Handling; Delays (Claims Handling); Liability Dispute","1"
"2024-10-01T00:00:00.000","Cust Service Claim Handling; Denial Of Claim","22"
"2022-01-01T00:00:00.000","Cust Service Claim Handling; Delays (Policyholder Service)","2"
"2015-09-01T00:00:00.000","Cust Service Claim Handling; Delays (Claims Handling); Unsatisfactory Settle/Offer","5"
"2023-01-01T00:00:00.000","Cancellation; Premium and Rating; Unsatisfactory Settle/Offer","1"
"2019-01-01T00:00:00.000","Agent Handling; Cancellation; Refund Of Premium","1"
"2018-08-01T00:00:00.000","Cancellation","1"
"2013-07-01T00:00:00.000","Agent Handling","17"
"2024-10-01T00:00:00.000","Cust Srvc Policy Holder Srvcs","11"
"2019-03-01T00:00:00.000","Denial Of Claim; Non-Renewal","1"
"2014-12-01T00:00:00.000","Non-Renewal","1"
"2017-11-01T00:00:00.000","Not Within TDI Jurisdiction","4"
"2012-12-01T00:00:00.000","Disaster; Unsatisfactory Settle/Offer","1"
"2017-05-01T00:00:00.000","Premium and Rating","4"
"2023-02-01T00:00:00.000","Delays (Policyholder Service); Unauthorized Acts","1"
"2021-07-01T00:00:00.000","Denial Of Claim","38"
"2019-09-01T00:00:00.000","Delays (Claims Handling); Denial Of Claim","1"
"2014-12-01T00:00:00.000","Unauthorized Acts","1"
"2014-08-01T00:00:00.000","Premium and Rating; Use Of Clue Reports","1"
"2023-02-01T00:00:00.000","Cancellation; Premium and Rating","1"
"2026-04-01T00:00:00.000","Cust Service Claim Handling; Unfair Discrim-Clms Handling; Unsatisfactory Settle/Offer","1"
"2023-04-01T00:00:00.000","Cust Service Claim Handling; Delays (Claims Handling)","33"
"2019-07-01T00:00:00.000","Denial Of Claim; Unsatisfactory Settle/Offer","1"
"2024-02-01T00:00:00.000","Cust Service Claim Handling; Delays (Claims Handling); Endorsement / Rider; Unsatisfactory Settle/Offer","1"
"2023-01-01T00:00:00.000","Cancellation; Delays (Claims Handling); Delays (Policyholder Service)","1"
"2015-01-01T00:00:00.000","Cancellation; Denial Of Claim; Refund Of Premium","1"
"2023-03-01T00:00:00.000","Cust Service Claim Handling; Delays (Policyholder Service); Denial Of Claim; Endorsement / Rider; Unsatisfactory Settle/Offer","1"
"2024-05-01T00:00:00.000","Cancellation; Cust Srvc Policy Holder Srvcs","2"
"2019-04-01T00:00:00.000","Delays (Policyholder Service); Denial Of Claim","1"
"2016-05-01T00:00:00.000","Delays (Underwriting); Unsatisfactory Settle/Offer","1"
"2017-06-01T00:00:00.000","Delays (Policyholder Service); Premium and Rating; Refund Of Premium","1"
"2012-07-01T00:00:00.000","Unauthorized Acts","5"
"2019-12-01T00:00:00.000","Delays (Claims Handling); Denial Of Claim","1"
"2019-08-01T00:00:00.000","Cancellation","1"
"2023-03-01T00:00:00.000","Commissions","2"
"2020-06-01T00:00:00.000","Misrepresentation","7"
"2014-06-01T00:00:00.000","Cust Service Claim Handling; Delays (Claims Handling); Denial Of Claim; Premium and Rating","1"
"2023-08-01T00:00:00.000","Unsatisfactory Settle/Offer","79"
"2020-07-01T00:00:00.000","Assignment of Benefits; Cust Service Claim Handling; Delays (Claims Handling); Unsatisfactory Settle/Offer","2"
"2012-07-01T00:00:00.000","Agent Handling; Unsatisfactory Settle/Offer","1"
"2023-04-01T00:00:00.000","Endorsement / Rider; Unsatisfactory Settle/Offer","1"
"2022-02-01T00:00:00.000","Delays (Claims Handling); Unsatisfactory Settle/Offer","21"
"2013-09-01T00:00:00.000","Cust Service Claim Handling; Unsatisfactory Settle/Offer","2"
"2013-04-01T00:00:00.000","Cust Service Claim Handling; Delays (Claims Handling); Unsatisfactory Settle/Offer","1"
"2012-07-01T00:00:00.000","Delays (Claims Handling); Denial Of Claim","4"
"2025-12-01T00:00:00.000","Cancellation; Refund Of Premium","2"
"2015-12-01T00:00:00.000","Cancellation; Delays (Policyholder Service); Refund Of Premium","1"
"2016-06-01T00:00:00.000","Premium and Rating; Refund Of Premium","1"
"2023-05-01T00:00:00.000","Denial Of Claim; Refusal to Insure","1"
"2016-08-01T00:00:00.000","Use Of Clue Reports","1"
"2026-07-01T00:00:00.000","Premium Notice; Use of Credit Reports","1"
"2026-03-01T00:00:00.000","Cancellation; Delays (Claims Handling); Unsatisfactory Settle/Offer; Use Of Clue Reports","1"
"2020-05-01T00:00:00.000","Delays (Policyholder Service); Misrepresentation","1"
"2026-03-01T00:00:00.000","Non-Renewal","1"
"2019-03-01T00:00:00.000","Notice Requirements","1"
"2023-09-01T00:00:00.000","Cust Service Claim Handling; Denial Of Claim","9"
"2019-03-01T00:00:00.000","Delays (Policyholder Service); Denial Of Claim; Other; Premium and Rating","1"
"2021-12-01T00:00:00.000","Premium and Rating; Refusal to Insure","1"
"2024-07-01T00:00:00.000","Misleading Advertising","2"
"2025-07-01T00:00:00.000","Cust Service Claim Handling; Unsatisfactory Settle/Offer","48"
"2024-10-01T00:00:00.000","Cust Service Claim Handling; Cust Srvc Policy Holder Srvcs; Delays (Policyholder Service); Unsatisfactory Settle/Offer","1"
"2019-07-01T00:00:00.000","Claimant Fraud; Cust Service Claim Handling","1"
"2019-10-01T00:00:00.000","Cust Service Claim Handling; Endorsement / Rider; Unsatisfactory Settle/Offer","1"
"2017-10-01T00:00:00.000","Cancellation; Delays (Policyholder Service); Notice Requirements; Other; Premium Notice","1"
"2017-07-01T00:00:00.000","Premium Notice","1"
"2013-04-01T00:00:00.000","Delays (Claims Handling); Denial Of Claim; Unsatisfactory Settle/Offer","1"
"2024-09-01T00:00:00.000","Cust Service Claim Handling; Cust Srvc Policy Holder Srvcs; Delays (Claims Handling); Delays (Policyholder Service); Unsatisfactory Settle/Offer","1"
"2025-05-01T00:00:00.000","Delays (Policyholder Service); Refund Of Premium","2"
"2022-03-01T00:00:00.000","Delays (Policyholder Service)","3"
"2015-09-01T00:00:00.000","Premium and Rating; Unfair Discrimination","1"
"2015-04-01T00:00:00.000","Endorsement / Rider; Premium and Rating","1"
"2015-07-01T00:00:00.000","Cust Service Claim Handling; Delays (Claims Handling); Denial Of Claim","7"
"2025-04-01T00:00:00.000","Cancellation","8"
"2018-05-01T00:00:00.000","Cust Service Claim Handling; Unauthorized Acts","1"
"2026-04-01T00:00:00.000","Cust Srvc Policy Holder Srvcs; Endorsement / Rider","1"
"2024-04-01T00:00:00.000","Premium Notice","1"
"2017-05-01T00:00:00.000","Premium and Rating; Unsatisfactory Settle/Offer","1"
"2021-05-01T00:00:00.000","Cust Service Claim Handling; Delays (Claims Handling); Denial Of Claim; Unsatisfactory Settle/Offer","4"
"2021-03-01T00:00:00.000","Cust Service Claim Handling; Delays (Claims Handling); Denial Of Claim; Unsatisfactory Settle/Offer","2"
"2016-10-01T00:00:00.000","Non-Renewal; Refund Of Premium; Unsatisfactory Settle/Offer","1"
"2018-05-01T00:00:00.000","Cust Service Claim Handling; Denial Of Claim","2"
"2024-04-01T00:00:00.000","Cancellation; Delays (Underwriting)","1"
"2015-07-01T00:00:00.000","Delays (Policyholder Service); Other","1"
"2022-02-01T00:00:00.000","Other; Unsatisfactory Settle/Offer","1"
"2023-12-01T00:00:00.000","Delays (Policyholder Service); Premium and Rating; Refund Of Premium","1"
"2016-07-01T00:00:00.000","Delays (Claims Handling); Denial Of Claim; Unsatisfactory Settle/Offer","1"
"2024-05-01T00:00:00.000","Cust Srvc Policy Holder Srvcs; Premium and Rating; Use Of Clue Reports","1"
"2025-06-01T00:00:00.000","Delays (Claims Handling); Denial Of Claim; Unsatisfactory Settle/Offer","1"
"2023-10-01T00:00:00.000","Cancellation; Cust Service Claim Handling; Denial Of Claim","1"
"2013-11-01T00:00:00.000","Delays (Policyholder Service); Premium and Rating","1"
"2018-11-01T00:00:00.000","Delays (Policyholder Service); Non-Renewal","1"
"2020-03-01T00:00:00.000","Endorsement / Rider","1"
"2024-06-01T00:00:00.000","Cust Service Claim Handling; Delays (Claims Handling); Non-Renewal","1"
"2024-09-01T00:00:00.000","Cust Service Claim Handling; Denial Of Claim","18"
"2014-06-01T00:00:00.000","Premium and Rating; Refund Of Premium","1"
"2013-10-01T00:00:00.000","Denial Of Claim; Unsatisfactory Settle/Offer","3"
"2019-05-01T00:00:00.000","Misrepresentation","2"
"2016-04-01T00:00:00.000","Denial Of Claim; Liability Dispute","1"
"2016-01-01T00:00:00.000","Delays (Policyholder Service); Refund Of Premium; Unsatisfactory Settle/Offer","1"
"2016-03-01T00:00:00.000","Refund Of Premium","1"
"2018-03-01T00:00:00.000","Use of Credit Reports","1"
"2012-08-01T00:00:00.000","Claimant Fraud","1"
"2019-01-01T00:00:00.000","Cust Service Claim Handling; Delays (Claims Handling)","9"
"2026-07-01T00:00:00.000","Cust Srvc Policy Holder Srvcs; Misrepresentation","4"
"2024-07-01T00:00:00.000","Cancellation; Refusal to Insure","1"
"2013-05-01T00:00:00.000","Delays (Policyholder Service); Premium and Rating","1"
"2025-12-01T00:00:00.000","Cust Service Claim Handling; Unsatisfactory Settle/Offer; Use Of Clue Reports","1"
"2023-12-01T00:00:00.000","Delays (Claims Handling); Denial Of Claim","2"
"2018-02-01T00:00:00.000","Cancellation; Delays (Policyholder Service); Refund Of Premium","1"
"2024-08-01T00:00:00.000","Cancellation; Cust Srvc Policy Holder Srvcs; Delays (Policyholder Service)","1"
"2016-12-01T00:00:00.000","Delays (Claims Handling); Unsatisfactory Settle/Offer; Usual And Customary","1"
"2016-04-01T00:00:00.000","Delays (Claims Handling); Delays (Underwriting); Denial Of Claim; Premium and Rating","1"
"2021-06-01T00:00:00.000","Cust Service Claim Handling; Denial Of Claim","12"
"2020-04-01T00:00:00.000","Denial Of Claim; Post-Claim Underwriting; Premium and Rating","1"
"2025-08-01T00:00:00.000","Cancellation; Cust Srvc Policy Holder Srvcs; Delays (Policyholder Service); Delays (Underwriting)","1"
"2023-05-01T00:00:00.000","Denial Of Claim; Liability Dispute","1"
"2021-01-01T00:00:00.000","Unauthorized Acts","2"
"2023-02-01T00:00:00.000","Delays (Policyholder Service); Premium and Rating; Refund Of Premium","1"
"2026-03-01T00:00:00.000","Cust Service Claim Handling; Delays (Claims Handling); Unsatisfactory Settle/Offer","57"
"2016-02-01T00:00:00.000","Cust Service Claim Handling; Unsatisfactory Settle/Offer","6"
"2015-09-01T00:00:00.000","Agent Handling; Unsatisfactory Settle/Offer","1"
"2019-11-01T00:00:00.000","Cust Service Claim Handling; Denial Of Claim","5"
"2022-03-01T00:00:00.000","Misrepresentation; Other","1"
"2013-02-01T00:00:00.000","Agent Handling; Conversion","1"
"2017-12-01T00:00:00.000","Delays (Claims Handling); Unsatisfactory Settle/Offer","13"
"2022-03-01T00:00:00.000","Delays (Claims Handling); Denial Of Claim","3"
"2018-04-01T00:00:00.000","Cancellation; Premium Notice","1"
"2023-07-01T00:00:00.000","Denial Of Claim; Unsatisfactory Settle/Offer","2"
"2023-02-01T00:00:00.000","Unauthorized Acts","4"
"2021-02-01T00:00:00.000","Delays (Claims Handling)","6"
"2025-05-01T00:00:00.000","Cust Service Claim Handling; Denial Of Claim; Unsatisfactory Settle/Offer","4"
"2025-06-01T00:00:00.000","Cust Service Claim Handling; Delays (Claims Handling); Unauthorized Acts","2"
"2016-09-01T00:00:00.000","Endorsement / Rider; Premium and Rating","1"
"2020-08-01T00:00:00.000","Cust Service Claim Handling; Unsatisfactory Settle/Offer","5"
"2025-08-01T00:00:00.000","Cust Service Claim Handling; Cust Srvc Policy Holder Srvcs; Premium and Rating","1"
"2024-07-01T00:00:00.000","Cust Service Claim Handling; Endorsement / Rider; Unsatisfactory Settle/Offer","1"
"2017-09-01T00:00:00.000","Agent Handling; Refund Of Premium","2"
"2023-11-01T00:00:00.000","Delays (Policyholder Service); Premium and Rating","1"
"2015-10-01T00:00:00.000","Cancellation; Refund Of Premium","3"
"2022-03-01T00:00:00.000","Cust Service Claim Handling; Delays (Claims Handling); Delays (Policyholder Service); Denial Of Claim","1"
"2023-04-01T00:00:00.000","Premium and Rating","12"
"2015-02-01T00:00:00.000","Cancellation; Delays (Policyholder Service); Premium and Rating","1"
"2020-06-01T00:00:00.000","Cust Service Claim Handling; Delays (Claims Handling); Delays (Underwriting); Denial Of Claim","1"
"2021-08-01T00:00:00.000","Denial Of Claim; Use Of Clue Reports","1"
"2014-08-01T00:00:00.000","Cancellation; Premium and Rating","1"
"2025-03-01T00:00:00.000","Unauthorized Acts","2"
"2020-09-01T00:00:00.000","Delays (Policyholder Service); Misrepresentation","1"
"2025-07-01T00:00:00.000","Cust Service Claim Handling; Delays (Claims Handling); Denial Of Claim","12"
"2022-02-01T00:00:00.000","Premium Notice; Premium and Rating","1"
"2016-11-01T00:00:00.000","Agent Handling; Delays (Policyholder Service); Notice Requirements; Premium Notice","1"
"2024-01-01T00:00:00.000","Cust Service Claim Handling; Delays (Claims Handling); Denial Of Claim","2"
"2012-07-01T00:00:00.000","Cust Service Claim Handling; Delays (Claims Handling)","5"
"2019-10-01T00:00:00.000","Cancellation; Cust Service Claim Handling; Delays (Policyholder Service); Denial Of Claim; Notice Requirements","1"
"2026-02-01T00:00:00.000","Cust Service Claim Handling; Denial Of Claim; Unsatisfactory Settle/Offer","1"
"2021-06-01T00:00:00.000","Delays (Claims Handling)","52"
"2023-01-01T00:00:00.000","Delays (Policyholder Service); Premium and Rating; Refund Of Premium","1"
"2015-04-01T00:00:00.000","Cancellation; Delays (Policyholder Service)","1"
"2014-11-01T00:00:00.000","Unsatisfactory Settle/Offer","21"
"2015-02-01T00:00:00.000","Agent Handling","8"
"2016-11-01T00:00:00.000","Agent Handling; Conversion","1"
"2022-06-01T00:00:00.000","Misrepresentation","6"
"2020-12-01T00:00:00.000","Cust Service Claim Handling; Delays (Claims Handling); Premium and Rating","1"
"2023-06-01T00:00:00.000","Delays (Claims Handling); Denial Of Claim","5"
"2023-07-01T00:00:00.000","Unsatisfactory Settle/Offer","84"
"2025-02-01T00:00:00.000","Cancellation; Denial Of Claim","1"
"2024-09-01T00:00:00.000","Premium Notice; Premium and Rating","1"
"2024-10-01T00:00:00.000","Cust Srvc Policy Holder Srvcs; Non-Renewal","1"
"2019-02-01T00:00:00.000","Cust Service Claim Handling; Unsatisfactory Settle/Offer","9"
"2018-02-01T00:00:00.000","Agent Handling","8"
"2015-11-01T00:00:00.000","Cust Service Claim Handling; Refund Of Premium","1"
"2017-05-01T00:00:00.000","Agent Handling; Misrepresentation; Notice Requirements","1"
"2019-07-01T00:00:00.000","Premium Notice","1"
"2025-01-01T00:00:00.000","Cancellation; Cust Srvc Policy Holder Srvcs; Delays (Policyholder Service); Premium and Rating","1"
"2015-12-01T00:00:00.000","Cust Service Claim Handling; Unsatisfactory Settle/Offer","2"
"2022-03-01T00:00:00.000","Cancellation; Refund Of Premium","1"
"2026-06-01T00:00:00.000","Cust Service Claim Handling; Delays (Underwriting); Unsatisfactory Settle/Offer","1"
"2016-11-01T00:00:00.000","Agent Handling","7"
"2024-12-01T00:00:00.000","Non-Renewal","6"
"2018-07-01T00:00:00.000","Notice Requirements","2"
"2024-12-01T00:00:00.000","Cust Service Claim Handling; Liability Dispute; Premium and Rating; Use Of Clue Reports","1"
"2025-01-01T00:00:00.000","Use Of Clue Reports","2"
"2014-04-01T00:00:00.000","Unsatisfactory Settle/Offer","22"
"2020-03-01T00:00:00.000","Cust Service Claim Handling; Unsatisfactory Settle/Offer","6"
"2013-05-01T00:00:00.000","Refusal to Insure","4"
"2022-03-01T00:00:00.000","Cust Service Claim Handling; Denial Of Claim; Unsatisfactory Settle/Offer","3"
"2016-02-01T00:00:00.000","Cancellation; Premium and Rating; Refund Of Premium","1"
"2014-10-01T00:00:00.000","Improper Inducements","1"
"2021-06-01T00:00:00.000","Cust Service Claim Handling","10"
"2017-08-01T00:00:00.000","Agent Handling; Conversion; Refund Of Premium","1"
"2020-05-01T00:00:00.000","Cust Service Claim Handling; Delays (Claims Handling); Denial Of Claim","4"
"2018-03-01T00:00:00.000","Cust Service Claim Handling; Delays (Claims Handling); Denial Of Claim; Unfair Discrim-Clms Handling","1"
"2022-02-01T00:00:00.000","Cust Service Claim Handling; Delays (Claims Handling)","21"
"2024-07-01T00:00:00.000","Cancellation; Cust Service Claim Handling","2"
"2015-05-01T00:00:00.000","Delays (Policyholder Service)","8"
"2016-08-01T00:00:00.000","Agent Handling; Delays (Policyholder Service)","1"
"2019-04-01T00:00:00.000","Delays (Policyholder Service); Delays In Authorization","1"
"2017-03-01T00:00:00.000","Endorsement / Rider; Premium and Rating; Refund Of Premium","1"
"2023-02-01T00:00:00.000","Cust Service Claim Handling; Delays (Claims Handling); Denial Of Claim; Non-Renewal","1"
"2026-03-01T00:00:00.000","Delays (Policyholder Service); Premium and Rating; Refund Of Premium","1"
"2016-09-01T00:00:00.000","Delays (Claims Handling); Liability Dispute","1"
"2013-10-01T00:00:00.000","Delays (Policyholder Service)","3"
"2019-02-01T00:00:00.000","Premium Notice; Premium and Rating","1"
"2024-06-01T00:00:00.000","Premium and Rating","21"
"2026-05-01T00:00:00.000","Cancellation; Cust Srvc Policy Holder Srvcs; Delays (Underwriting)","1"
"2024-11-01T00:00:00.000","Cust Srvc Policy Holder Srvcs; Delays (Policyholder Service); Non-Renewal","2"
"2019-08-01T00:00:00.000","Other; Premium Notice","2"
"2017-06-01T00:00:00.000","Cancellation; Delays (Policyholder Service); Delays (Underwriting); Refund Of Premium","1"
"2024-05-01T00:00:00.000","Denial Of Claim; Other; Policy Exclusion","2"
"2025-03-01T00:00:00.000","Denial Of Claim","8"
"2023-02-01T00:00:00.000","Premium Notice; Premium and Rating","1"
"2022-06-01T00:00:00.000","Cust Service Claim Handling; Delays (Claims Handling); Denial Of Claim; Unsatisfactory Settle/Offer","1"
"2024-07-01T00:00:00.000","Cust Service Claim Handling; Unsatisfactory Settle/Offer","48"
"2025-05-01T00:00:00.000","Cust Service Claim Handling; Premium and Rating; Use Of Clue Reports","1"
"2014-07-01T00:00:00.000","Endorsement / Rider; Unsatisfactory Settle/Offer","1"
"2019-05-01T00:00:00.000","Denial Of Claim; Misleading Advertising","1"
"2024-09-01T00:00:00.000","Cancellation","3"
"2026-02-01T00:00:00.000","Delays (Claims Handling); Denial Of Claim","4"
"2021-02-01T00:00:00.000","Cancellation; Cust Service Claim Handling; Delays (Claims Handling); Unsatisfactory Settle/Offer","1"
"2016-05-01T00:00:00.000","Premium Notice; Premium and Rating; Refund Of Premium","1"
"2024-03-01T00:00:00.000","Cust Service Claim Handling; Delays (Claims Handling); Refund Of Premium; Unsatisfactory Settle/Offer","1"
"2026-03-01T00:00:00.000","Unauthorized Acts; Use Of Clue Reports","1"
"2019-07-01T00:00:00.000","Cancellation; Delays (Claims Handling)","1"
"2014-10-01T00:00:00.000","Cancellation; Delays (Policyholder Service); Delays (Underwriting); Refund Of Premium","2"
"2018-09-01T00:00:00.000","Cust Service Claim Handling; Delays (Claims Handling); Unsatisfactory Settle/Offer","7"
"2026-03-01T00:00:00.000","Misrepresentation; Unauthorized Acts","1"
"2012-12-01T00:00:00.000","Premium and Rating; Use of Credit Reports","1"
"2021-06-01T00:00:00.000","Cancellation; Refund Of Premium","7"
"2018-02-01T00:00:00.000","Delays (Policyholder Service); Delays (Underwriting); Endorsement / Rider; Premium Notice; Premium and Rating","1"
"2014-09-01T00:00:00.000","Delays (Underwriting); Premium and Rating","2"
"2021-07-01T00:00:00.000","Premium and Rating; Use Of Clue Reports; Use of Credit Reports","1"
"2017-12-01T00:00:00.000","Cust Service Claim Handling; Delays (Claims Handling); Unsatisfactory Settle/Offer","16"
"2026-07-01T00:00:00.000","Commissions; Cust Srvc Policy Holder Srvcs; Delays (Policyholder Service); Misrepresentation; Refund Of Premium","1"
"2017-07-01T00:00:00.000","Cust Service Claim Handling; Delays (Claims Handling); Non-Renewal","1"
"2018-03-01T00:00:00.000","Cust Service Claim Handling; Delays (Claims Handling); Denial Of Claim; Unsatisfactory Settle/Offer","1"
"2025-04-01T00:00:00.000","Unauthorized Acts","3"
"2025-01-01T00:00:00.000","Cust Service Claim Handling; Delays (Policyholder Service)","1"
"2014-11-01T00:00:00.000","Denial Of Claim","19"
"2024-01-01T00:00:00.000","Cust Service Claim Handling; Endorsement / Rider; Unsatisfactory Settle/Offer","1"
"2023-08-01T00:00:00.000","Cancellation; Premium and Rating; Refund Of Premium","2"
"2013-08-01T00:00:00.000","Delays (Claims Handling); Premium and Rating","1"
"2020-09-01T00:00:00.000","Delays (Policyholder Service)","11"
"2016-01-01T00:00:00.000","Agent Handling; Increased Dwelling Coverage; Refund Of Premium","1"
"2022-12-01T00:00:00.000","Refund Of Premium","4"
"2019-11-01T00:00:00.000","Delays (Claims Handling); Unsatisfactory Settle/Offer","5"
"2018-10-01T00:00:00.000","Cust Service Claim Handling; Denial Of Claim; Unsatisfactory Settle/Offer","1"
"2023-01-01T00:00:00.000","Delays (Policyholder Service); Premium and Rating","3"
"2025-10-01T00:00:00.000","Cust Service Claim Handling; Denial Of Claim; Unsatisfactory Settle/Offer","4"
"2021-05-01T00:00:00.000","Misrepresentation; Premium and Rating; Unsatisfactory Settle/Offer","1"
"2024-08-01T00:00:00.000","Premium and Rating","27"
"2013-08-01T00:00:00.000","Other; Unauthorized Acts; Unrecorded Documents","1"
"2017-10-01T00:00:00.000","Denial Of Claim; Unsatisfactory Settle/Offer","3"
"2026-06-01T00:00:00.000","Cust Srvc Policy Holder Srvcs; Delays (Policyholder Service); Delays (Underwriting)","1"
"2013-01-01T00:00:00.000","Cancellation; Delays (Claims Handling); Denial Of Claim; Excessive Rates; Premium and Rating","1"
"2017-05-01T00:00:00.000","Cancellation; Refusal to Insure","1"
"2021-05-01T00:00:00.000","Cust Service Claim Handling; Denial Of Claim","8"
"2024-04-01T00:00:00.000","Cust Service Claim Handling; Denial Of Claim","22"
"2018-01-01T00:00:00.000","Delays (Claims Handling)","13"
"2016-02-01T00:00:00.000","Delays (Underwriting); Premium and Rating","1"
"2017-12-01T00:00:00.000","Cust Service Claim Handling; Denial Of Claim; Unsatisfactory Settle/Offer","1"
"2023-12-01T00:00:00.000","Delays (Claims Handling); Unsatisfactory Settle/Offer","20"
"2020-05-01T00:00:00.000","Use of Credit Reports","1"
"2014-03-01T00:00:00.000","Delays (Claims Handling); Unsatisfactory Settle/Offer","2"
"2017-10-01T00:00:00.000","Agent/Agency Contrct Termin; Commissions; Unauthorized Acts","1"
"2015-01-01T00:00:00.000","Other; Use Of Clue Reports","1"
"2017-09-01T00:00:00.000","Disaster; Unsatisfactory Settle/Offer","1"
"2024-05-01T00:00:00.000","Delays (Policyholder Service); Misrepresentation; Refund Of Premium","1"
"2015-07-01T00:00:00.000","Denial Of Claim; Unsatisfactory Settle/Offer","2"
"2025-08-01T00:00:00.000","Delays (Claims Handling); Unsatisfactory Settle/Offer","11"
"2025-02-01T00:00:00.000","Misleading Advertising; Other","1"
"2023-01-01T00:00:00.000","Delays (Underwriting); Premium and Rating","1"
"2012-06-01T00:00:00.000","Increased Dwelling Coverage; Premium Notice; Refund Of Premium","1"
"2016-04-01T00:00:00.000","Unsatisfactory Settle/Offer","33"
"2023-12-01T00:00:00.000","Cancellation; Premium Notice","2"
"2012-09-01T00:00:00.000","Cust Service Claim Handling; Delays (Claims Handling); Unsatisfactory Settle/Offer","6"
"2015-07-01T00:00:00.000","Other; Refund Of Premium","1"
"2023-10-01T00:00:00.000","Cust Service Claim Handling; Delays (Claims Handling); Premium and Rating; Unsatisfactory Settle/Offer","1"
"2025-06-01T00:00:00.000","Denial Of Claim; Policy Exclusion","4"
"2018-11-01T00:00:00.000","Denial Of Claim; Unsatisfactory Settle/Offer","1"
"2018-11-01T00:00:00.000","Cust Service Claim Handling; Delays (Claims Handling)","15"
"2020-11-01T00:00:00.000","Cust Service Claim Handling; Not Within TDI Jurisdiction","1"
"2017-01-01T00:00:00.000","Cust Service Claim Handling; Delays (Claims Handling); Unsatisfactory Settle/Offer","14"
"2024-01-01T00:00:00.000","Cust Service Claim Handling; Delays (Claims Handling)","65"
"2015-06-01T00:00:00.000","Cust Service Claim Handling; Delays (Claims Handling); Unsatisfactory Settle/Offer","10"
"2018-10-01T00:00:00.000","Delays (Claims Handling); Unsatisfactory Settle/Offer","3"
"2024-02-01T00:00:00.000","Cust Service Claim Handling; Unsatisfactory Settle/Offer","35"
"2024-08-01T00:00:00.000","Cust Srvc Policy Holder Srvcs; Misrepresentation","1"
"2016-04-01T00:00:00.000","Cust Service Claim Handling; Other; Unsatisfactory Settle/Offer","3"
"2012-08-01T00:00:00.000","Twisting","1"
"2022-06-01T00:00:00.000","Premium and Rating; Refund Of Premium","1"
"2014-04-01T00:00:00.000","Delays (Underwriting)","2"
"2022-10-01T00:00:00.000","Cust Service Claim Handling; Denial Of Claim; Unsatisfactory Settle/Offer","2"
"2020-06-01T00:00:00.000","Misrepresentation; Premium and Rating","1"
"2025-10-01T00:00:00.000","Cust Srvc Policy Holder Srvcs; Denial Of Claim; Misrepresentation","1"
"2018-04-01T00:00:00.000","Delays (Claims Handling); Denial Of Claim","2"
"2018-04-01T00:00:00.000","Delays (Claims Handling)","15"
"2019-05-01T00:00:00.000","Delays (Claims Handling); Unsatisfactory Settle/Offer","14"
"2018-09-01T00:00:00.000","Closed-Lack Of Info Cmplainant","1"
"2021-02-01T00:00:00.000","Cust Service Claim Handling; Unsatisfactory Settle/Offer","12"
"2013-12-01T00:00:00.000","Cancellation; Premium and Rating","1"
"2024-07-01T00:00:00.000","Delays (Claims Handling); Premium and Rating","1"
"2013-07-01T00:00:00.000","Denial Of Claim; Unsatisfactory Settle/Offer","6"
"2018-04-01T00:00:00.000","Agent Handling; Refund Of Premium","1"
"2017-02-01T00:00:00.000","Premium Notice; Premium and Rating","1"
"2017-10-01T00:00:00.000","Delays (Claims Handling); Denial Of Claim; Unsatisfactory Settle/Offer","3"
"2014-12-01T00:00:00.000","Cust Service Claim Handling; Denial Of Claim","1"
"2026-01-01T00:00:00.000","Cust Service Claim Handling; Delays (Claims Handling)","45"
"2021-10-01T00:00:00.000","Cust Service Claim Handling; Unsatisfactory Settle/Offer","9"
"2021-09-01T00:00:00.000","Cust Service Claim Handling; Delays (Claims Handling); Misrepresentation; Unsatisfactory Settle/Offer","1"
"2026-03-01T00:00:00.000","Misleading Advertising; Misrepresentation","1"
"2016-01-01T00:00:00.000","Closed-Lack Of Info Cmplainant","1"
"2016-09-01T00:00:00.000","Non-Renewal","3"
"2016-02-01T00:00:00.000","Agent Handling; Unsatisfactory Settle/Offer","1"
"2018-01-01T00:00:00.000","Not Within TDI Jurisdiction","1"
"2026-04-01T00:00:00.000","Cancellation; Continuation of Benefits; Premium and Rating","1"
"2019-09-01T00:00:00.000","Cust Service Claim Handling; Delays (Claims Handling); Unsatisfactory Settle/Offer","12"
"2015-06-01T00:00:00.000","Agent Handling","14"
"2012-06-01T00:00:00.000","Post-Claim Underwriting","1"
"2025-05-01T00:00:00.000","Cust Srvc Policy Holder Srvcs; Delays (Policyholder Service); Refund Of Premium","8"
"2017-06-01T00:00:00.000","Delays (Underwriting); Unsatisfactory Settle/Offer","1"
"2015-04-01T00:00:00.000","Cancellation; Denial Of Claim; Notice Requirements","1"
"2017-09-01T00:00:00.000","Denial Of Claim; Non-Renewal; Refund Of Premium","1"
"2026-04-01T00:00:00.000","Misrepresentation; Premium and Rating; Refund Of Premium","1"
"2012-12-01T00:00:00.000","Delays (Claims Handling); Unsatisfactory Settle/Offer","6"
"2022-06-01T00:00:00.000","Cancellation; Premium and Rating","1"
"2026-08-01T00:00:00.000","Cancellation; Refund Of Premium","2"
"2012-08-01T00:00:00.000","Delays (Policyholder Service); Refund Of Premium","3"
"2026-01-01T00:00:00.000","Cust Srvc Policy Holder Srvcs; Premium and Rating; Refund Of Premium","2"
"2026-02-01T00:00:00.000","Cust Srvc Policy Holder Srvcs; Refund Of Premium; Refusal to Insure","1"
"2014-02-01T00:00:00.000","Increased Dwelling Coverage; Premium and Rating","1"
"2015-12-01T00:00:00.000","Cancellation; Other; Refusal to Insure; Use of Credit Reports","1"
"2022-12-01T00:00:00.000","Delays (Claims Handling)","10"
"2016-10-01T00:00:00.000","Delays (Claims Handling); Non-Renewal; Unsatisfactory Settle/Offer","1"
"2018-10-01T00:00:00.000","Notice Requirements; Premium and Rating; Unsatisfactory Settle/Offer","1"
"2015-09-01T00:00:00.000","Cancellation; Delays (Policyholder Service)","2"
"2025-04-01T00:00:00.000","Premium Notice","1"
"2024-04-01T00:00:00.000","Delays (Claims Handling)","15"
"2021-01-01T00:00:00.000","Cust Service Claim Handling; Denial Of Claim; Liability Dispute","1"
"2016-05-01T00:00:00.000","Delays (Claims Handling); Non-Renewal","1"
"2018-05-01T00:00:00.000","Delays (Claims Handling); Usual And Customary","1"
"2019-11-01T00:00:00.000","Cancellation; Delays (Policyholder Service); Refund Of Premium","1"
"2023-09-01T00:00:00.000","Cancellation; Denial Of Claim","1"
"2019-09-01T00:00:00.000","Cust Service Claim Handling; Delays (Claims Handling); Denial Of Claim; Unsatisfactory Settle/Offer","1"
"2026-08-01T00:00:00.000","Cust Service Claim Handling; Denial Of Claim","16"
"2025-03-01T00:00:00.000","Premium and Rating; Use Of Clue Reports","1"
"2023-03-01T00:00:00.000","Cust Service Claim Handling; Delays (Claims Handling); Non-Renewal; Unsatisfactory Settle/Offer","1"
"2025-05-01T00:00:00.000","Cust Service Claim Handling; Delays (Claims Handling); Unsatisfactory Settle/Offer","62"
"2022-05-01T00:00:00.000","Denial Of Claim","18"
"2020-04-01T00:00:00.000","Denial Of Claim; Endorsement / Rider","1"
"2016-01-01T00:00:00.000","Delays (Policyholder Service); Refund Of Premium; Unauthorized Acts","1"
"2014-07-01T00:00:00.000","Delays (Policyholder Service); Refund Of Premium","2"
"2020-07-01T00:00:00.000","Cust Service Claim Handling; Delays (Claims Handling); Unsatisfactory Settle/Offer","38"
"2018-06-01T00:00:00.000","Agent Handling; Conversion","2"
"2021-08-01T00:00:00.000","Misrepresentation; Refund Of Premium","1"
"2026-02-01T00:00:00.000","Cust Service Claim Handling; Denial Of Claim","19"
"2023-02-01T00:00:00.000","Cust Service Claim Handling; Use Of Clue Reports","1"
"2013-02-01T00:00:00.000","Cust Service Claim Handling; Delays (Claims Handling); Unsatisfactory Settle/Offer","1"
"2026-07-01T00:00:00.000","Cust Service Claim Handling; Premium and Rating; Unsatisfactory Settle/Offer","1"
"2021-08-01T00:00:00.000","Cust Service Claim Handling; Denial Of Claim","14"
"2023-09-01T00:00:00.000","Misrepresentation; Refund Of Premium","1"
"2019-07-01T00:00:00.000","Cancellation; Delays (Policyholder Service); Refund Of Premium","1"
"2013-09-01T00:00:00.000","Delays (Claims Handling); Liability Dispute","1"
"2018-04-01T00:00:00.000","Non-Renewal","5"
"2013-12-01T00:00:00.000","Unauthorized Acts","4"
"2018-03-01T00:00:00.000","Denial Of Claim; Premium and Rating","1"
"2019-02-01T00:00:00.000","Cust Service Claim Handling; Denial Of Claim; Premium and Rating","1"
"2019-03-01T00:00:00.000","Agent Handling; Premium Notice","1"
"2025-11-01T00:00:00.000","Cust Service Claim Handling; Delays (Claims Handling); Premium and Rating","1"
"2023-07-01T00:00:00.000","Denial Of Claim; Unauthorized Acts","1"
"2021-11-01T00:00:00.000","Delays (Claims Handling); Unsatisfactory Settle/Offer","31"
"2014-11-01T00:00:00.000","Delays (Claims Handling); Non-Renewal","1"
"2019-01-01T00:00:00.000","Post-Claim Underwriting","1"
"2022-03-01T00:00:00.000","Cancellation; Cust Service Claim Handling; Denial Of Claim","1"
"2025-08-01T00:00:00.000","Cust Service Claim Handling; Delays (Claims Handling); Liability Dispute","1"
"2024-02-01T00:00:00.000","Duplication of Coverage; Refund Of Premium","1"
"2019-05-01T00:00:00.000","Cust Service Claim Handling; Delays (Claims Handling); Denial Of Claim; Unsatisfactory Settle/Offer","1"
"2014-12-01T00:00:00.000","Cust Service Claim Handling","2"
"2022-07-01T00:00:00.000","Cancellation; Unsatisfactory Settle/Offer","1"
"2020-05-01T00:00:00.000","Delays (Claims Handling); Unsatisfactory Settle/Offer","14"
"2023-09-01T00:00:00.000","Premium and Rating; Use of Credit Reports","1"
"2016-05-01T00:00:00.000","Premium and Rating; Unsatisfactory Settle/Offer","1"
"2024-11-01T00:00:00.000","Cust Srvc Policy Holder Srvcs; Misrepresentation; Unauthorized Acts","1"
"2015-10-01T00:00:00.000","Cancellation","4"
"2018-12-01T00:00:00.000","Cust Service Claim Handling; Delays (Claims Handling); Unsatisfactory Settle/Offer; Usual And Customary","1"
"2016-09-01T00:00:00.000","Refund Of Premium","2"
"2016-09-01T00:00:00.000","Cancellation; Delays (Policyholder Service)","1"
"2025-03-01T00:00:00.000","Commissions; Unauthorized Acts","2"
"2024-03-01T00:00:00.000","Endorsement / Rider","2"
"2013-11-01T00:00:00.000","Non-Renewal; Premium and Rating","1"
"2022-10-01T00:00:00.000","Premium Notice","1"
"2017-07-01T00:00:00.000","Post-Claim Underwriting; Premium and Rating","1"
"2023-07-01T00:00:00.000","Delays (Policyholder Service); Refund Of Premium","6"
"2019-01-01T00:00:00.000","Cust Service Claim Handling; Delays (Claims Handling); Disaster","1"
"2025-11-01T00:00:00.000","Cust Service Claim Handling; Delays (Claims Handling); Denial Of Claim","10"
"2024-08-01T00:00:00.000","Refund Of Premium","10"
"2014-06-01T00:00:00.000","Denial Of Claim; Liability Dispute; Premium and Rating","1"
"2025-12-01T00:00:00.000","Unauthorized Acts","1"
"2020-07-01T00:00:00.000","Cust Service Claim Handling; Delays (Claims Handling); Denial Of Claim; Unsatisfactory Settle/Offer","5"
"2019-08-01T00:00:00.000","Refund Of Premium","2"
"2013-07-01T00:00:00.000","Agent Handling; Premium and Rating","1"
"2025-05-01T00:00:00.000","Cust Srvc Policy Holder Srvcs; Endorsement / Rider; Unsatisfactory Settle/Offer","1"
"2018-11-01T00:00:00.000","Cust Service Claim Handling; Unsatisfactory Settle/Offer","11"
"2017-05-01T00:00:00.000","Delays (Claims Handling); Denial Of Claim","1"
"2019-05-01T00:00:00.000","Cancellation; Refund Of Premium","1"
"2025-04-01T00:00:00.000","Unauthorized Acts; Unsatisfactory Settle/Offer","1"
"2022-08-01T00:00:00.000","Denial Of Claim; Unsatisfactory Settle/Offer","3"
"2012-11-01T00:00:00.000","Premium and Rating","18"
"2018-09-01T00:00:00.000","Cust Service Claim Handling; Delays (Claims Handling); Denial Of Claim","2"
"2019-04-01T00:00:00.000","Cancellation; Notice Requirements","1"
"2018-05-01T00:00:00.000","Cancellation; Denial Of Claim","3"
"2024-05-01T00:00:00.000","Misrepresentation; Refund Of Premium","1"
"2018-01-01T00:00:00.000","Delays (Policyholder Service); Refund Of Premium","3"
"2026-03-01T00:00:00.000","Cust Srvc Policy Holder Srvcs","8"
"2021-11-01T00:00:00.000","Misrepresentation; Unauthorized Acts","1"
"2017-06-01T00:00:00.000","Cancellation; Notice Requirements","1"
"2024-03-01T00:00:00.000","Unsatisfactory Settle/Offer","19"
"2018-05-01T00:00:00.000","Cust Service Claim Handling; Delays (Claims Handling); Unsatisfactory Settle/Offer","14"
"2023-01-01T00:00:00.000","Delays (Policyholder Service); Misrepresentation; Refund Of Premium","1"
"2017-10-01T00:00:00.000","Increased Dwelling Coverage; Premium Notice","1"
"2026-03-01T00:00:00.000","Cust Srvc Policy Holder Srvcs; Use of Credit Reports","1"
"2017-11-01T00:00:00.000","Agent Handling","14"
"2017-10-01T00:00:00.000","Cust Service Claim Handling; Denial Of Claim; Unsatisfactory Settle/Offer","1"
"2019-05-01T00:00:00.000","Cust Service Claim Handling; Premium and Rating; Unfair Discrim-Clms Handling; Unsatisfactory Settle/Offer","1"
"2023-12-01T00:00:00.000","Cancellation; Delays (Policyholder Service); Refund Of Premium","1"
"2022-11-01T00:00:00.000","Delays (Policyholder Service)","7"
"2019-10-01T00:00:00.000","Delays (Policyholder Service); Duplication of Coverage; Refund Of Premium","1"
"2012-11-01T00:00:00.000","Excessive Rates; Premium and Rating","1"
"2015-07-01T00:00:00.000","Cancellation; Denial Of Claim; Premium and Rating","1"
"2012-11-01T00:00:00.000","Endorsement / Rider","2"
"2014-10-01T00:00:00.000","Cust Service Claim Handling; Delays (Claims Handling)","7"
"2024-10-01T00:00:00.000","Cust Srvc Policy Holder Srvcs; Premium Notice; Premium and Rating","1"
"2018-06-01T00:00:00.000","Premium Notice; Premium and Rating","2"
"2021-09-01T00:00:00.000","Cust Service Claim Handling; Delays (Claims Handling)","65"
"2014-02-01T00:00:00.000","Denial Of Claim; Unsatisfactory Settle/Offer","2"
"2015-06-01T00:00:00.000","Denial Of Claim","32"
"2023-12-01T00:00:00.000","Delays (Policyholder Service); Refund Of Premium","11"
"2018-04-01T00:00:00.000","Cancellation; Refund Of Premium","2"
"2026-05-01T00:00:00.000","Delays (Policyholder Service); Refund Of Premium","1"
"2015-05-01T00:00:00.000","Unsatisfactory Settle/Offer","11"
"2018-08-01T00:00:00.000","Cust Service Claim Handling; Delays (Claims Handling); Unsatisfactory Settle/Offer; Usual And Customary","1"
"2013-04-01T00:00:00.000","Denial Of Claim; Non-Renewal","1"
"2012-10-01T00:00:00.000","Conversion","3"
"2017-01-01T00:00:00.000","Delays (Policyholder Service); Premium and Rating","1"
"2019-09-01T00:00:00.000","Unsatisfactory Settle/Offer","11"
"2017-12-01T00:00:00.000","Unsatisfactory Settle/Offer","9"
"2021-11-01T00:00:00.000","Cust Service Claim Handling; Denial Of Claim; Misrepresentation","1"
"2026-08-01T00:00:00.000","Cancellation; Cust Srvc Policy Holder Srvcs; Delays (Policyholder Service)","2"
"2024-05-01T00:00:00.000","Cancellation; Cust Service Claim Handling; Delays (Policyholder Service); Unsatisfactory Settle/Offer","1"
"2020-08-01T00:00:00.000","Delays (Policyholder Service); Premium Notice","1"
"2017-03-01T00:00:00.000","Cust Service Claim Handling; Delays (Claims Handling); Non-Renewal","1"
"2022-02-01T00:00:00.000","Premium and Rating","6"
"2021-06-01T00:00:00.000","Misrepresentation","15"
"2018-06-01T00:00:00.000","Denial Of Claim","41"
"2026-08-01T00:00:00.000","Cust Srvc Policy Holder Srvcs; Delays (Policyholder Service); Misrepresentation; Refund Of Premium","1"
"2015-07-01T00:00:00.000","Premium and Rating; Use Of Clue Reports","1"
"2025-04-01T00:00:00.000","Delays (Underwriting); Non-Renewal","1"
"2017-05-01T00:00:00.000","Agent Handling; Cust Service Claim Handling; Endorsement / Rider; Unsatisfactory Settle/Offer","1"
"2023-09-01T00:00:00.000","Premium and Rating","15"
"2021-01-01T00:00:00.000","Refund Of Premium; Unauthorized Acts","1"
"2019-05-01T00:00:00.000","Cust Service Claim Handling; Delays (Claims Handling); Unsatisfactory Settle/Offer","12"
"2016-12-01T00:00:00.000","Cancellation; Notice Requirements","1"
"2025-08-01T00:00:00.000","Cust Service Claim Handling; Delays (Claims Handling); Policy Exclusion; Unsatisfactory Settle/Offer","2"
"2023-10-01T00:00:00.000","Delays (Policyholder Service); Premium and Rating","2"
"2024-09-01T00:00:00.000","Cust Srvc Policy Holder Srvcs; Premium Notice","1"
"2026-08-01T00:00:00.000","Delays (Policyholder Service); Delays (Underwriting); Refund Of Premium","1"
"2026-02-01T00:00:00.000","Cust Srvc Policy Holder Srvcs; Use of Credit Reports","1"
"2016-01-01T00:00:00.000","Delays (Claims Handling)","5"
"2016-07-01T00:00:00.000","Premium and Rating; Refund Of Premium","2"
"2014-09-01T00:00:00.000","Cust Service Claim Handling; Delays (Claims Handling); Delays (Policyholder Service); Other; Refund Of Premium","1"
"2013-07-01T00:00:00.000","Increased Dwelling Coverage","1"
"2022-03-01T00:00:00.000","Post-Claim Underwriting","1"
"2012-04-01T00:00:00.000","Delays (Claims Handling); Unsatisfactory Settle/Offer","1"
"2014-09-01T00:00:00.000","Lead Cards","1"
"2024-05-01T00:00:00.000","Cust Srvc Policy Holder Srvcs; Premium and Rating; Refund Of Premium","1"
"2022-02-01T00:00:00.000","Unsatisfactory Settle/Offer","41"
"2022-01-01T00:00:00.000","Misrepresentation","9"
"2024-08-01T00:00:00.000","Cust Srvc Policy Holder Srvcs; Delays (Policyholder Service); Refund Of Premium","1"
"2014-06-01T00:00:00.000","Delays (Policyholder Service); Other","1"
"2014-05-01T00:00:00.000","Delays (Policyholder Service); Denial Of Claim","1"
"2026-03-01T00:00:00.000","Unauthorized Acts","8"
"2015-07-01T00:00:00.000","Post-Claim Underwriting; Premium and Rating","1"
"2024-08-01T00:00:00.000","Cust Service Claim Handling; Denial Of Claim; Liability Dispute","1"
"2013-11-01T00:00:00.000","Claimant Fraud","1"
"2020-01-01T00:00:00.000","Delays (Claims Handling)","6"
"2016-07-01T00:00:00.000","Cust Service Claim Handling; Delays (Claims Handling); Unsatisfactory Settle/Offer","18"
"2020-09-01T00:00:00.000","Premium Notice; Premium and Rating","1"
"2022-01-01T00:00:00.000","Delays (Policyholder Service); Misrepresentation","2"
"2025-07-01T00:00:00.000","Cust Srvc Policy Holder Srvcs","14"
"2024-06-01T00:00:00.000","Cust Srvc Policy Holder Srvcs","4"
"2013-01-01T00:00:00.000","Denial Of Claim; Unsatisfactory Settle/Offer","3"
"2025-08-01T00:00:00.000","Cancellation; Cust Service Claim Handling; Cust Srvc Policy Holder Srvcs","1"
"2019-08-01T00:00:00.000","Endorsement / Rider; Unsatisfactory Settle/Offer","1"
"2016-07-01T00:00:00.000","Refund Of Premium","6"
"2026-02-01T00:00:00.000","Cust Service Claim Handling; Delays (Claims Handling); Unfair Discrim-Clms Handling; Unsatisfactory Settle/Offer","1"
"2025-11-01T00:00:00.000","Cust Srvc Policy Holder Srvcs; Delays (Underwriting)","3"
"2023-08-01T00:00:00.000","Delays (Claims Handling); Non-Renewal; Unsatisfactory Settle/Offer","1"
"2017-04-01T00:00:00.000","Premium Notice; Refund Of Premium","1"
"2016-02-01T00:00:00.000","Cust Service Claim Handling; Delays (Claims Handling); Denial Of Claim; Unsatisfactory Settle/Offer","3"
"2026-07-01T00:00:00.000","Cancellation; Cust Srvc Policy Holder Srvcs; Delays (Policyholder Service); Refund Of Premium","1"
"2024-09-01T00:00:00.000","Cancellation; Refund Of Premium","1"
"2023-09-01T00:00:00.000","Delays (Claims Handling); Unsatisfactory Settle/Offer","30"
"2019-09-01T00:00:00.000","Cust Service Claim Handling; Endorsement / Rider; Unsatisfactory Settle/Offer","1"
"2021-07-01T00:00:00.000","Delays (Claims Handling); Denial Of Claim; Unsatisfactory Settle/Offer","1"
"2019-06-01T00:00:00.000","Denial Of Claim; Non-Renewal","1"
"2026-07-01T00:00:00.000","Denial Of Claim; Endorsement / Rider","1"
"2018-07-01T00:00:00.000","Unsatisfactory Settle/Offer","17"
"2016-07-01T00:00:00.000","Cust Service Claim Handling; Endorsement / Rider; Notice Requirements; Unsatisfactory Settle/Offer","1"
"2026-02-01T00:00:00.000","Cust Srvc Policy Holder Srvcs; Delays (Policyholder Service); Refusal to Insure; Use Of Clue Reports","1"
"2022-08-01T00:00:00.000","Refund Of Premium","8"
"2012-08-01T00:00:00.000","Premium and Rating","20"
"2022-09-01T00:00:00.000","Cust Service Claim Handling","7"
"2024-12-01T00:00:00.000","Endorsement / Rider","1"
"2025-03-01T00:00:00.000","Cancellation; Cust Srvc Policy Holder Srvcs; Non-Renewal; Refund Of Premium","1"
"2013-11-01T00:00:00.000","Premium and Rating","14"
"2025-05-01T00:00:00.000","Cust Srvc Policy Holder Srvcs; Delays (Policyholder Service); Premium and Rating","1"
"2024-04-01T00:00:00.000","Cust Service Claim Handling; Unsatisfactory Settle/Offer","34"
"2023-01-01T00:00:00.000","Post-Claim Underwriting; Premium and Rating; Use Of Clue Reports","1"
"2017-12-01T00:00:00.000","Non-Renewal","1"
"2019-06-01T00:00:00.000","Delays (Policyholder Service); Premium and Rating; Refund Of Premium","1"
"2022-11-01T00:00:00.000","Delays (Claims Handling); Timely Filing Deficiency","2"
"2022-04-01T00:00:00.000","Premium and Rating","4"
"2021-12-01T00:00:00.000","Conversion; Delays (Policyholder Service)","1"
"2017-12-01T00:00:00.000","Cancellation; Other; Refund Of Premium","1"
"2026-05-01T00:00:00.000","Cancellation; Cust Service Claim Handling; Delays (Claims Handling); Denial Of Claim","1"
"2022-10-01T00:00:00.000","Cust Service Claim Handling; Misrepresentation; Unsatisfactory Settle/Offer","1"
"2021-01-01T00:00:00.000","Cancellation; Cust Service Claim Handling; Delays (Claims Handling); Unsatisfactory Settle/Offer","1"
"2024-09-01T00:00:00.000","Misrepresentation","4"
"2026-04-01T00:00:00.000","Cust Srvc Policy Holder Srvcs; Delays (Policyholder Service); Non-Renewal","1"
"2019-12-01T00:00:00.000","Delays (Claims Handling)","7"
"2018-07-01T00:00:00.000","Endorsement / Rider","1"
"2019-12-01T00:00:00.000","Cancellation; Delays (Policyholder Service)","1"
"2026-07-01T00:00:00.000","Endorsement / Rider; Premium and Rating; Unsatisfactory Settle/Offer","1"
"2026-06-01T00:00:00.000","Cust Srvc Policy Holder Srvcs; Delays (Policyholder Service); Premium Notice; Premium and Rating","1"
"2020-10-01T00:00:00.000","Refusal to Insure; Use Of Clue Reports","1"
"2023-06-01T00:00:00.000","Endorsement / Rider; Premium and Rating","1"
"2025-02-01T00:00:00.000","Cust Service Claim Handling; Cust Srvc Policy Holder Srvcs; Premium and Rating; Use Of Clue Reports","1"
"2021-08-01T00:00:00.000","Delays (Policyholder Service); Refund Of Premium","1"
"2018-02-01T00:00:00.000","Unauthorized Acts","2"
"2024-01-01T00:00:00.000","Delays (Policyholder Service); Premium and Rating; Refund Of Premium","1"
"2019-09-01T00:00:00.000","Improper Inducements; Misrepresentation","1"
"2017-06-01T00:00:00.000","Agent Handling; Conversion","1"
"2022-04-01T00:00:00.000","Refusal to Insure","1"
"2013-10-01T00:00:00.000","Cancellation","9"
"2016-02-01T00:00:00.000","Cust Service Claim Handling; Delays (Claims Handling); Insurer Fraud","1"
"2015-08-01T00:00:00.000","Refund Of Premium","7"
"2021-03-01T00:00:00.000","Refund Of Premium; Unsatisfactory Settle/Offer","1"
"2019-04-01T00:00:00.000","Not Within TDI Jurisdiction","1"
"2021-11-01T00:00:00.000","Refusal to Insure","1"
"2014-08-01T00:00:00.000","Cust Service Claim Handling; Delays (Claims Handling)","5"
"2026-07-01T00:00:00.000","Cust Srvc Policy Holder Srvcs; Delays (Policyholder Service)","12"
"2016-05-01T00:00:00.000","Cust Service Claim Handling; Delays (Claims Handling); Delays (Underwriting)","1"
"2019-12-01T00:00:00.000","Denial Of Claim; Premium and Rating","2"
"2015-09-01T00:00:00.000","Agent Handling; Other; Refund Of Premium","1"
"2022-12-01T00:00:00.000","Delays (Policyholder Service); Refund Of Premium; Unauthorized Acts","1"
"2025-01-01T00:00:00.000","Cust Srvc Policy Holder Srvcs; Unauthorized Acts","2"
"2018-08-01T00:00:00.000","Denial Of Claim; Disaster","1"
"2017-04-01T00:00:00.000","Refund Of Premium","1"
"2013-09-01T00:00:00.000","Delays (Claims Handling); Delays (Policyholder Service); Denial Of Claim","1"
"2020-05-01T00:00:00.000","Conversion","1"
"2019-02-01T00:00:00.000","Delays (Claims Handling); Denial Of Claim","3"
"2017-01-01T00:00:00.000","Non-Renewal","2"
"2024-10-01T00:00:00.000","Cancellation; Unsatisfactory Settle/Offer","1"
"2024-06-01T00:00:00.000","Cust Srvc Policy Holder Srvcs; Delays (Policyholder Service); Misrepresentation","1"
"2014-08-01T00:00:00.000","Cancellation; Refund Of Premium","2"
"2019-01-01T00:00:00.000","Cust Service Claim Handling","5"
"2018-11-01T00:00:00.000","Cust Service Claim Handling; Endorsement / Rider; Unsatisfactory Settle/Offer","1"
"2021-10-01T00:00:00.000","Non-Renewal; Use Of Clue Reports","1"
"2012-11-01T00:00:00.000","Cancellation; Conversion","2"
"2020-03-01T00:00:00.000","Unsatisfactory Settle/Offer","6"
"2022-01-01T00:00:00.000","Cancellation; Refund Of Premium","2"
"2024-02-01T00:00:00.000","Denial Of Claim; Non-Renewal","1"
"2014-03-01T00:00:00.000","Cancellation; Refund Of Premium","3"
"2012-12-01T00:00:00.000","Refund Of Premium","10"
"2022-08-01T00:00:00.000","Delays (Policyholder Service)","12"
"2021-02-01T00:00:00.000","Cancellation; Refund Of Premium","3"
"2020-06-01T00:00:00.000","Delays (Policyholder Service); Denial Of Claim; Refund Of Premium","1"
"2021-01-01T00:00:00.000","Duplication of Coverage; Refund Of Premium","1"
"2026-01-01T00:00:00.000","Cust Service Claim Handling; Delays (Claims Handling); Denial Of Claim; Post-Claim Underwriting","1"
"2024-10-01T00:00:00.000","Cancellation; Premium and Rating; Refund Of Premium","1"
"2013-10-01T00:00:00.000","Delays (Claims Handling); Liability Dispute; Unsatisfactory Settle/Offer","1"
"2026-08-01T00:00:00.000","Cancellation; Cust Srvc Policy Holder Srvcs; Refund Of Premium","4"
"2017-05-01T00:00:00.000","Unsatisfactory Settle/Offer","8"
"2013-12-01T00:00:00.000","Excessive Rates; Premium and Rating","2"
"2023-09-01T00:00:00.000","Cust Service Claim Handling; Delays (Claims Handling); Denial Of Claim","7"
"2026-06-01T00:00:00.000","Cust Srvc Policy Holder Srvcs; Other","1"
"2016-04-01T00:00:00.000","Denial Of Claim","38"
"2018-02-01T00:00:00.000","Post-Claim Underwriting","1"
"2017-06-01T00:00:00.000","Delays (Policyholder Service); Premium and Rating","2"
"2020-10-01T00:00:00.000","Cust Service Claim Handling; Delays (Claims Handling); Misrepresentation","2"
"2023-09-01T00:00:00.000","Delays (Policyholder Service); Refund Of Premium","3"
"2024-05-01T00:00:00.000","Cancellation; Denial Of Claim","1"
"2017-09-01T00:00:00.000","Cust Service Claim Handling; Delays (Claims Handling); Denial Of Claim","6"
"2015-06-01T00:00:00.000","Other; Unauthorized Acts","2"
"2024-03-01T00:00:00.000","Cancellation; Delays (Policyholder Service); Misrepresentation; Refund Of Premium; Use of Credit Reports","1"
"2016-07-01T00:00:00.000","Denial Of Claim; Refund Of Premium","1"
"2016-07-01T00:00:00.000","Cust Service Claim Handling","2"
"2013-06-01T00:00:00.000","Cancellation; Delays (Policyholder Service)","1"
"2022-07-01T00:00:00.000","Cancellation; Use of Credit Reports","1"
"2024-05-01T00:00:00.000","Cancellation; Cust Srvc Policy Holder Srvcs; Premium and Rating","1"
"2016-09-01T00:00:00.000","Delays (Policyholder Service); Other; Premium Notice","1"
"2020-04-01T00:00:00.000","Cust Service Claim Handling; Delays (Claims Handling); Other","1"
"2018-03-01T00:00:00.000","Cust Service Claim Handling; Unfair Discrim-Clms Handling","1"
"2020-04-01T00:00:00.000","Cust Service Claim Handling; Delays (Claims Handling); Denial Of Claim; Unauthorized Acts; Unfair Discrimination; Unsatisfactory Settle/Offer","1"
"2019-06-01T00:00:00.000","Assignment of Benefits","1"
"2015-09-01T00:00:00.000","Cancellation; Notice Requirements","1"
"2023-04-01T00:00:00.000","Refund Of Premium","11"
"2022-01-01T00:00:00.000","Cust Service Claim Handling; Delays (Claims Handling); Denial Of Claim","1"
"2016-09-01T00:00:00.000","Cust Service Claim Handling; Denial Of Claim; Unsatisfactory Settle/Offer","1"
"2024-07-01T00:00:00.000","Cancellation","4"
"2026-01-01T00:00:00.000","Cust Service Claim Handling; Denial Of Claim; Endorsement / Rider","1"
"2013-10-01T00:00:00.000","Cust Service Claim Handling; Delays (Claims Handling); Liability Dispute","1"
"2023-12-01T00:00:00.000","Cust Service Claim Handling; Delays (Claims Handling)","85"
"2018-02-01T00:00:00.000","Delays (Claims Handling); Unsatisfactory Settle/Offer","10"
"2023-12-01T00:00:00.000","Cancellation; Premium and Rating","1"
"2016-10-01T00:00:00.000","Agent Handling; Denial Of Claim","2"
"2014-05-01T00:00:00.000","Delays (Claims Handling); Non-Renewal","1"
"2013-11-01T00:00:00.000","Unsatisfactory Settle/Offer","20"
"2017-01-01T00:00:00.000","Delays (Claims Handling); Denial Of Claim","3"
"2024-09-01T00:00:00.000","Premium and Rating","12"
"2015-11-01T00:00:00.000","Agent Handling; Cust Service Claim Handling","1"
"2013-11-01T00:00:00.000","Cust Service Claim Handling; Delays (Claims Handling)","4"
"2021-03-01T00:00:00.000","Non-Renewal","4"
"2015-04-01T00:00:00.000","Delays (Claims Handling); Post-Claim Underwriting; Premium and Rating","1"
"2023-04-01T00:00:00.000","Non-Renewal","2"
"2017-07-01T00:00:00.000","Denial Of Claim","30"
"2017-08-01T00:00:00.000","Agent Handling; Duplication of Coverage","1"
"2021-06-01T00:00:00.000","Use Of Clue Reports","1"
"2023-02-01T00:00:00.000","Unauthorized Acts; Unsatisfactory Settle/Offer","1"
"2021-03-01T00:00:00.000","Denial Of Claim; Unsatisfactory Settle/Offer; Use Of Clue Reports","1"
"2024-04-01T00:00:00.000","Delays (Claims Handling); Denial Of Claim","1"
"2013-05-01T00:00:00.000","Liability Dispute; Unsatisfactory Settle/Offer","2"
"2026-08-01T00:00:00.000","Misrepresentation","3"
"2021-04-01T00:00:00.000","Cust Service Claim Handling; Premium and Rating","1"
"2015-10-01T00:00:00.000","Delays (Policyholder Service)","3"
"2019-02-01T00:00:00.000","Premium and Rating","6"
"2013-10-01T00:00:00.000","Cust Service Claim Handling; Liability Dispute; Unfair Discrim-Clms Handling","1"
"2017-04-01T00:00:00.000","Premium Notice; Premium and Rating","1"
"2023-06-01T00:00:00.000","Delays (Policyholder Service); Premium and Rating; Use of Credit Reports","1"
"2019-10-01T00:00:00.000","Cancellation; Notice Requirements","1"
"2026-06-01T00:00:00.000","Cust Service Claim Handling; Delays (Claims Handling); Unsatisfactory Settle/Offer","75"
"2021-06-01T00:00:00.000","Cust Service Claim Handling; Use Of Clue Reports","2"
"2016-04-01T00:00:00.000","Cust Service Claim Handling; Unsatisfactory Settle/Offer","25"
"2019-08-01T00:00:00.000","Premium Notice; Refund Of Premium","1"
"2025-07-01T00:00:00.000","Premium Notice; Premium and Rating","1"
"2020-02-01T00:00:00.000","Delays (Claims Handling)","3"
"2016-05-01T00:00:00.000","Delays (Underwriting); Premium and Rating","2"
"2019-12-01T00:00:00.000","Denial Of Claim; Liability Dispute","1"
"2017-03-01T00:00:00.000","Premium and Rating","10"
"2022-08-01T00:00:00.000","Cancellation","9"
"2015-04-01T00:00:00.000","Agent Handling; Refund Of Premium","2"
"2016-05-01T00:00:00.000","Cancellation; Delays (Claims Handling); Delays (Policyholder Service); Refund Of Premium","1"
"2019-05-01T00:00:00.000","Delays (Policyholder Service)","1"
"2019-04-01T00:00:00.000","Denial Of Claim","24"
"2023-12-01T00:00:00.000","Misrepresentation; Unsatisfactory Settle/Offer","1"
"2018-07-01T00:00:00.000","Refusal to Insure","1"
"2020-04-01T00:00:00.000","Delays (Claims Handling); Denial Of Claim; Unsatisfactory Settle/Offer","5"
"2014-04-01T00:00:00.000","Cancellation; Refund Of Premium","1"
"2025-05-01T00:00:00.000","Cust Srvc Policy Holder Srvcs; Delays (Policyholder Service)","7"
"2016-02-01T00:00:00.000","Non-Renewal","2"
"2023-03-01T00:00:00.000","Misrepresentation; Unsatisfactory Settle/Offer","1"
"2018-07-01T00:00:00.000","Cust Service Claim Handling; Delays (Claims Handling)","11"
"2013-02-01T00:00:00.000","Cancellation; Denial Of Claim; Liability Dispute","1"
"2024-10-01T00:00:00.000","Cust Service Claim Handling; Delays (Claims Handling); Endorsement / Rider; Unsatisfactory Settle/Offer","1"
"2017-04-01T00:00:00.000","Agent Handling; Cust Service Claim Handling; Unsatisfactory Settle/Offer","1"
"2015-08-01T00:00:00.000","Conversion","1"
"2019-10-01T00:00:00.000","Cust Service Claim Handling; Delays (Claims Handling)","21"
"2019-05-01T00:00:00.000","Cancellation","2"
"2013-09-01T00:00:00.000","Cust Service Claim Handling; Delays (Claims Handling); Denial Of Claim","1"
"2024-08-01T00:00:00.000","Cust Service Claim Handling; Cust Srvc Policy Holder Srvcs; Delays (Claims Handling); Delays (Policyholder Service); Unsatisfactory Settle/Offer","1"
"2016-03-01T00:00:00.000","Agent Handling; Cancellation; Delays (Policyholder Service); Refund Of Premium","1"
"2026-03-01T00:00:00.000","Cust Service Claim Handling; Delays (Claims Handling); Endorsement / Rider; Unsatisfactory Settle/Offer","1"
"2026-01-01T00:00:00.000","Use Of Clue Reports","1"
"2025-11-01T00:00:00.000","Cust Service Claim Handling; Denial Of Claim; Prompt Pay","1"
"2022-05-01T00:00:00.000","Delays (Claims Handling)","26"
"2018-10-01T00:00:00.000","Refund Of Premium","4"
"2026-02-01T00:00:00.000","Cust Srvc Policy Holder Srvcs; Delays (Policyholder Service); Refund Of Premium","8"
"2019-03-01T00:00:00.000","Delays (Claims Handling)","4"
"2024-05-01T00:00:00.000","Cust Srvc Policy Holder Srvcs; Delays (Policyholder Service)","11"
"2020-05-01T00:00:00.000","Premium and Rating; Unsatisfactory Settle/Offer","1"
"2024-04-01T00:00:00.000","Cancellation; Cust Service Claim Handling; Delays (Claims Handling); Denial Of Claim","1"
"2012-12-01T00:00:00.000","Cancellation; Premium and Rating","1"
"2019-04-01T00:00:00.000","Non-Renewal","1"
"2025-06-01T00:00:00.000","Cust Service Claim Handling; Denial Of Claim; Policy Exclusion","1"
"2019-02-01T00:00:00.000","Delays (Policyholder Service); Premium Notice","1"
"2022-12-01T00:00:00.000","Cust Service Claim Handling; Delays (Claims Handling); Denial Of Claim; Unsatisfactory Settle/Offer","1"
"2022-04-01T00:00:00.000","Cust Service Claim Handling; Delays (Claims Handling)","37"
"2025-08-01T00:00:00.000","Cust Service Claim Handling; Misrepresentation; Policy Exclusion","1"
"2012-08-01T00:00:00.000","Cancellation; Endorsement / Rider","2"
"2016-09-01T00:00:00.000","Cust Service Claim Handling; Delays (Claims Handling); Unsatisfactory Settle/Offer","14"
"2016-07-01T00:00:00.000","Increased Dwelling Coverage; Other","1"
"2026-06-01T00:00:00.000","Cust Service Claim Handling; Premium and Rating; Unsatisfactory Settle/Offer","1"
"2025-07-01T00:00:00.000","Cust Srvc Policy Holder Srvcs; Use Of Clue Reports","1"
"2019-10-01T00:00:00.000","Cancellation; Cust Service Claim Handling; Delays (Claims Handling); Denial Of Claim","1"
"2022-06-01T00:00:00.000","Unauthorized Acts","1"
"2013-03-01T00:00:00.000","Unauthorized Acts","2"
"2023-08-01T00:00:00.000","Cust Service Claim Handling; Delays (Claims Handling); Unsatisfactory Settle/Offer","48"
"2016-03-01T00:00:00.000","Delays (Claims Handling)","8"
"2024-11-01T00:00:00.000","Cust Srvc Policy Holder Srvcs; Premium and Rating; Refund Of Premium","1"
"2016-03-01T00:00:00.000","Cancellation; Delays (Policyholder Service); Refund Of Premium; Refusal to Insure","1"
"2026-04-01T00:00:00.000","Cust Srvc Policy Holder Srvcs; Endorsement / Rider; Premium and Rating","2"
"2022-11-01T00:00:00.000","Other","3"
"2022-12-01T00:00:00.000","Cancellation; Refund Of Premium","3"
"2013-10-01T00:00:00.000","Cancellation; Premium and Rating","1"
"2022-06-01T00:00:00.000","Denial Of Claim; Misrepresentation","1"
"2014-09-01T00:00:00.000","Delays (Underwriting); Other; Premium and Rating","1"
"2020-01-01T00:00:00.000","Cust Service Claim Handling; Delays (Claims Handling); Non-Renewal","1"
"2022-11-01T00:00:00.000","Cust Service Claim Handling; Denial Of Claim; Unsatisfactory Settle/Offer","2"
"2025-10-01T00:00:00.000","Denial Of Claim; Non-Renewal; Refund Of Premium","1"
"2016-06-01T00:00:00.000","Cust Service Claim Handling; Denial Of Claim","5"
"2018-08-01T00:00:00.000","Cust Service Claim Handling; Denial Of Claim","4"
"2025-04-01T00:00:00.000","Misrepresentation; Unsatisfactory Settle/Offer","1"
"2024-02-01T00:00:00.000","Cust Service Claim Handling; Delays (Claims Handling)","74"
"2017-04-01T00:00:00.000","Delays (Claims Handling)","8"
"2020-11-01T00:00:00.000","Post-Claim Underwriting; Premium and Rating","1"
"2023-08-01T00:00:00.000","Delays (Policyholder Service)","12"
"2014-10-01T00:00:00.000","Delays (Policyholder Service); Non-Renewal","1"
"2025-03-01T00:00:00.000","Misleading Advertising","1"
"2019-09-01T00:00:00.000","Denial Of Claim; Endorsement / Rider; Unsatisfactory Settle/Offer","1"
"2023-12-01T00:00:00.000","Denial Of Claim","28"
"2019-11-01T00:00:00.000","Denial Of Claim; Unfair Discrimination","1"
"2024-12-01T00:00:00.000","Cust Service Claim Handling; Refund Of Premium","1"
"2012-06-01T00:00:00.000","Endorsement / Rider","1"
"2015-05-01T00:00:00.000","Agent Handling; Commissions","1"
"2025-08-01T00:00:00.000","Assignment of Benefits; Cust Service Claim Handling","1"
"2018-01-01T00:00:00.000","Cust Service Claim Handling; Unsatisfactory Settle/Offer","15"
"2013-02-01T00:00:00.000","Delays (Policyholder Service); Refund Of Premium","1"
"2024-09-01T00:00:00.000","Cancellation; Refusal to Insure","1"
"2023-11-01T00:00:00.000","Misrepresentation; Refund Of Premium; Unauthorized Acts","1"
"2020-10-01T00:00:00.000","Conversion; Unauthorized Acts","1"
"2025-08-01T00:00:00.000","Cust Service Claim Handling; Delays (Claims Handling); Non-Renewal","1"
"2018-03-01T00:00:00.000","Cust Service Claim Handling; Delays (Claims Handling); Non-Renewal; Notice Requirements; Unsatisfactory Settle/Offer","1"
"2017-04-01T00:00:00.000","Use Of Clue Reports","1"
"2017-04-01T00:00:00.000","Cancellation; Delays (Policyholder Service); Refund Of Premium; Refusal to Insure","1"
"2025-09-01T00:00:00.000","Cust Srvc Policy Holder Srvcs; Refund Of Premium","6"
"2017-09-01T00:00:00.000","Denial Of Claim; Endorsement / Rider","1"
"2012-12-01T00:00:00.000","Denial Of Claim; Refund Of Premium","1"
"2020-01-01T00:00:00.000","Refund Of Premium","1"
"2014-02-01T00:00:00.000","Not Within TDI Jurisdiction; Refund Of Premium","1"
"2019-02-01T00:00:00.000","Cust Service Claim Handling; Denial Of Claim; Non-Renewal","1"
"2017-11-01T00:00:00.000","Cust Service Claim Handling; Delays (Claims Handling); Post-Claim Underwriting; Premium and Rating","1"
"2016-09-01T00:00:00.000","Cancellation; Refund Of Premium","1"
"2013-03-01T00:00:00.000","Use of Credit Reports","2"
"2021-10-01T00:00:00.000","Delays (Claims Handling)","36"
"2018-03-01T00:00:00.000","Delays (Claims Handling)","12"
"2016-11-01T00:00:00.000","Delays (Policyholder Service)","5"
"2013-10-01T00:00:00.000","Unsatisfactory Settle/Offer","23"
"2025-08-01T00:00:00.000","Cust Service Claim Handling; Cust Srvc Policy Holder Srvcs; Delays (Claims Handling); Delays (Policyholder Service); Refund Of Premium; Unsatisfactory Settle/Offer","1"
"2015-12-01T00:00:00.000","Agent Handling","12"
"2022-12-01T00:00:00.000","Delays (Policyholder Service)","5"
"2015-11-01T00:00:00.000","Misleading Advertising; Premium and Rating","2"
"2026-02-01T00:00:00.000","Cancellation","3"
"2022-10-01T00:00:00.000","Cust Service Claim Handling; Denial Of Claim","6"
"2015-06-01T00:00:00.000","Agent Handling; Delays (Claims Handling); Denial Of Claim; Non-Disclosure Of Coverage; Unsatisfactory Settle/Offer","1"
"2012-10-01T00:00:00.000","Cust Service Claim Handling; Delays (Claims Handling); Unsatisfactory Settle/Offer","1"
"2017-02-01T00:00:00.000","Cancellation; Delays (Policyholder Service); Refund Of Premium","2"
"2014-08-01T00:00:00.000","Unauthorized Acts","5"
"2016-07-01T00:00:00.000","Notice Requirements","2"
"2018-04-01T00:00:00.000","Cancellation; Denial Of Claim","1"
"2017-09-01T00:00:00.000","Agent Handling; Cancellation","1"
"2020-11-01T00:00:00.000","Premium and Rating; Use Of Clue Reports","1"
"2023-06-01T00:00:00.000","Delays (Policyholder Service)","13"
"2013-01-01T00:00:00.000","Misrepresentation","1"
"2024-05-01T00:00:00.000","Premium and Rating; Use of Credit Reports","1"
"2016-12-01T00:00:00.000","Other","1"
"2025-04-01T00:00:00.000","Cust Service Claim Handling; Cust Srvc Policy Holder Srvcs; Unsatisfactory Settle/Offer","1"
"2016-02-01T00:00:00.000","Delays (Claims Handling)","11"
"2018-08-01T00:00:00.000","Premium and Rating; Refund Of Premium","1"
"2025-03-01T00:00:00.000","Cust Srvc Policy Holder Srvcs; Delays (Policyholder Service); Non-Renewal; Use Of Clue Reports","1"
"2016-07-01T00:00:00.000","Denial Of Claim; Liability Dispute","1"
"2018-05-01T00:00:00.000","Cust Service Claim Handling; Unsatisfactory Settle/Offer","9"
"2026-03-01T00:00:00.000","Cancellation; Premium and Rating","2"
"2026-08-01T00:00:00.000","Misleading Advertising; Misrepresentation","2"
"2023-05-01T00:00:00.000","Delays (Claims Handling); Non-Renewal","1"
"2014-09-01T00:00:00.000","Misrepresentation","1"
"2023-04-01T00:00:00.000","Cust Service Claim Handling; Use Of Clue Reports","1"
"2016-07-01T00:00:00.000","Delays (Underwriting)","1"
"2025-03-01T00:00:00.000","Cust Service Claim Handling; Denial Of Claim; Non-Renewal","1"
"2017-04-01T00:00:00.000","Delays (Policyholder Service); Premium and Rating; Use of Credit Reports","1"
"2012-12-01T00:00:00.000","Denial Of Claim","34"
"2026-02-01T00:00:00.000","Delays (Claims Handling); Unsatisfactory Settle/Offer","3"
"2013-11-01T00:00:00.000","Premium Notice","1"
"2017-12-01T00:00:00.000","Agent Handling; Cancellation; Delays (Policyholder Service)","1"
"2017-08-01T00:00:00.000","Agent Handling; Denial Of Claim","2"
"2024-08-01T00:00:00.000","Unsatisfactory Settle/Offer; Use Of Clue Reports","1"
"2022-12-01T00:00:00.000","Refusal to Insure; Use Of Clue Reports","1"
"2015-10-01T00:00:00.000","Denial Of Claim; Non-Renewal","3"
"2023-04-01T00:00:00.000","Cust Service Claim Handling; Denial Of Claim","6"
"2022-04-01T00:00:00.000","Delays (Claims Handling); Denial Of Claim; Unsatisfactory Settle/Offer","1"
"2013-02-01T00:00:00.000","Unsatisfactory Settle/Offer","19"
"2024-01-01T00:00:00.000","Cust Service Claim Handling; Denial Of Claim","15"
"2014-11-01T00:00:00.000","Agent Handling; Conversion; Misrepresentation","1"
"2018-03-01T00:00:00.000","Cust Service Claim Handling; Delays (Claims Handling); Unsatisfactory Settle/Offer","22"
"2025-10-01T00:00:00.000","Cust Service Claim Handling; Unsatisfactory Settle/Offer","29"
"2017-12-01T00:00:00.000","Non-Renewal; Notice Requirements","1"
"2024-02-01T00:00:00.000","Cust Srvc Policy Holder Srvcs; Delays (Policyholder Service); Misrepresentation","1"
"2018-05-01T00:00:00.000","Conversion; Unauthorized Acts","1"
"2016-08-01T00:00:00.000","Delays (Claims Handling); Unsatisfactory Settle/Offer","12"
"2015-06-01T00:00:00.000","Premium and Rating; Use Of Clue Reports","1"
"2015-10-01T00:00:00.000","Cust Service Claim Handling; Delays (Claims Handling); Denial Of Claim","2"
"2013-01-01T00:00:00.000","Cust Service Claim Handling; Unsatisfactory Settle/Offer","1"
"2013-08-01T00:00:00.000","Cust Service Claim Handling; Delays (Claims Handling); Liability Dispute","1"
"2013-08-01T00:00:00.000","Denial Of Claim; Refusal to Insure","1"
"2025-09-01T00:00:00.000","Delays (Policyholder Service); Premium and Rating; Refund Of Premium","1"
"2023-09-01T00:00:00.000","Premium and Rating; Use Of Clue Reports","1"
"2023-08-01T00:00:00.000","Delays (Underwriting); Premium and Rating","1"
"2021-08-01T00:00:00.000","Denial Of Claim; Unsatisfactory Settle/Offer","4"
"2022-12-01T00:00:00.000","Misleading Advertising","1"
"2019-02-01T00:00:00.000","Delays (Claims Handling); Denial Of Claim; Unsatisfactory Settle/Offer","1"
"2023-04-01T00:00:00.000","Delays (Underwriting); Refund Of Premium","2"
"2012-10-01T00:00:00.000","Increased Dwelling Coverage","1"
"2013-07-01T00:00:00.000","Agent Handling; Continuation of Benefits; Misrepresentation","1"
"2015-09-01T00:00:00.000","Agent Handling; Delays (Underwriting); Misrepresentation","1"
"2018-07-01T00:00:00.000","Delays (Claims Handling)","21"
"2018-11-01T00:00:00.000","Misrepresentation","2"
"2020-01-01T00:00:00.000","Cust Service Claim Handling; Delays (Claims Handling)","11"
"2019-01-01T00:00:00.000","Cancellation; Denial Of Claim","1"
"2024-05-01T00:00:00.000","Use Of Clue Reports","3"
"2023-09-01T00:00:00.000","Cust Service Claim Handling; Delays (Claims Handling); Delays (Policyholder Service); Non-Renewal; Unfair Discrimination","1"
"2025-07-01T00:00:00.000","Cust Service Claim Handling; Cust Srvc Policy Holder Srvcs; Denial Of Claim; Endorsement / Rider","1"
"2025-11-01T00:00:00.000","Delays (Claims Handling); Denial Of Claim","1"
"2015-07-01T00:00:00.000","Cancellation; Delays (Policyholder Service); Refund Of Premium","3"
"2018-12-01T00:00:00.000","Denial Of Claim; Unsatisfactory Settle/Offer","1"
"2025-04-01T00:00:00.000","Refund Of Premium; Use of Credit Reports","1"
"2018-01-01T00:00:00.000","Unsatisfactory Settle/Offer","3"
"2024-09-01T00:00:00.000","Premium and Rating; Use Of Clue Reports","2"
"2015-11-01T00:00:00.000","Premium Notice; Refund Of Premium","2"
"2013-03-01T00:00:00.000","Agent Handling; Unauthorized Acts","1"
"2020-06-01T00:00:00.000","Post-Claim Underwriting","1"
"2014-06-01T00:00:00.000","Cancellation; Premium and Rating","1"
"2020-01-01T00:00:00.000","Unauthorized Acts","3"
"2017-03-01T00:00:00.000","Denial Of Claim","27"
"2016-07-01T00:00:00.000","Post-Claim Underwriting; Premium and Rating","1"
"2013-04-01T00:00:00.000","Conversion","1"
"2017-10-01T00:00:00.000","Premium and Rating","4"
"2017-01-01T00:00:00.000","Cust Service Claim Handling; Delays (Claims Handling); Denial Of Claim","1"
"2014-01-01T00:00:00.000","Non-Disclosure Of Coverage","1"
"2014-08-01T00:00:00.000","Cancellation; Delays (Policyholder Service)","2"
"2012-09-01T00:00:00.000","Cancellation","8"
"2021-10-01T00:00:00.000","Delays (Policyholder Service)","12"
"2020-04-01T00:00:00.000","Refund Of Premium","5"
"2026-08-01T00:00:00.000","Delays (Policyholder Service); Delays (Underwriting)","1"
"2019-08-01T00:00:00.000","Cust Service Claim Handling; Delays (Claims Handling)","21"
"2025-05-01T00:00:00.000","Cust Srvc Policy Holder Srvcs; Delays (Policyholder Service); Misrepresentation","1"
"2013-10-01T00:00:00.000","Delays (Policyholder Service); Premium Notice","1"
"2023-02-01T00:00:00.000","Cancellation","5"
"2026-08-01T00:00:00.000","Other; Unauthorized Acts","1"
"2017-01-01T00:00:00.000","Cust Service Claim Handling; Unsatisfactory Settle/Offer; Usual And Customary","1"
"2026-02-01T00:00:00.000","Cust Service Claim Handling; Delays (Claims Handling); Unauthorized Acts; Unsatisfactory Settle/Offer","1"
"2022-11-01T00:00:00.000","Premium and Rating; Refund Of Premium","2"
"2012-09-01T00:00:00.000","Cust Service Claim Handling","2"
"2019-08-01T00:00:00.000","Agent Handling; Non-Disclosure Of Coverage","1"
"2026-08-01T00:00:00.000","Unauthorized Acts","1"
"2025-03-01T00:00:00.000","Cust Service Claim Handling; Unauthorized Acts","1"
"2025-08-01T00:00:00.000","Cust Service Claim Handling; Denial Of Claim; Policy Exclusion","2"
"2024-07-01T00:00:00.000","Cust Srvc Policy Holder Srvcs","13"
"2016-02-01T00:00:00.000","Delays (Underwriting)","1"
"2026-03-01T00:00:00.000","Misrepresentation","1"
"2026-07-01T00:00:00.000","Cust Service Claim Handling; Policy Exclusion; Unsatisfactory Settle/Offer","3"
"2013-06-01T00:00:00.000","Refund Of Premium","12"
"2025-03-01T00:00:00.000","Cust Srvc Policy Holder Srvcs; Unsatisfactory Settle/Offer","2"
"2021-05-01T00:00:00.000","Misrepresentation; Other; Refund Of Premium","1"
"2020-11-01T00:00:00.000","Cust Service Claim Handling","3"
"2022-06-01T00:00:00.000","Delays (Policyholder Service)","8"
"2014-11-01T00:00:00.000","Premium and Rating","10"
"2026-02-01T00:00:00.000","Cust Service Claim Handling; Delays (Claims Handling); Policy Exclusion; Unsatisfactory Settle/Offer","3"
"2024-08-01T00:00:00.000","Cust Srvc Policy Holder Srvcs; Refund Of Premium","7"
"2025-09-01T00:00:00.000","Cust Service Claim Handling; Delays (Claims Handling); Denial Of Claim; Unsatisfactory Settle/Offer","5"
"2017-04-01T00:00:00.000","Cancellation; Denial Of Claim; Notice Requirements","1"
"2014-07-01T00:00:00.000","Cust Service Claim Handling; Denial Of Claim","1"
"2026-03-01T00:00:00.000","Cancellation; Cust Srvc Policy Holder Srvcs; Delays (Policyholder Service); Delays (Underwriting)","1"
"2022-11-01T00:00:00.000","Delays (Claims Handling); Denial Of Claim; Unsatisfactory Settle/Offer","1"
"2024-09-01T00:00:00.000","Cust Service Claim Handling; Denial Of Claim; Premium and Rating","1"
"2021-10-01T00:00:00.000","Cust Service Claim Handling; Denial Of Claim","6"
"2020-09-01T00:00:00.000","Premium and Rating; Use of Credit Reports","1"
"2026-05-01T00:00:00.000","Cust Service Claim Handling; Cust Srvc Policy Holder Srvcs; Denial Of Claim; Unsatisfactory Settle/Offer","1"
"2013-04-01T00:00:00.000","Cust Service Claim Handling","2"
"2025-10-01T00:00:00.000","Cust Srvc Policy Holder Srvcs; Non-Renewal; Premium and Rating; Unsatisfactory Settle/Offer","1"
"2021-03-01T00:00:00.000","Delays (Claims Handling); Unsatisfactory Settle/Offer","43"
"2022-03-01T00:00:00.000","Cancellation; Cust Service Claim Handling","1"
"2016-07-01T00:00:00.000","Misrepresentation","1"
"2026-06-01T00:00:00.000","Premium and Rating","2"
"2015-05-01T00:00:00.000","Denial Of Claim; Unsatisfactory Settle/Offer","2"
"2024-05-01T00:00:00.000","Denial Of Claim; Non-Renewal","1"
"2013-06-01T00:00:00.000","Not Within TDI Jurisdiction","1"
"2025-09-01T00:00:00.000","Cust Service Claim Handling; Cust Srvc Policy Holder Srvcs; Unsatisfactory Settle/Offer","1"
"2023-05-01T00:00:00.000","Cust Service Claim Handling; Denial Of Claim","3"
"2025-03-01T00:00:00.000","Premium and Rating; Refund Of Premium","3"
"2015-11-01T00:00:00.000","Delays (Policyholder Service)","2"
"2025-05-01T00:00:00.000","Cust Srvc Policy Holder Srvcs; Unsatisfactory Settle/Offer","2"
"2021-11-01T00:00:00.000","Non-Renewal","4"
"2022-03-01T00:00:00.000","Use of Credit Reports","1"
"2026-02-01T00:00:00.000","Cust Service Claim Handling; Delays (Claims Handling); Premium and Rating","1"
"2025-09-01T00:00:00.000","Cust Service Claim Handling; Denial Of Claim","17"
"2012-08-01T00:00:00.000","Cust Service Claim Handling; Delays (Claims Handling)","4"
"2018-06-01T00:00:00.000","Notice Requirements","1"
"2022-05-01T00:00:00.000","Refund Of Premium","11"
"2020-01-01T00:00:00.000","Delays (Policyholder Service); Misrepresentation","2"
"2021-05-01T00:00:00.000","Delays (Claims Handling); Denial Of Claim","2"
"2024-08-01T00:00:00.000","Premium Notice; Premium and Rating","2"
"2023-04-01T00:00:00.000","Unsatisfactory Settle/Offer","68"
"2017-01-01T00:00:00.000","Delays (Claims Handling); Delays (Policyholder Service); Identification Card Issue","1"
"2022-10-01T00:00:00.000","Cancellation","3"
"2022-08-01T00:00:00.000","Cust Service Claim Handling; Delays (Claims Handling); Denial Of Claim","2"
"2013-07-01T00:00:00.000","Cust Service Claim Handling","2"
"2021-08-01T00:00:00.000","Cust Service Claim Handling; Delays (Policyholder Service)","1"
"2015-12-01T00:00:00.000","Delays (Claims Handling); Prompt Pay; Unsatisfactory Settle/Offer","1"
"2026-07-01T00:00:00.000","Cust Srvc Policy Holder Srvcs; Delays (Policyholder Service); Delays (Underwriting); Refund Of Premium","1"
"2017-08-01T00:00:00.000","Premium Notice; Premium and Rating","1"
"2016-12-01T00:00:00.000","Use Of Clue Reports","1"
"2020-08-01T00:00:00.000","Assignment of Benefits","1"
"2013-09-01T00:00:00.000","Agent Handling; Refund Of Premium","1"
"2019-06-01T00:00:00.000","Cust Service Claim Handling; Prompt Pay; Unsatisfactory Settle/Offer","1"
"2018-01-01T00:00:00.000","Unauthorized Acts","3"
"2013-02-01T00:00:00.000","Denial Of Claim; Liability Dispute","3"
"2020-10-01T00:00:00.000","Cancellation; Delays (Underwriting); Non-Renewal","1"
"2015-09-01T00:00:00.000","Cust Service Claim Handling; Delays (Claims Handling); Other","1"
"2013-05-01T00:00:00.000","Delays (Claims Handling); Unsatisfactory Settle/Offer","12"
"2020-02-01T00:00:00.000","Premium and Rating; Use of Credit Reports","1"
"2017-05-01T00:00:00.000","Delays (Policyholder Service); Notice Requirements; Premium Notice; Premium and Rating","1"
"2026-05-01T00:00:00.000","Delays (Claims Handling)","6"
"2017-03-01T00:00:00.000","Delays (Policyholder Service); Premium Notice; Refund Of Premium","1"
"2021-06-01T00:00:00.000","Delays (Claims Handling); Denial Of Claim; Unsatisfactory Settle/Offer","4"
"2012-11-01T00:00:00.000","Agent Handling; Misrepresentation; Refund Of Premium","1"
"2015-11-01T00:00:00.000","Endorsement / Rider; Unsatisfactory Settle/Offer","1"
"2017-03-01T00:00:00.000","Cust Service Claim Handling; Denial Of Claim; Unsatisfactory Settle/Offer","1"
"2025-03-01T00:00:00.000","Endorsement / Rider; Policy Exclusion; Unsatisfactory Settle/Offer","1"
"2024-11-01T00:00:00.000","Cust Service Claim Handling; Delays (Claims Handling); Non-Renewal; Unsatisfactory Settle/Offer","1"
"2017-06-01T00:00:00.000","Cancellation; Delays (Policyholder Service); Refund Of Premium","1"
"2013-02-01T00:00:00.000","Delays (Claims Handling); Liability Dispute","1"
"2020-05-01T00:00:00.000","Delays (Claims Handling); Unsatisfactory Settle/Offer; Usual And Customary","1"
"2017-06-01T00:00:00.000","Unauthorized Acts","4"
"2025-01-01T00:00:00.000","Endorsement / Rider","1"
"2016-05-01T00:00:00.000","Cust Service Claim Handling; Delays (Claims Handling); Denial Of Claim","3"
"2017-04-01T00:00:00.000","Delays (Policyholder Service); Premium and Rating","2"
"2013-07-01T00:00:00.000","Cancellation; Premium Notice","1"
"2024-08-01T00:00:00.000","Refusal to Insure; Use Of Clue Reports","1"
"2013-03-01T00:00:00.000","Delays (Claims Handling); Denial Of Claim","3"
"2021-11-01T00:00:00.000","Denial Of Claim","18"
"2019-03-01T00:00:00.000","Cancellation","2"
"2026-04-01T00:00:00.000","Cust Service Claim Handling; Delays (Claims Handling); Prompt Pay; Unsatisfactory Settle/Offer","2"
"2015-10-01T00:00:00.000","Delays (Claims Handling); Denial Of Claim; Unsatisfactory Settle/Offer","1"
"2026-06-01T00:00:00.000","Cust Service Claim Handling; Delays (Claims Handling); Denial Of Claim","9"
"2025-07-01T00:00:00.000","Delays (Claims Handling); Policy Exclusion; Unsatisfactory Settle/Offer","1"
"2023-06-01T00:00:00.000","Delays (Policyholder Service); Premium and Rating; Refund Of Premium","1"
"2019-09-01T00:00:00.000","Delays (Policyholder Service); Premium Notice","1"
"2026-07-01T00:00:00.000","Misrepresentation","3"
"2025-05-01T00:00:00.000","Cust Service Claim Handling","19"
"2025-05-01T00:00:00.000","Delays (Claims Handling); Unsatisfactory Settle/Offer","25"
"2014-08-01T00:00:00.000","Cust Service Claim Handling; Delays (Claims Handling); Other; Unsatisfactory Settle/Offer","1"
"2018-07-01T00:00:00.000","Unsatisfactory Settle/Offer; Usual And Customary","1"
"2023-11-01T00:00:00.000","Cust Service Claim Handling; Delays (Claims Handling); Unsatisfactory Settle/Offer","34"
"2012-08-01T00:00:00.000","Cancellation","12"
"2015-07-01T00:00:00.000","Notice Requirements","1"
"2026-01-01T00:00:00.000","Delays (Policyholder Service)","2"
"2022-03-01T00:00:00.000","Balance Billing; Delays (Claims Handling)","1"
"2014-09-01T00:00:00.000","Delays (Claims Handling)","16"
"2012-08-01T00:00:00.000","Delays (Claims Handling); Unsatisfactory Settle/Offer","16"
"2012-07-01T00:00:00.000","Cancellation; Premium Notice","1"
"2025-12-01T00:00:00.000","Delays (Claims Handling); Unsatisfactory Settle/Offer","12"
"2018-09-01T00:00:00.000","Other; Refund Of Premium","1"
"2023-05-01T00:00:00.000","Delays (Policyholder Service); Premium and Rating","1"
"2013-08-01T00:00:00.000","Agent Handling; Conversion; Misrepresentation; Refund Of Premium","1"
"2020-12-01T00:00:00.000","Non-Renewal","1"
"2016-01-01T00:00:00.000","Unsatisfactory Settle/Offer","10"
"2023-01-01T00:00:00.000","Cust Service Claim Handling; Delays (Claims Handling); Refund Of Premium; Unsatisfactory Settle/Offer","1"
"2016-02-01T00:00:00.000","Agent Handling; Premium and Rating","1"
"2013-09-01T00:00:00.000","Agent Handling; Conversion; Refund Of Premium","1"
"2016-01-01T00:00:00.000","Delays (Policyholder Service); Unauthorized Acts","1"
"2023-07-01T00:00:00.000","Delays (Claims Handling)","46"
"2015-04-01T00:00:00.000","Delays (Claims Handling); Delays (Policyholder Service); Delays (Underwriting)","1"
"2021-07-01T00:00:00.000","Delays (Claims Handling); Denial Of Claim","4"
"2022-10-01T00:00:00.000","Unauthorized Acts","1"
"2019-03-01T00:00:00.000","Increased Dwelling Coverage; Premium and Rating; Unfair Discrimination","1"
"2017-04-01T00:00:00.000","Cust Service Claim Handling; Delays (Claims Handling); Unsatisfactory Settle/Offer","10"
"2019-09-01T00:00:00.000","Endorsement / Rider; Premium and Rating","2"
"2019-05-01T00:00:00.000","Cust Service Claim Handling; Denial Of Claim; Unsatisfactory Settle/Offer","3"
"2018-07-01T00:00:00.000","Unauthorized Acts","5"
"2025-09-01T00:00:00.000","Cust Service Claim Handling; Delays (Claims Handling); Denial Of Claim; Unfair Discrim-Clms Handling","2"
"2024-07-01T00:00:00.000","Cust Srvc Policy Holder Srvcs; Premium Notice","2"
"2022-07-01T00:00:00.000","Cust Service Claim Handling; Delays (Claims Handling); Unsatisfactory Settle/Offer","8"
"2019-07-01T00:00:00.000","Delays (Policyholder Service); Post-Claim Underwriting; Premium and Rating; Refund Of Premium","1"
"2021-07-01T00:00:00.000","Premium and Rating","7"
"2017-06-01T00:00:00.000","Cust Service Claim Handling; Delays (Claims Handling); Delays (Policyholder Service)","1"
"2025-02-01T00:00:00.000","Cust Service Claim Handling; Delays (Claims Handling); Non-Renewal; Unsatisfactory Settle/Offer","1"
"2024-06-01T00:00:00.000","Delays (Claims Handling); Unfair Discrim-Clms Handling","1"
"2016-12-01T00:00:00.000","Cancellation; Notice Requirements; Unsatisfactory Settle/Offer","1"
"2017-08-01T00:00:00.000","Cust Service Claim Handling; Delays (Underwriting); Unsatisfactory Settle/Offer","1"
"2013-09-01T00:00:00.000","Cancellation; Premium Notice","1"
"2026-01-01T00:00:00.000","Cancellation; Cust Srvc Policy Holder Srvcs; Refund Of Premium","2"
"2020-02-01T00:00:00.000","Cust Service Claim Handling; Delays (Claims Handling); Denial Of Claim","2"
"2025-04-01T00:00:00.000","Delays (Policyholder Service); Refund Of Premium","4"
"2024-10-01T00:00:00.000","Delays (Claims Handling)","14"
"2013-06-01T00:00:00.000","Agent Handling; Conversion; Unauthorized Acts; Unrecorded Documents","1"
"2020-10-01T00:00:00.000","Refund Of Premium","2"
"2025-03-01T00:00:00.000","Cust Srvc Policy Holder Srvcs; Delays (Policyholder Service); Denial Of Claim; Endorsement / Rider","1"
"2014-04-01T00:00:00.000","Other","4"
"2014-08-01T00:00:00.000","Liability Dispute; Unsatisfactory Settle/Offer","1"
"2022-02-01T00:00:00.000","Cust Service Claim Handling","5"
"2017-05-01T00:00:00.000","Cust Service Claim Handling; Delays (Claims Handling); Unsatisfactory Settle/Offer","13"
"2014-02-01T00:00:00.000","Agent Handling; Premium and Rating","1"
"2020-10-01T00:00:00.000","Endorsement / Rider; Premium and Rating; Unfair Discrimination","1"
"2026-03-01T00:00:00.000","Other","4"
"2021-12-01T00:00:00.000","Premium Notice; Premium and Rating","1"
"2012-07-01T00:00:00.000","Deficient Claim Notice; Denial Of Claim","1"
"2021-01-01T00:00:00.000","Other","4"
"2021-08-01T00:00:00.000","Premium and Rating","5"
"2013-09-01T00:00:00.000","Delays (Policyholder Service); Denial Of Claim","1"
"2024-12-01T00:00:00.000","Cust Service Claim Handling; Delays (Claims Handling); Non-Renewal; Refusal to Insure; Unsatisfactory Settle/Offer","1"
"2017-05-01T00:00:00.000","Cancellation","3"
"2013-07-01T00:00:00.000","Delays (Claims Handling)","22"
"2024-07-01T00:00:00.000","Cust Service Claim Handling; Unauthorized Acts","1"
"2017-11-01T00:00:00.000","Assignment of Benefits; Cust Service Claim Handling; Delays (Claims Handling)","1"
"2012-09-01T00:00:00.000","Denial Of Claim; Liability Dispute","1"
"2019-12-01T00:00:00.000","Use of Credit Reports","2"
"2025-02-01T00:00:00.000","Other","2"
"2021-08-01T00:00:00.000","Non-Renewal","2"
"2015-05-01T00:00:00.000","Cust Service Claim Handling; Delays (Claims Handling); Unfair Discrim-Clms Handling","1"
"2013-07-01T00:00:00.000","Premium and Rating; Refusal to Insure","1"
"2023-04-01T00:00:00.000","Conversion; Unauthorized Acts","1"
"2018-05-01T00:00:00.000","Delays (Claims Handling); Non-Renewal","1"
"2020-02-01T00:00:00.000","Delays (Policyholder Service); Refund Of Premium","1"
"2017-11-01T00:00:00.000","Agent Handling; Denial Of Claim","1"
"2026-05-01T00:00:00.000","Delays (Claims Handling); Prompt Pay","1"
"2021-03-01T00:00:00.000","Cust Service Claim Handling; Premium and Rating","1"
"2017-01-01T00:00:00.000","Agent Handling","16"
"2018-07-01T00:00:00.000","Delays (Policyholder Service); Refund Of Premium","2"
"2016-04-01T00:00:00.000","Use Of Clue Reports","1"
"2020-01-01T00:00:00.000","Cancellation; Delays (Policyholder Service); Refund Of Premium","2"
"2026-04-01T00:00:00.000","Cust Service Claim Handling; Policy Exclusion; Unsatisfactory Settle/Offer","3"
"2013-06-01T00:00:00.000","Agent Handling","14"
"2015-09-01T00:00:00.000","Other","2"
"2020-06-01T00:00:00.000","Denial Of Claim; Endorsement / Rider","1"
"2017-08-01T00:00:00.000","Refusal to Insure","1"
"2016-09-01T00:00:00.000","Delays (Claims Handling); Denial Of Claim","3"
"2025-10-01T00:00:00.000","Cancellation; Denial Of Claim","1"
"2019-01-01T00:00:00.000","Delays (Claims Handling); Unsatisfactory Settle/Offer","5"
"2024-02-01T00:00:00.000","Cust Service Claim Handling; Misrepresentation","1"
"2024-11-01T00:00:00.000","Delays (Claims Handling); Denial Of Claim; Unsatisfactory Settle/Offer","1"
"2016-02-01T00:00:00.000","Denial Of Claim; Non-Renewal","1"
"2025-05-01T00:00:00.000","Cust Service Claim Handling; Policy Exclusion; Unsatisfactory Settle/Offer","1"
"2017-03-01T00:00:00.000","Agent Handling; Delays (Policyholder Service)","1"
"2013-09-01T00:00:00.000","Delays (Policyholder Service); Not Within TDI Jurisdiction; Refund Of Premium","1"
"2026-07-01T00:00:00.000","Cust Service Claim Handling; Delays (Claims Handling); Prompt Pay","1"
"2025-02-01T00:00:00.000","Cancellation; Refund Of Premium","1"
"2023-04-01T00:00:00.000","Cust Service Claim Handling; Other","1"
"2021-12-01T00:00:00.000","Premium Notice; Refund Of Premium","1"
"2022-06-01T00:00:00.000","Cust Service Claim Handling; Delays (Claims Handling); Denial Of Claim","4"
"2025-02-01T00:00:00.000","Denial Of Claim; Unsatisfactory Settle/Offer","1"
"2025-01-01T00:00:00.000","Use of Credit Reports","1"
"2013-05-01T00:00:00.000","Delays (Policyholder Service)","8"
"2024-09-01T00:00:00.000","Delays (Claims Handling); Denial Of Claim","2"
"2016-07-01T00:00:00.000","Overcharges; Unauthorized Acts","1"
"2013-04-01T00:00:00.000","Cancellation; Refusal to Insure","1"
"2019-07-01T00:00:00.000","Cust Service Claim Handling; Delays (Claims Handling); Unsatisfactory Settle/Offer","14"
"2026-07-01T00:00:00.000","Cust Srvc Policy Holder Srvcs; Premium and Rating; Refund Of Premium","4"
"2020-09-01T00:00:00.000","Cancellation; Delays (Claims Handling); Denial Of Claim; Non-Renewal","1"
"2026-08-01T00:00:00.000","Denial Of Claim; Policy Exclusion","2"
"2018-05-01T00:00:00.000","Delays (Claims Handling); Denial Of Claim","1"
"2023-09-01T00:00:00.000","Delays (Policyholder Service)","13"
"2023-11-01T00:00:00.000","Cust Service Claim Handling; Denial Of Claim","13"
"2025-11-01T00:00:00.000","Other; Policy Exclusion","1"
"2023-01-01T00:00:00.000","Premium and Rating; Refund Of Premium","1"
"2017-10-01T00:00:00.000","Commissions","1"
"2017-09-01T00:00:00.000","Cust Service Claim Handling; Delays (Claims Handling); Disaster","1"
"2022-11-01T00:00:00.000","Non-Renewal","1"
"2015-04-01T00:00:00.000","Misrepresentation","1"
"2019-10-01T00:00:00.000","Non-Renewal","1"
"2016-02-01T00:00:00.000","Cancellation","3"
"2015-07-01T00:00:00.000","Cancellation","7"
"2026-02-01T00:00:00.000","Cust Srvc Policy Holder Srvcs; Delays (Underwriting); Refusal to Insure","1"
"2024-12-01T00:00:00.000","Other; Premium and Rating","1"
"2025-12-01T00:00:00.000","Cust Service Claim Handling; Delays (Claims Handling)","53"
"2024-03-01T00:00:00.000","Delays (Policyholder Service); Premium and Rating","1"
"2024-09-01T00:00:00.000","Cust Service Claim Handling; Unauthorized Acts","1"
"2017-11-01T00:00:00.000","Unsatisfactory Settle/Offer; Usual And Customary","1"
"2013-12-01T00:00:00.000","Denial Of Claim","37"
"2019-02-01T00:00:00.000","Delays (Policyholder Service); Premium and Rating","2"
"2019-01-01T00:00:00.000","Cust Service Claim Handling; Delays (Claims Handling); Denial Of Claim","2"
"2023-02-01T00:00:00.000","Non-Renewal","2"
"2024-04-01T00:00:00.000","Misrepresentation; Premium and Rating","1"
"2024-09-01T00:00:00.000","Cancellation; Cust Srvc Policy Holder Srvcs","2"
"2017-12-01T00:00:00.000","Premium and Rating","1"
"2025-04-01T00:00:00.000","Cust Service Claim Handling; Unfair Discrim-Clms Handling; Unsatisfactory Settle/Offer","2"
"2023-08-01T00:00:00.000","Delays (Policyholder Service); Use of Credit Reports","1"
"2025-01-01T00:00:00.000","Cancellation; Cust Service Claim Handling; Cust Srvc Policy Holder Srvcs; Denial Of Claim","1"
"2020-07-01T00:00:00.000","Conversion; Misrepresentation; Unauthorized Acts","1"
"2021-06-01T00:00:00.000","Cancellation; Denial Of Claim; Unsatisfactory Settle/Offer","1"
"2026-01-01T00:00:00.000","Cust Srvc Policy Holder Srvcs; Delays (Policyholder Service)","10"
"2014-02-01T00:00:00.000","Cancellation; Refund Of Premium","1"
"2024-08-01T00:00:00.000","Cust Service Claim Handling","3"
"2024-12-01T00:00:00.000","Cust Service Claim Handling; Premium and Rating; Refund Of Premium; Use Of Clue Reports","1"
"2018-03-01T00:00:00.000","Delays (Claims Handling); Notice Requirements; Unsatisfactory Settle/Offer","1"
"2025-10-01T00:00:00.000","Cust Service Claim Handling; Use Of Clue Reports","1"
"2014-11-01T00:00:00.000","Denial Of Claim; Premium and Rating","1"
"2026-07-01T00:00:00.000","Cancellation; Cust Srvc Policy Holder Srvcs; Refund Of Premium","3"
"2021-04-01T00:00:00.000","Cust Service Claim Handling; Unsatisfactory Settle/Offer","13"
"2025-04-01T00:00:00.000","Endorsement / Rider","1"
"2015-10-01T00:00:00.000","Cust Service Claim Handling","3"
"2023-06-01T00:00:00.000","Misrepresentation; Unsatisfactory Settle/Offer","1"
"2026-07-01T00:00:00.000","Cust Service Claim Handling; Delays (Claims Handling)","69"
"2020-05-01T00:00:00.000","Premium Notice; Premium and Rating; Refund Of Premium","2"
"2015-12-01T00:00:00.000","Cust Service Claim Handling; Delays (Claims Handling); Unfair Discrim-Clms Handling","1"
"2014-11-01T00:00:00.000","Use of Credit Reports","1"
"2014-04-01T00:00:00.000","Cancellation; Premium and Rating","2"
"2020-04-01T00:00:00.000","Unsatisfactory Settle/Offer; Usual And Customary","1"
"2025-04-01T00:00:00.000","Cust Service Claim Handling; Cust Srvc Policy Holder Srvcs; Use Of Clue Reports","1"
"2025-02-01T00:00:00.000","Closing","1"
"2017-08-01T00:00:00.000","Agent Handling","10"
"2024-03-01T00:00:00.000","Cust Service Claim Handling; Delays (Claims Handling)","68"
"2018-11-01T00:00:00.000","Agent Handling","6"
"2024-10-01T00:00:00.000","Cancellation; Refusal to Insure","1"
"2016-01-01T00:00:00.000","Cancellation; Delays (Policyholder Service); Refund Of Premium","5"
"2019-11-01T00:00:00.000","Cust Service Claim Handling; Delays (Claims Handling); Denial Of Claim; Unsatisfactory Settle/Offer","1"
"2018-12-01T00:00:00.000","Cust Service Claim Handling; Delays (Claims Handling); Denial Of Claim; Disaster","1"
"2018-04-01T00:00:00.000","Cust Service Claim Handling; Non-Renewal","1"
"2015-09-01T00:00:00.000","Cancellation; Delays (Policyholder Service); Refund Of Premium","1"
"2022-11-01T00:00:00.000","Cust Service Claim Handling; Delays (Claims Handling); Unsatisfactory Settle/Offer","19"
"2019-11-01T00:00:00.000","Delays (Policyholder Service); Notice Requirements; Refund Of Premium","1"
"2016-03-01T00:00:00.000","Agent Handling; Conversion; Delays (Policyholder Service); Refund Of Premium","1"
"2025-09-01T00:00:00.000","Cust Service Claim Handling; Delays (Claims Handling); Denial Of Claim; Non-Renewal","1"
"2017-08-01T00:00:00.000","Denial Of Claim; Unsatisfactory Settle/Offer","3"
"2014-10-01T00:00:00.000","Denial Of Claim; Unsatisfactory Settle/Offer","1"
"2023-05-01T00:00:00.000","Cust Service Claim Handling; Delays (Claims Handling); Unsatisfactory Settle/Offer","44"
"2013-05-01T00:00:00.000","Non-Renewal; Refund Of Premium","1"
"2013-06-01T00:00:00.000","Cancellation","16"
"2013-07-01T00:00:00.000","Denial Of Claim; Premium and Rating","1"
"2019-04-01T00:00:00.000","Cust Service Claim Handling","6"
"2017-06-01T00:00:00.000","Unfair Discrim-Clms Handling","1"
"2016-11-01T00:00:00.000","Cust Service Claim Handling; Delays (Policyholder Service)","1"
"2013-01-01T00:00:00.000","Cancellation","7"
"2019-12-01T00:00:00.000","Cust Service Claim Handling","3"
"2025-05-01T00:00:00.000","Cancellation","4"
"2023-11-01T00:00:00.000","Cancellation; Non-Renewal","1"
"2024-05-01T00:00:00.000","Cust Srvc Policy Holder Srvcs; Misrepresentation","1"
"2015-02-01T00:00:00.000","Delays (Policyholder Service); Increased Dwelling Coverage; Notice Requirements; Premium and Rating","1"
"2026-03-01T00:00:00.000","Cancellation; Cust Srvc Policy Holder Srvcs","3"
"2020-11-01T00:00:00.000","Cust Service Claim Handling; Delays (Claims Handling)","30"
"2019-06-01T00:00:00.000","Cust Service Claim Handling; Delays (Claims Handling); Denial Of Claim; Unsatisfactory Settle/Offer","1"
"2016-08-01T00:00:00.000","Denial Of Claim","36"
"2026-06-01T00:00:00.000","Cust Srvc Policy Holder Srvcs; Delays (Policyholder Service); Refund Of Premium","13"
"2019-02-01T00:00:00.000","Unsatisfactory Settle/Offer","5"
"2014-09-01T00:00:00.000","Cancellation; Delays (Underwriting); Refund Of Premium","2"
"2017-04-01T00:00:00.000","Delays (Claims Handling); Usual And Customary","1"
"2013-08-01T00:00:00.000","Cust Service Claim Handling; Denial Of Claim","3"
"2018-08-01T00:00:00.000","Other; Premium Notice","1"
"2021-02-01T00:00:00.000","Conversion","1"
"2025-10-01T00:00:00.000","Cust Service Claim Handling; Delays (Claims Handling); Denial Of Claim; Timely Filing Deficiency; Unsatisfactory Settle/Offer","1"
"2018-09-01T00:00:00.000","Cancellation; Non-Renewal; Unsatisfactory Settle/Offer","1"
"2026-02-01T00:00:00.000","Cust Srvc Policy Holder Srvcs; Misrepresentation; Unauthorized Acts","1"
"2026-05-01T00:00:00.000","Cust Service Claim Handling; Delays (Claims Handling)","51"
"2024-01-01T00:00:00.000","Delays (Policyholder Service)","13"
"2017-11-01T00:00:00.000","Non-Renewal; Post-Claim Underwriting","1"
"2026-04-01T00:00:00.000","Cust Service Claim Handling; Delays (Claims Handling)","43"
"2023-02-01T00:00:00.000","Cust Service Claim Handling; Delays (Claims Handling)","31"
"2016-05-01T00:00:00.000","Cancellation; Refund Of Premium","1"
"2026-07-01T00:00:00.000","Delays (Claims Handling); Denial Of Claim","2"
"2014-07-01T00:00:00.000","Endorsement / Rider","1"
"2018-05-01T00:00:00.000","Liability Dispute; Unsatisfactory Settle/Offer","1"
"2024-12-01T00:00:00.000","Delays (Claims Handling); Unsatisfactory Settle/Offer","8"
"2013-11-01T00:00:00.000","Cancellation; Non-Renewal","1"
"2017-10-01T00:00:00.000","Unsatisfactory Settle/Offer","18"
"2025-04-01T00:00:00.000","Cust Service Claim Handling; Delays (Claims Handling); Policy Exclusion; Unsatisfactory Settle/Offer","2"
"2015-03-01T00:00:00.000","Delays (Policyholder Service); Other","1"
"2017-11-01T00:00:00.000","Premium and Rating","2"
"2018-04-01T00:00:00.000","Cust Service Claim Handling; Post-Claim Underwriting","1"
"2024-04-01T00:00:00.000","Delays (Policyholder Service); Endorsement / Rider; Premium and Rating; Unsatisfactory Settle/Offer","1"
"2016-05-01T00:00:00.000","Cust Service Claim Handling; Delays (Claims Handling); Premium and Rating; Refund Of Premium; Unsatisfactory Settle/Offer","1"
"2025-07-01T00:00:00.000","Use Of Clue Reports","1"
"2019-02-01T00:00:00.000","Cust Service Claim Handling","5"
"2014-06-01T00:00:00.000","Delays (Policyholder Service)","11"
"2012-09-01T00:00:00.000","Delays (Claims Handling); Denial Of Claim; Unsatisfactory Settle/Offer","1"
"2017-04-01T00:00:00.000","Cust Service Claim Handling; Delays (Claims Handling); Denial Of Claim; Unsatisfactory Settle/Offer","1"
"2017-09-01T00:00:00.000","Cust Service Claim Handling; Delays (Claims Handling); Refund Of Premium","1"
"2021-02-01T00:00:00.000","Denial Of Claim","34"
"2026-02-01T00:00:00.000","Delays (Claims Handling)","1"
"2019-01-01T00:00:00.000","Misleading Advertising","1"
"2015-06-01T00:00:00.000","Cust Service Claim Handling; Delays (Claims Handling); Denial Of Claim; Other; Unsatisfactory Settle/Offer","1"
"2024-10-01T00:00:00.000","Cust Service Claim Handling; Delays (Claims Handling); Denial Of Claim; Unsatisfactory Settle/Offer","2"
"2022-04-01T00:00:00.000","Denial Of Claim; Premium and Rating","1"
"2016-05-01T00:00:00.000","Premium and Rating","9"
"2018-01-01T00:00:00.000","Cust Service Claim Handling; Endorsement / Rider; Unsatisfactory Settle/Offer","1"
"2020-05-01T00:00:00.000","Misleading Advertising; Misrepresentation; Premium and Rating; Unfair Discrimination","1"
"2025-12-01T00:00:00.000","Cust Service Claim Handling; Delays (Claims Handling); Endorsement / Rider; Policy Exclusion; Unsatisfactory Settle/Offer","1"
"2013-07-01T00:00:00.000","Cancellation","6"
"2026-01-01T00:00:00.000","Misrepresentation","2"
"2019-07-01T00:00:00.000","Cancellation; Delays (Underwriting); Refund Of Premium","1"
"2020-02-01T00:00:00.000","Misrepresentation","9"
"2013-03-01T00:00:00.000","Agent Handling; Delays (Claims Handling)","1"
"2015-03-01T00:00:00.000","Cancellation; Delays (Policyholder Service); Refund Of Premium","4"
"2018-11-01T00:00:00.000","Premium and Rating; Refund Of Premium","1"
"2016-06-01T00:00:00.000","Agent Handling; Misrepresentation","2"
"2019-02-01T00:00:00.000","Delays (Policyholder Service); Refund Of Premium","3"
"2016-10-01T00:00:00.000","Agent Handling; Other","2"
"2024-10-01T00:00:00.000","Cust Service Claim Handling; Unfair Discrim-Clms Handling; Unsatisfactory Settle/Offer","2"
"2017-03-01T00:00:00.000","Delays (Claims Handling); Unsatisfactory Settle/Offer","9"
"2021-04-01T00:00:00.000","Delays (Claims Handling); Unsatisfactory Settle/Offer","40"
"2024-11-01T00:00:00.000","Cust Service Claim Handling; Delays (Claims Handling); Unfair Discrim-Clms Handling","1"
"2023-12-01T00:00:00.000","Cust Service Claim Handling; Delays (Policyholder Service); Denial Of Claim","1"
"2025-06-01T00:00:00.000","Other","1"
"2017-04-01T00:00:00.000","Delays (Policyholder Service)","3"
"2016-09-01T00:00:00.000","Cust Service Claim Handling","3"
"2019-04-01T00:00:00.000","Agent Handling; Conversion","1"
"2026-01-01T00:00:00.000","Cust Srvc Policy Holder Srvcs; Non-Renewal","3"
"2025-12-01T00:00:00.000","Cust Service Claim Handling; Delays (Claims Handling); Unfair Discrim-Clms Handling; Unsatisfactory Settle/Offer","1"
"2023-06-01T00:00:00.000","Cust Service Claim Handling; Delays (Claims Handling); Delays (Policyholder Service)","1"
"2017-06-01T00:00:00.000","Cancellation","3"
"2019-05-01T00:00:00.000","Premium and Rating","7"
"2022-01-01T00:00:00.000","Cust Service Claim Handling; Refund Of Premium; Unsatisfactory Settle/Offer","1"
"2015-01-01T00:00:00.000","Cancellation; Non-Renewal; Unsatisfactory Settle/Offer","1"
"2025-01-01T00:00:00.000","Misrepresentation","12"
"2022-12-01T00:00:00.000","Endorsement / Rider; Premium and Rating","1"
"2024-07-01T00:00:00.000","Cust Srvc Policy Holder Srvcs; Premium and Rating","1"
"2025-07-01T00:00:00.000","Non-Renewal","6"
"2012-08-01T00:00:00.000","Delays (Underwriting); Denial Of Claim","1"
"2015-08-01T00:00:00.000","Agent Handling; Cancellation; Cust Service Claim Handling; Denial Of Claim","1"
"2024-09-01T00:00:00.000","Cust Srvc Policy Holder Srvcs; Delays (Policyholder Service); Premium and Rating","1"
"2019-11-01T00:00:00.000","Denial Of Claim; Premium and Rating","1"
"2012-08-01T00:00:00.000","Conversion; Refund Of Premium","1"
"2014-07-01T00:00:00.000","Agent Handling; Endorsement / Rider; Non-Disclosure Of Coverage; Premium and Rating; Refund Of Premium","1"
"2016-03-01T00:00:00.000","Denial Of Claim; Non-Renewal","3"
"2016-10-01T00:00:00.000","Cancellation; Delays (Policyholder Service); Refund Of Premium","1"
"2025-05-01T00:00:00.000","Endorsement / Rider; Unsatisfactory Settle/Offer","2"
"2015-05-01T00:00:00.000","Cancellation; Notice Requirements","1"
"2013-02-01T00:00:00.000","Unauthorized Acts","2"
"2026-01-01T00:00:00.000","Cancellation; Cust Srvc Policy Holder Srvcs; Delays (Policyholder Service); Delays (Underwriting); Refund Of Premium","1"
"2024-10-01T00:00:00.000","Cust Srvc Policy Holder Srvcs; Misrepresentation; Premium and Rating","1"
"2018-06-01T00:00:00.000","Cust Service Claim Handling; Endorsement / Rider; Unsatisfactory Settle/Offer","1"
"2014-09-01T00:00:00.000","Misleading Advertising","1"
"2021-08-01T00:00:00.000","Other; Refund Of Premium","1"
"2013-12-01T00:00:00.000","Other; Premium and Rating","1"
"2023-12-01T00:00:00.000","Cust Service Claim Handling; Unsatisfactory Settle/Offer","26"
"2020-05-01T00:00:00.000","Delays (Claims Handling)","7"
"2012-11-01T00:00:00.000","Non-Disclosure Of Coverage","1"
"2025-08-01T00:00:00.000","Cust Service Claim Handling; Denial Of Claim; Non-Renewal","1"
"2017-02-01T00:00:00.000","Misrepresentation; Unauthorized Acts","1"
"2018-02-01T00:00:00.000","Refusal to Insure","1"
"2017-04-01T00:00:00.000","Endorsement / Rider","1"
"2014-05-01T00:00:00.000","Premium and Rating; Unsatisfactory Settle/Offer","2"
"2013-03-01T00:00:00.000","Delays (Claims Handling); Liability Dispute","1"
"2025-09-01T00:00:00.000","Misrepresentation; Unsatisfactory Settle/Offer","2"
"2024-07-01T00:00:00.000","Cust Service Claim Handling; Use Of Clue Reports","2"
"2021-12-01T00:00:00.000","Cancellation; Premium and Rating","3"
"2018-01-01T00:00:00.000","Premium and Rating","4"
"2016-05-01T00:00:00.000","Agent Handling; Cancellation","3"
"2024-03-01T00:00:00.000","Non-Renewal; Premium and Rating","1"
"2019-07-01T00:00:00.000","Delays (Claims Handling); Denial Of Claim","1"
"2013-09-01T00:00:00.000","Unauthorized Acts","5"
"2026-05-01T00:00:00.000","Cust Srvc Policy Holder Srvcs; Endorsement / Rider; Unsatisfactory Settle/Offer","1"
"2025-07-01T00:00:00.000","Cust Service Claim Handling; Non-Renewal; Post-Claim Underwriting; Premium and Rating; Unsatisfactory Settle/Offer","1"
"2023-10-01T00:00:00.000","Delays (Claims Handling); Denial Of Claim","1"
"2016-04-01T00:00:00.000","Delays (Policyholder Service); Premium Notice","1"
"2024-07-01T00:00:00.000","Non-Renewal","6"
"2017-10-01T00:00:00.000","Cust Service Claim Handling; Premium Notice; Premium and Rating","1"
"2024-09-01T00:00:00.000","Delays (Claims Handling); Unsatisfactory Settle/Offer","20"
"2016-04-01T00:00:00.000","Cancellation; Refusal to Insure","2"
"2024-03-01T00:00:00.000","Cust Service Claim Handling; Unsatisfactory Settle/Offer","18"
"2025-02-01T00:00:00.000","Cust Service Claim Handling; Delays (Claims Handling); Denial Of Claim","10"
"2026-03-01T00:00:00.000","Premium and Rating; Refusal to Insure; Unfair Discrimination","1"
"2015-09-01T00:00:00.000","Cust Service Claim Handling; Unsatisfactory Settle/Offer","5"
"2013-08-01T00:00:00.000","Premium and Rating","20"
"2024-07-01T00:00:00.000","Cust Service Claim Handling; Denial Of Claim; Liability Dispute","1"
"2015-06-01T00:00:00.000","Liability Limits Increased","1"
"2017-04-01T00:00:00.000","Agent Handling; Identification Card Issue; Misrepresentation; Refund Of Premium","1"
"2016-05-01T00:00:00.000","Delays (Policyholder Service); Denial Of Claim; Refund Of Premium","1"
"2013-04-01T00:00:00.000","Increased Dwelling Coverage; Unsatisfactory Settle/Offer","1"
"2021-05-01T00:00:00.000","Denial Of Claim; Unsatisfactory Settle/Offer","10"
"2023-10-01T00:00:00.000","Cust Service Claim Handling; Delays (Claims Handling); Unsatisfactory Settle/Offer","29"
"2025-07-01T00:00:00.000","Cust Service Claim Handling; Denial Of Claim; Insurer Fraud; Unsatisfactory Settle/Offer","1"
"2016-02-01T00:00:00.000","Agent Handling","3"
"2016-11-01T00:00:00.000","Delays (Claims Handling); Unsatisfactory Settle/Offer","7"
"2024-07-01T00:00:00.000","Denial Of Claim; Liability Dispute","1"
"2017-07-01T00:00:00.000","Cust Service Claim Handling; Delays (Policyholder Service)","1"
"2026-01-01T00:00:00.000","Premium and Rating","8"
"2026-07-01T00:00:00.000","Cust Service Claim Handling; Delays (Claims Handling); Prompt Pay; Unsatisfactory Settle/Offer","1"
"2014-09-01T00:00:00.000","Agent Handling","17"
"2016-05-01T00:00:00.000","Non-Renewal; Use Of Clue Reports","1"
"2017-12-01T00:00:00.000","Unauthorized Acts","1"
"2026-02-01T00:00:00.000","Cust Srvc Policy Holder Srvcs; Delays (Policyholder Service)","8"
"2022-10-01T00:00:00.000","Delays (Claims Handling); Unsatisfactory Settle/Offer","31"
"2025-10-01T00:00:00.000","Cust Service Claim Handling; Policy Exclusion; Unsatisfactory Settle/Offer","1"
"2024-04-01T00:00:00.000","Cancellation","5"
"2017-10-01T00:00:00.000","Cust Service Claim Handling; Delays (Claims Handling); Disaster","1"
"2023-01-01T00:00:00.000","Cancellation; Refusal to Insure","1"
"2018-10-01T00:00:00.000","Notice Requirements; Premium Notice","1"
"2015-11-01T00:00:00.000","Agent Handling; Unauthorized Acts","2"
"2022-03-01T00:00:00.000","Delays (Policyholder Service); Delays (Underwriting)","2"
"2013-12-01T00:00:00.000","Agent Handling; Premium Notice; Refund Of Premium","1"
"2022-04-01T00:00:00.000","Denial Of Claim; Unsatisfactory Settle/Offer","4"
"2015-08-01T00:00:00.000","Cancellation; Delays (Claims Handling)","1"
"2020-03-01T00:00:00.000","Cust Service Claim Handling; Delays (Claims Handling); Denial Of Claim; Unsatisfactory Settle/Offer","3"
"2013-04-01T00:00:00.000","Improper Inducements","3"
"2023-02-01T00:00:00.000","Misrepresentation","12"
"2025-11-01T00:00:00.000","Cust Srvc Policy Holder Srvcs; Unsatisfactory Settle/Offer","1"
"2012-06-01T00:00:00.000","Agent Handling; Cancellation","1"
"2014-09-01T00:00:00.000","Cancellation; Delays (Claims Handling); Premium and Rating","2"
"2024-04-01T00:00:00.000","Cancellation; Delays (Policyholder Service); Denial Of Claim; Premium Notice","1"
"2015-11-01T00:00:00.000","Delays (Policyholder Service); Other","1"
"2016-06-01T00:00:00.000","Premium and Rating","7"
"2012-06-01T00:00:00.000","Excessive Rates; Premium and Rating","2"
"2021-07-01T00:00:00.000","Delays (Claims Handling); Premium and Rating; Unsatisfactory Settle/Offer","2"
"2018-07-01T00:00:00.000","Cust Service Claim Handling; Delays (Claims Handling); Denial Of Claim; Unsatisfactory Settle/Offer","1"
"2022-04-01T00:00:00.000","Unsatisfactory Settle/Offer","39"
"2017-06-01T00:00:00.000","Agent Handling","12"
"2016-08-01T00:00:00.000","Cust Service Claim Handling; Delays (Claims Handling); Unsatisfactory Settle/Offer; Usual And Customary","1"
"2020-03-01T00:00:00.000","Cancellation; Premium and Rating","1"
"2017-03-01T00:00:00.000","Denial Of Claim; Premium and Rating","1"
"2013-01-01T00:00:00.000","Delays (Underwriting)","1"
"2024-04-01T00:00:00.000","Cust Srvc Policy Holder Srvcs; Other","1"
"2025-02-01T00:00:00.000","Delays (Policyholder Service); Refund Of Premium","3"
"2014-10-01T00:00:00.000","Agent Handling; Other; Premium and Rating","1"
"2017-11-01T00:00:00.000","Unfair Discrim-Clms Handling","1"
"2025-06-01T00:00:00.000","Cust Service Claim Handling","17"
"2026-03-01T00:00:00.000","Cust Service Claim Handling; Delays (Claims Handling); Denial Of Claim; Unsatisfactory Settle/Offer","1"
"2023-06-01T00:00:00.000","Delays (Claims Handling); Notice Requirements","1"
"2023-10-01T00:00:00.000","Cancellation; Delays (Policyholder Service); Delays (Underwriting); Refund Of Premium","1"
"2024-11-01T00:00:00.000","Cust Service Claim Handling; Denial Of Claim","19"
"2013-09-01T00:00:00.000","Cancellation","10"
"2013-08-01T00:00:00.000","Premium Notice; Premium and Rating","1"
"2015-08-01T00:00:00.000","Misleading Advertising","1"
"2020-04-01T00:00:00.000","Cust Service Claim Handling; Delays (Claims Handling); Denial Of Claim","3"
"2018-06-01T00:00:00.000","Cancellation; Refund Of Premium","1"
"2020-12-01T00:00:00.000","Cust Service Claim Handling; Delays (Claims Handling)","29"
"2026-05-01T00:00:00.000","Cust Service Claim Handling; Denial Of Claim","17"
"2015-06-01T00:00:00.000","Denial Of Claim; Premium Notice","2"
"2017-10-01T00:00:00.000","Cancellation; Delays (Policyholder Service); Refund Of Premium","2"
"2012-09-01T00:00:00.000","Insurer Fraud","1"
"2025-05-01T00:00:00.000","Cust Service Claim Handling; Unauthorized Acts","1"
"2024-06-01T00:00:00.000","Delays (Claims Handling)","15"
"2025-08-01T00:00:00.000","Cust Srvc Policy Holder Srvcs; Delays (Policyholder Service); Delays (Underwriting)","1"
"2014-12-01T00:00:00.000","Delays (Policyholder Service); Other; Refund Of Premium","1"
"2017-10-01T00:00:00.000","Delays (Policyholder Service); Premium Notice","1"
"2022-04-01T00:00:00.000","Cancellation","1"
"2019-01-01T00:00:00.000","Premium and Rating","7"
"2013-10-01T00:00:00.000","Denial Of Claim; Liability Dispute","2"
"2026-08-01T00:00:00.000","Cust Service Claim Handling; Cust Srvc Policy Holder Srvcs; Denial Of Claim; Policy Exclusion","1"
"2022-06-01T00:00:00.000","Refusal to Insure; Use of Credit Reports","1"
"2024-05-01T00:00:00.000","Endorsement / Rider; Unsatisfactory Settle/Offer","1"
"2018-12-01T00:00:00.000","Other","1"
"2026-05-01T00:00:00.000","Cancellation; Endorsement / Rider","1"
"2025-07-01T00:00:00.000","Cust Srvc Policy Holder Srvcs; Delays (Policyholder Service); Non-Renewal","2"
"2017-01-01T00:00:00.000","Other","2"
"2024-01-01T00:00:00.000","Cust Service Claim Handling; Refund Of Premium","1"
"2020-11-01T00:00:00.000","Delays (Policyholder Service); Refund Of Premium","3"
"2025-09-01T00:00:00.000","Delays (Claims Handling)","3"
"2021-01-01T00:00:00.000","Cust Service Claim Handling; Endorsement / Rider; Unsatisfactory Settle/Offer","1"
"2017-01-01T00:00:00.000","Agent Handling; Denial Of Claim","1"
"2026-08-01T00:00:00.000","Cust Service Claim Handling; Delays (Claims Handling); Denial Of Claim","11"
"2014-04-01T00:00:00.000","Denial Of Claim; Non-Renewal","2"
"2026-07-01T00:00:00.000","Cust Srvc Policy Holder Srvcs; Delays (Underwriting); Refund Of Premium","1"
"2013-07-01T00:00:00.000","Cust Service Claim Handling; Delays (Policyholder Service)","1"
"2021-01-01T00:00:00.000","Cust Service Claim Handling; Delays (Claims Handling); Delays (Policyholder Service)","1"
"2012-07-01T00:00:00.000","Agent Handling","13"
"2013-10-01T00:00:00.000","Delays (Policyholder Service); Refund Of Premium","4"
"2024-09-01T00:00:00.000","Denial Of Claim; Refund Of Premium","2"
"2024-05-01T00:00:00.000","Misrepresentation","13"
"2023-11-01T00:00:00.000","Non-Renewal; Refund Of Premium","1"
"2017-06-01T00:00:00.000","Cancellation; Refund Of Premium","1"
"2012-07-01T00:00:00.000","Cancellation","4"
"2024-09-01T00:00:00.000","Cust Srvc Policy Holder Srvcs; Delays (Policyholder Service); Denial Of Claim; Endorsement / Rider; Premium and Rating","1"
"2020-02-01T00:00:00.000","Denial Of Claim; Non-Renewal","1"
"2018-03-01T00:00:00.000","License Application; Unauthorized Acts","1"
"2016-10-01T00:00:00.000","Increased Dwelling Coverage; Premium and Rating; Refund Of Premium","1"
"2023-11-01T00:00:00.000","Unsatisfactory Settle/Offer","34"
"2020-07-01T00:00:00.000","Endorsement / Rider; Unsatisfactory Settle/Offer","1"
"2015-07-01T00:00:00.000","Agent Handling; Delays (Policyholder Service)","3"
"2019-09-01T00:00:00.000","Misrepresentation; Premium and Rating","1"
"2014-04-01T00:00:00.000","Cust Service Claim Handling","2"
"2017-09-01T00:00:00.000","Delays (Claims Handling); Denial Of Claim","4"
"2026-03-01T00:00:00.000","Cust Service Claim Handling; Cust Srvc Policy Holder Srvcs; Delays (Claims Handling); Delays (Policyholder Service); Unsatisfactory Settle/Offer","1"
"2025-12-01T00:00:00.000","Endorsement / Rider; Refund Of Premium","1"
"2026-04-01T00:00:00.000","Cust Srvc Policy Holder Srvcs; Misrepresentation; Unauthorized Acts","1"
"2017-02-01T00:00:00.000","Cust Service Claim Handling","3"
"2026-01-01T00:00:00.000","Cancellation; Premium Notice; Premium and Rating","1"
"2015-02-01T00:00:00.000","Cancellation","2"
"2014-04-01T00:00:00.000","Excessive Rates; Premium and Rating","2"
"2026-09-01T00:00:00.000","Cancellation; Cust Srvc Policy Holder Srvcs; Delays (Policyholder Service); Denial Of Claim","1"
"2026-07-01T00:00:00.000","Unauthorized Acts","2"
"2026-08-01T00:00:00.000","Cust Srvc Policy Holder Srvcs; Refund Of Premium","10"
"2020-08-01T00:00:00.000","Delays (Policyholder Service); Premium and Rating","1"
"2014-09-01T00:00:00.000","Other","4"
"2025-06-01T00:00:00.000","Cust Srvc Policy Holder Srvcs; Refund Of Premium","8"
"2013-12-01T00:00:00.000","Agent Handling; Other","1"
"2019-12-01T00:00:00.000","Cancellation; Refund Of Premium","1"
"2017-01-01T00:00:00.000","Delays (Claims Handling); Denial Of Claim; Unsatisfactory Settle/Offer","1"
"2026-07-01T00:00:00.000","Cust Srvc Policy Holder Srvcs; Delays (Policyholder Service); Unauthorized Acts","1"
"2023-03-01T00:00:00.000","Denial Of Claim; Misrepresentation; Refund Of Premium","1"
"2020-08-01T00:00:00.000","Cust Service Claim Handling; Delays (Claims Handling); Endorsement / Rider","1"
"2023-01-01T00:00:00.000","Delays (Underwriting); Refund Of Premium","1"
"2026-04-01T00:00:00.000","Delays (Claims Handling)","7"
"2020-02-01T00:00:00.000","Conversion; Unauthorized Acts","1"
"2016-09-01T00:00:00.000","Cancellation; Denial Of Claim; Notice Requirements","1"
"2015-01-01T00:00:00.000","Delays (Underwriting)","1"
"2014-10-01T00:00:00.000","Cust Service Claim Handling; Non-Renewal","1"
"2021-01-01T00:00:00.000","Cust Service Claim Handling; Delays (Claims Handling); Refund Of Premium","1"
"2014-07-01T00:00:00.000","Cancellation; Refusal to Insure","1"
"2020-12-01T00:00:00.000","Unauthorized Acts","1"
"2015-10-01T00:00:00.000","Unsatisfactory Settle/Offer","7"
"2025-08-01T00:00:00.000","Cust Service Claim Handling; Cust Srvc Policy Holder Srvcs; Delays (Claims Handling); Endorsement / Rider; Unsatisfactory Settle/Offer","1"
"2020-12-01T00:00:00.000","Cust Service Claim Handling; Delays (Claims Handling); Unsatisfactory Settle/Offer","47"
"2012-08-01T00:00:00.000","Cancellation; Unfair Discrimination","1"
"2017-01-01T00:00:00.000","Cancellation; Cust Service Claim Handling; Delays (Claims Handling); Denial Of Claim","1"
"2017-10-01T00:00:00.000","Other","1"
"2015-12-01T00:00:00.000","Unfair Discrim-Clms Handling; Unsatisfactory Settle/Offer","1"
"2025-05-01T00:00:00.000","Misleading Advertising","1"
"2023-01-01T00:00:00.000","Use Of Clue Reports","1"
"2022-11-01T00:00:00.000","Misrepresentation","4"
"2025-09-01T00:00:00.000","Cust Service Claim Handling","10"
"2015-04-01T00:00:00.000","Cancellation; Premium and Rating; Refund Of Premium","1"
"2021-09-01T00:00:00.000","Delays (Claims Handling)","34"
"2025-02-01T00:00:00.000","Non-Renewal; Premium and Rating; Use Of Clue Reports","1"
"2024-08-01T00:00:00.000","Cust Service Claim Handling; Delays (Claims Handling); Misrepresentation","2"
"2024-12-01T00:00:00.000","Cust Srvc Policy Holder Srvcs; Denial Of Claim; Refund Of Premium","1"
"2026-01-01T00:00:00.000","Delays (Claims Handling); Unsatisfactory Settle/Offer","4"
"2021-01-01T00:00:00.000","Premium and Rating; Refund Of Premium","2"
"2018-04-01T00:00:00.000","Cust Service Claim Handling; Delays (Claims Handling); Unsatisfactory Settle/Offer; Usual And Customary","1"
"2018-12-01T00:00:00.000","Cust Service Claim Handling; Non-Renewal","1"
"2019-12-01T00:00:00.000","Cust Service Claim Handling; Unsatisfactory Settle/Offer","6"
"2025-04-01T00:00:00.000","Cust Srvc Policy Holder Srvcs; Refund Of Premium","8"
"2021-11-01T00:00:00.000","Unfair Discrimination","1"
"2025-11-01T00:00:00.000","Cust Service Claim Handling; Delays (Claims Handling); Prompt Pay; Unsatisfactory Settle/Offer","1"
"2019-04-01T00:00:00.000","Premium and Rating","4"
"2016-06-01T00:00:00.000","Cust Service Claim Handling; Delays (Claims Handling); Denial Of Claim; Unsatisfactory Settle/Offer","1"
"2012-10-01T00:00:00.000","Misrepresentation","2"
"2016-06-01T00:00:00.000","Cust Service Claim Handling","3"
"2023-03-01T00:00:00.000","Cust Service Claim Handling; Delays (Claims Handling); Denial Of Claim; Non-Renewal","1"
"2017-06-01T00:00:00.000","Premium and Rating","5"
"2015-04-01T00:00:00.000","Agent Handling","8"
"2023-12-01T00:00:00.000","Premium and Rating; Refund Of Premium","1"
"2020-11-01T00:00:00.000","Cancellation","5"
"2020-07-01T00:00:00.000","Cancellation; Refund Of Premium","8"
"2017-12-01T00:00:00.000","Delays (Policyholder Service)","3"
"2013-03-01T00:00:00.000","Delays (Policyholder Service); Unsatisfactory Settle/Offer","1"
"2017-05-01T00:00:00.000","Cust Service Claim Handling; Unfair Discrim-Clms Handling","1"
"2025-02-01T00:00:00.000","Cust Service Claim Handling; Delays (Claims Handling); Policy Exclusion; Unsatisfactory Settle/Offer","1"
"2014-02-01T00:00:00.000","Conversion","1"
"2012-09-01T00:00:00.000","Denial Of Claim; Unsatisfactory Settle/Offer","1"
"2019-08-01T00:00:00.000","Cust Service Claim Handling; Delays (Claims Handling); Insurer Fraud","1"
"2022-02-01T00:00:00.000","Non-Renewal; Refund Of Premium","1"
"2022-12-01T00:00:00.000","Cancellation; Cust Service Claim Handling; Delays (Claims Handling)","1"
"2019-11-01T00:00:00.000","Cancellation; Misrepresentation","2"
"2015-07-01T00:00:00.000","Cust Service Claim Handling; Denial Of Claim","4"
"2019-12-01T00:00:00.000","Cancellation","8"
"2023-02-01T00:00:00.000","Cust Srvc Policy Holder Srvcs; Misrepresentation; Premium and Rating","1"
"2016-01-01T00:00:00.000","Delays (Policyholder Service)","2"
"2014-03-01T00:00:00.000","Not Within TDI Jurisdiction","2"
"2024-09-01T00:00:00.000","Cancellation; Cust Service Claim Handling; Unsatisfactory Settle/Offer","1"
"2022-03-01T00:00:00.000","Commissions","1"
"2016-01-01T00:00:00.000","Cust Service Claim Handling; Unauthorized Acts","1"
"2026-02-01T00:00:00.000","Cancellation; Delays (Policyholder Service)","1"
"2019-09-01T00:00:00.000","Delays (Claims Handling)","8"
"2021-06-01T00:00:00.000","Other; Premium Notice","1"
"2024-01-01T00:00:00.000","Unauthorized Acts","4"
"2024-07-01T00:00:00.000","Cust Service Claim Handling; Denial Of Claim; Unfair Discrim-Clms Handling","1"
"2018-04-01T00:00:00.000","Cust Service Claim Handling; Delays (Claims Handling); Denial Of Claim","2"
"2026-07-01T00:00:00.000","Cust Srvc Policy Holder Srvcs; Endorsement / Rider; Unsatisfactory Settle/Offer","1"
"2017-05-01T00:00:00.000","Duplication of Coverage","1"
"2019-01-01T00:00:00.000","Usual And Customary","1"
"2019-11-01T00:00:00.000","Post-Claim Underwriting","1"
"2018-09-01T00:00:00.000","Denial Of Claim; Unsatisfactory Settle/Offer","1"
"2015-07-01T00:00:00.000","Refusal to Insure","3"
"2025-10-01T00:00:00.000","Cancellation; Premium and Rating","1"
"2021-10-01T00:00:00.000","Unauthorized Acts","1"
"2019-10-01T00:00:00.000","Unauthorized Acts","1"
"2013-09-01T00:00:00.000","Excessive Rates; Premium and Rating","5"
"2017-08-01T00:00:00.000","Denial Of Claim; Endorsement / Rider","1"
"2026-04-01T00:00:00.000","Cust Service Claim Handling; Delays (Claims Handling); Denial Of Claim","11"
"2013-11-01T00:00:00.000","Delays (Claims Handling); Liability Dispute","1"
"2019-08-01T00:00:00.000","Cust Service Claim Handling","8"
"2021-10-01T00:00:00.000","Denial Of Claim; Refund Of Premium","1"
"2025-02-01T00:00:00.000","Delays (Underwriting); Premium and Rating","1"
"2016-10-01T00:00:00.000","Delays (Policyholder Service); Premium Notice; Premium and Rating","1"
"2024-04-01T00:00:00.000","Delays (Policyholder Service); Misrepresentation","1"
"2015-03-01T00:00:00.000","Agent Handling; Misrepresentation; Premium and Rating; Refund Of Premium","1"
"2019-12-01T00:00:00.000","Premium and Rating","2"
"2020-05-01T00:00:00.000","Premium and Rating","15"
"2018-12-01T00:00:00.000","Cust Service Claim Handling; Unsatisfactory Settle/Offer","6"
"2022-07-01T00:00:00.000","Unsatisfactory Settle/Offer","38"
"2025-04-01T00:00:00.000","Cancellation; Cust Srvc Policy Holder Srvcs","4"
"2024-03-01T00:00:00.000","Delays (Underwriting); Refund Of Premium","1"
"2015-08-01T00:00:00.000","Cust Service Claim Handling; Unsatisfactory Settle/Offer","6"
"2021-09-01T00:00:00.000","Cust Service Claim Handling; Delays (Claims Handling); Unsatisfactory Settle/Offer","33"
"2019-10-01T00:00:00.000","Delays (Claims Handling); Denial Of Claim; Unsatisfactory Settle/Offer","1"
"2014-11-01T00:00:00.000","Cust Service Claim Handling","1"
"2020-07-01T00:00:00.000","Cancellation; Endorsement / Rider; Refund Of Premium","1"
"2024-05-01T00:00:00.000","Cust Srvc Policy Holder Srvcs; Refund Of Premium","2"
"2014-06-01T00:00:00.000","Delays (Policyholder Service); Delays (Underwriting); Not Within TDI Jurisdiction; Other","1"
"2013-04-01T00:00:00.000","Other","5"
"2013-03-01T00:00:00.000","Premium Notice","1"
"2015-02-01T00:00:00.000","Unauthorized Acts","5"
"2023-10-01T00:00:00.000","Premium and Rating; Refund Of Premium","1"
"2024-07-01T00:00:00.000","Denial Of Claim","22"
"2019-05-01T00:00:00.000","Other","1"
"2026-04-01T00:00:00.000","Cancellation; Delays (Policyholder Service)","3"
"2022-12-01T00:00:00.000","Commissions; Unauthorized Acts","2"
"2020-02-01T00:00:00.000","Conversion; Delays (Claims Handling); Misrepresentation; Refund Of Premium","1"
"2021-01-01T00:00:00.000","Delays (Claims Handling); Unsatisfactory Settle/Offer","1"
"2018-06-01T00:00:00.000","Cancellation; Delays (Policyholder Service); Premium Notice","1"
"2015-10-01T00:00:00.000","Delays (Policyholder Service); Increased Dwelling Coverage","1"
"2012-11-01T00:00:00.000","Cancellation","5"
"2017-08-01T00:00:00.000","Other","2"
"2024-08-01T00:00:00.000","Cancellation; Premium Notice","1"
"2024-05-01T00:00:00.000","Delays (Policyholder Service); Refund Of Premium","6"
"2014-12-01T00:00:00.000","Delays (Claims Handling); Denial Of Claim","1"
"2018-01-01T00:00:00.000","Cust Service Claim Handling; Denial Of Claim; Post-Claim Underwriting","1"
"2024-11-01T00:00:00.000","Cust Srvc Policy Holder Srvcs; Delays (Policyholder Service); Premium and Rating","1"
"2026-02-01T00:00:00.000","Cancellation; Premium and Rating; Refund Of Premium; Refusal to Insure","1"
"2019-12-01T00:00:00.000","Cust Service Claim Handling; Delays (Claims Handling); Unsatisfactory Settle/Offer","12"
"2023-07-01T00:00:00.000","Not Within TDI Jurisdiction","1"
"2014-02-01T00:00:00.000","Agent Handling; Delays (Policyholder Service); Other","1"
"2025-11-01T00:00:00.000","Cust Srvc Policy Holder Srvcs; Non-Renewal; Unsatisfactory Settle/Offer","1"
"2016-02-01T00:00:00.000","Assignment of Benefits","1"
"2021-10-01T00:00:00.000","Other","7"
"2022-11-01T00:00:00.000","Premium Notice; Premium and Rating","2"
"2015-03-01T00:00:00.000","Agent Handling","11"
"2025-08-01T00:00:00.000","Cust Service Claim Handling; Delays (Claims Handling); Denial Of Claim; Unsatisfactory Settle/Offer","2"
"2013-12-01T00:00:00.000","Denial Of Claim; Unsatisfactory Settle/Offer","1"
"2015-06-01T00:00:00.000","Misleading Advertising","1"
"2026-07-01T00:00:00.000","Cancellation; Cust Service Claim Handling; Unsatisfactory Settle/Offer","1"
"2020-03-01T00:00:00.000","Delays (Policyholder Service)","3"
"2026-09-01T00:00:00.000","Cust Srvc Policy Holder Srvcs; Premium and Rating; Use Of Clue Reports","1"
"2024-01-01T00:00:00.000","Cancellation; Premium and Rating","1"
"2019-11-01T00:00:00.000","Cancellation; Delays (Underwriting); Duplication of Coverage; Refund Of Premium","1"
"2012-09-01T00:00:00.000","Use Of Clue Reports","1"
"2017-07-01T00:00:00.000","Delays (Claims Handling); Denial Of Claim; Unsatisfactory Settle/Offer","1"
"2013-02-01T00:00:00.000","Cancellation; Non-Renewal","1"
"2013-08-01T00:00:00.000","Delays (Policyholder Service)","9"
"2014-09-01T00:00:00.000","Premium and Rating","17"
"2012-06-01T00:00:00.000","Denial Of Claim","31"
"2015-01-01T00:00:00.000","Cancellation; Denial Of Claim","2"
"2019-11-01T00:00:00.000","Cust Service Claim Handling; Delays (Claims Handling); Denial Of Claim","4"
"2016-02-01T00:00:00.000","Denial Of Claim","23"
"2025-04-01T00:00:00.000","Cust Srvc Policy Holder Srvcs","22"
"2016-06-01T00:00:00.000","Cancellation","6"
"2025-02-01T00:00:00.000","Cancellation; Unsatisfactory Settle/Offer","1"
"2023-11-01T00:00:00.000","Unsatisfactory Settle/Offer; Use Of Clue Reports","1"
"2025-06-01T00:00:00.000","Cust Srvc Policy Holder Srvcs; Premium Notice; Unsatisfactory Settle/Offer","1"
"2013-04-01T00:00:00.000","Refund Of Premium","17"
"2017-02-01T00:00:00.000","Agent Handling; Delays (Claims Handling); Denial Of Claim; Misrepresentation","1"
"2022-07-01T00:00:00.000","Cancellation; Premium and Rating","1"
"2022-05-01T00:00:00.000","Cust Service Claim Handling; Delays (Claims Handling); Denial Of Claim; Unsatisfactory Settle/Offer","1"
"2025-12-01T00:00:00.000","Cust Service Claim Handling; Unsatisfactory Settle/Offer","35"
"2017-03-01T00:00:00.000","Cancellation; Notice Requirements","1"
"2022-02-01T00:00:00.000","Delays (Claims Handling); Denial Of Claim; Unsatisfactory Settle/Offer","7"
"2012-05-01T00:00:00.000","Cust Service Claim Handling; Delays (Claims Handling)","1"
"2025-05-01T00:00:00.000","Cust Service Claim Handling; Denial Of Claim","18"
"2016-04-01T00:00:00.000","Cancellation; Delays (Underwriting); Endorsement / Rider; Other; Refund Of Premium","1"
"2024-01-01T00:00:00.000","Endorsement / Rider; Unsatisfactory Settle/Offer","1"
"2026-01-01T00:00:00.000","Refusal to Insure; Use Of Clue Reports","1"
"2016-12-01T00:00:00.000","Cancellation; Delays (Policyholder Service); Notice Requirements","1"
"2026-04-01T00:00:00.000","Cust Service Claim Handling; Delays (Claims Handling); Policy Exclusion; Unsatisfactory Settle/Offer","1"
"2018-08-01T00:00:00.000","Cust Service Claim Handling; Delays (Policyholder Service); Denial Of Claim; Premium Notice","1"
"2021-05-01T00:00:00.000","Cust Service Claim Handling; Denial Of Claim; Unsatisfactory Settle/Offer","3"
"2012-07-01T00:00:00.000","Delays (Policyholder Service)","2"
"2017-12-01T00:00:00.000","Premium Notice; Premium and Rating","1"
"2018-08-01T00:00:00.000","Cust Service Claim Handling; Delays (Claims Handling); Denial Of Claim","1"
"2018-03-01T00:00:00.000","Closing; Escrow Fees/Closing Costs","1"
"2022-09-01T00:00:00.000","Cust Service Claim Handling; Delays (Claims Handling); Denial Of Claim","6"
"2026-07-01T00:00:00.000","Cust Service Claim Handling; Premium and Rating; Use Of Clue Reports","2"
"2014-10-01T00:00:00.000","Denial Of Claim; Liability Dispute","2"
"2016-05-01T00:00:00.000","Misleading Advertising; Premium and Rating","1"
"2014-12-01T00:00:00.000","Cust Service Claim Handling; Unauthorized Acts","1"
"2019-07-01T00:00:00.000","Unauthorized Acts","4"
"2017-07-01T00:00:00.000","Agent Handling; Conversion; Delays (Policyholder Service); Refund Of Premium","1"
"2016-08-01T00:00:00.000","Delays (Policyholder Service)","7"
"2026-07-01T00:00:00.000","Cust Service Claim Handling; Delays (Claims Handling); Policy Exclusion; Unsatisfactory Settle/Offer","3"
"2015-11-01T00:00:00.000","Cust Service Claim Handling; Delays (Claims Handling); Denial Of Claim","1"
"2024-03-01T00:00:00.000","Cancellation","6"
"2018-02-01T00:00:00.000","Other","1"
"2015-02-01T00:00:00.000","Agent Handling; Delays (Policyholder Service); Misrepresentation; Other","1"
"2025-08-01T00:00:00.000","Cust Srvc Policy Holder Srvcs; Non-Renewal; Premium and Rating","1"
"2024-07-01T00:00:00.000","Cust Srvc Policy Holder Srvcs; Denial Of Claim","2"
"2026-01-01T00:00:00.000","Cust Service Claim Handling; Delays (Claims Handling); Prompt Pay; Unsatisfactory Settle/Offer","3"
"2023-05-01T00:00:00.000","Delays (Claims Handling); Denial Of Claim; Refund Of Premium","1"
"2017-11-01T00:00:00.000","Increased Dwelling Coverage","1"
"2025-10-01T00:00:00.000","Cust Service Claim Handling; Non-Renewal; Unfair Discrimination","1"
"2019-08-01T00:00:00.000","Premium and Rating; Refund Of Premium","2"
"2025-04-01T00:00:00.000","Cust Service Claim Handling; Non-Renewal; Premium and Rating; Unsatisfactory Settle/Offer","1"
"2024-12-01T00:00:00.000","Cancellation; Refund Of Premium","1"
"2015-01-01T00:00:00.000","Conversion","1"
"2016-05-01T00:00:00.000","Endorsement / Rider","1"
"2024-06-01T00:00:00.000","Cust Srvc Policy Holder Srvcs; Delays (Policyholder Service); Unauthorized Acts","1"
"2018-06-01T00:00:00.000","Agent Handling","9"
"2015-06-01T00:00:00.000","Agent Handling; Misleading Advertising","1"
"2025-03-01T00:00:00.000","Delays (Claims Handling)","8"
"2013-06-01T00:00:00.000","Premium Notice; Premium and Rating","1"
"2026-03-01T00:00:00.000","Cust Service Claim Handling; Endorsement / Rider; Unsatisfactory Settle/Offer","1"
"2025-01-01T00:00:00.000","Cancellation; Cust Srvc Policy Holder Srvcs; Delays (Underwriting)","1"
"2026-05-01T00:00:00.000","Cust Srvc Policy Holder Srvcs; Delays (Underwriting)","1"
"2025-01-01T00:00:00.000","Cust Service Claim Handling; Delays (Claims Handling); Denial Of Claim","8"
"2022-02-01T00:00:00.000","Cust Service Claim Handling; Delays (Claims Handling); Denial Of Claim","1"
"2015-08-01T00:00:00.000","Delays (Claims Handling); Unsatisfactory Settle/Offer","11"
"2025-12-01T00:00:00.000","Cust Service Claim Handling; Cust Srvc Policy Holder Srvcs; Delays (Claims Handling); Premium and Rating; Unsatisfactory Settle/Offer","1"
"2012-10-01T00:00:00.000","Refund Of Premium","7"
"2024-12-01T00:00:00.000","Delays (Policyholder Service); Refund Of Premium","2"
"2025-08-01T00:00:00.000","Cust Srvc Policy Holder Srvcs; Delays (Policyholder Service); Premium and Rating; Refund Of Premium; Unfair Discrimination","1"
"2013-12-01T00:00:00.000","Delays (Claims Handling); Denial Of Claim; Unsatisfactory Settle/Offer","1"
"2026-07-01T00:00:00.000","Cancellation; Cust Service Claim Handling; Denial Of Claim","3"
"2017-01-01T00:00:00.000","Agent Handling; Misrepresentation","3"
"2026-01-01T00:00:00.000","Cust Service Claim Handling; Unsatisfactory Settle/Offer","23"
"2016-03-01T00:00:00.000","Increased Dwelling Coverage; Premium and Rating; Unsatisfactory Settle/Offer","1"
"2018-01-01T00:00:00.000","Increased Dwelling Coverage","1"
"2024-07-01T00:00:00.000","Cust Service Claim Handling; Denial Of Claim; Policy Exclusion","1"
"2024-01-01T00:00:00.000","Delays (Claims Handling); Denial Of Claim","2"
"2024-12-01T00:00:00.000","Cust Service Claim Handling; Unsatisfactory Settle/Offer","22"
"2013-02-01T00:00:00.000","Delays (Policyholder Service)","3"
"2026-07-01T00:00:00.000","Cust Service Claim Handling; Delays (Claims Handling); Non-Renewal; Unsatisfactory Settle/Offer","3"
"2015-01-01T00:00:00.000","Cust Service Claim Handling; Denial Of Claim; Unsatisfactory Settle/Offer","2"
"2012-06-01T00:00:00.000","Delays (Claims Handling); Non-Renewal","1"
"2025-09-01T00:00:00.000","Cancellation; Refund Of Premium","1"
"2018-07-01T00:00:00.000","Cust Service Claim Handling; Unsatisfactory Settle/Offer","8"
"2016-10-01T00:00:00.000","Post-Claim Underwriting","1"
"2015-02-01T00:00:00.000","Non-Renewal; Premium and Rating","1"
"2024-05-01T00:00:00.000","Cancellation; Delays (Policyholder Service)","1"
"2020-11-01T00:00:00.000","Premium and Rating","3"
"2024-10-01T00:00:00.000","Cust Service Claim Handling; Denial Of Claim; Non-Renewal","1"
"2016-07-01T00:00:00.000","Agent Handling; Delays (Policyholder Service)","1"
"2017-09-01T00:00:00.000","Delays (Underwriting)","1"
"2017-12-01T00:00:00.000","Usual And Customary","1"
"2014-10-01T00:00:00.000","Misrepresentation; Not Within TDI Jurisdiction; Other","1"
"2025-02-01T00:00:00.000","Cust Service Claim Handling; Delays (Claims Handling)","70"
"2015-04-01T00:00:00.000","Delays (Underwriting); Premium and Rating; Refund Of Premium","1"
"2026-07-01T00:00:00.000","Cust Service Claim Handling; Delays (Claims Handling); Fraud; Unauthorized Acts","1"
"2015-09-01T00:00:00.000","Delays (Policyholder Service); Notice Requirements","1"
"2023-03-01T00:00:00.000","Denial Of Claim; Refund Of Premium","1"
"2024-05-01T00:00:00.000","Cust Service Claim Handling; Denial Of Claim; Unsatisfactory Settle/Offer","1"
"2019-09-01T00:00:00.000","Premium and Rating; Refund Of Premium","1"
"2025-09-01T00:00:00.000","Delays (Underwriting)","1"
"2018-06-01T00:00:00.000","Cust Service Claim Handling; Denial Of Claim","2"
"2021-01-01T00:00:00.000","Delays (Policyholder Service); Refund Of Premium","6"
"2023-10-01T00:00:00.000","Delays (Policyholder Service); Denial Of Claim","1"
"2024-08-01T00:00:00.000","Premium Notice; Premium and Rating; Unsatisfactory Settle/Offer","1"
"2018-10-01T00:00:00.000","Delays (Policyholder Service); Premium Notice","1"
"2016-10-01T00:00:00.000","Cust Service Claim Handling; Delays (Claims Handling); Unsatisfactory Settle/Offer","10"
"2014-07-01T00:00:00.000","Premium and Rating; Refund Of Premium","1"
"2016-11-01T00:00:00.000","Cancellation; Denial Of Claim","1"
"2026-09-01T00:00:00.000","Cust Service Claim Handling; Delays (Claims Handling)","8"
"2011-12-01T00:00:00.000","Unsatisfactory Settle/Offer","1"
"2020-03-01T00:00:00.000","Delays (Claims Handling); Denial Of Claim; Liability Dispute","1"
"2025-08-01T00:00:00.000","Cust Service Claim Handling; Unsatisfactory Settle/Offer","30"
"2024-04-01T00:00:00.000","Cust Srvc Policy Holder Srvcs","2"
"2023-09-01T00:00:00.000","Denial Of Claim; Unsatisfactory Settle/Offer","1"
"2024-06-01T00:00:00.000","Endorsement / Rider; Premium Notice; Premium and Rating; Refund Of Premium","1"
"2019-01-01T00:00:00.000","Delays (Claims Handling)","7"
"2019-01-01T00:00:00.000","Premium and Rating; Use of Credit Reports","1"
"2015-05-01T00:00:00.000","Delays (Underwriting)","1"
"2026-04-01T00:00:00.000","Delays (Claims Handling); Non-Renewal; Unsatisfactory Settle/Offer","1"
"2024-07-01T00:00:00.000","Refund Of Premium; Unauthorized Acts","1"
"2017-12-01T00:00:00.000","Cust Service Claim Handling; Delays (Claims Handling)","11"
"2017-08-01T00:00:00.000","Other; Premium Notice","1"
"2020-07-01T00:00:00.000","Delays (Claims Handling); Unsatisfactory Settle/Offer","3"
"2024-10-01T00:00:00.000","Cust Service Claim Handling; Premium and Rating; Refund Of Premium; Unsatisfactory Settle/Offer","1"
"2024-07-01T00:00:00.000","Cancellation; Refusal to Insure; Use Of Clue Reports","1"
"2018-05-01T00:00:00.000","Cancellation; Delays (Policyholder Service); Premium Notice","1"
"2012-12-01T00:00:00.000","Premium and Rating","12"
"2022-11-01T00:00:00.000","Denial Of Claim","16"
"2013-11-01T00:00:00.000","Cust Service Claim Handling; Denial Of Claim; Unsatisfactory Settle/Offer","1"
"2020-02-01T00:00:00.000","Cancellation","8"
"2025-05-01T00:00:00.000","Refusal to Insure; Use Of Clue Reports; Use of Credit Reports","1"
"2022-05-01T00:00:00.000","Other","2"
"2026-04-01T00:00:00.000","Unauthorized Acts; Unfair Discrim-Clms Handling","1"
"2014-01-01T00:00:00.000","Delays (Claims Handling); Unsatisfactory Settle/Offer","4"
"2020-11-01T00:00:00.000","Refund Of Premium","6"
"2024-10-01T00:00:00.000","Unsatisfactory Settle/Offer","44"
"2020-06-01T00:00:00.000","Cust Service Claim Handling; Unsatisfactory Settle/Offer","12"
"2024-11-01T00:00:00.000","Cust Service Claim Handling; Premium and Rating; Unsatisfactory Settle/Offer","1"
"2017-08-01T00:00:00.000","Assignment of Benefits","1"
"2017-03-01T00:00:00.000","Endorsement / Rider; Premium and Rating","1"
"2014-12-01T00:00:00.000","Non-Renewal; Other","1"
"2014-04-01T00:00:00.000","Conversion","1"
"2018-04-01T00:00:00.000","Endorsement / Rider; Premium and Rating","1"
"2024-06-01T00:00:00.000","Cust Service Claim Handling; Delays (Claims Handling); Delays (Policyholder Service); Unsatisfactory Settle/Offer","1"
"2016-10-01T00:00:00.000","Delays (Policyholder Service); Refund Of Premium","10"
"2024-11-01T00:00:00.000","Delays (Underwriting); Premium and Rating","1"
"2013-07-01T00:00:00.000","Premium and Rating; Refund Of Premium","1"
"2017-02-01T00:00:00.000","Agent Handling; Conversion","1"
"2015-03-01T00:00:00.000","Denial Of Claim; Unsatisfactory Settle/Offer","1"
"2013-07-01T00:00:00.000","Delays (Claims Handling); Denial Of Claim; Unsatisfactory Settle/Offer","1"
"2024-08-01T00:00:00.000","Cust Service Claim Handling; Delays (Claims Handling); Denial Of Claim","24"
"2018-10-01T00:00:00.000","Denial Of Claim; Unsatisfactory Settle/Offer","3"
"2021-09-01T00:00:00.000","Delays (Claims Handling); Denial Of Claim","2"
"2026-05-01T00:00:00.000","Misleading Advertising; Misrepresentation","1"
"2026-01-01T00:00:00.000","Cancellation; Cust Srvc Policy Holder Srvcs; Delays (Policyholder Service)","2"
"2018-10-01T00:00:00.000","Unfair Discrimination","1"
"2013-05-01T00:00:00.000","Deficient Claim Notice; Denial Of Claim","1"
"2018-06-01T00:00:00.000","Agent Handling; Misrepresentation","1"
"2020-05-01T00:00:00.000","Misrepresentation","5"
"2022-08-01T00:00:00.000","Delays (Claims Handling); Delays (Policyholder Service)","1"
"2015-10-01T00:00:00.000","Closed-Lack Of Info Cmplainant","1"
"2016-05-01T00:00:00.000","Delays (Policyholder Service); Refund Of Premium","7"
"2023-06-01T00:00:00.000","Delays (Policyholder Service); Refund Of Premium","4"
"2017-03-01T00:00:00.000","Denial Of Claim; Non-Renewal","1"
"2018-02-01T00:00:00.000","Delays (Policyholder Service)","4"
"2023-08-01T00:00:00.000","Endorsement / Rider","1"
"2021-08-01T00:00:00.000","Refund Of Premium","6"
"2018-10-01T00:00:00.000","Agent Handling; Cust Service Claim Handling","1"
"2012-09-01T00:00:00.000","Agent Handling; Conversion","2"
"2016-06-01T00:00:00.000","Assignment of Benefits; Cust Service Claim Handling; Delays (Claims Handling)","1"
"2025-11-01T00:00:00.000","Unsatisfactory Settle/Offer","14"
"2022-02-01T00:00:00.000","Cust Service Claim Handling; Unsatisfactory Settle/Offer","8"
"2017-10-01T00:00:00.000","Denial Of Claim; Disaster","5"
"2025-01-01T00:00:00.000","Cancellation; Denial Of Claim; Misrepresentation","1"
"2018-09-01T00:00:00.000","Cust Service Claim Handling","3"
"2015-06-01T00:00:00.000","Refund Of Premium","3"
"2024-02-01T00:00:00.000","Refund Of Premium","11"
"2025-10-01T00:00:00.000","Delays (Claims Handling); Unsatisfactory Settle/Offer","7"
"2013-04-01T00:00:00.000","Delays (Policyholder Service); Delays (Underwriting)","1"
"2016-05-01T00:00:00.000","Delays (Claims Handling); Disaster; Not Within TDI Jurisdiction","1"
"2012-08-01T00:00:00.000","Agent Handling; Conversion; Misrepresentation","2"
"2018-03-01T00:00:00.000","Denial Of Claim; Unsatisfactory Settle/Offer","3"
"2015-02-01T00:00:00.000","Delays (Claims Handling); Unsatisfactory Settle/Offer","9"
"2020-08-01T00:00:00.000","Cust Service Claim Handling; Delays (Claims Handling); Unsatisfactory Settle/Offer","30"
"2024-06-01T00:00:00.000","Cust Service Claim Handling; Denial Of Claim; Unsatisfactory Settle/Offer","5"
"2023-03-01T00:00:00.000","Cust Service Claim Handling; Unsatisfactory Settle/Offer","13"
"2022-12-01T00:00:00.000","Premium and Rating","4"
"2025-04-01T00:00:00.000","Denial Of Claim; Unsatisfactory Settle/Offer","1"
"2016-02-01T00:00:00.000","Cust Service Claim Handling","3"
"2018-06-01T00:00:00.000","Duplication of Coverage","1"
"2020-07-01T00:00:00.000","Unsatisfactory Settle/Offer","5"
"2024-10-01T00:00:00.000","Cust Service Claim Handling; Delays (Claims Handling); Unsatisfactory Settle/Offer","122"
"2017-06-01T00:00:00.000","Cust Service Claim Handling; Delays (Claims Handling); Unsatisfactory Settle/Offer","21"
"2024-09-01T00:00:00.000","Denial Of Claim; Premium and Rating","1"
"2026-04-01T00:00:00.000","Cancellation; Premium and Rating; Refund Of Premium","1"
"2017-12-01T00:00:00.000","Delays (Policyholder Service); Endorsement / Rider; Increased Dwelling Coverage; Premium and Rating","1"
"2012-05-01T00:00:00.000","Endorsement / Rider","1"
"2020-09-01T00:00:00.000","Cust Service Claim Handling","2"
"2013-03-01T00:00:00.000","Denial Of Claim; Non-Renewal","1"
"2019-11-01T00:00:00.000","Cancellation; Notice Requirements","1"
"2025-10-01T00:00:00.000","Delays (Policyholder Service)","1"
"2026-03-01T00:00:00.000","Cancellation","2"
"2024-08-01T00:00:00.000","Cust Srvc Policy Holder Srvcs","10"
"2013-12-01T00:00:00.000","Delays (Claims Handling)","10"
"2013-01-01T00:00:00.000","Other","7"
"2021-02-01T00:00:00.000","Refund Of Premium","2"
"2025-04-01T00:00:00.000","Cust Service Claim Handling; Delays (Claims Handling); Unsatisfactory Settle/Offer","77"
"2019-07-01T00:00:00.000","Delays (Policyholder Service)","8"
"2015-03-01T00:00:00.000","Delays (Claims Handling); Unsatisfactory Settle/Offer","2"
"2014-08-01T00:00:00.000","Cancellation; Other","1"
"2021-01-01T00:00:00.000","Cust Service Claim Handling","3"
"2017-09-01T00:00:00.000","Cancellation; Premium and Rating; Refund Of Premium","1"
"2017-04-01T00:00:00.000","Delays (Claims Handling); Denial Of Claim","2"
"2018-04-01T00:00:00.000","Cust Service Claim Handling; Denial Of Claim","9"
"2019-08-01T00:00:00.000","Delays (Claims Handling); Unsatisfactory Settle/Offer","3"
"2015-07-01T00:00:00.000","Premium Notice; Refund Of Premium","3"
"2023-10-01T00:00:00.000","Cust Service Claim Handling; Unsatisfactory Settle/Offer","27"
"2023-01-01T00:00:00.000","Unauthorized Acts","2"
"2017-11-01T00:00:00.000","Cust Service Claim Handling; Denial Of Claim","7"
"2020-09-01T00:00:00.000","Denial Of Claim; Non-Renewal","1"
"2025-04-01T00:00:00.000","Premium and Rating; Refund Of Premium","3"
"2025-03-01T00:00:00.000","Delays (Claims Handling); Denial Of Claim; Premium and Rating; Unfair Discrim-Clms Handling","1"
"2015-06-01T00:00:00.000","Cust Service Claim Handling; Denial Of Claim","3"
"2018-08-01T00:00:00.000","Delays (Underwriting)","2"
"2018-12-01T00:00:00.000","Refund Of Premium","1"
"2016-05-01T00:00:00.000","Premium and Rating; Refund Of Premium","1"
"2015-07-01T00:00:00.000","Premium and Rating; Refund Of Premium; Use Of Clue Reports","1"
"2015-06-01T00:00:00.000","Unsatisfactory Settle/Offer","24"
"2016-05-01T00:00:00.000","Cust Service Claim Handling; Delays (Claims Handling); Denial Of Claim; Insurer Fraud; Unsatisfactory Settle/Offer","1"
"2020-07-01T00:00:00.000","Non-Renewal; Premium and Rating; Refund Of Premium","1"
"2025-06-01T00:00:00.000","Delays (Policyholder Service); Premium and Rating","1"
"2016-05-01T00:00:00.000","Agent Handling; Denial Of Claim","2"
"2014-08-01T00:00:00.000","Unsatisfactory Settle/Offer","25"
"2023-07-01T00:00:00.000","Post-Claim Underwriting","1"
"2026-06-01T00:00:00.000","Cancellation; Cust Srvc Policy Holder Srvcs; Delays (Underwriting); Refund Of Premium","1"
"2017-11-01T00:00:00.000","Cancellation; Delays (Policyholder Service); Refund Of Premium","1"
"2017-09-01T00:00:00.000","Denial Of Claim; Premium and Rating","1"
"2021-10-01T00:00:00.000","Misrepresentation","9"
"2012-12-01T00:00:00.000","Insurer Fraud","1"
"2013-05-01T00:00:00.000","Agent Handling; Conversion","1"
"2018-04-01T00:00:00.000","Cust Service Claim Handling; Deficient Claim Notice","1"
"2019-01-01T00:00:00.000","Cancellation; Refusal to Insure","1"
"2022-09-01T00:00:00.000","Denial Of Claim; Unsatisfactory Settle/Offer","3"
"2022-01-01T00:00:00.000","Unsatisfactory Settle/Offer","51"
"2026-06-01T00:00:00.000","Delays (Policyholder Service); Refund Of Premium","2"
"2020-07-01T00:00:00.000","Post-Claim Underwriting","1"
"2015-08-01T00:00:00.000","Cancellation","4"
"2026-02-01T00:00:00.000","Denial Of Claim; Policy Exclusion","2"
"2024-09-01T00:00:00.000","Use Of Clue Reports","2"
"2024-08-01T00:00:00.000","Cust Service Claim Handling; Denial Of Claim","19"
"2013-12-01T00:00:00.000","Unsatisfactory Settle/Offer","14"
"2024-04-01T00:00:00.000","Misleading Advertising","1"
"2023-04-01T00:00:00.000","Cancellation","7"
"2016-11-01T00:00:00.000","Delays (Policyholder Service); Refund Of Premium","7"
"2021-10-01T00:00:00.000","Premium Notice","1"
"2013-06-01T00:00:00.000","Delays (Policyholder Service); Refund Of Premium","1"
"2026-02-01T00:00:00.000","Cust Service Claim Handling; Denial Of Claim; Policy Exclusion","2"
"2019-02-01T00:00:00.000","Cancellation; Refund Of Premium","1"
"2012-08-01T00:00:00.000","Cust Service Claim Handling; Denial Of Claim; Unfair Discrim-Clms Handling","1"
"2021-02-01T00:00:00.000","Non-Renewal; Refund Of Premium","1"
"2014-07-01T00:00:00.000","Denial Of Claim; Not Within TDI Jurisdiction","1"
"2017-01-01T00:00:00.000","Agent Handling; Delays (Policyholder Service)","1"
"2024-12-01T00:00:00.000","Misrepresentation; Unauthorized Acts","1"
"2014-01-01T00:00:00.000","Cust Service Claim Handling; Delays (Claims Handling)","4"
"2023-02-01T00:00:00.000","Misrepresentation; Premium and Rating","1"
"2018-12-01T00:00:00.000","Other; Premium Notice; Refund Of Premium","1"
"2018-11-01T00:00:00.000","Cancellation; Delays (Policyholder Service); Refund Of Premium","1"
"2015-10-01T00:00:00.000","Non-Renewal","4"
"2013-04-01T00:00:00.000","Agent Handling; Conversion; Refund Of Premium","1"
"2015-10-01T00:00:00.000","Coordination of Benefits; Delays (Claims Handling); Unsatisfactory Settle/Offer","1"
"2021-05-01T00:00:00.000","Cust Service Claim Handling; Use Of Clue Reports","1"
"2025-07-01T00:00:00.000","Premium and Rating; Refund Of Premium","6"
"2021-10-01T00:00:00.000","Cust Service Claim Handling; Delays (Claims Handling); Unsatisfactory Settle/Offer","22"
"2015-04-01T00:00:00.000","Agent Handling; Cancellation; Delays (Underwriting); Refund Of Premium","1"
"2026-07-01T00:00:00.000","Cust Service Claim Handling; Cust Srvc Policy Holder Srvcs; Endorsement / Rider; Refund Of Premium; Unsatisfactory Settle/Offer","1"
"2017-05-01T00:00:00.000","Premium and Rating; Use Of Clue Reports","1"
"2014-01-01T00:00:00.000","Unsatisfactory Settle/Offer","26"
"2025-02-01T00:00:00.000","Cust Srvc Policy Holder Srvcs; Endorsement / Rider","1"
"2019-04-01T00:00:00.000","Cancellation; Refund Of Premium","1"
"2025-01-01T00:00:00.000","Premium and Rating; Refund Of Premium","5"
"2022-03-01T00:00:00.000","Other","5"
"2013-10-01T00:00:00.000","Delays (Underwriting); Excessive Rates; Premium and Rating","1"
"2017-10-01T00:00:00.000","Cust Service Claim Handling; Unsatisfactory Settle/Offer","22"
"2015-06-01T00:00:00.000","Cancellation; Delays (Policyholder Service)","2"
"2025-12-01T00:00:00.000","Delays (Policyholder Service); Refund Of Premium","4"
"2016-04-01T00:00:00.000","Cust Service Claim Handling; Delays (Claims Handling); Denial Of Claim","3"
"2023-02-01T00:00:00.000","Unsatisfactory Settle/Offer","27"
"2012-08-01T00:00:00.000","Conversion","3"
"2025-05-01T00:00:00.000","Cust Service Claim Handling; Delays (Claims Handling); Unsatisfactory Settle/Offer; Usual And Customary","1"
"2024-09-01T00:00:00.000","Delays (Policyholder Service); Premium and Rating; Use Of Clue Reports","1"
"2025-08-01T00:00:00.000","Premium and Rating; Unfair Discrimination","1"
"2017-02-01T00:00:00.000","Delays (Policyholder Service); Notice Requirements; Premium and Rating","1"
"2018-03-01T00:00:00.000","Non-Renewal","2"
"2021-07-01T00:00:00.000","Other; Unsatisfactory Settle/Offer","1"
"2017-11-01T00:00:00.000","Cust Service Claim Handling; Delays (Claims Handling); Unsatisfactory Settle/Offer","24"
"2023-10-01T00:00:00.000","Commissions","1"
"2013-08-01T00:00:00.000","Cust Service Claim Handling; Delays (Claims Handling)","1"
"2020-08-01T00:00:00.000","Cancellation; Non-Renewal","2"
"2023-11-01T00:00:00.000","Misrepresentation","4"
"2012-10-01T00:00:00.000","Delays (Claims Handling)","23"
"2020-04-01T00:00:00.000","Denial Of Claim","18"
"2023-08-01T00:00:00.000","Premium and Rating; Refund Of Premium","1"
"2022-09-01T00:00:00.000","Use of Credit Reports","1"
"2017-12-01T00:00:00.000","Cust Service Claim Handling; Denial Of Claim","6"
"2021-01-01T00:00:00.000","Delays (Policyholder Service)","13"
"2020-06-01T00:00:00.000","Denial Of Claim; Unsatisfactory Settle/Offer","1"
"2024-10-01T00:00:00.000","Use of Credit Reports","3"
"2016-12-01T00:00:00.000","Non-Renewal; Notice Requirements","1"
"2017-01-01T00:00:00.000","Delays (Claims Handling)","4"
"2026-08-01T00:00:00.000","Cust Service Claim Handling; Cust Srvc Policy Holder Srvcs","1"
"2015-01-01T00:00:00.000","Delays (Claims Handling); Delays (Policyholder Service)","1"
"2018-06-01T00:00:00.000","Misleading Advertising; Misrepresentation","1"
"2023-12-01T00:00:00.000","Unauthorized Acts","4"
"2019-04-01T00:00:00.000","Cust Service Claim Handling; Denial Of Claim","4"
"2012-06-01T00:00:00.000","Agent Handling; Conversion; Misrepresentation; Unauthorized Acts","1"
"2025-02-01T00:00:00.000","Misrepresentation","2"
"2020-02-01T00:00:00.000","Cancellation; Premium and Rating","1"
"2025-05-01T00:00:00.000","Delays (Policyholder Service)","3"
"2014-07-01T00:00:00.000","Refund Of Premium","11"
"2022-07-01T00:00:00.000","Delays (Policyholder Service)","7"
"2025-08-01T00:00:00.000","Cust Service Claim Handling; Delays (Claims Handling); Unsatisfactory Settle/Offer","73"
"2019-07-01T00:00:00.000","Conversion; Misrepresentation; Refund Of Premium","1"
"2025-11-01T00:00:00.000","Delays (Claims Handling); Denial Of Claim; Policy Exclusion","1"
"2024-07-01T00:00:00.000","Denial Of Claim; Endorsement / Rider; Misrepresentation","1"
"2016-08-01T00:00:00.000","Delays (Claims Handling); Denial Of Claim; Unsatisfactory Settle/Offer","1"
"2024-04-01T00:00:00.000","Cust Service Claim Handling; Delays (Claims Handling); Denial Of Claim; Unsatisfactory Settle/Offer","3"
"2013-11-01T00:00:00.000","Agency Balance","1"
"2020-09-01T00:00:00.000","Conversion","1"
"2026-08-01T00:00:00.000","Cust Srvc Policy Holder Srvcs; Delays (Underwriting); Premium and Rating; Refund Of Premium","1"
"2020-02-01T00:00:00.000","Cust Service Claim Handling; Delays (Claims Handling); Unsatisfactory Settle/Offer; Usual And Customary","1"
"2025-02-01T00:00:00.000","Cust Srvc Policy Holder Srvcs; Premium and Rating","3"
"2013-02-01T00:00:00.000","Cancellation; Denial Of Claim","1"
"2022-05-01T00:00:00.000","Cancellation; Cust Service Claim Handling; Delays (Policyholder Service); Denial Of Claim; Unsatisfactory Settle/Offer","1"
"2024-03-01T00:00:00.000","Cust Service Claim Handling; Delays (Claims Handling); Premium and Rating","1"
"2013-01-01T00:00:00.000","Delays (Claims Handling); Denial Of Claim; Unsatisfactory Settle/Offer","1"
"2023-06-01T00:00:00.000","Cancellation; Misrepresentation","1"
"2020-11-01T00:00:00.000","Unauthorized Acts","4"
"2019-05-01T00:00:00.000","Cust Service Claim Handling; Denial Of Claim","4"
"2016-06-01T00:00:00.000","Agent Handling; Unauthorized Acts","1"
"2014-07-01T00:00:00.000","Cancellation; Other","1"
"2017-03-01T00:00:00.000","Cancellation","3"
"2022-10-01T00:00:00.000","Cancellation; Refusal to Insure","1"
"2016-02-01T00:00:00.000","Cancellation; Delays (Policyholder Service); Other","1"
"2025-07-01T00:00:00.000","Cust Service Claim Handling; Denial Of Claim; Refund Of Premium; Unsatisfactory Settle/Offer","1"
"2013-09-01T00:00:00.000","Cust Service Claim Handling; Delays (Claims Handling)","2"
"2017-03-01T00:00:00.000","Conversion","2"
"2017-11-01T00:00:00.000","Cust Service Claim Handling; Delays (Claims Handling); Denial Of Claim; Premium and Rating","1"
"2015-08-01T00:00:00.000","Premium and Rating","10"
"2023-02-01T00:00:00.000","Cust Service Claim Handling; Delays (Policyholder Service)","2"
"2018-03-01T00:00:00.000","Delays (Claims Handling); Unsatisfactory Settle/Offer","12"
"2012-06-01T00:00:00.000","Cust Service Claim Handling","4"
"2016-07-01T00:00:00.000","Agent Handling","9"
"2020-02-01T00:00:00.000","Delays (Claims Handling); Denial Of Claim","1"
"2021-06-01T00:00:00.000","Cust Service Claim Handling; Unsatisfactory Settle/Offer","12"
"2013-03-01T00:00:00.000","Not Within TDI Jurisdiction","1"
"2019-06-01T00:00:00.000","Delays (Claims Handling); Delays (Underwriting)","1"
"2025-09-01T00:00:00.000","Cust Srvc Policy Holder Srvcs; Delays (Policyholder Service); Use of Credit Reports","1"
"2022-05-01T00:00:00.000","Cust Service Claim Handling; Denial Of Claim","5"
"2018-10-01T00:00:00.000","Delays (Policyholder Service); Refund Of Premium","5"
"2024-07-01T00:00:00.000","Cancellation; Cust Srvc Policy Holder Srvcs; Delays (Policyholder Service); Delays (Underwriting)","1"
"2013-08-01T00:00:00.000","Refusal to Insure; Use Of Clue Reports","1"
"2016-03-01T00:00:00.000","Cust Service Claim Handling; Denial Of Claim","4"
"2025-10-01T00:00:00.000","Denial Of Claim; Policy Exclusion","1"
"2017-08-01T00:00:00.000","Cust Service Claim Handling; Unsatisfactory Settle/Offer","9"
"2016-05-01T00:00:00.000","Agent Handling; Cancellation; Delays (Claims Handling); Denial Of Claim; Premium and Rating","1"
"2015-07-01T00:00:00.000","Unsatisfactory Settle/Offer","9"
"2013-04-01T00:00:00.000","Unsatisfactory Settle/Offer","24"
"2022-11-01T00:00:00.000","Delays (Claims Handling); Denial Of Claim","3"
"2025-06-01T00:00:00.000","Cancellation; Cust Srvc Policy Holder Srvcs; Premium and Rating","1"
"2022-08-01T00:00:00.000","Premium and Rating; Unsatisfactory Settle/Offer","1"
"2026-04-01T00:00:00.000","Denial Of Claim","10"
"2025-01-01T00:00:00.000","Cust Service Claim Handling; Denial Of Claim; Unsatisfactory Settle/Offer","4"
"2024-01-01T00:00:00.000","Cust Service Claim Handling; Use Of Clue Reports","1"
"2025-12-01T00:00:00.000","Cust Service Claim Handling; Delays (Claims Handling); Denial Of Claim; Policy Exclusion","1"
"2015-12-01T00:00:00.000","Premium and Rating; Unsatisfactory Settle/Offer","1"
"2021-04-01T00:00:00.000","Cancellation","7"
"2012-11-01T00:00:00.000","Cust Service Claim Handling; Denial Of Claim; Unsatisfactory Settle/Offer","1"
"2021-09-01T00:00:00.000","Refund Of Premium","8"
"2013-03-01T00:00:00.000","Cancellation; Delays (Claims Handling); Denial Of Claim; Unsatisfactory Settle/Offer","1"
"2014-08-01T00:00:00.000","Cust Service Claim Handling; Denial Of Claim","1"
"2026-07-01T00:00:00.000","Policy Exclusion; Unsatisfactory Settle/Offer","1"
"2026-04-01T00:00:00.000","Commissions","1"
"2018-01-01T00:00:00.000","Duplication of Coverage","1"
"2019-09-01T00:00:00.000","Cust Service Claim Handling","5"
"2014-03-01T00:00:00.000","Endorsement / Rider; Premium and Rating","1"
"2018-12-01T00:00:00.000","Delays (Claims Handling)","2"
"2020-05-01T00:00:00.000","Cancellation; Delays (Claims Handling); Denial Of Claim","1"
"2024-04-01T00:00:00.000","Non-Renewal; Premium and Rating","1"
"2024-11-01T00:00:00.000","Cust Srvc Policy Holder Srvcs; Premium and Rating","1"
"2022-04-01T00:00:00.000","Premium and Rating; Use of Credit Reports","1"
"2016-10-01T00:00:00.000","Cust Service Claim Handling; Delays (Claims Handling); Denial Of Claim","2"
"2023-05-01T00:00:00.000","Use of Credit Reports","1"
"2015-08-01T00:00:00.000","Other; Refund Of Premium","1"
"2013-07-01T00:00:00.000","Delays (Policyholder Service); Refund Of Premium","1"
"2018-03-01T00:00:00.000","Cust Service Claim Handling; Non-Renewal; Unfair Discrim-Clms Handling; Unsatisfactory Settle/Offer","1"
"2024-04-01T00:00:00.000","Refund Of Premium; Unauthorized Acts","1"
"2021-01-01T00:00:00.000","Cust Service Claim Handling; Unsatisfactory Settle/Offer","7"
"2024-10-01T00:00:00.000","Cust Service Claim Handling; Delays (Claims Handling); Unfair Discrim-Clms Handling; Unsatisfactory Settle/Offer","1"
"2023-07-01T00:00:00.000","Cust Service Claim Handling; Denial Of Claim","9"
"2015-12-01T00:00:00.000","Delays (Underwriting); Endorsement / Rider; Refund Of Premium","1"
"2017-09-01T00:00:00.000","Cust Service Claim Handling; Delays (Policyholder Service); Denial Of Claim","1"
"2023-03-01T00:00:00.000","Use Of Clue Reports","2"
"2018-08-01T00:00:00.000","Conversion","1"
"2016-10-01T00:00:00.000","Premium and Rating; Refund Of Premium","1"
"2024-01-01T00:00:00.000","Delays (Policyholder Service); Premium and Rating","5"
"2024-11-01T00:00:00.000","Cust Srvc Policy Holder Srvcs; Delays (Policyholder Service); Use Of Clue Reports","1"
"2021-12-01T00:00:00.000","Non-Renewal","2"
"2015-07-01T00:00:00.000","Premium and Rating","10"
"2014-01-01T00:00:00.000","Delays (Policyholder Service); Refund Of Premium","3"
"2021-04-01T00:00:00.000","Other","4"
"2016-04-01T00:00:00.000","Cust Service Claim Handling; Delays (Claims Handling); Unfair Discrim-Clms Handling","2"
"2023-03-01T00:00:00.000","Delays (Claims Handling); Unsatisfactory Settle/Offer","23"
"2023-09-01T00:00:00.000","Misrepresentation","5"
"2012-10-01T00:00:00.000","Cancellation; Unsatisfactory Settle/Offer","1"
"2023-10-01T00:00:00.000","Cust Service Claim Handling; Non-Renewal","1"
"2020-02-01T00:00:00.000","Use of Credit Reports","1"
"2025-10-01T00:00:00.000","Misleading Advertising","1"
"2014-04-01T00:00:00.000","Unauthorized Acts","3"
"2019-07-01T00:00:00.000","Denial Of Claim; Endorsement / Rider; Unsatisfactory Settle/Offer","1"
"2026-06-01T00:00:00.000","Cust Srvc Policy Holder Srvcs; Misleading Advertising","1"
"2013-08-01T00:00:00.000","Denial Of Claim; Liability Dispute","3"
"2016-11-01T00:00:00.000","Premium and Rating","4"
"2016-04-01T00:00:00.000","Delays (Policyholder Service); Increased Dwelling Coverage; Other","1"
"2018-03-01T00:00:00.000","Cust Service Claim Handling; Delays (Claims Handling); Denial Of Claim; Premium and Rating","1"
"2017-12-01T00:00:00.000","Agent Handling; Delays (Claims Handling)","1"
"2012-11-01T00:00:00.000","Delays (Claims Handling); Denial Of Claim; Unsatisfactory Settle/Offer","1"
"2025-07-01T00:00:00.000","Cust Srvc Policy Holder Srvcs; Delays (Policyholder Service); Refund Of Premium","8"
"2022-08-01T00:00:00.000","Delays (Policyholder Service); Premium and Rating","1"
"2016-11-01T00:00:00.000","Other","3"
"2012-06-01T00:00:00.000","Agent Handling","11"
"2020-09-01T00:00:00.000","Delays (Policyholder Service); Premium and Rating","1"
"2021-10-01T00:00:00.000","Cust Service Claim Handling; Delays (Claims Handling); Non-Renewal; Unsatisfactory Settle/Offer","1"
"2025-05-01T00:00:00.000","Cancellation; Cust Srvc Policy Holder Srvcs; Delays (Policyholder Service); Refund Of Premium","1"
"2017-03-01T00:00:00.000","Refund Of Premium","5"
"2013-03-01T00:00:00.000","Agent Handling","11"
"2025-02-01T00:00:00.000","Policy Exclusion; Unsatisfactory Settle/Offer","1"
"2026-06-01T00:00:00.000","Cancellation; Refund Of Premium; Refusal to Insure","1"
"2016-10-01T00:00:00.000","Delays (Claims Handling); Denial Of Claim","2"
"2015-04-01T00:00:00.000","Endorsement / Rider; Notice Requirements; Refund Of Premium","1"
"2014-07-01T00:00:00.000","Conversion","1"
"2022-01-01T00:00:00.000","Non-Renewal; Refund Of Premium","1"
"2026-06-01T00:00:00.000","Unauthorized Acts","2"
"2012-07-01T00:00:00.000","Delays (Claims Handling); Other","1"
"2012-10-01T00:00:00.000","Denial Of Claim; Unsatisfactory Settle/Offer","4"
"2017-07-01T00:00:00.000","Delays (Claims Handling)","9"
"2021-05-01T00:00:00.000","Cust Service Claim Handling; Delays (Claims Handling); Denial Of Claim","3"
"2013-10-01T00:00:00.000","Other; Unauthorized Acts","1"
"2026-05-01T00:00:00.000","Non-Renewal; Unsatisfactory Settle/Offer","1"
"2021-10-01T00:00:00.000","Misleading Advertising; Premium and Rating","1"
"2026-03-01T00:00:00.000","Cancellation; Non-Renewal","1"
"2015-05-01T00:00:00.000","Agent Handling","13"
"2018-06-01T00:00:00.000","Delays (Claims Handling); Disaster; Unsatisfactory Settle/Offer","2"
"2016-05-01T00:00:00.000","Delays (Policyholder Service); Other; Premium Notice","1"
"2017-05-01T00:00:00.000","Delays (Policyholder Service)","1"
"2023-06-01T00:00:00.000","Cust Service Claim Handling; Non-Renewal; Unsatisfactory Settle/Offer","1"
"2019-09-01T00:00:00.000","Cust Service Claim Handling; Delays (Claims Handling)","15"
"2025-10-01T00:00:00.000","Cust Srvc Policy Holder Srvcs; Use Of Clue Reports","1"
"2024-11-01T00:00:00.000","Denial Of Claim; Unsatisfactory Settle/Offer","1"
"2020-02-01T00:00:00.000","Cancellation; Delays (Policyholder Service); Premium Notice","1"
"2012-12-01T00:00:00.000","Agent Handling","9"
"2024-11-01T00:00:00.000","Delays (Policyholder Service)","2"
"2020-01-01T00:00:00.000","Premium and Rating","6"
"2025-05-01T00:00:00.000","Cancellation; Refund Of Premium","1"
"2018-07-01T00:00:00.000","Cancellation","10"
"2017-04-01T00:00:00.000","Denial Of Claim; Non-Renewal","1"
"2024-10-01T00:00:00.000","Cust Srvc Policy Holder Srvcs; Delays (Policyholder Service); Refund Of Premium","4"
"2022-03-01T00:00:00.000","Cust Service Claim Handling; Delays (Claims Handling); Unsatisfactory Settle/Offer","15"
"2022-09-01T00:00:00.000","Cancellation; Refund Of Premium","2"
"2014-09-01T00:00:00.000","Refusal to Insure","2"
"2018-02-01T00:00:00.000","Delays (Claims Handling)","20"
"2022-09-01T00:00:00.000","Delays (Policyholder Service)","5"
"2024-04-01T00:00:00.000","Cust Service Claim Handling; Delays (Claims Handling); Unauthorized Acts","1"
"2017-02-01T00:00:00.000","Cust Service Claim Handling; Delays (Claims Handling)","11"
"2024-04-01T00:00:00.000","Premium and Rating","27"
"2019-11-01T00:00:00.000","Cust Service Claim Handling; Delays (Claims Handling)","8"
"2025-08-01T00:00:00.000","Cust Srvc Policy Holder Srvcs; Refusal to Insure","1"
"2018-10-01T00:00:00.000","Agent Handling","15"
"2015-11-01T00:00:00.000","Agent Handling; Refund Of Premium","1"
"2016-04-01T00:00:00.000","Cust Service Claim Handling; Delays (Claims Handling); Endorsement / Rider; Increased Dwelling Coverage; Notice Requirements; Unsatisfactory Settle/Offer","1"
"2014-02-01T00:00:00.000","Liability Dispute; Unsatisfactory Settle/Offer","1"
"2019-08-01T00:00:00.000","Delays (Policyholder Service); Delays (Underwriting)","1"
"2013-11-01T00:00:00.000","Denial Of Claim; Liability Dispute","1"
"2013-10-01T00:00:00.000","Denial Of Claim; Non-Renewal","4"
"2026-06-01T00:00:00.000","Cancellation; Cust Srvc Policy Holder Srvcs; Refund Of Premium","1"
"2020-07-01T00:00:00.000","Non-Renewal; Use Of Clue Reports","1"
"2020-03-01T00:00:00.000","Cust Service Claim Handling; Delays (Claims Handling); Unsatisfactory Settle/Offer","15"
"2026-03-01T00:00:00.000","Denial Of Claim; Unsatisfactory Settle/Offer","3"
"2024-10-01T00:00:00.000","Cancellation; Cust Service Claim Handling; Denial Of Claim; Unsatisfactory Settle/Offer","1"
"2023-03-01T00:00:00.000","Cust Service Claim Handling","11"
"2021-05-01T00:00:00.000","Cancellation; Denial Of Claim; Premium and Rating","1"
"2021-02-01T00:00:00.000","Cancellation; Delays (Policyholder Service); Refund Of Premium","1"
"2024-02-01T00:00:00.000","Cancellation","2"
"2021-02-01T00:00:00.000","Delays (Claims Handling); Denial Of Claim","2"
"2013-12-01T00:00:00.000","Cust Service Claim Handling; Delays (Claims Handling); Denial Of Claim","1"
"2016-10-01T00:00:00.000","Refusal to Insure","2"
"2022-10-01T00:00:00.000","Delays (Claims Handling); Denial Of Claim","6"
"2020-03-01T00:00:00.000","Cancellation; Delays (Policyholder Service); Refund Of Premium","2"
"2020-07-01T00:00:00.000","Cust Service Claim Handling; Misrepresentation; Unsatisfactory Settle/Offer","1"
"2022-12-01T00:00:00.000","Cust Service Claim Handling; Delays (Claims Handling); Unsatisfactory Settle/Offer","27"
"2026-09-01T00:00:00.000","Cust Service Claim Handling; Denial Of Claim","7"
"2018-11-01T00:00:00.000","Non-Renewal; Unsatisfactory Settle/Offer","1"
"2017-10-01T00:00:00.000","Use of Credit Reports","1"
"2020-04-01T00:00:00.000","Delays (Claims Handling)","1"
"2019-06-01T00:00:00.000","Cancellation; Delays (Policyholder Service)","2"
"2017-09-01T00:00:00.000","Cancellation; Cust Service Claim Handling","1"
"2018-03-01T00:00:00.000","Cust Service Claim Handling; Delays (Claims Handling); Unfair Discrim-Clms Handling","1"
"2012-06-01T00:00:00.000","Cust Service Claim Handling; Unsatisfactory Settle/Offer","1"
"2017-01-01T00:00:00.000","Agent Handling; Conversion; Other; Unauthorized Acts","1"
"2014-02-01T00:00:00.000","Delays (Policyholder Service)","7"
"2018-10-01T00:00:00.000","Cust Service Claim Handling","9"
"2024-08-01T00:00:00.000","Denial Of Claim; Non-Renewal","2"
"2013-10-01T00:00:00.000","Unauthorized Acts","2"
"2019-08-01T00:00:00.000","Post-Claim Underwriting","1"
"2015-12-01T00:00:00.000","Cust Service Claim Handling; Denial Of Claim; Unsatisfactory Settle/Offer","1"
"2016-07-01T00:00:00.000","Unauthorized Acts","3"
"2019-12-01T00:00:00.000","Delays (Claims Handling); Denial Of Claim; Unsatisfactory Settle/Offer","2"
"2026-07-01T00:00:00.000","Cust Service Claim Handling; Cust Srvc Policy Holder Srvcs; Endorsement / Rider","1"
"2024-04-01T00:00:00.000","Cancellation; Cust Service Claim Handling; Delays (Claims Handling)","1"
"2017-02-01T00:00:00.000","Cancellation; Cust Service Claim Handling; Premium and Rating","1"
"2013-05-01T00:00:00.000","Denial Of Claim; Liability Dispute","4"
"2020-08-01T00:00:00.000","Cust Service Claim Handling; Denial Of Claim","3"
"2020-07-01T00:00:00.000","Non-Renewal","4"
"2015-09-01T00:00:00.000","Other; Unsatisfactory Settle/Offer","1"
"2021-10-01T00:00:00.000","Cust Service Claim Handling; Delays (Policyholder Service)","1"
"2013-07-01T00:00:00.000","Cancellation; Unsatisfactory Settle/Offer","1"
"2020-01-01T00:00:00.000","Premium Notice","2"
"2024-08-01T00:00:00.000","Non-Renewal; Unsatisfactory Settle/Offer","2"
"2014-06-01T00:00:00.000","Denial Of Claim; Non-Renewal","1"
"2016-11-01T00:00:00.000","Cancellation","4"
"2016-02-01T00:00:00.000","Non-Renewal; Unsatisfactory Settle/Offer","1"
"2025-03-01T00:00:00.000","Unsatisfactory Settle/Offer","23"
"2015-05-01T00:00:00.000","Delays (Policyholder Service); Refund Of Premium","8"
"2025-03-01T00:00:00.000","Cancellation; Delays (Policyholder Service); Refund Of Premium","1"
"2026-02-01T00:00:00.000","Cust Srvc Policy Holder Srvcs","14"
"2018-10-01T00:00:00.000","Denial Of Claim","39"
"2014-12-01T00:00:00.000","Delays (Policyholder Service); Premium Notice","1"
"2023-08-01T00:00:00.000","Non-Renewal","1"
"2018-05-01T00:00:00.000","Unsatisfactory Settle/Offer","6"
"2025-12-01T00:00:00.000","Delays (Claims Handling); Delays (Policyholder Service); Refund Of Premium","1"
"2024-09-01T00:00:00.000","Cust Service Claim Handling; Cust Srvc Policy Holder Srvcs; Denial Of Claim; Non-Renewal","1"
"2014-07-01T00:00:00.000","Delays (Claims Handling)","23"
"2024-03-01T00:00:00.000","Cust Service Claim Handling","3"
"2023-11-01T00:00:00.000","Delays (Claims Handling); Unsatisfactory Settle/Offer","23"
"2015-06-01T00:00:00.000","Delays (Policyholder Service); Use Of Clue Reports","1"
"2024-07-01T00:00:00.000","Cancellation; Cust Service Claim Handling; Cust Srvc Policy Holder Srvcs; Unsatisfactory Settle/Offer","1"
"2014-12-01T00:00:00.000","Agent Handling; Use of Credit Reports","1"
"2012-10-01T00:00:00.000","Cancellation; Cust Service Claim Handling; Delays (Policyholder Service)","1"
"2012-07-01T00:00:00.000","Cancellation; Premium and Rating","1"
"2026-04-01T00:00:00.000","Cust Srvc Policy Holder Srvcs; Refusal to Insure","1"
"2018-01-01T00:00:00.000","Cancellation; Refund Of Premium","1"
"2012-11-01T00:00:00.000","Not Within TDI Jurisdiction","2"
"2025-04-01T00:00:00.000","Cust Service Claim Handling; Delays (Claims Handling); Unauthorized Acts","1"
"2012-09-01T00:00:00.000","Cust Service Claim Handling; Denial Of Claim","3"
"2026-08-01T00:00:00.000","Cancellation; Cust Srvc Policy Holder Srvcs; Delays (Policyholder Service); Refund Of Premium","1"
"2016-08-01T00:00:00.000","Delays (Policyholder Service); Other","1"
"2015-09-01T00:00:00.000","Delays (Policyholder Service); Other; Unsatisfactory Settle/Offer","1"
"2026-05-01T00:00:00.000","Cust Srvc Policy Holder Srvcs; Delays (Policyholder Service); Delays (Underwriting)","1"
"2014-02-01T00:00:00.000","Agent Handling","10"
"2020-12-01T00:00:00.000","Cancellation; Cust Service Claim Handling; Denial Of Claim; Non-Renewal","1"
"2018-07-01T00:00:00.000","Notice Requirements; Other","1"
"2015-11-01T00:00:00.000","Denial Of Claim; Non-Renewal","2"
"2022-03-01T00:00:00.000","Unsatisfactory Settle/Offer","22"
"2022-07-01T00:00:00.000","Unauthorized Acts","3"
"2016-04-01T00:00:00.000","Cancellation; Endorsement / Rider","1"
"2020-01-01T00:00:00.000","Denial Of Claim; Premium and Rating","1"
"2016-09-01T00:00:00.000","Unauthorized Acts","3"
"2025-12-01T00:00:00.000","Delays (Claims Handling)","7"
"2025-03-01T00:00:00.000","Cust Srvc Policy Holder Srvcs; Misrepresentation","1"
"2022-12-01T00:00:00.000","Delays (Policyholder Service); Notice Requirements","1"
"2025-08-01T00:00:00.000","Cust Service Claim Handling; Cust Srvc Policy Holder Srvcs; Delays (Claims Handling)","2"
"2019-09-01T00:00:00.000","Notice Requirements; Refund Of Premium","1"
"2017-07-01T00:00:00.000","Delays (Policyholder Service); Refund Of Premium","3"
"2025-05-01T00:00:00.000","Cust Service Claim Handling; Delays (Claims Handling); Denial Of Claim; Endorsement / Rider","1"
"2026-01-01T00:00:00.000","Cust Srvc Policy Holder Srvcs; Duplication of Coverage","1"
"2025-10-01T00:00:00.000","Cust Srvc Policy Holder Srvcs; Delays (Policyholder Service); Refund Of Premium","16"
"2025-06-01T00:00:00.000","Delays (Claims Handling); Denial Of Claim","2"
"2021-07-01T00:00:00.000","Misrepresentation","9"
"2018-12-01T00:00:00.000","Assignment of Benefits; Cust Service Claim Handling; Delays (Claims Handling)","1"
"2021-04-01T00:00:00.000","Denial Of Claim","48"
"2026-04-01T00:00:00.000","Cust Srvc Policy Holder Srvcs; Misleading Advertising","1"
"2012-08-01T00:00:00.000","Agent Handling; Conversion","1"
"2020-01-01T00:00:00.000","Delays (Policyholder Service)","5"
"2016-06-01T00:00:00.000","Delays (Policyholder Service)","6"
"2023-03-01T00:00:00.000","Premium and Rating; Refund Of Premium","1"
"2024-10-01T00:00:00.000","Denial Of Claim; Unsatisfactory Settle/Offer","1"
"2019-06-01T00:00:00.000","Cancellation; Delays (Policyholder Service); Refund Of Premium","1"
"2021-03-01T00:00:00.000","Cust Service Claim Handling; Denial Of Claim; Unsatisfactory Settle/Offer","4"
"2016-06-01T00:00:00.000","Cust Service Claim Handling; Delays (Claims Handling); Unsatisfactory Settle/Offer","32"
"2017-08-01T00:00:00.000","Unauthorized Acts","4"
"2025-03-01T00:00:00.000","Cust Service Claim Handling; Other; Unsatisfactory Settle/Offer","1"
"2026-01-01T00:00:00.000","Cust Service Claim Handling; Delays (Claims Handling); Prompt Pay","1"
"2019-04-01T00:00:00.000","Cust Service Claim Handling; Delays (Claims Handling)","11"
"2025-03-01T00:00:00.000","Cust Service Claim Handling; Delays (Claims Handling); Non-Renewal; Post-Claim Underwriting","1"
"2021-03-01T00:00:00.000","Refund Of Premium","11"
"2012-07-01T00:00:00.000","Conversion; Unauthorized Acts","1"
"2013-06-01T00:00:00.000","Premium and Rating; Refund Of Premium","1"
"2014-10-01T00:00:00.000","Other","6"
"2021-09-01T00:00:00.000","Cust Service Claim Handling; Denial Of Claim","6"
"2024-10-01T00:00:00.000","Cust Service Claim Handling","7"
"2013-07-01T00:00:00.000","Cust Service Claim Handling; Unsatisfactory Settle/Offer","2"
"2019-05-01T00:00:00.000","Agent Handling; Conversion","1"
"2016-10-01T00:00:00.000","Cancellation; Premium and Rating","2"
"2017-04-01T00:00:00.000","Denial Of Claim; Endorsement / Rider","1"
"2012-07-01T00:00:00.000","Non-Disclosure Of Coverage","1"
"2026-02-01T00:00:00.000","Delays (Claims Handling); Denial Of Claim; Unsatisfactory Settle/Offer","1"
"2017-05-01T00:00:00.000","Non-Renewal","5"
"2015-11-01T00:00:00.000","Cust Service Claim Handling; Delays (Claims Handling)","11"
"2018-05-01T00:00:00.000","Not Within TDI Jurisdiction","1"
"2012-08-01T00:00:00.000","Denial Of Claim; Pre-Existing Condition; Premium and Rating","1"
"2024-10-01T00:00:00.000","Cust Service Claim Handling; Premium and Rating; Refund Of Premium","1"
"2026-07-01T00:00:00.000","Delays (Policyholder Service); Unsatisfactory Settle/Offer","1"
"2017-06-01T00:00:00.000","Premium Notice; Premium and Rating; Refund Of Premium","2"
"2015-03-01T00:00:00.000","Increased Dwelling Coverage; Premium Notice; Refund Of Premium","1"
"2015-08-01T00:00:00.000","Cancellation; Delays (Underwriting); Premium and Rating","1"
"2013-02-01T00:00:00.000","Cancellation; Refund Of Premium","1"
"2025-01-01T00:00:00.000","Premium and Rating","18"
"2021-07-01T00:00:00.000","Cust Service Claim Handling; Delays (Claims Handling)","42"
"2019-01-01T00:00:00.000","Unauthorized Acts","5"
"2025-11-01T00:00:00.000","Delays (Policyholder Service)","1"
"2014-05-01T00:00:00.000","Non-Renewal","7"
"2025-10-01T00:00:00.000","Premium and Rating","11"
"2017-11-01T00:00:00.000","Cancellation; Post-Claim Underwriting","1"
"2021-12-01T00:00:00.000","Other","2"
"2021-05-01T00:00:00.000","Cust Service Claim Handling; Delays (Claims Handling); Unsatisfactory Settle/Offer","27"
"2019-12-01T00:00:00.000","Denial Of Claim; Unsatisfactory Settle/Offer","1"
"2015-09-01T00:00:00.000","Delays (Policyholder Service); Non-Renewal; Other; Premium and Rating","1"
"2019-03-01T00:00:00.000","Delays (Policyholder Service)","4"
"2026-03-01T00:00:00.000","Premium and Rating; Refund Of Premium","4"
"2020-07-01T00:00:00.000","Not Within TDI Jurisdiction","1"
"2025-10-01T00:00:00.000","Delays (Claims Handling); Denial Of Claim","1"
"2014-02-01T00:00:00.000","Cust Service Claim Handling; Delays (Claims Handling)","6"
"2015-07-01T00:00:00.000","Premium and Rating; Unauthorized Acts","1"
"2015-02-01T00:00:00.000","Cust Service Claim Handling; Delays (Claims Handling); Insurer Fraud; Unsatisfactory Settle/Offer","1"
"2022-05-01T00:00:00.000","Premium and Rating; Use Of Clue Reports","1"
"2026-02-01T00:00:00.000","Cust Service Claim Handling; Unsatisfactory Settle/Offer","27"
"2019-04-01T00:00:00.000","Delays (Policyholder Service)","1"
"2026-04-01T00:00:00.000","Misleading Advertising","1"
"2016-01-01T00:00:00.000","Cust Service Claim Handling; Delays (Claims Handling); Denial Of Claim","5"
"2013-05-01T00:00:00.000","Delays (Claims Handling); Denial Of Claim; Liability Dispute","1"
"2026-02-01T00:00:00.000","Cust Service Claim Handling; Denial Of Claim; Refusal to Insure; Unsatisfactory Settle/Offer","1"
"2025-02-01T00:00:00.000","Premium and Rating; Unsatisfactory Settle/Offer","1"
"2025-08-01T00:00:00.000","Cust Srvc Policy Holder Srvcs; Delays (Policyholder Service)","6"
"2015-11-01T00:00:00.000","Endorsement / Rider; Premium and Rating","1"
"2017-06-01T00:00:00.000","Agent Handling; Premium and Rating","1"
"2021-02-01T00:00:00.000","Non-Renewal","2"
"2015-07-01T00:00:00.000","Cust Service Claim Handling; TWIA Appeal; Unsatisfactory Settle/Offer","1"
"2024-11-01T00:00:00.000","Endorsement / Rider; Non-Renewal; Premium and Rating","1"
"2021-05-01T00:00:00.000","Misrepresentation","12"
"2017-09-01T00:00:00.000","Agent Handling; Denial Of Claim; Waiting Periods","1"
"2020-05-01T00:00:00.000","Cancellation; Refusal to Insure","1"
"2019-08-01T00:00:00.000","Delays (Claims Handling); Denial Of Claim; Unsatisfactory Settle/Offer","1"
"2015-07-01T00:00:00.000","Closing; Contract Disputes; Earnest Money","1"
"2023-09-01T00:00:00.000","Denial Of Claim; Endorsement / Rider","1"
"2023-08-01T00:00:00.000","Misrepresentation","6"
"2018-04-01T00:00:00.000","Claimant Fraud","1"
"2026-03-01T00:00:00.000","Cust Srvc Policy Holder Srvcs; Delays (Policyholder Service); Unauthorized Acts","2"
"2017-08-01T00:00:00.000","Cancellation; Delays (Policyholder Service); Refund Of Premium","3"
"2022-12-01T00:00:00.000","Delays (Underwriting)","1"
"2024-06-01T00:00:00.000","Cancellation; Cust Srvc Policy Holder Srvcs; Premium Notice","2"
"2018-04-01T00:00:00.000","Delays (Policyholder Service); Refund Of Premium","3"
"2020-03-01T00:00:00.000","Delays (Claims Handling); Unsatisfactory Settle/Offer","11"
"2022-09-01T00:00:00.000","Misrepresentation; Refund Of Premium","1"
"2017-03-01T00:00:00.000","Cust Service Claim Handling","3"
"2021-06-01T00:00:00.000","Misrepresentation; Premium and Rating","2"
"2013-07-01T00:00:00.000","Cancellation; Non-Renewal","1"
"2020-06-01T00:00:00.000","Denial Of Claim; Premium and Rating; Use Of Clue Reports","1"
"2015-04-01T00:00:00.000","Denial Of Claim","17"
"2016-12-01T00:00:00.000","Notice Requirements","1"
"2016-04-01T00:00:00.000","Cust Service Claim Handling; Delays (Claims Handling); Unsatisfactory Settle/Offer","6"
"2014-07-01T00:00:00.000","Endorsement / Rider; Increased Dwelling Coverage; Other; Premium and Rating; Refund Of Premium","1"
"2017-10-01T00:00:00.000","Denial Of Claim; Endorsement / Rider","1"
"2025-05-01T00:00:00.000","Cust Service Claim Handling; Premium and Rating","1"
"2022-10-01T00:00:00.000","Delays (Policyholder Service)","9"
"2016-10-01T00:00:00.000","Delays (Policyholder Service); Non-Renewal","2"
"2023-09-01T00:00:00.000","Premium and Rating; Use Of Clue Reports; Use of Credit Reports","1"
"2023-05-01T00:00:00.000","Delays (Claims Handling)","35"
"2019-06-01T00:00:00.000","Lead Cards","1"
"2014-12-01T00:00:00.000","Refund Of Premium","8"
"2026-07-01T00:00:00.000","Cancellation; Cust Service Claim Handling; Delays (Claims Handling)","1"
"2016-10-01T00:00:00.000","Cancellation","1"
"2013-03-01T00:00:00.000","Premium and Rating","16"
"2020-06-01T00:00:00.000","Unsatisfactory Settle/Offer","7"
"2022-03-01T00:00:00.000","Delays (Claims Handling)","20"
"2013-08-01T00:00:00.000","Cancellation","4"
"2018-09-01T00:00:00.000","Delays (Claims Handling); Delays (Policyholder Service)","1"
"2013-10-01T00:00:00.000","Delays (Claims Handling); Denial Of Claim; Endorsement / Rider","1"
"2013-07-01T00:00:00.000","Agent Handling; Misrepresentation; Premium Notice","1"
"2025-03-01T00:00:00.000","Cust Service Claim Handling; Unsatisfactory Settle/Offer","36"
"2012-10-01T00:00:00.000","Liability Dispute; Unsatisfactory Settle/Offer","1"
"2026-01-01T00:00:00.000","Refund Of Premium","5"
"2025-01-01T00:00:00.000","Cust Srvc Policy Holder Srvcs; Misrepresentation","2"
"2012-06-01T00:00:00.000","XX-Coverage Question","3"
"2024-06-01T00:00:00.000","Cust Service Claim Handling; Unsatisfactory Settle/Offer","45"
"2013-12-01T00:00:00.000","Non-Disclosure Of Coverage","1"
"2017-08-01T00:00:00.000","Denial Of Claim; Notice Requirements","1"
"2014-06-01T00:00:00.000","Unfair Discrim-Clms Handling; Unsatisfactory Settle/Offer","1"
"2024-03-01T00:00:00.000","Delays (Policyholder Service)","20"
"2020-03-01T00:00:00.000","Cust Service Claim Handling; Denial Of Claim","1"
"2017-01-01T00:00:00.000","Unsatisfactory Settle/Offer","13"
"2013-07-01T00:00:00.000","Cancellation; Premium and Rating","2"
"2021-02-01T00:00:00.000","Misrepresentation","7"
"2013-04-01T00:00:00.000","Cancellation; Premium and Rating","1"
"2025-02-01T00:00:00.000","Cust Srvc Policy Holder Srvcs; Non-Renewal","1"
"2019-01-01T00:00:00.000","Delays (Claims Handling); Prompt Pay","1"
"2016-01-01T00:00:00.000","Cancellation; Non-Renewal; Unsatisfactory Settle/Offer","1"
"2023-04-01T00:00:00.000","Cust Service Claim Handling; Denial Of Claim; Endorsement / Rider","1"
"2025-11-01T00:00:00.000","Cust Srvc Policy Holder Srvcs; Delays (Policyholder Service); Premium and Rating","1"
"2025-02-01T00:00:00.000","Cust Srvc Policy Holder Srvcs; Delays (Policyholder Service); Denial Of Claim; Premium Notice","1"
"2024-09-01T00:00:00.000","Delays (Policyholder Service); Premium and Rating; Refund Of Premium","1"
"2020-10-01T00:00:00.000","Cust Service Claim Handling; Delays (Claims Handling); Denial Of Claim; Unsatisfactory Settle/Offer","2"
"2021-12-01T00:00:00.000","Cust Service Claim Handling; Unsatisfactory Settle/Offer","2"
"2021-03-01T00:00:00.000","Delays (Claims Handling); Denial Of Claim","6"
"2015-01-01T00:00:00.000","Cust Service Claim Handling","5"
"2024-09-01T00:00:00.000","Refund Of Premium","9"
"2023-10-01T00:00:00.000","Post-Claim Underwriting; Refusal to Insure","1"
"2019-05-01T00:00:00.000","Notice Requirements","1"
"2025-01-01T00:00:00.000","Cust Service Claim Handling; Delays (Claims Handling); Unsatisfactory Settle/Offer","62"
"2019-09-01T00:00:00.000","Delays (Policyholder Service); Misrepresentation","1"
"2017-09-01T00:00:00.000","Cust Service Claim Handling; Delays (Claims Handling); Unsatisfactory Settle/Offer","25"
"2020-11-01T00:00:00.000","Cust Service Claim Handling; Denial Of Claim; Unsatisfactory Settle/Offer","3"
"2018-04-01T00:00:00.000","Assignment of Benefits; Cust Service Claim Handling; Delays (Claims Handling)","1"
"2021-12-01T00:00:00.000","Denial Of Claim; Unsatisfactory Settle/Offer","11"
"2023-12-01T00:00:00.000","Delays (Policyholder Service); Misrepresentation; Refund Of Premium","1"
"2013-06-01T00:00:00.000","Excessive Rates; Premium and Rating","3"
"2020-08-01T00:00:00.000","Cust Service Claim Handling; Delays (Claims Handling); Denial Of Claim","8"
"2019-03-01T00:00:00.000","Other; Premium Notice","1"
"2023-06-01T00:00:00.000","Cust Service Claim Handling; Delays (Claims Handling); Endorsement / Rider","1"
"2013-03-01T00:00:00.000","Delays (Policyholder Service); Denial Of Claim","1"
"2014-03-01T00:00:00.000","Cust Service Claim Handling; Unsatisfactory Settle/Offer","1"
"2014-09-01T00:00:00.000","Cancellation; Delays (Policyholder Service); Premium and Rating","1"
"2022-06-01T00:00:00.000","Delays (Claims Handling); Unsatisfactory Settle/Offer; Usual And Customary","1"
"2025-09-01T00:00:00.000","Cancellation; Cust Srvc Policy Holder Srvcs; Delays (Policyholder Service); Refund Of Premium","1"
"2023-10-01T00:00:00.000","Improper Inducements; Unauthorized Acts","1"
"2018-05-01T00:00:00.000","Cancellation; Cust Service Claim Handling; Unsatisfactory Settle/Offer","1"
"2026-08-01T00:00:00.000","Cust Service Claim Handling; Delays (Claims Handling); Unfair Discrim-Clms Handling","1"
"2016-05-01T00:00:00.000","Cust Service Claim Handling; Delays (Claims Handling)","18"
"2022-06-01T00:00:00.000","Non-Renewal","3"
"2017-07-01T00:00:00.000","Premium Notice; Premium and Rating","1"
"2020-09-01T00:00:00.000","Delays (Policyholder Service); Refund Of Premium","4"
"2018-10-01T00:00:00.000","Delays (Claims Handling); Non-Renewal","1"
"2023-02-01T00:00:00.000","Other","1"
"2013-10-01T00:00:00.000","Delays (Claims Handling)","20"
"2016-02-01T00:00:00.000","Cancellation; Premium and Rating","1"
"2014-06-01T00:00:00.000","Cust Service Claim Handling; Non-Renewal; Other","1"
"2024-11-01T00:00:00.000","Endorsement / Rider; Unsatisfactory Settle/Offer","1"
"2015-09-01T00:00:00.000","Premium and Rating; Unsatisfactory Settle/Offer","1"
"2022-08-01T00:00:00.000","Denial Of Claim","28"
"2023-09-01T00:00:00.000","Cancellation; Delays (Underwriting)","1"
"2016-09-01T00:00:00.000","Closed-Lack Of Info Cmplainant; Delays (Claims Handling); Denial Of Claim","1"
"2024-10-01T00:00:00.000","Other; Use of Credit Reports","1"
"2020-11-01T00:00:00.000","Delays (Claims Handling); Denial Of Claim","2"
"2024-07-01T00:00:00.000","Cust Srvc Policy Holder Srvcs; Non-Renewal; Premium and Rating","1"
"2018-03-01T00:00:00.000","Cust Service Claim Handling","6"
"2020-06-01T00:00:00.000","Cancellation; Delays (Policyholder Service); Non-Renewal","1"
"2019-10-01T00:00:00.000","Delays (Claims Handling)","11"
"2012-03-01T00:00:00.000","Unsatisfactory Settle/Offer","1"
"2015-02-01T00:00:00.000","Unsatisfactory Settle/Offer","12"
"2024-08-01T00:00:00.000","Cust Srvc Policy Holder Srvcs; Delays (Claims Handling)","1"
"2023-04-01T00:00:00.000","Cust Service Claim Handling; Endorsement / Rider","1"
"2026-01-01T00:00:00.000","Cust Service Claim Handling; Delays (Claims Handling); Non-Renewal","1"
"2020-12-01T00:00:00.000","Cancellation; Delays (Policyholder Service)","1"
"2021-12-01T00:00:00.000","Unsatisfactory Settle/Offer","26"
"2025-09-01T00:00:00.000","Denial Of Claim; Non-Renewal","1"
"2020-04-01T00:00:00.000","Cancellation; Non-Renewal; Refund Of Premium","1"
"2016-09-01T00:00:00.000","Premium Notice","1"
"2025-02-01T00:00:00.000","Cust Service Claim Handling; Cust Srvc Policy Holder Srvcs; Delays (Claims Handling); Unsatisfactory Settle/Offer","1"
"2013-12-01T00:00:00.000","Cust Service Claim Handling","1"
"2025-05-01T00:00:00.000","Other","3"
"2020-01-01T00:00:00.000","Cancellation; Delays (Claims Handling); Unsatisfactory Settle/Offer","1"
"2013-06-01T00:00:00.000","Delays (Claims Handling); Denial Of Claim","3"
"2022-05-01T00:00:00.000","Delays (Claims Handling); Non-Renewal","1"
"2016-07-01T00:00:00.000","Cust Service Claim Handling; Deficient Claim Notice; Delays (Claims Handling)","1"
"2025-05-01T00:00:00.000","Cust Service Claim Handling; Premium and Rating; Unsatisfactory Settle/Offer","1"
"2025-08-01T00:00:00.000","Delays (Underwriting)","2"
"2016-04-01T00:00:00.000","Use of Credit Reports","1"
"2015-05-01T00:00:00.000","Cancellation; Cust Service Claim Handling; Denial Of Claim","1"
"2018-02-01T00:00:00.000","Premium and Rating","3"
"2017-05-01T00:00:00.000","Refund Of Premium","2"
"2025-06-01T00:00:00.000","Cust Service Claim Handling; Delays (Claims Handling); Premium and Rating; Unsatisfactory Settle/Offer","1"
"2019-02-01T00:00:00.000","Conversion; Delays (Policyholder Service); Refund Of Premium","1"
"2017-09-01T00:00:00.000","Cust Service Claim Handling","3"
"2022-01-01T00:00:00.000","Delays (Claims Handling); Premium and Rating","1"
"2017-03-01T00:00:00.000","Misrepresentation","2"
"2013-08-01T00:00:00.000","Unsatisfactory Settle/Offer","22"
"2015-02-01T00:00:00.000","Delays (Claims Handling); Denial Of Claim","1"
"2024-01-01T00:00:00.000","Premium and Rating; Refund Of Premium","2"
"2013-01-01T00:00:00.000","Cust Service Claim Handling; Delays (Claims Handling); Unsatisfactory Settle/Offer","2"
"2017-02-01T00:00:00.000","Unsatisfactory Settle/Offer","11"
"2012-12-01T00:00:00.000","Endorsement / Rider; Non-Disclosure Of Coverage","1"
"2024-11-01T00:00:00.000","Cancellation; Cust Srvc Policy Holder Srvcs; Delays (Underwriting)","2"
"2018-04-01T00:00:00.000","Cust Service Claim Handling; Delays (Claims Handling); Unsatisfactory Settle/Offer","16"
"2024-07-01T00:00:00.000","Cust Srvc Policy Holder Srvcs; Unauthorized Acts","2"
"2017-10-01T00:00:00.000","Cust Service Claim Handling; Delays (Claims Handling); Denial Of Claim; Unsatisfactory Settle/Offer","3"
"2024-05-01T00:00:00.000","Non-Renewal; Notice Requirements","1"
"2025-04-01T00:00:00.000","Cust Service Claim Handling; Denial Of Claim; Policy Exclusion; Premium and Rating","1"
"2022-05-01T00:00:00.000","Delays (Claims Handling); Non-Renewal; Unsatisfactory Settle/Offer","1"
"2024-08-01T00:00:00.000","Unauthorized Acts","2"
"2013-08-01T00:00:00.000","Unauthorized Acts","3"
"2025-06-01T00:00:00.000","Delays (Claims Handling)","24"
"2014-02-01T00:00:00.000","Cancellation","9"
"2025-09-01T00:00:00.000","Premium and Rating; Refund Of Premium","2"
"2024-01-01T00:00:00.000","Cancellation; Cust Service Claim Handling; Denial Of Claim","1"
"2025-08-01T00:00:00.000","Delays (Claims Handling); Denial Of Claim; Unsatisfactory Settle/Offer","1"
"2023-08-01T00:00:00.000","Delays (Policyholder Service); Misrepresentation","1"
"2020-08-01T00:00:00.000","Cust Service Claim Handling; Delays (Claims Handling)","18"
"2012-10-01T00:00:00.000","Agent Handling; Misrepresentation; Unrecorded Documents","1"
"2014-05-01T00:00:00.000","Agent Handling; Conversion","2"
"2023-12-01T00:00:00.000","Cust Service Claim Handling; Denial Of Claim","6"
"2017-03-01T00:00:00.000","Cust Service Claim Handling; Delays (Claims Handling); Denial Of Claim; Unsatisfactory Settle/Offer","1"
"2016-05-01T00:00:00.000","Delays (Policyholder Service)","3"
"2022-03-01T00:00:00.000","Premium and Rating; Use Of Clue Reports","1"
"2014-02-01T00:00:00.000","Use of Credit Reports","1"
"2026-09-01T00:00:00.000","Delays (Claims Handling); Unsatisfactory Settle/Offer","4"
"2018-09-01T00:00:00.000","Cust Service Claim Handling; Unsatisfactory Settle/Offer","2"
"2019-01-01T00:00:00.000","Delays (Policyholder Service); Refund Of Premium","4"
"2014-01-01T00:00:00.000","Use of Credit Reports","3"
"2024-12-01T00:00:00.000","Cust Srvc Policy Holder Srvcs","8"
"2015-07-01T00:00:00.000","Refund Of Premium","7"
"2015-11-01T00:00:00.000","Other","3"
"2012-11-01T00:00:00.000","Misrepresentation","3"
"2019-05-01T00:00:00.000","Cust Service Claim Handling; Delays (Policyholder Service); Denial Of Claim","1"
"2013-03-01T00:00:00.000","Agent Handling; Delays (Policyholder Service)","1"
"2023-06-01T00:00:00.000","Cust Service Claim Handling; Delays (Claims Handling)","32"
"2017-05-01T00:00:00.000","Agent Handling","10"
"2017-06-01T00:00:00.000","Delays (Policyholder Service); Refund Of Premium","5"
"2026-06-01T00:00:00.000","Cust Service Claim Handling; Delays (Claims Handling); Denial Of Claim; Prompt Pay","1"
"2024-05-01T00:00:00.000","Cust Srvc Policy Holder Srvcs; Delays (Underwriting); Refund Of Premium","1"
"2012-09-01T00:00:00.000","Cust Service Claim Handling; Delays (Claims Handling)","4"
"2025-04-01T00:00:00.000","Unsatisfactory Settle/Offer","32"
"2019-10-01T00:00:00.000","Liability Dispute","1"
"2025-06-01T00:00:00.000","Cancellation; Cust Srvc Policy Holder Srvcs; Delays (Policyholder Service)","1"
"2025-07-01T00:00:00.000","Cancellation; Cust Srvc Policy Holder Srvcs; Delays (Policyholder Service)","1"
"2024-12-01T00:00:00.000","Cust Service Claim Handling; Denial Of Claim; Unsatisfactory Settle/Offer","1"
"2024-03-01T00:00:00.000","Premium and Rating","23"
"2017-11-01T00:00:00.000","Unsatisfactory Settle/Offer","14"
"2021-09-01T00:00:00.000","Cancellation; Refund Of Premium","4"
"2025-01-01T00:00:00.000","Cust Service Claim Handling; Cust Srvc Policy Holder Srvcs; Premium and Rating; Unsatisfactory Settle/Offer","1"
"2025-12-01T00:00:00.000","Refund Of Premium","10"
"2023-11-01T00:00:00.000","Cust Service Claim Handling; Delays (Claims Handling); Unauthorized Acts","1"
"2015-12-01T00:00:00.000","Cancellation; Other","1"
"2014-11-01T00:00:00.000","Cancellation; Refund Of Premium","1"
"2013-03-01T00:00:00.000","Delays (Claims Handling); Unsatisfactory Settle/Offer","8"
"2026-06-01T00:00:00.000","Misrepresentation; Refund Of Premium","1"
"2024-11-01T00:00:00.000","Cust Srvc Policy Holder Srvcs; Non-Renewal; Premium and Rating","1"
"2020-05-01T00:00:00.000","Cancellation; Delays (Policyholder Service); Premium and Rating; Refund Of Premium","1"
"2025-01-01T00:00:00.000","Cancellation; Premium and Rating","1"
"2019-11-01T00:00:00.000","Refund Of Premium","4"
"2023-01-01T00:00:00.000","Delays (Claims Handling); Denial Of Claim","2"
"2013-10-01T00:00:00.000","Delays (Claims Handling); Liability Dispute","1"
"2020-05-01T00:00:00.000","Delays (Policyholder Service); Delays (Underwriting); Premium Notice; Premium and Rating; Refund Of Premium","1"
"2024-01-01T00:00:00.000","Endorsement / Rider","2"
"2021-09-01T00:00:00.000","Delays (Claims Handling); Denial Of Claim; Unsatisfactory Settle/Offer","3"
"2016-12-01T00:00:00.000","Delays (Policyholder Service)","1"
"2017-07-01T00:00:00.000","Delays (Policyholder Service)","4"
"2024-06-01T00:00:00.000","Cust Service Claim Handling; Delays (Claims Handling); Unsatisfactory Settle/Offer","65"
"2024-05-01T00:00:00.000","Cust Service Claim Handling; Delays (Claims Handling); Denial Of Claim; Unsatisfactory Settle/Offer","2"
"2023-06-01T00:00:00.000","Non-Renewal","3"
"2023-01-01T00:00:00.000","Cust Service Claim Handling; Delays (Underwriting)","1"
"2021-05-01T00:00:00.000","Denial Of Claim; Other","1"
"2015-06-01T00:00:00.000","Agent Handling; Use of Credit Reports","1"
"2017-05-01T00:00:00.000","Cust Service Claim Handling; Denial Of Claim","7"
"2014-06-01T00:00:00.000","Refusal to Insure","1"
"2023-10-01T00:00:00.000","Conversion; Unauthorized Acts","1"
"2024-05-01T00:00:00.000","Cust Service Claim Handling; Delays (Claims Handling); Non-Renewal","2"
"2016-04-01T00:00:00.000","Cancellation; Delays (Policyholder Service); Refund Of Premium","1"
"2025-12-01T00:00:00.000","Premium and Rating; Use of Credit Reports","1"
"2014-11-01T00:00:00.000","Cancellation; Premium and Rating","1"
"2017-03-01T00:00:00.000","Delays (Claims Handling); Denial Of Claim; Unsatisfactory Settle/Offer","1"
"2025-10-01T00:00:00.000","Cancellation; Cust Srvc Policy Holder Srvcs","3"
"2016-10-01T00:00:00.000","Delays (Policyholder Service); Premium Notice","1"
"2020-01-01T00:00:00.000","Cust Service Claim Handling; Denial Of Claim; Unsatisfactory Settle/Offer","2"
"2020-02-01T00:00:00.000","Cust Service Claim Handling; Delays (Claims Handling); Unsatisfactory Settle/Offer","12"
"2021-09-01T00:00:00.000","Delays (Claims Handling); Unsatisfactory Settle/Offer","29"
"2016-02-01T00:00:00.000","Cancellation; Delays (Policyholder Service); Delays (Underwriting)","1"
"2013-09-01T00:00:00.000","Non-Renewal; Unsatisfactory Settle/Offer","1"
"2023-12-01T00:00:00.000","Cust Service Claim Handling; Delays (Claims Handling); Unsatisfactory Settle/Offer","30"
"2012-11-01T00:00:00.000","Agent Handling; Increased Dwelling Coverage","1"
"2018-03-01T00:00:00.000","Cancellation; Refund Of Premium","4"
"2024-04-01T00:00:00.000","Cust Service Claim Handling; Use Of Clue Reports","2"
"2022-12-01T00:00:00.000","Denial Of Claim","9"
"2013-10-01T00:00:00.000","Excessive Rates; Premium and Rating","1"
"2026-02-01T00:00:00.000","Cancellation; Cust Srvc Policy Holder Srvcs; Delays (Underwriting); Refund Of Premium","1"
"2021-11-01T00:00:00.000","Cust Service Claim Handling; Delays (Claims Handling); Denial Of Claim","2"
"2018-03-01T00:00:00.000","Agent Handling; Premium Notice","1"
"2022-12-01T00:00:00.000","Misrepresentation","1"
"2020-09-01T00:00:00.000","Cust Service Claim Handling; Unsatisfactory Settle/Offer","13"
"2016-11-01T00:00:00.000","Unsatisfactory Settle/Offer","8"
"2013-02-01T00:00:00.000","Agent Handling; Misrepresentation","1"
"2013-04-01T00:00:00.000","Denial Of Claim; Unfair Discrim-Clms Handling","1"
"2017-11-01T00:00:00.000","Cancellation; Endorsement / Rider; Refund Of Premium","1"
"2012-08-01T00:00:00.000","Duplication of Coverage","2"
"2026-04-01T00:00:00.000","Denial Of Claim; Unsatisfactory Settle/Offer","2"
"2024-11-01T00:00:00.000","Denial Of Claim","11"
"2023-12-01T00:00:00.000","Denial Of Claim; Unsatisfactory Settle/Offer","2"
"2012-10-01T00:00:00.000","Refund Of Premium; Refusal to Insure","1"
"2025-05-01T00:00:00.000","Cust Service Claim Handling; Delays (Claims Handling)","54"
"2014-02-01T00:00:00.000","Agent Handling; Refusal to Insure; Unfair Discrimination","1"
"2025-04-01T00:00:00.000","Cust Service Claim Handling; Delays (Claims Handling); Non-Renewal","1"
"2021-07-01T00:00:00.000","Other; Refund Of Premium","1"
"2025-04-01T00:00:00.000","Cancellation; Delays (Claims Handling)","1"
"2023-03-01T00:00:00.000","Delays (Policyholder Service); Denial Of Claim","1"
"2022-08-01T00:00:00.000","Cancellation; Refund Of Premium; Refusal to Insure","1"
"2017-06-01T00:00:00.000","Cust Service Claim Handling; Premium and Rating; Unsatisfactory Settle/Offer","1"
"2016-11-01T00:00:00.000","Delays (Policyholder Service); Notice Requirements; Other; Premium Notice; Refund Of Premium","1"
"2026-03-01T00:00:00.000","Cust Service Claim Handling; Delays (Claims Handling); Denial Of Claim","10"
"2026-03-01T00:00:00.000","Cust Srvc Policy Holder Srvcs; Premium Notice; Premium and Rating; Refund Of Premium","1"
"2025-04-01T00:00:00.000","Cust Service Claim Handling; Cust Srvc Policy Holder Srvcs; Delays (Claims Handling); Delays (Policyholder Service); Unsatisfactory Settle/Offer","1"
"2025-04-01T00:00:00.000","Improper Inducements","1"
"2014-06-01T00:00:00.000","Endorsement / Rider","1"
"2016-08-01T00:00:00.000","Refund Of Premium","2"
"2014-12-01T00:00:00.000","Agent Handling; Delays (Policyholder Service)","1"
"2014-03-01T00:00:00.000","Denial Of Claim; Refund Of Premium","1"
"2024-12-01T00:00:00.000","Cust Srvc Policy Holder Srvcs; Delays (Claims Handling); Unsatisfactory Settle/Offer","1"
"2025-03-01T00:00:00.000","Cust Srvc Policy Holder Srvcs; Endorsement / Rider","1"
"2023-08-01T00:00:00.000","Misrepresentation; Premium and Rating","1"
"2021-03-01T00:00:00.000","Cancellation; Delays (Policyholder Service)","1"
"2020-03-01T00:00:00.000","Cancellation; Delays (Claims Handling); Unsatisfactory Settle/Offer","1"
"2024-03-01T00:00:00.000","Cancellation; Denial Of Claim; Misrepresentation","1"
"2026-06-01T00:00:00.000","Denial Of Claim; Policy Exclusion","3"
"2020-07-01T00:00:00.000","Delays (Claims Handling)","2"
"2020-05-01T00:00:00.000","Conversion; Misrepresentation; Unauthorized Acts","1"
"2025-01-01T00:00:00.000","Refund Of Premium","2"
"2023-04-01T00:00:00.000","Unauthorized Acts","3"
"2020-09-01T00:00:00.000","Denial Of Claim","20"
"2025-09-01T00:00:00.000","Delays (Policyholder Service); Refund Of Premium","2"
"2025-07-01T00:00:00.000","Cust Srvc Policy Holder Srvcs; Delays (Policyholder Service); Use Of Clue Reports","1"
"2014-07-01T00:00:00.000","Cancellation; Delays (Underwriting)","1"
"2019-09-01T00:00:00.000","Post-Claim Underwriting; Use Of Clue Reports","1"
"2018-03-01T00:00:00.000","Assignment of Benefits","1"
"2017-09-01T00:00:00.000","Unsatisfactory Settle/Offer; Usual And Customary","1"
"2026-06-01T00:00:00.000","Misrepresentation","4"
"2020-04-01T00:00:00.000","Cust Service Claim Handling; Unsatisfactory Settle/Offer","7"
"2017-09-01T00:00:00.000","Delays (Underwriting); Non-Renewal","1"
"2021-04-01T00:00:00.000","Cust Service Claim Handling; Delays (Claims Handling); Denial Of Claim; Unsatisfactory Settle/Offer","1"
"2023-07-01T00:00:00.000","Misrepresentation; Refund Of Premium","1"
"2025-12-01T00:00:00.000","Denial Of Claim; Liability Dispute","1"
"2020-10-01T00:00:00.000","Delays (Claims Handling); Denial Of Claim","1"
"2018-08-01T00:00:00.000","Premium Notice","2"
"2025-04-01T00:00:00.000","Policy Exclusion","1"
"2020-05-01T00:00:00.000","Cancellation; Non-Renewal","1"
"2012-09-01T00:00:00.000","Agent Handling; Misrepresentation","1"
"2026-02-01T00:00:00.000","Cust Srvc Policy Holder Srvcs; Endorsement / Rider","1"
"2022-12-01T00:00:00.000","Not Within TDI Jurisdiction","2"
"2021-03-01T00:00:00.000","Premium and Rating","12"
"2016-01-01T00:00:00.000","Misrepresentation; Unauthorized Acts","1"
"2013-07-01T00:00:00.000","Refund Of Premium","10"
"2016-12-01T00:00:00.000","Cancellation; Refund Of Premium","1"
"2024-03-01T00:00:00.000","Not Within TDI Jurisdiction","1"
"2013-12-01T00:00:00.000","Denial Of Claim; Non-Renewal","1"
"2021-10-01T00:00:00.000","Delays (Policyholder Service); Refund Of Premium","6"
"2023-09-01T00:00:00.000","Endorsement / Rider; Unsatisfactory Settle/Offer","2"
"2012-09-01T00:00:00.000","Premium and Rating","16"
"2016-12-01T00:00:00.000","Use of Credit Reports","1"
"2024-10-01T00:00:00.000","Cust Service Claim Handling; Delays (Claims Handling)","78"
"2023-08-01T00:00:00.000","Denial Of Claim; Unsatisfactory Settle/Offer","1"
"2015-09-01T00:00:00.000","Cust Service Claim Handling; Delays (Policyholder Service); Unsatisfactory Settle/Offer","1"
"2015-05-01T00:00:00.000","Endorsement / Rider","1"
"2022-03-01T00:00:00.000","Cancellation; Delays (Policyholder Service)","2"
"2026-06-01T00:00:00.000","Cust Service Claim Handling; Policy Exclusion; Unsatisfactory Settle/Offer","2"
"2026-05-01T00:00:00.000","Cust Service Claim Handling; Delays (Claims Handling); Prompt Pay","1"
"2025-08-01T00:00:00.000","Cust Service Claim Handling; Unauthorized Acts","1"
"2020-05-01T00:00:00.000","Cancellation; Delays (Policyholder Service); Refund Of Premium","1"
"2017-08-01T00:00:00.000","Delays (Policyholder Service); Premium Notice","1"
"2016-04-01T00:00:00.000","Endorsement / Rider; Unsatisfactory Settle/Offer","1"
"2024-09-01T00:00:00.000","Delays (Claims Handling)","16"
"2026-01-01T00:00:00.000","Cust Service Claim Handling; Delays (Claims Handling); Policy Exclusion; Unsatisfactory Settle/Offer","1"
"2016-05-01T00:00:00.000","Increased Dwelling Coverage","2"
"2018-03-01T00:00:00.000","Other","1"
"2018-12-01T00:00:00.000","Agent Handling; Premium Notice","1"
"2019-01-01T00:00:00.000","Agent Handling; Use of Credit Reports","1"
"2016-01-01T00:00:00.000","Other","3"
"2014-03-01T00:00:00.000","Premium and Rating","22"
"2024-11-01T00:00:00.000","Use Of Clue Reports","3"
"2022-01-01T00:00:00.000","Cancellation; Refusal to Insure","2"
"2025-02-01T00:00:00.000","Cancellation; Premium and Rating; Refund Of Premium","1"
"2019-08-01T00:00:00.000","Denial Of Claim; Unsatisfactory Settle/Offer","5"
"2018-03-01T00:00:00.000","Agent Handling; Cancellation; Delays (Policyholder Service); Refund Of Premium","1"
"2024-11-01T00:00:00.000","Cancellation; Refund Of Premium","5"
"2012-10-01T00:00:00.000","Delays (Claims Handling); Denial Of Claim; Unsatisfactory Settle/Offer","1"
"2024-11-01T00:00:00.000","Cust Srvc Policy Holder Srvcs; Endorsement / Rider; Premium and Rating; Refund Of Premium","1"
"2021-06-01T00:00:00.000","Endorsement / Rider; Misrepresentation","1"
"2023-06-01T00:00:00.000","Endorsement / Rider","1"
"2023-10-01T00:00:00.000","Misrepresentation","10"
"2026-01-01T00:00:00.000","Cust Service Claim Handling; Cust Srvc Policy Holder Srvcs; Unsatisfactory Settle/Offer","1"
"2024-07-01T00:00:00.000","Non-Renewal; Premium and Rating; Use Of Clue Reports","1"
"2015-02-01T00:00:00.000","Increased Dwelling Coverage","1"
"2020-05-01T00:00:00.000","Non-Renewal; Unsatisfactory Settle/Offer","1"
"2021-03-01T00:00:00.000","Unsatisfactory Settle/Offer","43"
"2020-08-01T00:00:00.000","Cust Service Claim Handling","1"
"2026-04-01T00:00:00.000","Cancellation","3"
"2021-06-01T00:00:00.000","Denial Of Claim","37"
"2015-01-01T00:00:00.000","Refund Of Premium","4"
"2024-03-01T00:00:00.000","Cancellation; Cust Service Claim Handling; Delays (Claims Handling); Delays (Policyholder Service); Misrepresentation","1"
"2016-05-01T00:00:00.000","Agent Handling; Cust Service Claim Handling; Unsatisfactory Settle/Offer","3"
"2026-05-01T00:00:00.000","Cust Service Claim Handling; Cust Srvc Policy Holder Srvcs; Premium and Rating; Use Of Clue Reports","1"
"2021-02-01T00:00:00.000","Cust Service Claim Handling; Delays (Claims Handling); Premium and Rating","1"
"2013-01-01T00:00:00.000","Unsatisfactory Settle/Offer","37"
"2025-03-01T00:00:00.000","Cust Srvc Policy Holder Srvcs; Delays (Policyholder Service); Non-Renewal; Notice Requirements","1"
"2018-05-01T00:00:00.000","Premium and Rating","9"
"2020-03-01T00:00:00.000","Cust Service Claim Handling; Delays (Claims Handling)","16"
"2026-05-01T00:00:00.000","Denial Of Claim","11"
"2022-08-01T00:00:00.000","Premium and Rating","6"
"2023-08-01T00:00:00.000","Conversion; Unauthorized Acts","2"
"2023-10-01T00:00:00.000","Misrepresentation; Premium and Rating","2"
"2015-08-01T00:00:00.000","Closed-Lack Of Info Cmplainant; Other","1"
"2012-11-01T00:00:00.000","Agent Handling","10"
"2021-03-01T00:00:00.000","Other; Refusal to Insure","1"
"2020-01-01T00:00:00.000","Delays (Claims Handling); Misrepresentation; Unsatisfactory Settle/Offer","1"
"2014-12-01T00:00:00.000","Cust Service Claim Handling; Delays (Claims Handling); Denial Of Claim","1"
"2017-01-01T00:00:00.000","Post-Claim Underwriting","1"
"2020-07-01T00:00:00.000","Unauthorized Acts","3"
"2019-06-01T00:00:00.000","Cancellation","2"
"2015-12-01T00:00:00.000","Cust Service Claim Handling; Other; Unfair Discrim-Clms Handling","1"
"2013-06-01T00:00:00.000","Cust Service Claim Handling; Denial Of Claim; Liability Dispute","1"
"2018-09-01T00:00:00.000","Cust Service Claim Handling; Refund Of Premium","1"
"2026-03-01T00:00:00.000","Cust Service Claim Handling; Delays (Claims Handling); Non-Renewal; Unsatisfactory Settle/Offer","1"
"2019-08-01T00:00:00.000","Misrepresentation","4"
"2015-07-01T00:00:00.000","Delays (Underwriting); Denial Of Claim","1"
"2024-08-01T00:00:00.000","Cust Service Claim Handling; Non-Renewal; Unsatisfactory Settle/Offer","1"
"2023-10-01T00:00:00.000","Cancellation","13"
"2012-10-01T00:00:00.000","Denial Of Claim","41"
"2022-07-01T00:00:00.000","Denial Of Claim; Unsatisfactory Settle/Offer","1"
"2018-07-01T00:00:00.000","Delays (Claims Handling); Unsatisfactory Settle/Offer","10"
"2025-07-01T00:00:00.000","Cust Service Claim Handling","12"
"2024-02-01T00:00:00.000","Delays (Claims Handling)","10"
"2014-10-01T00:00:00.000","Denial Of Claim; Refund Of Premium","1"
"2021-07-01T00:00:00.000","Cust Service Claim Handling; Delays (Claims Handling); Denial Of Claim; Unsatisfactory Settle/Offer","1"
"2026-01-01T00:00:00.000","Cancellation; Denial Of Claim","1"
"2021-05-01T00:00:00.000","Delays (Policyholder Service)","11"
"2020-06-01T00:00:00.000","Conversion; Delays (Policyholder Service); Misrepresentation; Unauthorized Acts","1"
"2017-10-01T00:00:00.000","Misrepresentation","1"
"2015-03-01T00:00:00.000","Unsatisfactory Settle/Offer","8"
"2017-06-01T00:00:00.000","Delays (Policyholder Service); Premium Notice","1"
"2026-07-01T00:00:00.000","Cust Srvc Policy Holder Srvcs; Unsatisfactory Settle/Offer","2"
"2016-03-01T00:00:00.000","Cust Service Claim Handling; Delays (Claims Handling); Unfair Discrim-Clms Handling","1"
"2012-09-01T00:00:00.000","Claimant Fraud; Cust Service Claim Handling","1"
"2026-03-01T00:00:00.000","Cust Srvc Policy Holder Srvcs; Delays (Policyholder Service); Refund Of Premium","11"
"2015-10-01T00:00:00.000","Commissions","1"
"2020-03-01T00:00:00.000","Misrepresentation","6"
"2024-06-01T00:00:00.000","Cust Service Claim Handling; Denial Of Claim; Unfair Discrim-Clms Handling","1"
"2026-02-01T00:00:00.000","Premium and Rating; Use Of Clue Reports","1"
"2025-02-01T00:00:00.000","Premium and Rating; Refund Of Premium","1"
"2017-01-01T00:00:00.000","Post-Claim Underwriting; Premium and Rating","2"
"2015-12-01T00:00:00.000","Unsatisfactory Settle/Offer","9"
"2018-03-01T00:00:00.000","Cancellation; Delays (Policyholder Service); Refund Of Premium","3"
"2018-08-01T00:00:00.000","Misrepresentation; Refund Of Premium","1"
"2016-12-01T00:00:00.000","Delays (Underwriting); Premium and Rating","1"
"2018-06-01T00:00:00.000","Delays (Claims Handling); Denial Of Claim; Unsatisfactory Settle/Offer","1"
"2025-08-01T00:00:00.000","Cust Srvc Policy Holder Srvcs; Delays (Policyholder Service); Refund Of Premium","6"
"2018-07-01T00:00:00.000","Agent Handling; Delays (Policyholder Service)","1"
"2013-04-01T00:00:00.000","Delays (Policyholder Service); Other","1"
"2024-11-01T00:00:00.000","Non-Renewal","1"
"2025-11-01T00:00:00.000","Delays (Claims Handling)","4"
"2012-07-01T00:00:00.000","Non-Renewal","8"
"2017-02-01T00:00:00.000","Delays (Policyholder Service); Premium and Rating; Refund Of Premium","1"
"2013-07-01T00:00:00.000","Liability Dispute; Unsatisfactory Settle/Offer","2"
"2026-02-01T00:00:00.000","Cust Service Claim Handling; Premium and Rating; Use Of Clue Reports","1"
"2017-11-01T00:00:00.000","Cancellation; Notice Requirements","2"
"2021-01-01T00:00:00.000","Denial Of Claim; Liability Dispute","1"
"2023-02-01T00:00:00.000","Delays (Claims Handling); Unsatisfactory Settle/Offer","37"
"2021-07-01T00:00:00.000","Cancellation; Cust Service Claim Handling","1"
"2021-11-01T00:00:00.000","Other","5"
"2021-11-01T00:00:00.000","Cust Service Claim Handling; Unsatisfactory Settle/Offer","10"
"2024-08-01T00:00:00.000","Cust Service Claim Handling; Cust Srvc Policy Holder Srvcs; Premium and Rating; Unsatisfactory Settle/Offer","1"
"2012-10-01T00:00:00.000","Delays (Claims Handling); Denial Of Claim","1"
"2022-11-01T00:00:00.000","Cancellation; Refund Of Premium","2"
"2021-05-01T00:00:00.000","Health Privacy; Prohibited PHI Disclosure","1"
"2023-04-01T00:00:00.000","Use Of Clue Reports","2"
"2022-05-01T00:00:00.000","Use of Credit Reports","1"
"2025-07-01T00:00:00.000","Cancellation; Cust Srvc Policy Holder Srvcs; Delays (Policyholder Service); Refund Of Premium","1"
"2022-05-01T00:00:00.000","Misrepresentation; Refund Of Premium","1"
"2022-04-01T00:00:00.000","Misrepresentation; Premium and Rating","1"
"2017-06-01T00:00:00.000","Unsatisfactory Settle/Offer","10"
"2024-07-01T00:00:00.000","Use Of Clue Reports","1"
"2016-07-01T00:00:00.000","Cust Service Claim Handling; Delays (Claims Handling); Endorsement / Rider; Unsatisfactory Settle/Offer","1"
"2024-12-01T00:00:00.000","Cust Srvc Policy Holder Srvcs; Premium and Rating; Refund Of Premium","1"
"2024-01-01T00:00:00.000","Delays (Claims Handling); Unsatisfactory Settle/Offer","17"
"2023-10-01T00:00:00.000","Delays (Claims Handling); Misrepresentation","1"
"2025-09-01T00:00:00.000","Cust Service Claim Handling; Delays (Claims Handling); Denial Of Claim; Policy Exclusion; Unsatisfactory Settle/Offer","1"
"2012-07-01T00:00:00.000","Agent Handling; Conversion","4"
"2020-11-01T00:00:00.000","Cust Service Claim Handling; Delays (Claims Handling); Other","1"
"2025-12-01T00:00:00.000","Cust Srvc Policy Holder Srvcs; Delays (Policyholder Service); Refund Of Premium","8"
"2016-01-01T00:00:00.000","Premium and Rating; Refund Of Premium","3"
"2026-02-01T00:00:00.000","Cust Srvc Policy Holder Srvcs; Endorsement / Rider; Refund Of Premium","1"
"2013-09-01T00:00:00.000","Denial Of Claim; Endorsement / Rider","1"
"2025-10-01T00:00:00.000","Refusal to Insure","2"
"2018-07-01T00:00:00.000","Premium and Rating; Refund Of Premium","1"
"2019-09-01T00:00:00.000","Denial Of Claim; Endorsement / Rider","1"
"2016-06-01T00:00:00.000","Cust Service Claim Handling; Delays (Claims Handling); Denial Of Claim; Unsatisfactory Settle/Offer; Usual And Customary","1"
"2013-01-01T00:00:00.000","Eligibility - Fair Plan","1"
"2012-07-01T00:00:00.000","Premium Notice","1"
"2014-11-01T00:00:00.000","Agent Handling; Conversion","1"
"2025-01-01T00:00:00.000","Cust Service Claim Handling; Cust Srvc Policy Holder Srvcs; Delays (Claims Handling); Denial Of Claim; Misrepresentation","1"
"2025-07-01T00:00:00.000","Non-Renewal; Refund Of Premium","1"
"2014-01-01T00:00:00.000","Delays (Claims Handling)","11"
"2021-08-01T00:00:00.000","Cancellation; Cust Service Claim Handling; Delays (Claims Handling)","1"
"2014-06-01T00:00:00.000","Delays (Policyholder Service); Premium and Rating","1"
"2013-09-01T00:00:00.000","Cust Service Claim Handling; Delays (Claims Handling); Unsatisfactory Settle/Offer","1"
"2025-07-01T00:00:00.000","Unauthorized Acts","7"
"2013-08-01T00:00:00.000","Denial Of Claim; Excessive Rates; Premium and Rating","1"
"2021-06-01T00:00:00.000","Cancellation; Premium and Rating; Refund Of Premium","1"
"2016-07-01T00:00:00.000","Delays (Policyholder Service); Premium Notice","1"
"2015-06-01T00:00:00.000","Denial Of Claim; Other","1"
"2024-06-01T00:00:00.000","Denial Of Claim; Unsatisfactory Settle/Offer","1"
"2024-12-01T00:00:00.000","Cust Srvc Policy Holder Srvcs; Non-Renewal; Refusal to Insure","1"
"2023-09-01T00:00:00.000","Cancellation; Refusal to Insure","1"
"2015-09-01T00:00:00.000","Delays (Policyholder Service); Premium Notice","1"
"2018-10-01T00:00:00.000","Cancellation; Delays (Policyholder Service); Refund Of Premium","1"
"2019-08-01T00:00:00.000","Cust Service Claim Handling; Unsatisfactory Settle/Offer","9"
"2025-08-01T00:00:00.000","Cancellation; Cust Srvc Policy Holder Srvcs; Refund Of Premium","1"
"2017-02-01T00:00:00.000","Cust Service Claim Handling; Unsatisfactory Settle/Offer","10"
"2014-12-01T00:00:00.000","Closed-Lack Of Info Cmplainant","1"
"2025-12-01T00:00:00.000","Cust Srvc Policy Holder Srvcs; Premium and Rating; Use of Credit Reports","1"
"2020-11-01T00:00:00.000","Misleading Advertising; Misrepresentation","1"
"2017-05-01T00:00:00.000","Cancellation; Cust Service Claim Handling; Delays (Claims Handling)","1"
"2016-10-01T00:00:00.000","Cust Service Claim Handling; Delays (Claims Handling)","13"
"2013-12-01T00:00:00.000","Delays (Policyholder Service); Refund Of Premium","3"
"2015-07-01T00:00:00.000","Cust Service Claim Handling","1"
"2018-06-01T00:00:00.000","Delays (Policyholder Service)","4"
"2022-08-01T00:00:00.000","Improper Inducements","1"
"2023-08-01T00:00:00.000","Use of Credit Reports","2"
"2021-05-01T00:00:00.000","Cancellation","5"
"2017-01-01T00:00:00.000","Cancellation; Denial Of Claim","1"
"2017-07-01T00:00:00.000","Cust Service Claim Handling; Delays (Claims Handling); Denial Of Claim","2"
"2014-11-01T00:00:00.000","Premium Notice","1"
"2016-02-01T00:00:00.000","Cust Service Claim Handling; Denial Of Claim; Refund Of Premium","1"
"2022-06-01T00:00:00.000","Conversion; Cust Service Claim Handling; Delays (Policyholder Service); Misrepresentation","1"
"2020-06-01T00:00:00.000","Cancellation; Premium Notice; Premium and Rating","1"
"2012-10-01T00:00:00.000","Agent Handling; Premium and Rating","1"
"2015-11-01T00:00:00.000","Cust Service Claim Handling","3"
"2021-06-01T00:00:00.000","Cancellation; Delays (Policyholder Service); Refund Of Premium","2"
"2025-01-01T00:00:00.000","Cust Srvc Policy Holder Srvcs; Premium and Rating","6"
"2015-08-01T00:00:00.000","Premium and Rating; Unsatisfactory Settle/Offer","1"
"2026-01-01T00:00:00.000","Cust Service Claim Handling; Delays (Claims Handling); Denial Of Claim; Unsatisfactory Settle/Offer","2"
"2026-04-01T00:00:00.000","Cancellation; Misrepresentation","1"
"2016-10-01T00:00:00.000","Delays (Claims Handling); Unsatisfactory Settle/Offer","13"
"2015-02-01T00:00:00.000","Refusal to Insure","1"
"2014-08-01T00:00:00.000","Cust Service Claim Handling; Other","1"
"2013-04-01T00:00:00.000","Cancellation; Delays (Policyholder Service)","1"
"2015-10-01T00:00:00.000","Cancellation; Increased Dwelling Coverage","1"
"2022-03-01T00:00:00.000","Cust Service Claim Handling; Unsatisfactory Settle/Offer","19"
"2025-11-01T00:00:00.000","Cust Service Claim Handling; Endorsement / Rider; Unsatisfactory Settle/Offer","1"
"2021-02-01T00:00:00.000","Cancellation; Delays (Policyholder Service)","1"
"2013-06-01T00:00:00.000","Agent Handling; Misrepresentation","2"
"2026-02-01T00:00:00.000","Cust Srvc Policy Holder Srvcs; Delays (Policyholder Service); Premium and Rating","1"
"2026-08-01T00:00:00.000","Delays (Policyholder Service); Denial Of Claim; Endorsement / Rider; Refund Of Premium","1"
"2024-08-01T00:00:00.000","Premium and Rating; Unsatisfactory Settle/Offer","2"
"2012-07-01T00:00:00.000","Cancellation; Denial Of Claim; Use of Credit Reports","1"
"2018-08-01T00:00:00.000","Cust Service Claim Handling; Non-Renewal; Unsatisfactory Settle/Offer","1"
"2013-09-01T00:00:00.000","Non-Disclosure Of Coverage","1"
"2012-07-01T00:00:00.000","Earnest Money","2"
"2025-03-01T00:00:00.000","Delays (Policyholder Service)","2"
"2016-04-01T00:00:00.000","Misrepresentation","1"
"2022-09-01T00:00:00.000","Unsatisfactory Settle/Offer","40"
"2024-03-01T00:00:00.000","Cust Service Claim Handling; Delays (Claims Handling); Denial Of Claim","9"
"2025-09-01T00:00:00.000","Other","1"
"2024-10-01T00:00:00.000","Denial Of Claim","23"
"2015-12-01T00:00:00.000","Delays (Policyholder Service); Refund Of Premium","8"
"2025-06-01T00:00:00.000","Misrepresentation; Unauthorized Acts","1"
"2016-11-01T00:00:00.000","Non-Renewal","1"
"2024-07-01T00:00:00.000","Cust Srvc Policy Holder Srvcs; Delays (Policyholder Service); Refund Of Premium","6"
"2024-01-01T00:00:00.000","Unsatisfactory Settle/Offer","39"
"2018-12-01T00:00:00.000","Cust Service Claim Handling; Denial Of Claim; Unsatisfactory Settle/Offer","1"
"2012-08-01T00:00:00.000","Delays (Claims Handling); Denial Of Claim","9"
"2017-06-01T00:00:00.000","Delays (Policyholder Service)","4"
"2018-02-01T00:00:00.000","Misleading Advertising; Misrepresentation","2"
"2025-08-01T00:00:00.000","Cust Service Claim Handling; Delays (Claims Handling); Prompt Pay","1"
"2017-11-01T00:00:00.000","Delays (Underwriting)","1"
"2019-08-01T00:00:00.000","Use of Credit Reports","1"
"2020-05-01T00:00:00.000","Cancellation","1"
"2026-05-01T00:00:00.000","Cust Srvc Policy Holder Srvcs; Misrepresentation; Premium and Rating","1"
"2017-08-01T00:00:00.000","Cust Service Claim Handling; Delays (Claims Handling); Denial Of Claim; Unsatisfactory Settle/Offer","1"
"2021-07-01T00:00:00.000","Delays (Policyholder Service)","12"
"2023-01-01T00:00:00.000","Cancellation; Delays (Policyholder Service)","3"
"2025-04-01T00:00:00.000","Cancellation; Delays (Underwriting); Premium and Rating; Refund Of Premium","1"
"2025-02-01T00:00:00.000","Cust Srvc Policy Holder Srvcs","5"
"2019-07-01T00:00:00.000","Cancellation; Denial Of Claim","1"
"2025-09-01T00:00:00.000","Delays (Claims Handling); Unsatisfactory Settle/Offer","4"
"2022-10-01T00:00:00.000","Cust Service Claim Handling","5"
"2015-01-01T00:00:00.000","Agent Handling","5"
"2020-04-01T00:00:00.000","Cust Service Claim Handling; Delays (Claims Handling); Misrepresentation; Unsatisfactory Settle/Offer","1"
"2012-12-01T00:00:00.000","Endorsement / Rider; Non-Disclosure Of Coverage; Premium and Rating","1"
"2013-02-01T00:00:00.000","Premium and Rating","21"
"2023-09-01T00:00:00.000","Premium and Rating; Refund Of Premium; Unauthorized Acts","1"
"2025-09-01T00:00:00.000","Cancellation; Premium Notice","1"
"2024-12-01T00:00:00.000","Cust Service Claim Handling; Liability Dispute","1"
"2016-08-01T00:00:00.000","Other","3"
"2019-05-01T00:00:00.000","Delays (Underwriting)","1"
"2019-02-01T00:00:00.000","Agent Handling; Refund Of Premium","1"
"2025-04-01T00:00:00.000","Cust Service Claim Handling; Delays (Claims Handling); Prompt Pay","1"
"2012-05-01T00:00:00.000","Agent Handling; Misrepresentation; Twisting","1"
"2022-04-01T00:00:00.000","Denial Of Claim; Refund Of Premium","1"
"2026-02-01T00:00:00.000","Cust Srvc Policy Holder Srvcs; Denial Of Claim","1"
"2016-06-01T00:00:00.000","Other; Unsatisfactory Settle/Offer","1"
"2013-03-01T00:00:00.000","Cust Service Claim Handling","5"
"2024-12-01T00:00:00.000","Cust Service Claim Handling; Other","2"
"2013-03-01T00:00:00.000","Cust Service Claim Handling; Delays (Claims Handling); Unsatisfactory Settle/Offer","2"
"2021-02-01T00:00:00.000","Misrepresentation; Refusal to Insure","1"
"2015-08-01T00:00:00.000","Agent Handling; Notice Requirements","1"
"2024-03-01T00:00:00.000","Cust Srvc Policy Holder Srvcs; Delays (Policyholder Service); Refund Of Premium","1"
"2014-01-01T00:00:00.000","Cancellation; Delays (Underwriting); Refund Of Premium","1"
"2015-06-01T00:00:00.000","Delays (Policyholder Service); Other","1"
"2024-08-01T00:00:00.000","Cust Service Claim Handling; Unfair Discrim-Clms Handling; Unsatisfactory Settle/Offer","1"
"2014-11-01T00:00:00.000","Cust Service Claim Handling; Denial Of Claim","2"
"2015-02-01T00:00:00.000","Denial Of Claim","26"
"2019-05-01T00:00:00.000","Premium Notice; Refund Of Premium","2"
"2025-03-01T00:00:00.000","Cust Service Claim Handling; Delays (Claims Handling); Denial Of Claim; Premium and Rating; Unsatisfactory Settle/Offer","1"
"2017-12-01T00:00:00.000","Cust Service Claim Handling; Delays (Claims Handling); Denial Of Claim","3"
"2020-05-01T00:00:00.000","Unsatisfactory Settle/Offer","10"
"2021-10-01T00:00:00.000","Delays (Policyholder Service); Other","1"
"2025-04-01T00:00:00.000","Cust Service Claim Handling; Cust Srvc Policy Holder Srvcs; Notice Requirements; Unsatisfactory Settle/Offer","1"
"2013-10-01T00:00:00.000","Cancellation; Delays (Policyholder Service)","1"
"2023-12-01T00:00:00.000","Delays (Claims Handling)","13"
"2026-03-01T00:00:00.000","Unfair Discrim-Clms Handling; Unsatisfactory Settle/Offer","1"
"2016-01-01T00:00:00.000","Delays (Claims Handling); Unsatisfactory Settle/Offer","7"
"2023-10-01T00:00:00.000","Denial Of Claim","27"
"2016-10-01T00:00:00.000","Agent Handling; Cancellation; Cust Service Claim Handling; Delays (Claims Handling)","1"
"2014-10-01T00:00:00.000","Cust Service Claim Handling; Delays (Claims Handling); Unsatisfactory Settle/Offer","2"
"2018-10-01T00:00:00.000","Cancellation; Refund Of Premium","1"
"2016-04-01T00:00:00.000","Non-Renewal","2"
"2015-02-01T00:00:00.000","Cust Service Claim Handling; Unsatisfactory Settle/Offer","2"
"2025-09-01T00:00:00.000","Cust Srvc Policy Holder Srvcs; Use of Credit Reports","1"
"2026-03-01T00:00:00.000","Cust Service Claim Handling; Delays (Claims Handling); Unfair Discrim-Clms Handling","2"
"2013-02-01T00:00:00.000","Delays (Claims Handling)","11"
"2023-11-01T00:00:00.000","Delays (Underwriting)","4"
"2025-06-01T00:00:00.000","Non-Renewal","2"
"2014-11-01T00:00:00.000","Cust Service Claim Handling; Unsatisfactory Settle/Offer","4"
"2023-04-01T00:00:00.000","Cust Service Claim Handling; Delays (Underwriting)","1"
"2015-04-01T00:00:00.000","Delays (Underwriting)","1"
"2012-07-01T00:00:00.000","Conversion","3"
"2025-07-01T00:00:00.000","Cancellation; Denial Of Claim","1"
"2024-02-01T00:00:00.000","Denial Of Claim; Premium and Rating; Use Of Clue Reports","1"
"2014-02-01T00:00:00.000","Excessive Rates; Premium and Rating","2"
"2016-03-01T00:00:00.000","Cust Service Claim Handling; Notice Requirements; Other","1"
"2020-12-01T00:00:00.000","Cancellation; Cust Service Claim Handling; Unsatisfactory Settle/Offer","1"
"2014-10-01T00:00:00.000","Agent Handling; Denial Of Claim; Endorsement / Rider; Misrepresentation; Other","1"
"2020-04-01T00:00:00.000","Endorsement / Rider; Misrepresentation; Summary of Benefits; Unsatisfactory Settle/Offer","1"
"2016-08-01T00:00:00.000","Agent Handling; Endorsement / Rider","1"
"2024-08-01T00:00:00.000","Cust Service Claim Handling; Delays (Claims Handling); Premium and Rating; Unsatisfactory Settle/Offer","3"
"2017-07-01T00:00:00.000","Cust Service Claim Handling; Unsatisfactory Settle/Offer","7"
"2021-07-01T00:00:00.000","Cust Service Claim Handling; Unsatisfactory Settle/Offer","6"
"2026-07-01T00:00:00.000","Delays (Policyholder Service); Refund Of Premium","1"
"2018-01-01T00:00:00.000","Delays (Claims Handling); Unsatisfactory Settle/Offer","13"
"2018-10-01T00:00:00.000","Cust Service Claim Handling; Delays (Claims Handling); Denial Of Claim","2"
"2024-05-01T00:00:00.000","Cust Service Claim Handling; Delays (Claims Handling); Denial Of Claim","10"
"2018-10-01T00:00:00.000","Unauthorized Acts","2"
"2018-07-01T00:00:00.000","Cust Service Claim Handling; Delays (Claims Handling); Unsatisfactory Settle/Offer","13"
"2023-08-01T00:00:00.000","Delays (Policyholder Service); Refund Of Premium","7"
"2021-10-01T00:00:00.000","Cust Service Claim Handling; Denial Of Claim; Non-Renewal","1"
"2026-09-01T00:00:00.000","Delays (Claims Handling); Refund Of Premium","1"
"2024-09-01T00:00:00.000","Cust Service Claim Handling; Delays (Claims Handling); Denial Of Claim","12"
"2026-01-01T00:00:00.000","Cust Srvc Policy Holder Srvcs; Delays (Policyholder Service); Unsatisfactory Settle/Offer","1"
"2020-10-01T00:00:00.000","Unsatisfactory Settle/Offer","3"
"2016-01-01T00:00:00.000","Use Of Clue Reports","1"
"2018-08-01T00:00:00.000","Delays (Policyholder Service); Delays (Underwriting)","1"
"2015-08-01T00:00:00.000","Insurer Fraud","1"
"2019-06-01T00:00:00.000","Delays (Policyholder Service); Endorsement / Rider; Premium and Rating","1"
"2015-04-01T00:00:00.000","Cust Service Claim Handling; Denial Of Claim","5"
"2017-04-01T00:00:00.000","Agent Handling","11"
"2026-07-01T00:00:00.000","Cust Srvc Policy Holder Srvcs; Premium and Rating","3"
"2023-03-01T00:00:00.000","Delays (Claims Handling)","29"
"2014-02-01T00:00:00.000","Excessive Rates; Increased Dwelling Coverage; Premium and Rating","1"
"2015-01-01T00:00:00.000","Premium and Rating; Refund Of Premium","2"
"2013-09-01T00:00:00.000","Delays (Claims Handling)","10"
"2024-03-01T00:00:00.000","Cust Service Claim Handling; Denial Of Claim; Unsatisfactory Settle/Offer","1"
"2025-04-01T00:00:00.000","Cancellation; Cust Service Claim Handling; Cust Srvc Policy Holder Srvcs; Delays (Claims Handling)","1"
"2025-11-01T00:00:00.000","Cust Srvc Policy Holder Srvcs; Delays (Policyholder Service)","6"
"2019-02-01T00:00:00.000","Cust Service Claim Handling; Denial Of Claim","3"
"2013-08-01T00:00:00.000","Cancellation; Delays (Policyholder Service)","1"
"2012-12-01T00:00:00.000","Increased Dwelling Coverage","1"
"2019-07-01T00:00:00.000","Cust Service Claim Handling; Unsatisfactory Settle/Offer","7"
"2015-10-01T00:00:00.000","Denial Of Claim","29"
"2015-03-01T00:00:00.000","Agent Handling; Refund Of Premium","1"
"2017-02-01T00:00:00.000","Agent Handling","13"
"2023-08-01T00:00:00.000","Premium and Rating; Use Of Clue Reports","1"
"2016-06-01T00:00:00.000","Delays (Claims Handling); Non-Renewal","1"
"2023-08-01T00:00:00.000","Refund Of Premium","11"
"2019-01-01T00:00:00.000","Cancellation; Denial Of Claim; Refund Of Premium","1"
"2023-05-01T00:00:00.000","Delays (Policyholder Service)","18"
"2017-07-01T00:00:00.000","Agent Handling; Misrepresentation","1"
"2021-02-01T00:00:00.000","Cancellation; Premium and Rating","1"
"2019-08-01T00:00:00.000","Cust Service Claim Handling; Denial Of Claim","3"
"2017-02-01T00:00:00.000","Non-Renewal; Post-Claim Underwriting","1"
"2014-04-01T00:00:00.000","Delays (Policyholder Service)","3"
"2014-09-01T00:00:00.000","Cancellation; Delays (Claims Handling); Denial Of Claim; Refund Of Premium","1"
"2024-07-01T00:00:00.000","Cust Srvc Policy Holder Srvcs; Misrepresentation; Refund Of Premium","1"
"2023-04-01T00:00:00.000","Notice Requirements","1"
"2021-09-01T00:00:00.000","Denial Of Claim; Non-Renewal","2"
"2021-10-01T00:00:00.000","Cancellation; Unsatisfactory Settle/Offer","1"
"2013-12-01T00:00:00.000","Premium and Rating","13"
"2015-06-01T00:00:00.000","Cust Service Claim Handling; Denial Of Claim; Non-Renewal; Refund Of Premium","1"
"2016-07-01T00:00:00.000","Denial Of Claim; Non-Renewal; Post-Claim Underwriting","1"
"2021-10-01T00:00:00.000","Delays (Claims Handling); Denial Of Claim","7"
"2015-01-01T00:00:00.000","Premium and Rating","11"
"2023-09-01T00:00:00.000","Denial Of Claim; Non-Renewal","1"
"2025-02-01T00:00:00.000","Endorsement / Rider; Premium and Rating","1"
"2026-09-01T00:00:00.000","Cust Service Claim Handling; Delays (Claims Handling); Denial Of Claim","2"
"2022-08-01T00:00:00.000","Delays (Underwriting); Premium and Rating","1"
"2019-09-01T00:00:00.000","Assignment of Benefits; Cust Service Claim Handling","1"
"2022-02-01T00:00:00.000","Non-Renewal","1"
"2019-03-01T00:00:00.000","Cust Service Claim Handling; Delays (Claims Handling)","11"
"2016-08-01T00:00:00.000","Cancellation; Denial Of Claim; Premium Notice","1"
"2021-07-01T00:00:00.000","Cancellation; Misrepresentation; Premium and Rating","1"
"2013-02-01T00:00:00.000","Cust Service Claim Handling; Unsatisfactory Settle/Offer","1"
"2026-03-01T00:00:00.000","Delays (Policyholder Service); Use of Credit Reports","1"
"2015-11-01T00:00:00.000","Non-Renewal; Post-Claim Underwriting","1"
"2025-09-01T00:00:00.000","Cust Service Claim Handling; Non-Renewal; Unsatisfactory Settle/Offer","1"
"2017-07-01T00:00:00.000","Non-Renewal","3"
"2018-02-01T00:00:00.000","Premium Notice; Premium and Rating","1"
"2019-04-01T00:00:00.000","Agent Handling; Delays (Policyholder Service); Refund Of Premium","1"
"2019-10-01T00:00:00.000","Cust Service Claim Handling; Unsatisfactory Settle/Offer","5"
"2015-10-01T00:00:00.000","Denial Of Claim; Unsatisfactory Settle/Offer","1"
"2023-02-01T00:00:00.000","Cust Service Claim Handling; Delays (Claims Handling); Denial Of Claim","1"
"2018-04-01T00:00:00.000","Premium and Rating","3"
"2024-03-01T00:00:00.000","Denial Of Claim; Misrepresentation","1"
"2012-10-01T00:00:00.000","Refusal to Insure","3"
"2026-01-01T00:00:00.000","Cust Service Claim Handling; Delays (Claims Handling); Denial Of Claim","7"
"2016-04-01T00:00:00.000","Agent Handling; Cust Service Claim Handling; Misrepresentation; Non-Disclosure Of Coverage; Other; Refund Of Premium; Unsatisfactory Settle/Offer","1"
"2016-12-01T00:00:00.000","Cancellation; Delays (Policyholder Service); Notice Requirements; Refund Of Premium","1"
"2014-09-01T00:00:00.000","Delays (Policyholder Service); Delays (Underwriting); Premium and Rating; Refund Of Premium","1"
"2025-12-01T00:00:00.000","Other","3"
"2025-11-01T00:00:00.000","Cancellation; Cust Srvc Policy Holder Srvcs","4"
"2018-11-01T00:00:00.000","Post-Claim Underwriting","2"
"2020-07-01T00:00:00.000","Denial Of Claim; Unsatisfactory Settle/Offer","3"
"2016-04-01T00:00:00.000","Denial Of Claim; Non-Disclosure Of Coverage","1"
"2025-03-01T00:00:00.000","Refund Of Premium","7"
"2025-07-01T00:00:00.000","Cust Service Claim Handling; Use Of Clue Reports","1"
"2012-06-01T00:00:00.000","Premium and Rating","12"
"2025-06-01T00:00:00.000","Cust Service Claim Handling; Premium and Rating; Unsatisfactory Settle/Offer","1"
"2013-03-01T00:00:00.000","Delays (Underwriting)","1"
"2014-05-01T00:00:00.000","Agent Handling; Delays (Policyholder Service); Refund Of Premium","1"
"2017-01-01T00:00:00.000","Delays (Claims Handling); Non-Renewal","1"
"2025-01-01T00:00:00.000","Cancellation; Delays (Policyholder Service); Refund Of Premium","1"
"2025-12-01T00:00:00.000","Cust Srvc Policy Holder Srvcs; Premium and Rating; Refund Of Premium","5"
"2016-12-01T00:00:00.000","Delays (Policyholder Service); Premium and Rating; Refund Of Premium","2"
"2026-03-01T00:00:00.000","Cust Srvc Policy Holder Srvcs; Delays (Policyholder Service); Premium and Rating; Refund Of Premium","3"
"2014-09-01T00:00:00.000","Not Within TDI Jurisdiction","1"
"2025-08-01T00:00:00.000","Cust Srvc Policy Holder Srvcs; Non-Renewal","1"
"2022-01-01T00:00:00.000","Premium and Rating","4"
"2021-01-01T00:00:00.000","Delays (Policyholder Service); Premium and Rating","2"
"2015-04-01T00:00:00.000","Denial Of Claim; Usual And Customary","1"
"2023-11-01T00:00:00.000","Delays (Underwriting); Denial Of Claim","1"
"2024-06-01T00:00:00.000","Cust Srvc Policy Holder Srvcs; Premium Notice","1"
"2020-01-01T00:00:00.000","Post-Claim Underwriting","1"
"2024-09-01T00:00:00.000","Denial Of Claim","27"
"2013-08-01T00:00:00.000","Other","12"
"2015-07-01T00:00:00.000","Premium and Rating; Use of Credit Reports","2"
"2020-04-01T00:00:00.000","Cust Service Claim Handling; Delays (Claims Handling)","16"
"2019-08-01T00:00:00.000","Delays (Policyholder Service)","6"
"2014-07-01T00:00:00.000","Cust Service Claim Handling; Delays (Claims Handling)","6"
"2022-04-01T00:00:00.000","Delays (Policyholder Service); Misrepresentation","1"
"2015-02-01T00:00:00.000","Cancellation; Delays (Claims Handling); Use of Credit Reports","1"
"2015-10-01T00:00:00.000","Cust Service Claim Handling; Delays (Claims Handling); Premium and Rating","1"
"2016-03-01T00:00:00.000","Agent Handling; Delays (Policyholder Service); Non-Renewal; Refund Of Premium","1"
"2020-07-01T00:00:00.000","Cust Service Claim Handling; Delays (Policyholder Service); Premium Notice","1"
"2024-07-01T00:00:00.000","Cancellation; Cust Srvc Policy Holder Srvcs; Use Of Clue Reports","1"
"2026-04-01T00:00:00.000","Premium and Rating; Refund Of Premium; Unsatisfactory Settle/Offer","1"
"2012-11-01T00:00:00.000","Agent Handling; Premium and Rating","1"
"2026-06-01T00:00:00.000","Endorsement / Rider; Premium and Rating; Refund Of Premium","1"
"2024-05-01T00:00:00.000","Denial Of Claim","39"
"2014-04-01T00:00:00.000","Premium and Rating; Use of Credit Reports","2"
"2025-02-01T00:00:00.000","Refund Of Premium","10"
"2016-09-01T00:00:00.000","Refusal to Insure","1"
"2020-08-01T00:00:00.000","Denial Of Claim","13"
"2024-03-01T00:00:00.000","Delays (Policyholder Service); Refund Of Premium","7"
"2025-02-01T00:00:00.000","Misleading Advertising","3"
"2018-06-01T00:00:00.000","Endorsement / Rider","1"
"2012-11-01T00:00:00.000","Denial Of Claim; Other","1"
"2018-03-01T00:00:00.000","Delays (Policyholder Service); Denial Of Claim","1"
"2012-05-01T00:00:00.000","XX-Payment Not Credited","1"
"2022-04-01T00:00:00.000","Premium and Rating; Refund Of Premium","1"
"2017-09-01T00:00:00.000","Agent Handling; Denial Of Claim","2"
"2015-07-01T00:00:00.000","Unauthorized Acts","9"
"2016-12-01T00:00:00.000","Post-Claim Underwriting; Use Of Clue Reports","1"
"2026-03-01T00:00:00.000","Premium and Rating; Use Of Clue Reports","1"
"2013-03-01T00:00:00.000","Cancellation; Delays (Policyholder Service)","1"
"2016-12-01T00:00:00.000","Misleading Advertising","1"
"2014-01-01T00:00:00.000","Other","11"
"2014-01-01T00:00:00.000","Cust Service Claim Handling","1"
"2016-05-01T00:00:00.000","Delays (Claims Handling); Denial Of Claim; Unsatisfactory Settle/Offer","1"
"2014-05-01T00:00:00.000","Non-Renewal; Refund Of Premium","1"
"2015-06-01T00:00:00.000","Cancellation; Delays (Policyholder Service); Refund Of Premium","2"
"2015-09-01T00:00:00.000","Cust Service Claim Handling; Delays (Claims Handling)","10"
"2014-10-01T00:00:00.000","Delays (Claims Handling); Unsatisfactory Settle/Offer","13"
"2023-07-01T00:00:00.000","Cust Service Claim Handling","6"
"2017-09-01T00:00:00.000","Cancellation; Cust Service Claim Handling; Delays (Claims Handling); Unsatisfactory Settle/Offer","1"
"2013-10-01T00:00:00.000","Cust Service Claim Handling; Delays (Claims Handling); Unsatisfactory Settle/Offer","3"
"2025-08-01T00:00:00.000","Denial Of Claim; Policy Exclusion","4"
"2022-12-01T00:00:00.000","Cust Service Claim Handling; Delays (Claims Handling); Denial Of Claim","5"
"2023-03-01T00:00:00.000","Unsatisfactory Settle/Offer","52"
"2019-07-01T00:00:00.000","Cust Service Claim Handling; Delays (Claims Handling)","17"
"2019-11-01T00:00:00.000","Cust Service Claim Handling; Delays (Claims Handling); Unsatisfactory Settle/Offer","13"
"2013-10-01T00:00:00.000","Delays (Underwriting)","1"
"2026-03-01T00:00:00.000","Cancellation; Cust Srvc Policy Holder Srvcs; Delays (Policyholder Service); Unauthorized Acts","1"
"2020-07-01T00:00:00.000","Cancellation","5"
"2023-04-01T00:00:00.000","Cust Service Claim Handling","7"
"2022-05-01T00:00:00.000","Premium and Rating; Use of Credit Reports","1"
"2012-07-01T00:00:00.000","Denial Of Claim","36"
"2017-08-01T00:00:00.000","Unsatisfactory Settle/Offer; Usual And Customary","1"
"2021-09-01T00:00:00.000","Premium Notice; Refund Of Premium","3"
"2013-05-01T00:00:00.000","Cust Service Claim Handling; Denial Of Claim","1"
"2019-11-01T00:00:00.000","Coordination of Benefits; Unsatisfactory Settle/Offer","1"
"2023-07-01T00:00:00.000","Endorsement / Rider; Premium and Rating","2"
"2022-04-01T00:00:00.000","Delays (Policyholder Service); Denial Of Claim; Misrepresentation; Refund Of Premium","1"
"2013-12-01T00:00:00.000","Cust Service Claim Handling; Delays (Claims Handling); Unsatisfactory Settle/Offer","1"
"2016-09-01T00:00:00.000","Unsatisfactory Settle/Offer; Usual And Customary","1"
"2017-02-01T00:00:00.000","Delays (Policyholder Service); Notice Requirements; Other","1"
"2022-05-01T00:00:00.000","Delays (Claims Handling); Denial Of Claim; Non-Renewal; Unsatisfactory Settle/Offer","1"
"2021-03-01T00:00:00.000","Premium and Rating; Use Of Clue Reports","1"
"2016-05-01T00:00:00.000","Delays (Policyholder Service); Increased Dwelling Coverage; Premium and Rating; Refund Of Premium","1"
"2020-07-01T00:00:00.000","Premium and Rating; Refund Of Premium","2"
"2026-04-01T00:00:00.000","Commissions; Cust Srvc Policy Holder Srvcs; Refund Of Premium; Unauthorized Acts","1"
"2013-11-01T00:00:00.000","Cust Service Claim Handling; Denial Of Claim","1"
"2019-09-01T00:00:00.000","Cancellation","2"
"2012-12-01T00:00:00.000","Other; Refund Of Premium","1"
"2014-04-01T00:00:00.000","Delays (Claims Handling)","10"
"2013-08-01T00:00:00.000","Refund Of Premium","15"
"2014-11-01T00:00:00.000","Agent Handling; Unsatisfactory Settle/Offer; Use Of Clue Reports","1"
"2015-02-01T00:00:00.000","Increased Dwelling Coverage; Refund Of Premium","1"
"2026-06-01T00:00:00.000","Cancellation; Delays (Policyholder Service); Refund Of Premium","2"
"2022-09-01T00:00:00.000","Non-Renewal","1"
"2018-06-01T00:00:00.000","Cust Service Claim Handling; Denial Of Claim; Unsatisfactory Settle/Offer","1"
"2019-11-01T00:00:00.000","Cancellation; Denial Of Claim","2"
