Year,County,Loss type,Paid losses,Loss per policy,Annual change in losses per policy,Policies in force
2019,Anderson County,Other,"$213,552 ",$30 ,0%,
2019,Anderson County,Water,"$654,344 ",$91 ,0%,
2019,Anderson County,Fire,"$1,530,990 ",$214 ,0%,
2019,Anderson County,Wind,"$4,516,828 ",$631 ,0%,
2019,Anderson County,Total Paid Loss,"$6,915,714 ",$966 ,0%,"7,162"
2019,Andrews County,Fire,"$13,641 ",$6 ,0%,
2019,Andrews County,Other,"$24,954 ",$11 ,0%,
2019,Andrews County,Water,"$137,259 ",$58 ,0%,
2019,Andrews County,Wind,"$6,333,719 ","$2,674 ",0%,
2019,Andrews County,Total Paid Loss,"$6,509,573 ","$2,748 ",0%,"2,369"
2019,Angelina County,Other,"$463,571 ",$33 ,0%,
2019,Angelina County,Water,"$1,166,484 ",$83 ,0%,
2019,Angelina County,Fire,"$2,548,341 ",$182 ,0%,
2019,Angelina County,Wind,"$4,065,081 ",$291 ,0%,
2019,Angelina County,Total Paid Loss,"$8,243,477 ",$590 ,0%,"13,971"
2019,Aransas County,Other,"$78,909 ",$13 ,0%,
2019,Aransas County,Water,"$414,787 ",$67 ,0%,
2019,Aransas County,Fire,"$1,967,763 ",$319 ,0%,
2019,Aransas County,Wind,"$15,517,650 ","$2,519 ",0%,
2019,Aransas County,Total Paid Loss,"$17,979,109 ","$2,919 ",0%,"6,160"
2019,Archer County,Other,"$4,104 ",$5 ,0%,
2019,Archer County,Fire,"$32,308 ",$38 ,0%,
2019,Archer County,Water,"$139,696 ",$164 ,0%,
2019,Archer County,Wind,"$582,928 ",$685 ,0%,
2019,Archer County,Total Paid Loss,"$759,036 ",$892 ,0%,851
2019,Armstrong County,Water,"$20,026 ",$60 ,0%,
2019,Armstrong County,Fire,"$32,593 ",$98 ,0%,
2019,Armstrong County,Other,"$100,363 ",$302 ,0%,
2019,Armstrong County,Wind,"$491,007 ","$1,479 ",0%,
2019,Armstrong County,Total Paid Loss,"$643,989 ","$1,940 ",0%,332
2019,Atascosa County,Other,"$248,254 ",$45 ,0%,
2019,Atascosa County,Fire,"$374,297 ",$68 ,0%,
2019,Atascosa County,Water,"$428,693 ",$77 ,0%,
2019,Atascosa County,Wind,"$997,258 ",$180 ,0%,
2019,Atascosa County,Total Paid Loss,"$2,048,502 ",$370 ,0%,"5,541"
2019,Austin County,Other,"$99,054 ",$24 ,0%,
2019,Austin County,Fire,"$204,551 ",$49 ,0%,
2019,Austin County,Water,"$346,969 ",$83 ,0%,
2019,Austin County,Wind,"$1,188,742 ",$285 ,0%,
2019,Austin County,Total Paid Loss,"$1,839,316 ",$441 ,0%,"4,168"
2019,Bailey County,Fire,$0 ,$0 ,0%,
2019,Bailey County,Water,"$15,648 ",$25 ,0%,
2019,Bailey County,Other,"$31,035 ",$49 ,0%,
2019,Bailey County,Wind,"$303,947 ",$478 ,0%,
2019,Bailey County,Total Paid Loss,"$350,630 ",$551 ,0%,636
2019,Bandera County,Other,"$146,335 ",$34 ,0%,
2019,Bandera County,Water,"$394,970 ",$93 ,0%,
2019,Bandera County,Fire,"$518,672 ",$122 ,0%,
2019,Bandera County,Wind,"$616,328 ",$145 ,0%,
2019,Bandera County,Total Paid Loss,"$1,676,305 ",$394 ,0%,"4,254"
2019,Bastrop County,Other,"$355,049 ",$26 ,0%,
2019,Bastrop County,Water,"$1,705,970 ",$125 ,0%,
2019,Bastrop County,Fire,"$2,916,234 ",$213 ,0%,
2019,Bastrop County,Wind,"$6,226,737 ",$455 ,0%,
2019,Bastrop County,Total Paid Loss,"$11,203,990 ",$818 ,0%,"13,699"
2019,Baylor County,Fire,"$7,351 ",$16 ,0%,
2019,Baylor County,Water,"$41,044 ",$87 ,0%,
2019,Baylor County,Other,"$75,935 ",$161 ,0%,
2019,Baylor County,Wind,"$150,746 ",$319 ,0%,
2019,Baylor County,Total Paid Loss,"$275,076 ",$583 ,0%,472
2019,Bee County,Water,"$92,813 ",$45 ,0%,
2019,Bee County,Other,"$192,116 ",$94 ,0%,
2019,Bee County,Fire,"$254,140 ",$124 ,0%,
2019,Bee County,Wind,"$560,394 ",$274 ,0%,
2019,Bee County,Total Paid Loss,"$1,099,463 ",$537 ,0%,"2,047"
2019,Bell County,Other,"$3,044,416 ",$48 ,0%,
2019,Bell County,Water,"$5,176,217 ",$82 ,0%,
2019,Bell County,Fire,"$5,350,275 ",$84 ,0%,
2019,Bell County,Wind,"$8,926,627 ",$141 ,0%,
2019,Bell County,Total Paid Loss,"$22,497,535 ",$355 ,0%,"63,448"
2019,Bexar County,Other,"$17,433,466 ",$47 ,0%,
2019,Bexar County,Fire,"$39,286,490 ",$106 ,0%,
2019,Bexar County,Water,"$72,680,309 ",$197 ,0%,
2019,Bexar County,Wind,"$269,179,484 ",$728 ,0%,
2019,Bexar County,Total Paid Loss,"$398,579,749 ","$1,079 ",0%,"369,554"
2019,Blanco County,Fire,"$3,277 ",$2 ,0%,
2019,Blanco County,Wind,"$89,222 ",$42 ,0%,
2019,Blanco County,Other,"$146,848 ",$70 ,0%,
2019,Blanco County,Water,"$175,617 ",$83 ,0%,
2019,Blanco County,Total Paid Loss,"$414,964 ",$197 ,0%,"2,107"
2019,Borden County,Other,$0 ,$0 ,0%,
2019,Borden County,Water,$0 ,$0 ,0%,
2019,Borden County,Wind,$0 ,$0 ,0%,
2019,Borden County,Fire,"$9,987 ",$344 ,0%,
2019,Borden County,Total Paid Loss,"$9,987 ",$344 ,0%,29
2019,Bosque County,Other,"($264,959)",($77),0%,
2019,Bosque County,Water,"$451,073 ",$132 ,0%,
2019,Bosque County,Fire,"$498,487 ",$146 ,0%,
2019,Bosque County,Wind,"$1,223,484 ",$358 ,0%,
2019,Bosque County,Total Paid Loss,"$1,908,085 ",$558 ,0%,"3,422"
2019,Bowie County,Other,"$523,052 ",$32 ,0%,
2019,Bowie County,Water,"$1,121,065 ",$69 ,0%,
2019,Bowie County,Fire,"$4,209,381 ",$259 ,0%,
2019,Bowie County,Wind,"$5,181,797 ",$319 ,0%,
2019,Bowie County,Total Paid Loss,"$11,035,295 ",$680 ,0%,"16,228"
2019,Brazoria County,Other,"$3,156,663 ",$39 ,0%,
2019,Brazoria County,Wind,"$6,994,750 ",$87 ,0%,
2019,Brazoria County,Fire,"$7,972,198 ",$100 ,0%,
2019,Brazoria County,Water,"$10,381,504 ",$130 ,0%,
2019,Brazoria County,Total Paid Loss,"$28,505,115 ",$356 ,0%,"80,121"
2019,Brazos County,Other,"$1,137,170 ",$38 ,0%,
2019,Brazos County,Fire,"$2,635,103 ",$88 ,0%,
2019,Brazos County,Water,"$4,763,264 ",$159 ,0%,
2019,Brazos County,Wind,"$15,274,553 ",$511 ,0%,
2019,Brazos County,Total Paid Loss,"$23,810,090 ",$796 ,0%,"29,915"
2019,Brewster County,Other,"$10,758 ",$6 ,0%,
2019,Brewster County,Water,"$96,483 ",$58 ,0%,
2019,Brewster County,Fire,"$283,543 ",$170 ,0%,
2019,Brewster County,Wind,"$822,522 ",$494 ,0%,
2019,Brewster County,Total Paid Loss,"$1,213,306 ",$728 ,0%,"1,666"
2019,Briscoe County,Water,"$13,745 ",$81 ,0%,
2019,Briscoe County,Other,"$17,684 ",$104 ,0%,
2019,Briscoe County,Wind,"$116,929 ",$688 ,0%,
2019,Briscoe County,Fire,"$144,704 ",$851 ,0%,
2019,Briscoe County,Total Paid Loss,"$293,062 ","$1,724 ",0%,170
2019,Brooks County,Water,"$14,058 ",$28 ,0%,
2019,Brooks County,Wind,"$23,339 ",$46 ,0%,
2019,Brooks County,Other,"$30,843 ",$61 ,0%,
2019,Brooks County,Fire,"$96,824 ",$192 ,0%,
2019,Brooks County,Total Paid Loss,"$165,064 ",$328 ,0%,503
2019,Brown County,Fire,"$238,256 ",$44 ,0%,
2019,Brown County,Other,"$379,355 ",$70 ,0%,
2019,Brown County,Water,"$681,969 ",$126 ,0%,
2019,Brown County,Wind,"$1,170,982 ",$217 ,0%,
2019,Brown County,Total Paid Loss,"$2,470,562 ",$457 ,0%,"5,404"
2019,Burleson County,Water,"$62,676 ",$31 ,0%,
2019,Burleson County,Other,"$294,205 ",$145 ,0%,
2019,Burleson County,Fire,"$346,466 ",$171 ,0%,
2019,Burleson County,Wind,"$446,015 ",$220 ,0%,
2019,Burleson County,Total Paid Loss,"$1,149,362 ",$566 ,0%,"2,030"
2019,Burnet County,Other,"$543,482 ",$60 ,0%,
2019,Burnet County,Water,"$1,003,709 ",$110 ,0%,
2019,Burnet County,Fire,"$1,405,556 ",$155 ,0%,
2019,Burnet County,Wind,"$1,835,348 ",$202 ,0%,
2019,Burnet County,Total Paid Loss,"$4,788,095 ",$527 ,0%,"9,089"
2019,Caldwell County,Fire,"$83,451 ",$19 ,0%,
2019,Caldwell County,Other,"$114,753 ",$26 ,0%,
2019,Caldwell County,Water,"$618,960 ",$138 ,0%,
2019,Caldwell County,Wind,"$1,536,458 ",$343 ,0%,
2019,Caldwell County,Total Paid Loss,"$2,353,622 ",$525 ,0%,"4,484"
2019,Calhoun County,Other,"$102,949 ",$27 ,0%,
2019,Calhoun County,Water,"$195,926 ",$51 ,0%,
2019,Calhoun County,Fire,"$424,895 ",$112 ,0%,
2019,Calhoun County,Wind,"$727,199 ",$191 ,0%,
2019,Calhoun County,Total Paid Loss,"$1,450,969 ",$381 ,0%,"3,807"
2019,Callahan County,Other,"$5,889 ",$3 ,0%,
2019,Callahan County,Water,"$326,790 ",$176 ,0%,
2019,Callahan County,Fire,"$473,120 ",$254 ,0%,
2019,Callahan County,Wind,"$1,217,770 ",$655 ,0%,
2019,Callahan County,Total Paid Loss,"$2,023,569 ","$1,088 ",0%,"1,860"
2019,Cameron County,Other,"$742,889 ",$17 ,0%,
2019,Cameron County,Fire,"$2,450,370 ",$57 ,0%,
2019,Cameron County,Wind,"$3,154,261 ",$73 ,0%,
2019,Cameron County,Water,"$3,576,022 ",$83 ,0%,
2019,Cameron County,Total Paid Loss,"$9,923,542 ",$229 ,0%,"43,336"
2019,Camp County,Other,"$31,658 ",$13 ,0%,
2019,Camp County,Water,"$140,866 ",$59 ,0%,
2019,Camp County,Fire,"$291,301 ",$122 ,0%,
2019,Camp County,Wind,"$993,424 ",$415 ,0%,
2019,Camp County,Total Paid Loss,"$1,457,249 ",$608 ,0%,"2,396"
2019,Carson County,Other,"$15,549 ",$16 ,0%,
2019,Carson County,Water,"$68,170 ",$70 ,0%,
2019,Carson County,Fire,"$841,282 ",$864 ,0%,
2019,Carson County,Wind,"$1,828,149 ","$1,877 ",0%,
2019,Carson County,Total Paid Loss,"$2,753,150 ","$2,827 ",0%,974
2019,Cass County,Other,"$128,889 ",$27 ,0%,
2019,Cass County,Water,"$357,835 ",$74 ,0%,
2019,Cass County,Wind,"$1,275,014 ",$264 ,0%,
2019,Cass County,Fire,"$1,731,160 ",$359 ,0%,
2019,Cass County,Total Paid Loss,"$3,492,898 ",$724 ,0%,"4,827"
2019,Castro County,Other,"$13,667 ",$20 ,0%,
2019,Castro County,Fire,"$27,953 ",$41 ,0%,
2019,Castro County,Water,"$41,727 ",$62 ,0%,
2019,Castro County,Wind,"$390,745 ",$578 ,0%,
2019,Castro County,Total Paid Loss,"$474,092 ",$701 ,0%,676
2019,Chambers County,Other,"$319,729 ",$35 ,0%,
2019,Chambers County,Fire,"$1,098,187 ",$121 ,0%,
2019,Chambers County,Water,"$1,400,665 ",$154 ,0%,
2019,Chambers County,Wind,"$1,669,007 ",$183 ,0%,
2019,Chambers County,Total Paid Loss,"$4,487,588 ",$493 ,0%,"9,098"
2019,Cherokee County,Other,"$266,607 ",$29 ,0%,
2019,Cherokee County,Water,"$934,125 ",$102 ,0%,
2019,Cherokee County,Fire,"$1,682,865 ",$183 ,0%,
2019,Cherokee County,Wind,"$12,572,783 ","$1,370 ",0%,
2019,Cherokee County,Total Paid Loss,"$15,456,380 ","$1,684 ",0%,"9,178"
2019,Childress County,Other,"$6,722 ",$7 ,0%,
2019,Childress County,Water,"$75,745 ",$77 ,0%,
2019,Childress County,Fire,"$302,573 ",$307 ,0%,
2019,Childress County,Wind,"$415,036 ",$421 ,0%,
2019,Childress County,Total Paid Loss,"$800,076 ",$811 ,0%,986
2019,Clay County,Other,"$20,821 ",$18 ,0%,
2019,Clay County,Water,"$74,098 ",$63 ,0%,
2019,Clay County,Fire,"$127,296 ",$108 ,0%,
2019,Clay County,Wind,"$313,678 ",$267 ,0%,
2019,Clay County,Total Paid Loss,"$535,893 ",$456 ,0%,"1,174"
2019,Cochran County,Other,$0 ,$0 ,0%,
2019,Cochran County,Fire,"$3,691 ",$17 ,0%,
2019,Cochran County,Water,"$6,020 ",$28 ,0%,
2019,Cochran County,Wind,"$229,930 ","$1,074 ",0%,
2019,Cochran County,Total Paid Loss,"$239,641 ","$1,120 ",0%,214
2019,Coke County,Other,$0 ,$0 ,0%,
2019,Coke County,Water,"$6,369 ",$22 ,0%,
2019,Coke County,Wind,"$103,931 ",$362 ,0%,
2019,Coke County,Fire,"$188,834 ",$658 ,0%,
2019,Coke County,Total Paid Loss,"$299,134 ","$1,042 ",0%,287
2019,Coleman County,Water,"$22,702 ",$26 ,0%,
2019,Coleman County,Other,"$32,466 ",$37 ,0%,
2019,Coleman County,Wind,"$484,769 ",$557 ,0%,
2019,Coleman County,Fire,"$988,402 ","$1,135 ",0%,
2019,Coleman County,Total Paid Loss,"$1,528,339 ","$1,755 ",0%,871
2019,Collin County,Other,"$10,403,996 ",$45 ,0%,
2019,Collin County,Fire,"$29,116,581 ",$125 ,0%,
2019,Collin County,Water,"$57,028,589 ",$245 ,0%,
2019,Collin County,Wind,"$566,028,568 ","$2,429 ",0%,
2019,Collin County,Total Paid Loss,"$662,577,734 ","$2,843 ",0%,"233,043"
2019,Collingsworth County,Fire,"$1,236 ",$3 ,0%,
2019,Collingsworth County,Other,"$10,917 ",$31 ,0%,
2019,Collingsworth County,Water,"$15,415 ",$43 ,0%,
2019,Collingsworth County,Wind,"$2,494,038 ","$7,006 ",0%,
2019,Collingsworth County,Total Paid Loss,"$2,521,606 ","$7,083 ",0%,356
2019,Colorado County,Other,"$163,850 ",$63 ,0%,
2019,Colorado County,Water,"$346,330 ",$133 ,0%,
2019,Colorado County,Wind,"$581,019 ",$223 ,0%,
2019,Colorado County,Fire,"$1,091,830 ",$420 ,0%,
2019,Colorado County,Total Paid Loss,"$2,183,029 ",$839 ,0%,"2,602"
2019,Comal County,Other,"$2,095,196 ",$44 ,0%,
2019,Comal County,Fire,"$5,952,481 ",$126 ,0%,
2019,Comal County,Water,"$5,978,156 ",$127 ,0%,
2019,Comal County,Wind,"$13,926,996 ",$295 ,0%,
2019,Comal County,Total Paid Loss,"$27,952,829 ",$592 ,0%,"47,195"
2019,Comanche County,Other,"$6,737 ",$5 ,0%,
2019,Comanche County,Water,"$104,853 ",$71 ,0%,
2019,Comanche County,Fire,"$286,815 ",$195 ,0%,
2019,Comanche County,Wind,"$599,066 ",$407 ,0%,
2019,Comanche County,Total Paid Loss,"$997,471 ",$678 ,0%,"1,471"
2019,Concho County,Fire,$0 ,$0 ,0%,
2019,Concho County,Water,$0 ,$0 ,0%,
2019,Concho County,Other,"$1,586 ",$6 ,0%,
2019,Concho County,Wind,"$95,336 ",$367 ,0%,
2019,Concho County,Total Paid Loss,"$96,922 ",$373 ,0%,260
2019,Cooke County,Other,"$119,605 ",$19 ,0%,
2019,Cooke County,Water,"$530,655 ",$86 ,0%,
2019,Cooke County,Fire,"$1,125,492 ",$182 ,0%,
2019,Cooke County,Wind,"$4,610,747 ",$744 ,0%,
2019,Cooke County,Total Paid Loss,"$6,386,499 ","$1,030 ",0%,"6,201"
2019,Coryell County,Other,"$804,358 ",$75 ,0%,
2019,Coryell County,Water,"$953,260 ",$89 ,0%,
2019,Coryell County,Fire,"$2,267,501 ",$212 ,0%,
2019,Coryell County,Wind,"$6,964,631 ",$652 ,0%,
2019,Coryell County,Total Paid Loss,"$10,989,750 ","$1,029 ",0%,"10,678"
2019,Cottle County,Other,$0 ,$0 ,0%,
2019,Cottle County,Fire,"$5,564 ",$33 ,0%,
2019,Cottle County,Water,"$21,888 ",$131 ,0%,
2019,Cottle County,Wind,"$231,406 ","$1,386 ",0%,
2019,Cottle County,Total Paid Loss,"$258,858 ","$1,550 ",0%,167
2019,Crane County,Fire,$0 ,$0 ,0%,
2019,Crane County,Water,"$8,683 ",$14 ,0%,
2019,Crane County,Other,"$46,879 ",$78 ,0%,
2019,Crane County,Wind,"$85,190 ",$141 ,0%,
2019,Crane County,Total Paid Loss,"$140,752 ",$233 ,0%,603
2019,Crockett County,Fire,$0 ,$0 ,0%,
2019,Crockett County,Other,"$3,351 ",$9 ,0%,
2019,Crockett County,Water,"$19,758 ",$52 ,0%,
2019,Crockett County,Wind,"$495,294 ","$1,300 ",0%,
2019,Crockett County,Total Paid Loss,"$518,403 ","$1,361 ",0%,381
2019,Crosby County,Other,"$15,080 ",$23 ,0%,
2019,Crosby County,Water,"$23,115 ",$35 ,0%,
2019,Crosby County,Fire,"$26,462 ",$41 ,0%,
2019,Crosby County,Wind,"$773,712 ","$1,185 ",0%,
2019,Crosby County,Total Paid Loss,"$838,369 ","$1,284 ",0%,653
2019,Culberson County,Fire,$742 ,$4 ,0%,
2019,Culberson County,Water,"$3,158 ",$16 ,0%,
2019,Culberson County,Other,"$3,444 ",$17 ,0%,
2019,Culberson County,Wind,"$61,171 ",$304 ,0%,
2019,Culberson County,Total Paid Loss,"$68,515 ",$341 ,0%,201
2019,Dallam County,Other,"$51,898 ",$33 ,0%,
2019,Dallam County,Water,"$84,944 ",$54 ,0%,
2019,Dallam County,Wind,"$241,268 ",$153 ,0%,
2019,Dallam County,Fire,"$254,613 ",$162 ,0%,
2019,Dallam County,Total Paid Loss,"$632,723 ",$402 ,0%,"1,574"
2019,Dallas County,Other,"$32,859,228 ",$80 ,0%,
2019,Dallas County,Fire,"$73,016,659 ",$178 ,0%,
2019,Dallas County,Water,"$114,100,073 ",$279 ,0%,
2019,Dallas County,Wind,"$816,407,070 ","$1,994 ",0%,
2019,Dallas County,Total Paid Loss,"$1,036,383,030 ","$2,531 ",0%,"409,455"
2019,Dawson County,Other,"$41,224 ",$38 ,0%,
2019,Dawson County,Fire,"$44,290 ",$40 ,0%,
2019,Dawson County,Water,"$63,827 ",$58 ,0%,
2019,Dawson County,Wind,"$238,409 ",$217 ,0%,
2019,Dawson County,Total Paid Loss,"$387,750 ",$353 ,0%,"1,097"
2019,Deaf Smith County,Other,"$63,494 ",$33 ,0%,
2019,Deaf Smith County,Water,"$76,560 ",$39 ,0%,
2019,Deaf Smith County,Fire,"$99,291 ",$51 ,0%,
2019,Deaf Smith County,Wind,"$13,347,313 ","$6,880 ",0%,
2019,Deaf Smith County,Total Paid Loss,"$13,586,658 ","$7,003 ",0%,"1,940"
2019,Delta County,Fire,"$18,438 ",$25 ,0%,
2019,Delta County,Other,"$19,723 ",$26 ,0%,
2019,Delta County,Water,"$71,683 ",$96 ,0%,
2019,Delta County,Wind,"$202,595 ",$270 ,0%,
2019,Delta County,Total Paid Loss,"$312,439 ",$417 ,0%,749
2019,Denton County,Other,"$7,721,427 ",$39 ,0%,
2019,Denton County,Fire,"$27,772,000 ",$140 ,0%,
2019,Denton County,Water,"$47,094,920 ",$237 ,0%,
2019,Denton County,Wind,"$152,179,682 ",$765 ,0%,
2019,Denton County,Total Paid Loss,"$234,768,029 ","$1,180 ",0%,"198,937"
2019,DeWitt County,Other,"$24,359 ",$11 ,0%,
2019,DeWitt County,Water,"$112,272 ",$53 ,0%,
2019,DeWitt County,Fire,"$251,178 ",$118 ,0%,
2019,DeWitt County,Wind,"$285,351 ",$134 ,0%,
2019,DeWitt County,Total Paid Loss,"$673,160 ",$315 ,0%,"2,135"
2019,Dickens County,Fire,$0 ,$0 ,0%,
2019,Dickens County,Other,"$15,059 ",$72 ,0%,
2019,Dickens County,Water,"$19,949 ",$95 ,0%,
2019,Dickens County,Wind,"$114,466 ",$548 ,0%,
2019,Dickens County,Total Paid Loss,"$149,474 ",$715 ,0%,209
2019,Dimmit County,Water,"$13,236 ",$15 ,0%,
2019,Dimmit County,Other,"$31,986 ",$36 ,0%,
2019,Dimmit County,Fire,"$239,455 ",$267 ,0%,
2019,Dimmit County,Wind,"$429,211 ",$479 ,0%,
2019,Dimmit County,Total Paid Loss,"$713,888 ",$797 ,0%,896
2019,Donley County,Other,$428 ,$1 ,0%,
2019,Donley County,Water,"$2,538 ",$5 ,0%,
2019,Donley County,Fire,"$182,805 ",$373 ,0%,
2019,Donley County,Wind,"$331,966 ",$677 ,0%,
2019,Donley County,Total Paid Loss,"$517,737 ","$1,057 ",0%,490
2019,Duval County,Fire,"$7,781 ",$9 ,0%,
2019,Duval County,Other,"$32,475 ",$36 ,0%,
2019,Duval County,Water,"$136,974 ",$154 ,0%,
2019,Duval County,Wind,"$177,675 ",$199 ,0%,
2019,Duval County,Total Paid Loss,"$354,905 ",$398 ,0%,891
2019,Eastland County,Other,"$50,074 ",$20 ,0%,
2019,Eastland County,Water,"$128,946 ",$50 ,0%,
2019,Eastland County,Fire,"$430,227 ",$168 ,0%,
2019,Eastland County,Wind,"$845,506 ",$330 ,0%,
2019,Eastland County,Total Paid Loss,"$1,454,753 ",$568 ,0%,"2,559"
2019,Ector County,Other,"$1,217,639 ",$46 ,0%,
2019,Ector County,Water,"$1,265,607 ",$48 ,0%,
2019,Ector County,Fire,"$2,454,789 ",$92 ,0%,
2019,Ector County,Wind,"$6,808,152 ",$256 ,0%,
2019,Ector County,Total Paid Loss,"$11,746,187 ",$442 ,0%,"26,546"
2019,Edwards County,Water,$0 ,$0 ,0%,
2019,Edwards County,Fire,$991 ,$3 ,0%,
2019,Edwards County,Other,"$21,988 ",$67 ,0%,
2019,Edwards County,Wind,"$119,597 ",$366 ,0%,
2019,Edwards County,Total Paid Loss,"$142,576 ",$436 ,0%,327
2019,El Paso County,Other,"$3,901,512 ",$26 ,0%,
2019,El Paso County,Fire,"$5,223,740 ",$35 ,0%,
2019,El Paso County,Water,"$17,841,792 ",$119 ,0%,
2019,El Paso County,Wind,"$52,024,076 ",$346 ,0%,
2019,El Paso County,Total Paid Loss,"$78,991,120 ",$526 ,0%,"150,265"
2019,Ellis County,Other,"$2,245,412 ",$54 ,0%,
2019,Ellis County,Fire,"$6,053,012 ",$146 ,0%,
2019,Ellis County,Water,"$6,232,666 ",$150 ,0%,
2019,Ellis County,Wind,"$28,925,116 ",$698 ,0%,
2019,Ellis County,Total Paid Loss,"$43,456,206 ","$1,048 ",0%,"41,451"
2019,Erath County,Fire,"$252,344 ",$54 ,0%,
2019,Erath County,Other,"$379,644 ",$81 ,0%,
2019,Erath County,Water,"$639,326 ",$137 ,0%,
2019,Erath County,Wind,"$2,175,611 ",$466 ,0%,
2019,Erath County,Total Paid Loss,"$3,446,925 ",$739 ,0%,"4,664"
2019,Falls County,Other,"$50,812 ",$37 ,0%,
2019,Falls County,Water,"$67,243 ",$48 ,0%,
2019,Falls County,Fire,"$327,817 ",$236 ,0%,
2019,Falls County,Wind,"$379,162 ",$273 ,0%,
2019,Falls County,Total Paid Loss,"$825,034 ",$593 ,0%,"1,391"
2019,Fannin County,Other,"$289,261 ",$57 ,0%,
2019,Fannin County,Water,"$864,706 ",$170 ,0%,
2019,Fannin County,Fire,"$1,296,771 ",$255 ,0%,
2019,Fannin County,Wind,"$1,925,535 ",$379 ,0%,
2019,Fannin County,Total Paid Loss,"$4,376,273 ",$861 ,0%,"5,085"
2019,Fayette County,Other,"$66,882 ",$24 ,0%,
2019,Fayette County,Fire,"$141,012 ",$50 ,0%,
2019,Fayette County,Water,"$167,253 ",$59 ,0%,
2019,Fayette County,Wind,"$375,918 ",$133 ,0%,
2019,Fayette County,Total Paid Loss,"$751,065 ",$265 ,0%,"2,832"
2019,Fisher County,Other,"$1,000 ",$2 ,0%,
2019,Fisher County,Fire,"$22,681 ",$54 ,0%,
2019,Fisher County,Water,"$33,194 ",$80 ,0%,
2019,Fisher County,Wind,"$228,244 ",$547 ,0%,
2019,Fisher County,Total Paid Loss,"$285,119 ",$684 ,0%,417
2019,Floyd County,Other,"$1,938 ",$3 ,0%,
2019,Floyd County,Water,"$3,242 ",$6 ,0%,
2019,Floyd County,Fire,"$242,696 ",$430 ,0%,
2019,Floyd County,Wind,"$841,323 ","$1,492 ",0%,
2019,Floyd County,Total Paid Loss,"$1,089,199 ","$1,931 ",0%,564
2019,Foard County,Fire,$0 ,$0 ,0%,
2019,Foard County,Other,$0 ,$0 ,0%,
2019,Foard County,Wind,"$10,995 ",$76 ,0%,
2019,Foard County,Water,"$20,913 ",$145 ,0%,
2019,Foard County,Total Paid Loss,"$31,908 ",$222 ,0%,144
2019,Fort Bend County,Other,"$7,437,677 ",$44 ,0%,
2019,Fort Bend County,Fire,"$14,974,649 ",$89 ,0%,
2019,Fort Bend County,Water,"$25,342,317 ",$151 ,0%,
2019,Fort Bend County,Wind,"$100,583,229 ",$598 ,0%,
2019,Fort Bend County,Total Paid Loss,"$148,337,872 ",$881 ,0%,"168,326"
2019,Franklin County,Other,"$102,086 ",$42 ,0%,
2019,Franklin County,Fire,"$345,675 ",$141 ,0%,
2019,Franklin County,Water,"$411,473 ",$168 ,0%,
2019,Franklin County,Wind,"$1,427,075 ",$583 ,0%,
2019,Franklin County,Total Paid Loss,"$2,286,309 ",$934 ,0%,"2,449"
2019,Freestone County,Other,"$104,804 ",$40 ,0%,
2019,Freestone County,Water,"$295,376 ",$112 ,0%,
2019,Freestone County,Fire,"$704,108 ",$267 ,0%,
2019,Freestone County,Wind,"$1,160,575 ",$441 ,0%,
2019,Freestone County,Total Paid Loss,"$2,264,863 ",$860 ,0%,"2,633"
2019,Frio County,Other,"$48,750 ",$40 ,0%,
2019,Frio County,Wind,"$79,811 ",$65 ,0%,
2019,Frio County,Water,"$193,606 ",$158 ,0%,
2019,Frio County,Fire,"$248,607 ",$202 ,0%,
2019,Frio County,Total Paid Loss,"$570,774 ",$464 ,0%,"1,229"
2019,Gaines County,Other,"$131,224 ",$54 ,0%,
2019,Gaines County,Water,"$141,236 ",$58 ,0%,
2019,Gaines County,Fire,"$161,904 ",$67 ,0%,
2019,Gaines County,Wind,"$4,175,424 ","$1,724 ",0%,
2019,Gaines County,Total Paid Loss,"$4,609,788 ","$1,903 ",0%,"2,422"
2019,Galveston County,Other,"$2,674,197 ",$34 ,0%,
2019,Galveston County,Wind,"$5,447,677 ",$70 ,0%,
2019,Galveston County,Water,"$8,704,682 ",$112 ,0%,
2019,Galveston County,Fire,"$15,455,158 ",$198 ,0%,
2019,Galveston County,Total Paid Loss,"$32,281,714 ",$414 ,0%,"77,893"
2019,Garza County,Fire,$0 ,$0 ,0%,
2019,Garza County,Other,$347 ,$1 ,0%,
2019,Garza County,Water,"$35,219 ",$61 ,0%,
2019,Garza County,Wind,"$334,071 ",$578 ,0%,
2019,Garza County,Total Paid Loss,"$369,637 ",$640 ,0%,578
2019,Gillespie County,Fire,"$48,303 ",$10 ,0%,
2019,Gillespie County,Other,"$61,005 ",$12 ,0%,
2019,Gillespie County,Water,"$582,403 ",$115 ,0%,
2019,Gillespie County,Wind,"$1,425,369 ",$282 ,0%,
2019,Gillespie County,Total Paid Loss,"$2,117,080 ",$419 ,0%,"5,056"
2019,Glasscock County,Fire,$0 ,$0 ,0%,
2019,Glasscock County,Other,$0 ,$0 ,0%,
2019,Glasscock County,Wind,$0 ,$0 ,0%,
2019,Glasscock County,Total Paid Loss,"$16,260 ",$276 ,0%,59
2019,Glasscock County,Water,"$16,260 ",$276 ,0%,
2019,Goliad County,Fire,"$2,961 ",$6 ,0%,
2019,Goliad County,Other,"$3,680 ",$7 ,0%,
2019,Goliad County,Water,"$20,219 ",$39 ,0%,
2019,Goliad County,Wind,"$120,935 ",$231 ,0%,
2019,Goliad County,Total Paid Loss,"$147,795 ",$282 ,0%,524
2019,Gonzales County,Other,"$39,638 ",$24 ,0%,
2019,Gonzales County,Water,"$205,985 ",$125 ,0%,
2019,Gonzales County,Fire,"$356,284 ",$216 ,0%,
2019,Gonzales County,Wind,"$1,029,472 ",$625 ,0%,
2019,Gonzales County,Total Paid Loss,"$1,631,379 ",$990 ,0%,"1,648"
2019,Gray County,Other,"$22,130 ",$7 ,0%,
2019,Gray County,Water,"$309,727 ",$101 ,0%,
2019,Gray County,Fire,"$814,748 ",$266 ,0%,
2019,Gray County,Wind,"$3,509,223 ","$1,144 ",0%,
2019,Gray County,Total Paid Loss,"$4,655,828 ","$1,518 ",0%,"3,067"
2019,Grayson County,Other,"$1,303,806 ",$47 ,0%,
2019,Grayson County,Water,"$4,248,947 ",$155 ,0%,
2019,Grayson County,Fire,"$4,967,329 ",$181 ,0%,
2019,Grayson County,Wind,"$21,643,032 ",$787 ,0%,
2019,Grayson County,Total Paid Loss,"$32,163,114 ","$1,170 ",0%,"27,488"
2019,Gregg County,Other,"$1,542,169 ",$53 ,0%,
2019,Gregg County,Water,"$2,758,492 ",$94 ,0%,
2019,Gregg County,Fire,"$5,496,982 ",$188 ,0%,
2019,Gregg County,Wind,"$46,279,206 ","$1,585 ",0%,
2019,Gregg County,Total Paid Loss,"$56,076,849 ","$1,921 ",0%,"29,197"
2019,Grimes County,Other,"$55,213 ",$15 ,0%,
2019,Grimes County,Water,"$173,547 ",$48 ,0%,
2019,Grimes County,Fire,"$486,384 ",$134 ,0%,
2019,Grimes County,Wind,"$1,094,661 ",$301 ,0%,
2019,Grimes County,Total Paid Loss,"$1,809,805 ",$498 ,0%,"3,632"
2019,Guadalupe County,Other,"$1,173,211 ",$36 ,0%,
2019,Guadalupe County,Fire,"$4,197,893 ",$129 ,0%,
2019,Guadalupe County,Water,"$5,146,321 ",$158 ,0%,
2019,Guadalupe County,Wind,"$12,515,991 ",$385 ,0%,
2019,Guadalupe County,Total Paid Loss,"$23,033,416 ",$709 ,0%,"32,473"
2019,Hale County,Other,"$140,134 ",$34 ,0%,
2019,Hale County,Fire,"$227,136 ",$54 ,0%,
2019,Hale County,Water,"$243,105 ",$58 ,0%,
2019,Hale County,Wind,"$2,423,161 ",$580 ,0%,
2019,Hale County,Total Paid Loss,"$3,033,536 ",$726 ,0%,"4,177"
2019,Hall County,Water,"$7,474 ",$22 ,0%,
2019,Hall County,Other,"$8,303 ",$24 ,0%,
2019,Hall County,Fire,"$15,222 ",$44 ,0%,
2019,Hall County,Wind,"$199,047 ",$575 ,0%,
2019,Hall County,Total Paid Loss,"$230,046 ",$665 ,0%,346
2019,Hamilton County,Fire,"$33,274 ",$36 ,0%,
2019,Hamilton County,Other,"$69,048 ",$74 ,0%,
2019,Hamilton County,Water,"$78,446 ",$84 ,0%,
2019,Hamilton County,Wind,"$534,549 ",$574 ,0%,
2019,Hamilton County,Total Paid Loss,"$715,317 ",$768 ,0%,932
2019,Hansford County,Other,"$8,048 ",$10 ,0%,
2019,Hansford County,Fire,"$34,374 ",$45 ,0%,
2019,Hansford County,Water,"$92,393 ",$120 ,0%,
2019,Hansford County,Wind,"$1,221,719 ","$1,587 ",0%,
2019,Hansford County,Total Paid Loss,"$1,356,534 ","$1,762 ",0%,770
2019,Hardeman County,Fire,"$2,773 ",$6 ,0%,
2019,Hardeman County,Water,"$9,283 ",$20 ,0%,
2019,Hardeman County,Other,"$78,371 ",$170 ,0%,
2019,Hardeman County,Wind,"$186,584 ",$404 ,0%,
2019,Hardeman County,Total Paid Loss,"$277,011 ",$600 ,0%,462
2019,Hardin County,Other,"$306,589 ",$27 ,0%,
2019,Hardin County,Water,"$1,145,533 ",$102 ,0%,
2019,Hardin County,Fire,"$1,907,530 ",$169 ,0%,
2019,Hardin County,Wind,"$3,132,755 ",$278 ,0%,
2019,Hardin County,Total Paid Loss,"$6,492,407 ",$575 ,0%,"11,282"
2019,Harris County,Other,"$36,003,734 ",$50 ,0%,
2019,Harris County,Fire,"$98,626,666 ",$137 ,0%,
2019,Harris County,Water,"$123,174,073 ",$172 ,0%,
2019,Harris County,Wind,"$283,836,937 ",$395 ,0%,
2019,Harris County,Total Paid Loss,"$541,641,410 ",$755 ,0%,"717,710"
2019,Harrison County,Other,"$440,635 ",$48 ,0%,
2019,Harrison County,Water,"$829,266 ",$91 ,0%,
2019,Harrison County,Fire,"$3,153,598 ",$344 ,0%,
2019,Harrison County,Wind,"$6,078,015 ",$664 ,0%,
2019,Harrison County,Total Paid Loss,"$10,501,514 ","$1,147 ",0%,"9,158"
2019,Hartley County,Fire,$0 ,$0 ,0%,
2019,Hartley County,Other,$0 ,$0 ,0%,
2019,Hartley County,Water,$0 ,$0 ,0%,
2019,Hartley County,Total Paid Loss,"$77,997 ",$788 ,0%,99
2019,Hartley County,Wind,"$77,997 ",$788 ,0%,
2019,Haskell County,Other,"$2,933 ",$4 ,0%,
2019,Haskell County,Water,"$35,471 ",$43 ,0%,
2019,Haskell County,Fire,"$62,279 ",$76 ,0%,
2019,Haskell County,Wind,"$444,417 ",$545 ,0%,
2019,Haskell County,Total Paid Loss,"$545,100 ",$668 ,0%,816
2019,Hays County,Other,"$1,235,041 ",$25 ,0%,
2019,Hays County,Fire,"$5,927,953 ",$121 ,0%,
2019,Hays County,Water,"$6,826,860 ",$140 ,0%,
2019,Hays County,Wind,"$15,453,833 ",$317 ,0%,
2019,Hays County,Total Paid Loss,"$29,443,687 ",$603 ,0%,"48,809"
2019,Hemphill County,Other,$0 ,$0 ,0%,
2019,Hemphill County,Fire,"$18,268 ",$33 ,0%,
2019,Hemphill County,Water,"$53,461 ",$97 ,0%,
2019,Hemphill County,Wind,"$428,863 ",$781 ,0%,
2019,Hemphill County,Total Paid Loss,"$500,592 ",$912 ,0%,549
2019,Henderson County,Other,"$1,166,224 ",$66 ,0%,
2019,Henderson County,Water,"$3,154,136 ",$178 ,0%,
2019,Henderson County,Fire,"$5,414,092 ",$306 ,0%,
2019,Henderson County,Wind,"$13,924,628 ",$787 ,0%,
2019,Henderson County,Total Paid Loss,"$23,659,080 ","$1,337 ",0%,"17,701"
2019,Hidalgo County,Other,"$2,800,754 ",$32 ,0%,
2019,Hidalgo County,Fire,"$5,399,565 ",$62 ,0%,
2019,Hidalgo County,Water,"$9,144,469 ",$105 ,0%,
2019,Hidalgo County,Wind,"$14,148,993 ",$162 ,0%,
2019,Hidalgo County,Total Paid Loss,"$31,493,781 ",$362 ,0%,"87,102"
2019,Hill County,Water,"$403,460 ",$91 ,0%,
2019,Hill County,Other,"$802,072 ",$182 ,0%,
2019,Hill County,Fire,"$1,114,018 ",$252 ,0%,
2019,Hill County,Wind,"$1,485,794 ",$336 ,0%,
2019,Hill County,Total Paid Loss,"$3,805,344 ",$862 ,0%,"4,417"
2019,Hockley County,Other,"$75,186 ",$26 ,0%,
2019,Hockley County,Water,"$304,249 ",$105 ,0%,
2019,Hockley County,Fire,"$425,886 ",$147 ,0%,
2019,Hockley County,Wind,"$1,437,625 ",$496 ,0%,
2019,Hockley County,Total Paid Loss,"$2,242,946 ",$773 ,0%,"2,900"
2019,Hood County,Other,"$884,908 ",$58 ,0%,
2019,Hood County,Fire,"$1,728,646 ",$114 ,0%,
2019,Hood County,Water,"$2,373,419 ",$156 ,0%,
2019,Hood County,Wind,"$20,613,425 ","$1,359 ",0%,
2019,Hood County,Total Paid Loss,"$25,600,398 ","$1,688 ",0%,"15,169"
2019,Hopkins County,Other,"$107,350 ",$21 ,0%,
2019,Hopkins County,Water,"$356,200 ",$70 ,0%,
2019,Hopkins County,Fire,"$1,756,160 ",$346 ,0%,
2019,Hopkins County,Wind,"$12,518,739 ","$2,469 ",0%,
2019,Hopkins County,Total Paid Loss,"$14,738,449 ","$2,906 ",0%,"5,071"
2019,Houston County,Other,"$106,620 ",$35 ,0%,
2019,Houston County,Fire,"$475,935 ",$158 ,0%,
2019,Houston County,Water,"$537,060 ",$178 ,0%,
2019,Houston County,Wind,"$6,177,915 ","$2,045 ",0%,
2019,Houston County,Total Paid Loss,"$7,297,530 ","$2,416 ",0%,"3,021"
2019,Howard County,Other,"$52,834 ",$12 ,0%,
2019,Howard County,Water,"$338,227 ",$76 ,0%,
2019,Howard County,Fire,"$549,436 ",$123 ,0%,
2019,Howard County,Wind,"$4,423,482 ",$992 ,0%,
2019,Howard County,Total Paid Loss,"$5,363,979 ","$1,202 ",0%,"4,461"
2019,Hudspeth County,Fire,$0 ,$0 ,0%,
2019,Hudspeth County,Water,$0 ,$0 ,0%,
2019,Hudspeth County,Other,"$2,231 ",$18 ,0%,
2019,Hudspeth County,Wind,"$28,073 ",$230 ,0%,
2019,Hudspeth County,Total Paid Loss,"$30,304 ",$248 ,0%,122
2019,Hunt County,Other,"$354,787 ",$27 ,0%,
2019,Hunt County,Water,"$1,864,966 ",$142 ,0%,
2019,Hunt County,Fire,"$6,219,887 ",$474 ,0%,
2019,Hunt County,Wind,"$17,729,588 ","$1,350 ",0%,
2019,Hunt County,Total Paid Loss,"$26,169,228 ","$1,993 ",0%,"13,131"
2019,Hutchinson County,Fire,"$78,028 ",$21 ,0%,
2019,Hutchinson County,Other,"$252,004 ",$67 ,0%,
2019,Hutchinson County,Water,"$263,775 ",$70 ,0%,
2019,Hutchinson County,Wind,"$9,587,650 ","$2,532 ",0%,
2019,Hutchinson County,Total Paid Loss,"$10,181,457 ","$2,689 ",0%,"3,787"
2019,Irion County,Fire,$0 ,$0 ,0%,
2019,Irion County,Other,"$2,730 ",$14 ,0%,
2019,Irion County,Water,"$17,323 ",$92 ,0%,
2019,Irion County,Wind,"$130,961 ",$693 ,0%,
2019,Irion County,Total Paid Loss,"$151,014 ",$799 ,0%,189
2019,Jack County,Fire,"$4,749 ",$6 ,0%,
2019,Jack County,Other,"$8,984 ",$12 ,0%,
2019,Jack County,Water,"$76,796 ",$101 ,0%,
2019,Jack County,Wind,"$374,753 ",$491 ,0%,
2019,Jack County,Total Paid Loss,"$465,282 ",$610 ,0%,763
2019,Jackson County,Fire,"$13,039 ",$10 ,0%,
2019,Jackson County,Water,"$26,550 ",$19 ,0%,
2019,Jackson County,Other,"$62,343 ",$46 ,0%,
2019,Jackson County,Wind,"$136,803 ",$100 ,0%,
2019,Jackson County,Total Paid Loss,"$238,735 ",$175 ,0%,"1,368"
2019,Jasper County,Other,"$189,663 ",$30 ,0%,
2019,Jasper County,Water,"$489,029 ",$77 ,0%,
2019,Jasper County,Fire,"$2,094,813 ",$329 ,0%,
2019,Jasper County,Wind,"$3,970,530 ",$624 ,0%,
2019,Jasper County,Total Paid Loss,"$6,744,035 ","$1,060 ",0%,"6,360"
2019,Jeff Davis County,Fire,$0 ,$0 ,0%,
2019,Jeff Davis County,Other,"$2,320 ",$5 ,0%,
2019,Jeff Davis County,Water,"$3,151 ",$7 ,0%,
2019,Jeff Davis County,Wind,"$603,649 ","$1,271 ",0%,
2019,Jeff Davis County,Total Paid Loss,"$609,120 ","$1,282 ",0%,475
2019,Jefferson County,Other,"$3,279,142 ",$76 ,0%,
2019,Jefferson County,Wind,"$4,823,444 ",$112 ,0%,
2019,Jefferson County,Fire,"$4,935,134 ",$115 ,0%,
2019,Jefferson County,Water,"$5,438,872 ",$127 ,0%,
2019,Jefferson County,Total Paid Loss,"$18,476,592 ",$430 ,0%,"42,967"
2019,Jim Hogg County,Fire,$0 ,$0 ,0%,
2019,Jim Hogg County,Other,"$8,498 ",$22 ,0%,
2019,Jim Hogg County,Water,"$27,643 ",$72 ,0%,
2019,Jim Hogg County,Wind,"$37,266 ",$97 ,0%,
2019,Jim Hogg County,Total Paid Loss,"$73,407 ",$191 ,0%,385
2019,Jim Wells County,Other,"$102,405 ",$22 ,0%,
2019,Jim Wells County,Water,"$362,907 ",$77 ,0%,
2019,Jim Wells County,Wind,"$500,902 ",$107 ,0%,
2019,Jim Wells County,Fire,"$563,664 ",$120 ,0%,
2019,Jim Wells County,Total Paid Loss,"$1,529,878 ",$326 ,0%,"4,698"
2019,Johnson County,Other,"$2,226,414 ",$58 ,0%,
2019,Johnson County,Fire,"$4,382,954 ",$114 ,0%,
2019,Johnson County,Water,"$5,887,325 ",$153 ,0%,
2019,Johnson County,Wind,"$22,982,575 ",$599 ,0%,
2019,Johnson County,Total Paid Loss,"$35,479,268 ",$925 ,0%,"38,356"
2019,Jones County,Other,"$40,198 ",$23 ,0%,
2019,Jones County,Fire,"$70,095 ",$39 ,0%,
2019,Jones County,Water,"$233,482 ",$131 ,0%,
2019,Jones County,Wind,"$2,279,119 ","$1,280 ",0%,
2019,Jones County,Total Paid Loss,"$2,622,894 ","$1,474 ",0%,"1,780"
2019,Karnes County,Fire,"($13,501)",($12),0%,
2019,Karnes County,Water,"$42,519 ",$37 ,0%,
2019,Karnes County,Other,"$46,310 ",$40 ,0%,
2019,Karnes County,Wind,"$122,600 ",$106 ,0%,
2019,Karnes County,Total Paid Loss,"$197,928 ",$170 ,0%,"1,161"
2019,Kaufman County,Other,"$2,110,193 ",$75 ,0%,
2019,Kaufman County,Water,"$4,168,024 ",$148 ,0%,
2019,Kaufman County,Fire,"$7,594,107 ",$269 ,0%,
2019,Kaufman County,Wind,"$13,732,032 ",$487 ,0%,
2019,Kaufman County,Total Paid Loss,"$27,604,356 ",$980 ,0%,"28,181"
2019,Kendall County,Other,"$417,026 ",$37 ,0%,
2019,Kendall County,Fire,"$978,857 ",$87 ,0%,
2019,Kendall County,Water,"$2,378,581 ",$211 ,0%,
2019,Kendall County,Wind,"$5,544,390 ",$492 ,0%,
2019,Kendall County,Total Paid Loss,"$9,318,854 ",$827 ,0%,"11,266"
2019,Kenedy County,Other,$0 ,$0 ,0%,
2019,Kenedy County,Water,$0 ,$0 ,0%,
2019,Kenedy County,Wind,$0 ,$0 ,0%,
2019,Kenedy County,Fire,"$893,850 ","$55,866 ",0%,
2019,Kenedy County,Total Paid Loss,"$893,850 ","$55,866 ",0%,16
2019,Kent County,Fire,$0 ,$0 ,0%,
2019,Kent County,Water,$0 ,$0 ,0%,
2019,Kent County,Other,"$5,921 ",$78 ,0%,
2019,Kent County,Wind,"$82,831 ","$1,090 ",0%,
2019,Kent County,Total Paid Loss,"$88,752 ","$1,168 ",0%,76
2019,Kerr County,Other,"$977,495 ",$86 ,0%,
2019,Kerr County,Water,"$1,300,274 ",$114 ,0%,
2019,Kerr County,Fire,"$2,499,108 ",$220 ,0%,
2019,Kerr County,Wind,"$12,370,706 ","$1,087 ",0%,
2019,Kerr County,Total Paid Loss,"$17,147,583 ","$1,506 ",0%,"11,385"
2019,Kimble County,Other,"$4,454 ",$12 ,0%,
2019,Kimble County,Water,"$22,857 ",$60 ,0%,
2019,Kimble County,Wind,"$128,337 ",$335 ,0%,
2019,Kimble County,Fire,"$226,640 ",$592 ,0%,
2019,Kimble County,Total Paid Loss,"$382,288 ",$998 ,0%,383
2019,King County,Fire,$0 ,$0 ,0%,
2019,King County,Other,$0 ,$0 ,0%,
2019,King County,Total Paid Loss,$0 ,$0 ,0%,8
2019,King County,Water,$0 ,$0 ,0%,
2019,King County,Wind,$0 ,$0 ,0%,
2019,Kinney County,Other,"$7,731 ",$15 ,0%,
2019,Kinney County,Water,"$20,717 ",$39 ,0%,
2019,Kinney County,Fire,"$141,591 ",$267 ,0%,
2019,Kinney County,Wind,"$3,405,603 ","$6,426 ",0%,
2019,Kinney County,Total Paid Loss,"$3,575,642 ","$6,746 ",0%,530
2019,Kleberg County,Other,"$61,868 ",$17 ,0%,
2019,Kleberg County,Water,"$153,117 ",$42 ,0%,
2019,Kleberg County,Fire,"$583,186 ",$161 ,0%,
2019,Kleberg County,Wind,"$844,843 ",$233 ,0%,
2019,Kleberg County,Total Paid Loss,"$1,643,014 ",$454 ,0%,"3,620"
2019,Knox County,Water,"$8,293 ",$17 ,0%,
2019,Knox County,Other,"$14,125 ",$29 ,0%,
2019,Knox County,Wind,"$98,822 ",$203 ,0%,
2019,Knox County,Fire,"$419,801 ",$862 ,0%,
2019,Knox County,Total Paid Loss,"$541,041 ","$1,111 ",0%,487
2019,La Salle County,Fire,"$4,468 ",$12 ,0%,
2019,La Salle County,Water,"$4,965 ",$13 ,0%,
2019,La Salle County,Other,"$12,140 ",$33 ,0%,
2019,La Salle County,Wind,"$21,508 ",$58 ,0%,
2019,La Salle County,Total Paid Loss,"$43,081 ",$117 ,0%,368
2019,Lamar County,Other,"$978,712 ",$125 ,0%,
2019,Lamar County,Water,"$1,022,912 ",$130 ,0%,
2019,Lamar County,Fire,"$2,281,135 ",$291 ,0%,
2019,Lamar County,Wind,"$3,473,588 ",$442 ,0%,
2019,Lamar County,Total Paid Loss,"$7,756,347 ",$988 ,0%,"7,850"
2019,Lamb County,Water,"$31,582 ",$22 ,0%,
2019,Lamb County,Other,"$39,619 ",$28 ,0%,
2019,Lamb County,Fire,"$260,255 ",$184 ,0%,
2019,Lamb County,Wind,"$968,240 ",$686 ,0%,
2019,Lamb County,Total Paid Loss,"$1,299,696 ",$920 ,0%,"1,412"
2019,Lampasas County,Other,"$156,889 ",$38 ,0%,
2019,Lampasas County,Water,"$392,163 ",$94 ,0%,
2019,Lampasas County,Fire,"$621,290 ",$149 ,0%,
2019,Lampasas County,Wind,"$2,360,168 ",$568 ,0%,
2019,Lampasas County,Total Paid Loss,"$3,530,510 ",$849 ,0%,"4,157"
2019,Lavaca County,Fire,$47 ,$0 ,0%,
2019,Lavaca County,Other,"$38,395 ",$33 ,0%,
2019,Lavaca County,Water,"$38,809 ",$33 ,0%,
2019,Lavaca County,Wind,"$61,666 ",$53 ,0%,
2019,Lavaca County,Total Paid Loss,"$138,917 ",$118 ,0%,"1,174"
2019,Lee County,Other,"$10,972 ",$7 ,0%,
2019,Lee County,Fire,"$54,570 ",$35 ,0%,
2019,Lee County,Water,"$119,100 ",$75 ,0%,
2019,Lee County,Wind,"$459,278 ",$291 ,0%,
2019,Lee County,Total Paid Loss,"$643,920 ",$408 ,0%,"1,578"
2019,Leon County,Other,"$149,064 ",$57 ,0%,
2019,Leon County,Water,"$330,592 ",$125 ,0%,
2019,Leon County,Fire,"$679,429 ",$258 ,0%,
2019,Leon County,Wind,"$2,362,919 ",$897 ,0%,
2019,Leon County,Total Paid Loss,"$3,522,004 ","$1,337 ",0%,"2,635"
2019,Liberty County,Other,"$992,210 ",$86 ,0%,
2019,Liberty County,Water,"$1,178,889 ",$102 ,0%,
2019,Liberty County,Fire,"$2,763,657 ",$238 ,0%,
2019,Liberty County,Wind,"$2,920,748 ",$252 ,0%,
2019,Liberty County,Total Paid Loss,"$7,855,504 ",$677 ,0%,"11,604"
2019,Limestone County,Other,"$39,231 ",$15 ,0%,
2019,Limestone County,Water,"$179,609 ",$70 ,0%,
2019,Limestone County,Fire,"$429,442 ",$167 ,0%,
2019,Limestone County,Wind,"$818,018 ",$317 ,0%,
2019,Limestone County,Total Paid Loss,"$1,466,300 ",$569 ,0%,"2,579"
2019,Lipscomb County,Other,"$5,049 ",$14 ,0%,
2019,Lipscomb County,Water,"$13,982 ",$40 ,0%,
2019,Lipscomb County,Fire,"$31,901 ",$91 ,0%,
2019,Lipscomb County,Wind,"$310,035 ",$881 ,0%,
2019,Lipscomb County,Total Paid Loss,"$360,967 ","$1,025 ",0%,352
2019,Live Oak County,Other,"$1,896 ",$3 ,0%,
2019,Live Oak County,Water,"$14,419 ",$22 ,0%,
2019,Live Oak County,Wind,"$98,820 ",$152 ,0%,
2019,Live Oak County,Fire,"$297,153 ",$457 ,0%,
2019,Live Oak County,Total Paid Loss,"$412,288 ",$634 ,0%,650
2019,Llano County,Other,"$190,121 ",$23 ,0%,
2019,Llano County,Water,"$1,863,083 ",$228 ,0%,
2019,Llano County,Fire,"$2,592,499 ",$317 ,0%,
2019,Llano County,Wind,"$6,840,424 ",$838 ,0%,
2019,Llano County,Total Paid Loss,"$11,486,127 ","$1,407 ",0%,"8,166"
2019,Lubbock County,Other,"$3,871,825 ",$72 ,0%,
2019,Lubbock County,Fire,"$4,695,411 ",$87 ,0%,
2019,Lubbock County,Water,"$5,366,095 ",$99 ,0%,
2019,Lubbock County,Wind,"$122,919,865 ","$2,275 ",0%,
2019,Lubbock County,Total Paid Loss,"$136,853,196 ","$2,533 ",0%,"54,034"
2019,Lynn County,Water,"$2,804 ",$4 ,0%,
2019,Lynn County,Fire,"$9,229 ",$12 ,0%,
2019,Lynn County,Other,"$30,298 ",$38 ,0%,
2019,Lynn County,Wind,"$1,469,794 ","$1,849 ",0%,
2019,Lynn County,Total Paid Loss,"$1,512,125 ","$1,902 ",0%,795
2019,Madison County,Other,"$21,047 ",$19 ,0%,
2019,Madison County,Fire,"$68,455 ",$62 ,0%,
2019,Madison County,Water,"$80,910 ",$73 ,0%,
2019,Madison County,Wind,"$796,306 ",$717 ,0%,
2019,Madison County,Total Paid Loss,"$966,718 ",$870 ,0%,"1,111"
2019,Marion County,Water,"$270,241 ",$139 ,0%,
2019,Marion County,Other,"$334,961 ",$173 ,0%,
2019,Marion County,Wind,"$622,480 ",$321 ,0%,
2019,Marion County,Fire,"$1,063,644 ",$549 ,0%,
2019,Marion County,Total Paid Loss,"$2,291,326 ","$1,182 ",0%,"1,938"
2019,Martin County,Water,"$7,368 ",$11 ,0%,
2019,Martin County,Other,"$23,141 ",$35 ,0%,
2019,Martin County,Fire,"$217,206 ",$328 ,0%,
2019,Martin County,Wind,"$363,313 ",$548 ,0%,
2019,Martin County,Total Paid Loss,"$611,028 ",$922 ,0%,663
2019,Mason County,Fire,$0 ,$0 ,0%,
2019,Mason County,Other,"$19,692 ",$41 ,0%,
2019,Mason County,Water,"$40,929 ",$85 ,0%,
2019,Mason County,Wind,"$112,726 ",$234 ,0%,
2019,Mason County,Total Paid Loss,"$173,347 ",$360 ,0%,482
2019,Matagorda County,Other,"$148,306 ",$24 ,0%,
2019,Matagorda County,Wind,"$392,575 ",$62 ,0%,
2019,Matagorda County,Fire,"$561,579 ",$89 ,0%,
2019,Matagorda County,Water,"$657,699 ",$104 ,0%,
2019,Matagorda County,Total Paid Loss,"$1,760,159 ",$279 ,0%,"6,298"
2019,Maverick County,Other,"$102,141 ",$20 ,0%,
2019,Maverick County,Fire,"$264,759 ",$53 ,0%,
2019,Maverick County,Water,"$404,039 ",$80 ,0%,
2019,Maverick County,Wind,"$2,827,465 ",$562 ,0%,
2019,Maverick County,Total Paid Loss,"$3,598,404 ",$715 ,0%,"5,035"
2019,McCulloch County,Other,"$3,114 ",$3 ,0%,
2019,McCulloch County,Water,"$23,425 ",$24 ,0%,
2019,McCulloch County,Fire,"$183,672 ",$191 ,0%,
2019,McCulloch County,Wind,"$338,489 ",$352 ,0%,
2019,McCulloch County,Total Paid Loss,"$548,700 ",$571 ,0%,961
2019,McLennan County,Other,"$1,059,915 ",$26 ,0%,
2019,McLennan County,Water,"$4,921,210 ",$119 ,0%,
2019,McLennan County,Fire,"$6,475,785 ",$157 ,0%,
2019,McLennan County,Wind,"$12,471,316 ",$303 ,0%,
2019,McLennan County,Total Paid Loss,"$24,928,226 ",$605 ,0%,"41,207"
2019,McMullen County,Fire,$0 ,$0 ,0%,
2019,McMullen County,Water,$0 ,$0 ,0%,
2019,McMullen County,Wind,$0 ,$0 ,0%,
2019,McMullen County,Other,$354 ,$6 ,0%,
2019,McMullen County,Total Paid Loss,$354 ,$6 ,0%,57
2019,Medina County,Other,"$607,832 ",$93 ,0%,
2019,Medina County,Water,"$637,820 ",$98 ,0%,
2019,Medina County,Fire,"$961,293 ",$148 ,0%,
2019,Medina County,Wind,"$2,251,110 ",$346 ,0%,
2019,Medina County,Total Paid Loss,"$4,458,055 ",$686 ,0%,"6,501"
2019,Menard County,Fire,$0 ,$0 ,0%,
2019,Menard County,Other,$0 ,$0 ,0%,
2019,Menard County,Water,$539 ,$3 ,0%,
2019,Menard County,Wind,"$40,017 ",$253 ,0%,
2019,Menard County,Total Paid Loss,"$40,556 ",$257 ,0%,158
2019,Midland County,Other,"$1,241,877 ",$39 ,0%,
2019,Midland County,Water,"$2,967,011 ",$93 ,0%,
2019,Midland County,Fire,"$5,165,833 ",$163 ,0%,
2019,Midland County,Wind,"$144,544,368 ","$4,553 ",0%,
2019,Midland County,Total Paid Loss,"$153,919,089 ","$4,848 ",0%,"31,746"
2019,Milam County,Other,"$125,101 ",$51 ,0%,
2019,Milam County,Water,"$211,667 ",$87 ,0%,
2019,Milam County,Fire,"$390,499 ",$161 ,0%,
2019,Milam County,Wind,"$1,588,086 ",$653 ,0%,
2019,Milam County,Total Paid Loss,"$2,315,353 ",$952 ,0%,"2,432"
2019,Mills County,Fire,"$1,569 ",$4 ,0%,
2019,Mills County,Other,"$2,600 ",$6 ,0%,
2019,Mills County,Water,"$42,832 ",$103 ,0%,
2019,Mills County,Wind,"$379,622 ",$913 ,0%,
2019,Mills County,Total Paid Loss,"$426,623 ","$1,026 ",0%,416
2019,Mitchell County,Water,$0 ,$0 ,0%,
2019,Mitchell County,Other,"$22,453 ",$34 ,0%,
2019,Mitchell County,Fire,"$32,148 ",$49 ,0%,
2019,Mitchell County,Wind,"$205,629 ",$316 ,0%,
2019,Mitchell County,Total Paid Loss,"$260,230 ",$400 ,0%,651
2019,Montague County,Other,"$61,130 ",$17 ,0%,
2019,Montague County,Water,"$248,283 ",$70 ,0%,
2019,Montague County,Fire,"$379,050 ",$106 ,0%,
2019,Montague County,Wind,"$1,158,476 ",$325 ,0%,
2019,Montague County,Total Paid Loss,"$1,846,939 ",$518 ,0%,"3,565"
2019,Montgomery County,Other,"$8,478,560 ",$64 ,0%,
2019,Montgomery County,Fire,"$20,968,736 ",$159 ,0%,
2019,Montgomery County,Water,"$24,601,238 ",$186 ,0%,
2019,Montgomery County,Wind,"$36,609,622 ",$277 ,0%,
2019,Montgomery County,Total Paid Loss,"$90,658,156 ",$686 ,0%,"132,205"
2019,Moore County,Other,"$34,249 ",$12 ,0%,
2019,Moore County,Water,"$141,517 ",$48 ,0%,
2019,Moore County,Fire,"$161,937 ",$54 ,0%,
2019,Moore County,Wind,"$1,458,862 ",$491 ,0%,
2019,Moore County,Total Paid Loss,"$1,796,565 ",$604 ,0%,"2,972"
2019,Morris County,Other,"$70,318 ",$35 ,0%,
2019,Morris County,Water,"$289,338 ",$143 ,0%,
2019,Morris County,Wind,"$889,623 ",$440 ,0%,
2019,Morris County,Fire,"$990,481 ",$490 ,0%,
2019,Morris County,Total Paid Loss,"$2,239,760 ","$1,108 ",0%,"2,022"
2019,Motley County,Fire,$0 ,$0 ,0%,
2019,Motley County,Other,$0 ,$0 ,0%,
2019,Motley County,Water,$0 ,$0 ,0%,
2019,Motley County,Total Paid Loss,"$108,311 ",$840 ,0%,129
2019,Motley County,Wind,"$108,311 ",$840 ,0%,
2019,Nacogdoches County,Water,"$877,684 ",$95 ,0%,
2019,Nacogdoches County,Other,"$886,453 ",$95 ,0%,
2019,Nacogdoches County,Fire,"$1,001,218 ",$108 ,0%,
2019,Nacogdoches County,Wind,"$3,564,899 ",$384 ,0%,
2019,Nacogdoches County,Total Paid Loss,"$6,330,254 ",$682 ,0%,"9,284"
2019,Navarro County,Water,"$443,121 ",$72 ,0%,
2019,Navarro County,Other,"$462,277 ",$75 ,0%,
2019,Navarro County,Fire,"$1,619,002 ",$264 ,0%,
2019,Navarro County,Wind,"$2,864,742 ",$468 ,0%,
2019,Navarro County,Total Paid Loss,"$5,389,142 ",$880 ,0%,"6,127"
2019,Newton County,Other,"$22,658 ",$16 ,0%,
2019,Newton County,Wind,"$106,196 ",$74 ,0%,
2019,Newton County,Water,"$184,151 ",$129 ,0%,
2019,Newton County,Fire,"$827,086 ",$577 ,0%,
2019,Newton County,Total Paid Loss,"$1,140,091 ",$796 ,0%,"1,433"
2019,Nolan County,Other,"$51,640 ",$25 ,0%,
2019,Nolan County,Fire,"$185,690 ",$91 ,0%,
2019,Nolan County,Water,"$193,260 ",$95 ,0%,
2019,Nolan County,Wind,"$2,989,171 ","$1,465 ",0%,
2019,Nolan County,Total Paid Loss,"$3,419,761 ","$1,676 ",0%,"2,041"
2019,Nueces County,Other,"$1,348,104 ",$23 ,0%,
2019,Nueces County,Fire,"$3,673,491 ",$63 ,0%,
2019,Nueces County,Water,"$4,808,914 ",$83 ,0%,
2019,Nueces County,Wind,"$10,613,120 ",$183 ,0%,
2019,Nueces County,Total Paid Loss,"$20,443,629 ",$353 ,0%,"57,906"
2019,Ochiltree County,Other,"$27,208 ",$22 ,0%,
2019,Ochiltree County,Fire,"$41,349 ",$34 ,0%,
2019,Ochiltree County,Water,"$187,749 ",$154 ,0%,
2019,Ochiltree County,Wind,"$740,177 ",$605 ,0%,
2019,Ochiltree County,Total Paid Loss,"$996,483 ",$815 ,0%,"1,223"
2019,Oldham County,Other,$0 ,$0 ,0%,
2019,Oldham County,Fire,"$5,061 ",$20 ,0%,
2019,Oldham County,Water,"$14,228 ",$56 ,0%,
2019,Oldham County,Wind,"$1,001,869 ","$3,976 ",0%,
2019,Oldham County,Total Paid Loss,"$1,021,158 ","$4,052 ",0%,252
2019,Orange County,Wind,"$1,636,933 ",$100 ,0%,
2019,Orange County,Other,"$1,785,532 ",$109 ,0%,
2019,Orange County,Water,"$1,883,508 ",$115 ,0%,
2019,Orange County,Fire,"$5,582,969 ",$342 ,0%,
2019,Orange County,Total Paid Loss,"$10,888,942 ",$667 ,0%,"16,316"
2019,Palo Pinto County,Other,"$98,240 ",$17 ,0%,
2019,Palo Pinto County,Water,"$826,271 ",$145 ,0%,
2019,Palo Pinto County,Fire,"$1,841,035 ",$322 ,0%,
2019,Palo Pinto County,Wind,"$1,945,089 ",$340 ,0%,
2019,Palo Pinto County,Total Paid Loss,"$4,710,635 ",$824 ,0%,"5,718"
2019,Panola County,Other,"$396,071 ",$101 ,0%,
2019,Panola County,Water,"$472,700 ",$121 ,0%,
2019,Panola County,Fire,"$970,661 ",$249 ,0%,
2019,Panola County,Wind,"$2,587,812 ",$663 ,0%,
2019,Panola County,Total Paid Loss,"$4,427,244 ","$1,133 ",0%,"3,906"
2019,Parker County,Other,"$1,297,867 ",$44 ,0%,
2019,Parker County,Water,"$3,744,651 ",$127 ,0%,
2019,Parker County,Fire,"$3,946,114 ",$134 ,0%,
2019,Parker County,Wind,"$33,808,855 ","$1,145 ",0%,
2019,Parker County,Total Paid Loss,"$42,797,487 ","$1,450 ",0%,"29,515"
2019,Parmer County,Other,"$4,462 ",$5 ,0%,
2019,Parmer County,Fire,"$21,058 ",$24 ,0%,
2019,Parmer County,Water,"$29,954 ",$35 ,0%,
2019,Parmer County,Wind,"$4,250,943 ","$4,926 ",0%,
2019,Parmer County,Total Paid Loss,"$4,306,417 ","$4,990 ",0%,863
2019,Pecos County,Other,"$46,262 ",$29 ,0%,
2019,Pecos County,Water,"$105,228 ",$66 ,0%,
2019,Pecos County,Fire,"$153,845 ",$96 ,0%,
2019,Pecos County,Wind,"$624,361 ",$391 ,0%,
2019,Pecos County,Total Paid Loss,"$929,696 ",$583 ,0%,"1,595"
2019,Polk County,Other,"$439,537 ",$53 ,0%,
2019,Polk County,Water,"$896,612 ",$108 ,0%,
2019,Polk County,Fire,"$2,747,542 ",$331 ,0%,
2019,Polk County,Wind,"$4,045,566 ",$488 ,0%,
2019,Polk County,Total Paid Loss,"$8,129,257 ",$981 ,0%,"8,290"
2019,Potter County,Other,"$1,032,477 ",$55 ,0%,
2019,Potter County,Fire,"$1,584,316 ",$85 ,0%,
2019,Potter County,Water,"$1,664,992 ",$89 ,0%,
2019,Potter County,Wind,"$19,331,257 ","$1,035 ",0%,
2019,Potter County,Total Paid Loss,"$23,613,042 ","$1,265 ",0%,"18,671"
2019,Presidio County,Fire,$200 ,$0 ,0%,
2019,Presidio County,Other,"$2,608 ",$4 ,0%,
2019,Presidio County,Water,"$35,571 ",$56 ,0%,
2019,Presidio County,Wind,"$162,674 ",$257 ,0%,
2019,Presidio County,Total Paid Loss,"$201,053 ",$318 ,0%,632
2019,Rains County,Other,"$48,091 ",$24 ,0%,
2019,Rains County,Water,"$237,478 ",$120 ,0%,
2019,Rains County,Fire,"$246,387 ",$125 ,0%,
2019,Rains County,Wind,"$1,181,821 ",$599 ,0%,
2019,Rains County,Total Paid Loss,"$1,713,777 ",$869 ,0%,"1,973"
2019,Randall County,Other,"$1,324,345 ",$38 ,0%,
2019,Randall County,Fire,"$3,164,388 ",$90 ,0%,
2019,Randall County,Water,"$3,714,116 ",$106 ,0%,
2019,Randall County,Wind,"$87,308,298 ","$2,483 ",0%,
2019,Randall County,Total Paid Loss,"$95,511,147 ","$2,716 ",0%,"35,163"
2019,Reagan County,Fire,$0 ,$0 ,0%,
2019,Reagan County,Other,$0 ,$0 ,0%,
2019,Reagan County,Water,"$25,635 ",$79 ,0%,
2019,Reagan County,Wind,"$241,689 ",$748 ,0%,
2019,Reagan County,Total Paid Loss,"$267,324 ",$828 ,0%,323
2019,Real County,Water,"$3,181 ",$5 ,0%,
2019,Real County,Other,"$3,182 ",$5 ,0%,
2019,Real County,Fire,"$4,232 ",$7 ,0%,
2019,Real County,Wind,"$456,004 ",$749 ,0%,
2019,Real County,Total Paid Loss,"$466,599 ",$766 ,0%,609
2019,Red River County,Other,"$18,593 ",$11 ,0%,
2019,Red River County,Water,"$125,810 ",$75 ,0%,
2019,Red River County,Wind,"$217,313 ",$129 ,0%,
2019,Red River County,Fire,"$305,758 ",$182 ,0%,
2019,Red River County,Total Paid Loss,"$667,474 ",$397 ,0%,"1,683"
2019,Reeves County,Water,"$12,309 ",$12 ,0%,
2019,Reeves County,Other,"$33,050 ",$31 ,0%,
2019,Reeves County,Wind,"$134,213 ",$126 ,0%,
2019,Reeves County,Fire,"$209,401 ",$197 ,0%,
2019,Reeves County,Total Paid Loss,"$388,973 ",$366 ,0%,"1,064"
2019,Refugio County,Other,"$9,097 ",$8 ,0%,
2019,Refugio County,Water,"$24,104 ",$21 ,0%,
2019,Refugio County,Fire,"$57,132 ",$50 ,0%,
2019,Refugio County,Wind,"$1,153,601 ","$1,009 ",0%,
2019,Refugio County,Total Paid Loss,"$1,243,934 ","$1,088 ",0%,"1,143"
2019,Roberts County,Fire,$0 ,$0 ,0%,
2019,Roberts County,Water,"$11,472 ",$110 ,0%,
2019,Roberts County,Other,"$110,400 ","$1,062 ",0%,
2019,Roberts County,Wind,"$243,652 ","$2,343 ",0%,
2019,Roberts County,Total Paid Loss,"$365,524 ","$3,515 ",0%,104
2019,Robertson County,Other,"$77,093 ",$38 ,0%,
2019,Robertson County,Water,"$156,584 ",$78 ,0%,
2019,Robertson County,Fire,"$202,863 ",$101 ,0%,
2019,Robertson County,Wind,"$4,616,558 ","$2,303 ",0%,
2019,Robertson County,Total Paid Loss,"$5,053,098 ","$2,520 ",0%,"2,005"
2019,Rockwall County,Other,"$737,203 ",$25 ,0%,
2019,Rockwall County,Fire,"$4,918,672 ",$168 ,0%,
2019,Rockwall County,Water,"$6,936,356 ",$237 ,0%,
2019,Rockwall County,Wind,"$27,128,543 ",$926 ,0%,
2019,Rockwall County,Total Paid Loss,"$39,720,774 ","$1,356 ",0%,"29,292"
2019,Runnels County,Other,"$8,421 ",$7 ,0%,
2019,Runnels County,Water,"$47,090 ",$40 ,0%,
2019,Runnels County,Fire,"$123,244 ",$104 ,0%,
2019,Runnels County,Wind,"$562,618 ",$476 ,0%,
2019,Runnels County,Total Paid Loss,"$741,373 ",$628 ,0%,"1,181"
2019,Rusk County,Other,"$292,860 ",$41 ,0%,
2019,Rusk County,Water,"$710,169 ",$99 ,0%,
2019,Rusk County,Fire,"$1,881,190 ",$263 ,0%,
2019,Rusk County,Wind,"$3,269,572 ",$457 ,0%,
2019,Rusk County,Total Paid Loss,"$6,153,791 ",$861 ,0%,"7,151"
2019,Sabine County,Water,"$110,493 ",$50 ,0%,
2019,Sabine County,Other,"$113,881 ",$51 ,0%,
2019,Sabine County,Fire,"$259,167 ",$117 ,0%,
2019,Sabine County,Wind,"$450,535 ",$203 ,0%,
2019,Sabine County,Total Paid Loss,"$934,076 ",$421 ,0%,"2,221"
2019,San Augustine County,Other,"$11,828 ",$10 ,0%,
2019,San Augustine County,Water,"$87,051 ",$73 ,0%,
2019,San Augustine County,Fire,"$116,723 ",$98 ,0%,
2019,San Augustine County,Wind,"$2,209,462 ","$1,847 ",0%,
2019,San Augustine County,Total Paid Loss,"$2,425,064 ","$2,028 ",0%,"1,196"
2019,San Jacinto County,Other,"$180,979 ",$32 ,0%,
2019,San Jacinto County,Fire,"$545,636 ",$98 ,0%,
2019,San Jacinto County,Water,"$631,157 ",$113 ,0%,
2019,San Jacinto County,Wind,"$669,732 ",$120 ,0%,
2019,San Jacinto County,Total Paid Loss,"$2,027,504 ",$363 ,0%,"5,589"
2019,San Patricio County,Other,"$361,422 ",$30 ,0%,
2019,San Patricio County,Water,"$716,503 ",$59 ,0%,
2019,San Patricio County,Fire,"$2,134,293 ",$177 ,0%,
2019,San Patricio County,Wind,"$6,633,835 ",$549 ,0%,
2019,San Patricio County,Total Paid Loss,"$9,846,053 ",$815 ,0%,"12,088"
2019,San Saba County,Water,$0 ,$0 ,0%,
2019,San Saba County,Fire,"$2,500 ",$5 ,0%,
2019,San Saba County,Other,"$9,032 ",$17 ,0%,
2019,San Saba County,Wind,"$46,636 ",$88 ,0%,
2019,San Saba County,Total Paid Loss,"$58,168 ",$110 ,0%,527
2019,Schleicher County,Water,"$1,268 ",$6 ,0%,
2019,Schleicher County,Other,"$5,511 ",$27 ,0%,
2019,Schleicher County,Fire,"$6,806 ",$33 ,0%,
2019,Schleicher County,Wind,"$52,631 ",$257 ,0%,
2019,Schleicher County,Total Paid Loss,"$66,216 ",$323 ,0%,205
2019,Scurry County,Other,"$58,051 ",$29 ,0%,
2019,Scurry County,Water,"$127,983 ",$64 ,0%,
2019,Scurry County,Fire,"$164,891 ",$82 ,0%,
2019,Scurry County,Wind,"$997,622 ",$499 ,0%,
2019,Scurry County,Total Paid Loss,"$1,348,547 ",$674 ,0%,"2,001"
2019,Shackelford County,Other,"$1,111 ",$2 ,0%,
2019,Shackelford County,Water,"$126,098 ",$228 ,0%,
2019,Shackelford County,Fire,"$183,306 ",$331 ,0%,
2019,Shackelford County,Wind,"$188,845 ",$341 ,0%,
2019,Shackelford County,Total Paid Loss,"$499,360 ",$903 ,0%,553
2019,Shelby County,Other,"$66,515 ",$23 ,0%,
2019,Shelby County,Water,"$113,493 ",$40 ,0%,
2019,Shelby County,Wind,"$578,190 ",$203 ,0%,
2019,Shelby County,Fire,"$3,089,932 ","$1,083 ",0%,
2019,Shelby County,Total Paid Loss,"$3,848,130 ","$1,349 ",0%,"2,852"
2019,Sherman County,Water,"$4,028 ",$11 ,0%,
2019,Sherman County,Other,"$11,166 ",$31 ,0%,
2019,Sherman County,Fire,"$14,196 ",$40 ,0%,
2019,Sherman County,Wind,"$5,544,501 ","$15,444 ",0%,
2019,Sherman County,Total Paid Loss,"$5,573,891 ","$15,526 ",0%,359
2019,Smith County,Other,"$2,503,867 ",$59 ,0%,
2019,Smith County,Water,"$6,520,674 ",$154 ,0%,
2019,Smith County,Fire,"$7,373,585 ",$174 ,0%,
2019,Smith County,Wind,"$28,202,999 ",$667 ,0%,
2019,Smith County,Total Paid Loss,"$44,601,125 ","$1,055 ",0%,"42,282"
2019,Somervell County,Other,"$15,033 ",$13 ,0%,
2019,Somervell County,Water,"$133,881 ",$118 ,0%,
2019,Somervell County,Fire,"$148,955 ",$131 ,0%,
2019,Somervell County,Wind,"$1,058,516 ",$930 ,0%,
2019,Somervell County,Total Paid Loss,"$1,356,385 ","$1,192 ",0%,"1,138"
2019,Starr County,Fire,"$103,944 ",$27 ,0%,
2019,Starr County,Other,"$165,720 ",$42 ,0%,
2019,Starr County,Water,"$490,796 ",$125 ,0%,
2019,Starr County,Wind,"$1,287,198 ",$329 ,0%,
2019,Starr County,Total Paid Loss,"$2,047,658 ",$523 ,0%,"3,918"
2019,Stephens County,Water,"$43,546 ",$35 ,0%,
2019,Stephens County,Other,"$166,541 ",$135 ,0%,
2019,Stephens County,Wind,"$351,078 ",$285 ,0%,
2019,Stephens County,Fire,"$357,057 ",$290 ,0%,
2019,Stephens County,Total Paid Loss,"$918,222 ",$745 ,0%,"1,232"
2019,Sterling County,Fire,$0 ,$0 ,0%,
2019,Sterling County,Other,$0 ,$0 ,0%,
2019,Sterling County,Water,$0 ,$0 ,0%,
2019,Sterling County,Total Paid Loss,"$89,741 ","$1,056 ",0%,85
2019,Sterling County,Wind,"$89,741 ","$1,056 ",0%,
2019,Stonewall County,Other,$0 ,$0 ,0%,
2019,Stonewall County,Water,"$5,000 ",$31 ,0%,
2019,Stonewall County,Wind,"$44,224 ",$271 ,0%,
2019,Stonewall County,Fire,"$109,493 ",$672 ,0%,
2019,Stonewall County,Total Paid Loss,"$158,717 ",$974 ,0%,163
2019,Sutton County,Fire,"$1,728 ",$4 ,0%,
2019,Sutton County,Other,"$23,133 ",$47 ,0%,
2019,Sutton County,Water,"$90,747 ",$184 ,0%,
2019,Sutton County,Wind,"$128,084 ",$260 ,0%,
2019,Sutton County,Total Paid Loss,"$243,692 ",$495 ,0%,492
2019,Swisher County,Water,"$6,814 ",$10 ,0%,
2019,Swisher County,Other,"$8,239 ",$12 ,0%,
2019,Swisher County,Fire,"$171,096 ",$249 ,0%,
2019,Swisher County,Wind,"$963,514 ","$1,402 ",0%,
2019,Swisher County,Total Paid Loss,"$1,149,663 ","$1,673 ",0%,687
2019,Tarrant County,Other,"$14,087,812 ",$35 ,0%,
2019,Tarrant County,Fire,"$56,136,200 ",$139 ,0%,
2019,Tarrant County,Water,"$75,810,328 ",$188 ,0%,
2019,Tarrant County,Wind,"$401,520,327 ",$996 ,0%,
2019,Tarrant County,Total Paid Loss,"$547,554,667 ","$1,358 ",0%,"403,303"
2019,Taylor County,Other,"$1,328,174 ",$52 ,0%,
2019,Taylor County,Fire,"$1,684,378 ",$66 ,0%,
2019,Taylor County,Water,"$2,163,632 ",$84 ,0%,
2019,Taylor County,Wind,"$11,210,707 ",$436 ,0%,
2019,Taylor County,Total Paid Loss,"$16,386,891 ",$637 ,0%,"25,715"
2019,Terrell County,Water,$0 ,$0 ,0%,
2019,Terrell County,Other,"$1,907 ",$15 ,0%,
2019,Terrell County,Fire,"$2,287 ",$18 ,0%,
2019,Terrell County,Wind,"$14,271 ",$113 ,0%,
2019,Terrell County,Total Paid Loss,"$18,465 ",$147 ,0%,126
2019,Terry County,Fire,"$11,260 ",$10 ,0%,
2019,Terry County,Other,"$19,932 ",$18 ,0%,
2019,Terry County,Water,"$99,217 ",$90 ,0%,
2019,Terry County,Wind,"$488,315 ",$445 ,0%,
2019,Terry County,Total Paid Loss,"$618,724 ",$564 ,0%,"1,097"
2019,Throckmorton County,Water,$0 ,$0 ,0%,
2019,Throckmorton County,Other,$353 ,$2 ,0%,
2019,Throckmorton County,Wind,"$72,998 ",$503 ,0%,
2019,Throckmorton County,Fire,"$128,278 ",$885 ,0%,
2019,Throckmorton County,Total Paid Loss,"$201,629 ","$1,391 ",0%,145
2019,Titus County,Other,"$274,519 ",$64 ,0%,
2019,Titus County,Water,"$406,805 ",$95 ,0%,
2019,Titus County,Fire,"$939,776 ",$220 ,0%,
2019,Titus County,Wind,"$1,657,124 ",$388 ,0%,
2019,Titus County,Total Paid Loss,"$3,278,224 ",$768 ,0%,"4,271"
2019,Tom Green County,Other,"$513,076 ",$25 ,0%,
2019,Tom Green County,Water,"$1,774,099 ",$86 ,0%,
2019,Tom Green County,Fire,"$2,364,146 ",$114 ,0%,
2019,Tom Green County,Wind,"$10,487,542 ",$508 ,0%,
2019,Tom Green County,Total Paid Loss,"$15,138,863 ",$733 ,0%,"20,653"
2019,Travis County,Other,"$10,855,489 ",$44 ,0%,
2019,Travis County,Fire,"$36,501,765 ",$149 ,0%,
2019,Travis County,Water,"$43,641,475 ",$178 ,0%,
2019,Travis County,Wind,"$47,386,276 ",$194 ,0%,
2019,Travis County,Total Paid Loss,"$138,385,005 ",$566 ,0%,"244,612"
2019,Trinity County,Other,"$129,539 ",$62 ,0%,
2019,Trinity County,Fire,"$158,242 ",$75 ,0%,
2019,Trinity County,Water,"$262,656 ",$125 ,0%,
2019,Trinity County,Wind,"$884,339 ",$420 ,0%,
2019,Trinity County,Total Paid Loss,"$1,434,776 ",$682 ,0%,"2,104"
2019,Tyler County,Other,"$66,787 ",$22 ,0%,
2019,Tyler County,Water,"$237,749 ",$77 ,0%,
2019,Tyler County,Wind,"$250,125 ",$81 ,0%,
2019,Tyler County,Fire,"$999,377 ",$323 ,0%,
2019,Tyler County,Total Paid Loss,"$1,554,038 ",$503 ,0%,"3,090"
2019,Upshur County,Other,"$252,186 ",$40 ,0%,
2019,Upshur County,Water,"$380,373 ",$60 ,0%,
2019,Upshur County,Fire,"$1,609,167 ",$253 ,0%,
2019,Upshur County,Wind,"$5,432,901 ",$855 ,0%,
2019,Upshur County,Total Paid Loss,"$7,674,627 ","$1,208 ",0%,"6,351"
2019,Upton County,Other,"$3,841 ",$11 ,0%,
2019,Upton County,Water,"$51,742 ",$152 ,0%,
2019,Upton County,Fire,"$240,169 ",$706 ,0%,
2019,Upton County,Wind,"$735,100 ","$2,162 ",0%,
2019,Upton County,Total Paid Loss,"$1,030,852 ","$3,032 ",0%,340
2019,Uvalde County,Other,"$105,008 ",$31 ,0%,
2019,Uvalde County,Fire,"$105,828 ",$31 ,0%,
2019,Uvalde County,Wind,"$407,845 ",$120 ,0%,
2019,Uvalde County,Water,"$492,517 ",$144 ,0%,
2019,Uvalde County,Total Paid Loss,"$1,111,198 ",$326 ,0%,"3,411"
2019,Val Verde County,Fire,"$357,462 ",$55 ,0%,
2019,Val Verde County,Water,"$405,157 ",$63 ,0%,
2019,Val Verde County,Other,"$511,717 ",$79 ,0%,
2019,Val Verde County,Wind,"$1,099,816 ",$170 ,0%,
2019,Val Verde County,Total Paid Loss,"$2,374,152 ",$367 ,0%,"6,468"
2019,Van Zandt County,Other,"$204,496 ",$24 ,0%,
2019,Van Zandt County,Water,"$909,980 ",$105 ,0%,
2019,Van Zandt County,Fire,"$2,829,357 ",$328 ,0%,
2019,Van Zandt County,Wind,"$6,193,834 ",$718 ,0%,
2019,Van Zandt County,Total Paid Loss,"$10,137,667 ","$1,175 ",0%,"8,626"
2019,Victoria County,Water,"$745,115 ",$57 ,0%,
2019,Victoria County,Other,"$771,253 ",$59 ,0%,
2019,Victoria County,Fire,"$1,680,398 ",$129 ,0%,
2019,Victoria County,Wind,"$2,452,682 ",$188 ,0%,
2019,Victoria County,Total Paid Loss,"$5,649,448 ",$433 ,0%,"13,049"
2019,Walker County,Other,"$136,277 ",$17 ,0%,
2019,Walker County,Water,"$802,657 ",$100 ,0%,
2019,Walker County,Wind,"$1,204,354 ",$150 ,0%,
2019,Walker County,Fire,"$2,793,032 ",$348 ,0%,
2019,Walker County,Total Paid Loss,"$4,936,320 ",$615 ,0%,"8,022"
2019,Waller County,Other,"$174,921 ",$30 ,0%,
2019,Waller County,Wind,"$648,164 ",$113 ,0%,
2019,Waller County,Water,"$712,766 ",$124 ,0%,
2019,Waller County,Fire,"$1,031,256 ",$180 ,0%,
2019,Waller County,Total Paid Loss,"$2,567,107 ",$448 ,0%,"5,736"
2019,Ward County,Other,"$17,102 ",$11 ,0%,
2019,Ward County,Water,"$91,781 ",$61 ,0%,
2019,Ward County,Fire,"$94,861 ",$63 ,0%,
2019,Ward County,Wind,"$355,532 ",$237 ,0%,
2019,Ward County,Total Paid Loss,"$559,276 ",$373 ,0%,"1,501"
2019,Washington County,Other,"$144,724 ",$28 ,0%,
2019,Washington County,Wind,"$543,096 ",$105 ,0%,
2019,Washington County,Water,"$716,330 ",$139 ,0%,
2019,Washington County,Fire,"$835,487 ",$162 ,0%,
2019,Washington County,Total Paid Loss,"$2,239,637 ",$435 ,0%,"5,152"
2019,Webb County,Other,"$708,895 ",$23 ,0%,
2019,Webb County,Fire,"$1,525,582 ",$50 ,0%,
2019,Webb County,Water,"$3,736,253 ",$122 ,0%,
2019,Webb County,Wind,"$9,824,910 ",$322 ,0%,
2019,Webb County,Total Paid Loss,"$15,795,640 ",$518 ,0%,"30,521"
2019,Wharton County,Other,"$79,904 ",$21 ,0%,
2019,Wharton County,Water,"$198,085 ",$52 ,0%,
2019,Wharton County,Wind,"$491,238 ",$129 ,0%,
2019,Wharton County,Fire,"$1,272,868 ",$334 ,0%,
2019,Wharton County,Total Paid Loss,"$2,042,095 ",$536 ,0%,"3,807"
2019,Wheeler County,Water,"$3,528 ",$7 ,0%,
2019,Wheeler County,Other,"$16,282 ",$32 ,0%,
2019,Wheeler County,Fire,"$90,224 ",$178 ,0%,
2019,Wheeler County,Wind,"$234,052 ",$463 ,0%,
2019,Wheeler County,Total Paid Loss,"$344,086 ",$680 ,0%,506
2019,Wichita County,Other,"$691,842 ",$28 ,0%,
2019,Wichita County,Fire,"$2,649,214 ",$108 ,0%,
2019,Wichita County,Water,"$3,026,891 ",$124 ,0%,
2019,Wichita County,Wind,"$11,598,841 ",$473 ,0%,
2019,Wichita County,Total Paid Loss,"$17,966,788 ",$733 ,0%,"24,503"
2019,Wilbarger County,Fire,"$42,758 ",$30 ,0%,
2019,Wilbarger County,Other,"$49,489 ",$35 ,0%,
2019,Wilbarger County,Water,"$100,761 ",$72 ,0%,
2019,Wilbarger County,Wind,"$481,527 ",$343 ,0%,
2019,Wilbarger County,Total Paid Loss,"$674,535 ",$481 ,0%,"1,402"
2019,Willacy County,Other,"$52,936 ",$37 ,0%,
2019,Willacy County,Water,"$104,145 ",$72 ,0%,
2019,Willacy County,Wind,"$328,186 ",$228 ,0%,
2019,Willacy County,Fire,"$636,968 ",$443 ,0%,
2019,Willacy County,Total Paid Loss,"$1,122,235 ",$780 ,0%,"1,438"
2019,Williamson County,Other,"$3,491,243 ",$28 ,0%,
2019,Williamson County,Fire,"$9,947,353 ",$80 ,0%,
2019,Williamson County,Water,"$19,116,064 ",$153 ,0%,
2019,Williamson County,Wind,"$46,565,298 ",$374 ,0%,
2019,Williamson County,Total Paid Loss,"$79,119,958 ",$635 ,0%,"124,624"
2019,Wilson County,Other,"$224,159 ",$31 ,0%,
2019,Wilson County,Water,"$862,507 ",$119 ,0%,
2019,Wilson County,Wind,"$1,034,989 ",$143 ,0%,
2019,Wilson County,Fire,"$1,860,985 ",$258 ,0%,
2019,Wilson County,Total Paid Loss,"$3,982,640 ",$552 ,0%,"7,221"
2019,Winkler County,Fire,$994 ,$1 ,0%,
2019,Winkler County,Other,"$10,199 ",$11 ,0%,
2019,Winkler County,Water,"$37,776 ",$40 ,0%,
2019,Winkler County,Wind,"$722,186 ",$760 ,0%,
2019,Winkler County,Total Paid Loss,"$771,155 ",$812 ,0%,950
2019,Wise County,Other,"$372,972 ",$32 ,0%,
2019,Wise County,Water,"$1,379,367 ",$120 ,0%,
2019,Wise County,Fire,"$2,668,880 ",$232 ,0%,
2019,Wise County,Wind,"$12,019,602 ","$1,044 ",0%,
2019,Wise County,Total Paid Loss,"$16,440,821 ","$1,428 ",0%,"11,513"
2019,Wood County,Other,"$230,155 ",$24 ,0%,
2019,Wood County,Fire,"$685,299 ",$70 ,0%,
2019,Wood County,Water,"$1,300,614 ",$134 ,0%,
2019,Wood County,Wind,"$8,662,686 ",$891 ,0%,
2019,Wood County,Total Paid Loss,"$10,878,754 ","$1,119 ",0%,"9,725"
2019,Yoakum County,Other,"$17,967 ",$18 ,0%,
2019,Yoakum County,Fire,"$37,795 ",$38 ,0%,
2019,Yoakum County,Water,"$40,832 ",$41 ,0%,
2019,Yoakum County,Wind,"$282,290 ",$286 ,0%,
2019,Yoakum County,Total Paid Loss,"$378,884 ",$384 ,0%,987
2019,Young County,Other,"$28,415 ",$8 ,0%,
2019,Young County,Water,"$206,748 ",$61 ,0%,
2019,Young County,Fire,"$405,831 ",$119 ,0%,
2019,Young County,Wind,"$739,350 ",$218 ,0%,
2019,Young County,Total Paid Loss,"$1,380,344 ",$406 ,0%,"3,397"
2019,Zapata County,Other,"$16,161 ",$13 ,0%,
2019,Zapata County,Fire,"$110,466 ",$92 ,0%,
2019,Zapata County,Water,"$164,109 ",$137 ,0%,
2019,Zapata County,Wind,"$226,802 ",$189 ,0%,
2019,Zapata County,Total Paid Loss,"$517,538 ",$432 ,0%,"1,198"
2019,Zavala County,Fire,"$2,137 ",$3 ,0%,
2019,Zavala County,Other,"$19,466 ",$25 ,0%,
2019,Zavala County,Water,"$30,420 ",$39 ,0%,
2019,Zavala County,Wind,"$229,272 ",$292 ,0%,
2019,Zavala County,Total Paid Loss,"$281,295 ",$358 ,0%,786
2020,Anderson County,Other,"$473,914 ",$63 ,112%,
2020,Anderson County,Water,"$787,604 ",$105 ,15%,
2020,Anderson County,Fire,"$3,096,267 ",$414 ,93%,
2020,Anderson County,Wind,"$6,058,948 ",$809 ,28%,
2020,Anderson County,Total Paid Loss,"$10,416,733 ","$1,391 ",44%,"7,486"
2020,Andrews County,Fire,"$11,406 ",$5 ,-20%,
2020,Andrews County,Other,"$31,294 ",$13 ,20%,
2020,Andrews County,Water,"$263,599 ",$106 ,84%,
2020,Andrews County,Wind,"$664,025 ",$268 ,-90%,
2020,Andrews County,Total Paid Loss,"$970,324 ",$392 ,-86%,"2,477"
2020,Angelina County,Other,"$887,014 ",$62 ,87%,
2020,Angelina County,Water,"$1,083,071 ",$76 ,-9%,
2020,Angelina County,Fire,"$2,093,367 ",$146 ,-20%,
2020,Angelina County,Wind,"$2,165,524 ",$151 ,-48%,
2020,Angelina County,Total Paid Loss,"$6,228,976 ",$435 ,-26%,"14,328"
2020,Aransas County,Other,"$388,320 ",$59 ,364%,
2020,Aransas County,Water,"$612,547 ",$94 ,39%,
2020,Aransas County,Fire,"$678,501 ",$104 ,-67%,
2020,Aransas County,Wind,"$5,573,080 ",$853 ,-66%,
2020,Aransas County,Total Paid Loss,"$7,252,448 ","$1,110 ",-62%,"6,535"
2020,Archer County,Other,"$38,108 ",$42 ,774%,
2020,Archer County,Water,"$241,854 ",$268 ,63%,
2020,Archer County,Wind,"$988,764 ","$1,094 ",60%,
2020,Archer County,Fire,"$1,014,424 ","$1,122 ",2856%,
2020,Archer County,Total Paid Loss,"$2,283,150 ","$2,526 ",183%,904
2020,Armstrong County,Fire,$0 ,$0 ,-100%,
2020,Armstrong County,Water,"$32,025 ",$90 ,50%,
2020,Armstrong County,Other,"$36,211 ",$102 ,-66%,
2020,Armstrong County,Wind,"$186,022 ",$525 ,-64%,
2020,Armstrong County,Total Paid Loss,"$254,258 ",$718 ,-63%,354
2020,Atascosa County,Other,"$200,697 ",$34 ,-25%,
2020,Atascosa County,Fire,"$379,237 ",$64 ,-6%,
2020,Atascosa County,Water,"$751,383 ",$126 ,63%,
2020,Atascosa County,Wind,"$986,815 ",$166 ,-8%,
2020,Atascosa County,Total Paid Loss,"$2,318,132 ",$390 ,6%,"5,943"
2020,Austin County,Other,"$124,673 ",$29 ,20%,
2020,Austin County,Water,"$484,887 ",$111 ,34%,
2020,Austin County,Wind,"$566,300 ",$130 ,-54%,
2020,Austin County,Fire,"$581,705 ",$133 ,172%,
2020,Austin County,Total Paid Loss,"$1,757,565 ",$403 ,-9%,"4,360"
2020,Bailey County,Fire,"$3,100 ",$5 ,0%,
2020,Bailey County,Other,"$21,597 ",$32 ,-35%,
2020,Bailey County,Water,"$51,976 ",$76 ,209%,
2020,Bailey County,Wind,"$68,479 ",$100 ,-79%,
2020,Bailey County,Total Paid Loss,"$145,152 ",$212 ,-62%,684
2020,Bandera County,Fire,"$144,531 ",$32 ,-74%,
2020,Bandera County,Other,"$160,597 ",$36 ,4%,
2020,Bandera County,Water,"$223,213 ",$50 ,-46%,
2020,Bandera County,Wind,"$3,472,341 ",$773 ,433%,
2020,Bandera County,Total Paid Loss,"$4,000,682 ",$890 ,126%,"4,493"
2020,Bastrop County,Other,"$465,581 ",$31 ,20%,
2020,Bastrop County,Water,"$1,139,659 ",$76 ,-39%,
2020,Bastrop County,Fire,"$2,724,265 ",$182 ,-15%,
2020,Bastrop County,Wind,"$3,196,633 ",$213 ,-53%,
2020,Bastrop County,Total Paid Loss,"$7,526,138 ",$501 ,-39%,"15,008"
2020,Baylor County,Other,"$2,275 ",$5 ,-97%,
2020,Baylor County,Fire,"$12,313 ",$25 ,58%,
2020,Baylor County,Water,"$34,476 ",$69 ,-21%,
2020,Baylor County,Wind,"$1,071,300 ","$2,147 ",572%,
2020,Baylor County,Total Paid Loss,"$1,120,364 ","$2,245 ",285%,499
2020,Bee County,Fire,"$7,228 ",$3 ,-97%,
2020,Bee County,Water,"$73,072 ",$33 ,-26%,
2020,Bee County,Other,"$119,720 ",$55 ,-42%,
2020,Bee County,Wind,"$190,752 ",$87 ,-68%,
2020,Bee County,Total Paid Loss,"$390,772 ",$179 ,-67%,"2,187"
2020,Bell County,Other,"$1,890,517 ",$28 ,-42%,
2020,Bell County,Fire,"$6,050,426 ",$89 ,6%,
2020,Bell County,Water,"$6,063,749 ",$90 ,10%,
2020,Bell County,Wind,"$12,924,789 ",$191 ,36%,
2020,Bell County,Total Paid Loss,"$26,929,481 ",$398 ,12%,"67,657"
2020,Bexar County,Other,"$18,392,408 ",$48 ,1%,
2020,Bexar County,Fire,"$35,930,401 ",$93 ,-12%,
2020,Bexar County,Water,"$72,934,484 ",$189 ,-4%,
2020,Bexar County,Wind,"$310,419,509 ",$804 ,10%,
2020,Bexar County,Total Paid Loss,"$437,676,802 ","$1,134 ",5%,"385,956"
2020,Blanco County,Other,"$8,195 ",$4 ,-95%,
2020,Blanco County,Water,"$94,118 ",$41 ,-50%,
2020,Blanco County,Fire,"$557,617 ",$245 ,15625%,
2020,Blanco County,Wind,"$2,009,073 ",$881 ,1981%,
2020,Blanco County,Total Paid Loss,"$2,669,003 ","$1,171 ",494%,"2,280"
2020,Borden County,Other,$0 ,$0 ,0%,
2020,Borden County,Fire,$510 ,$18 ,-95%,
2020,Borden County,Water,$714 ,$26 ,0%,
2020,Borden County,Wind,"$39,489 ","$1,410 ",0%,
2020,Borden County,Total Paid Loss,"$40,713 ","$1,454 ",322%,28
2020,Bosque County,Other,"$59,160 ",$16 ,-121%,
2020,Bosque County,Water,"$401,610 ",$112 ,-15%,
2020,Bosque County,Wind,"$2,351,439 ",$655 ,83%,
2020,Bosque County,Fire,"$12,899,154 ","$3,591 ",2365%,
2020,Bosque County,Total Paid Loss,"$15,711,363 ","$4,374 ",684%,"3,592"
2020,Bowie County,Other,"$298,291 ",$18 ,-44%,
2020,Bowie County,Water,"$1,283,806 ",$78 ,12%,
2020,Bowie County,Fire,"$2,818,603 ",$170 ,-34%,
2020,Bowie County,Wind,"$5,072,207 ",$307 ,-4%,
2020,Bowie County,Total Paid Loss,"$9,472,907 ",$573 ,-16%,"16,540"
2020,Brazoria County,Other,"$3,197,380 ",$38 ,-3%,
2020,Brazoria County,Wind,"$7,312,142 ",$87 ,0%,
2020,Brazoria County,Water,"$9,566,449 ",$114 ,-12%,
2020,Brazoria County,Fire,"$11,544,220 ",$137 ,38%,
2020,Brazoria County,Total Paid Loss,"$31,620,191 ",$377 ,6%,"83,962"
2020,Brazos County,Other,"$1,298,897 ",$41 ,9%,
2020,Brazos County,Fire,"$1,457,719 ",$46 ,-47%,
2020,Brazos County,Water,"$4,020,927 ",$128 ,-20%,
2020,Brazos County,Wind,"$38,928,151 ","$1,238 ",143%,
2020,Brazos County,Total Paid Loss,"$45,705,694 ","$1,454 ",83%,"31,436"
2020,Brewster County,Other,"$46,044 ",$27 ,314%,
2020,Brewster County,Fire,"$64,634 ",$37 ,-78%,
2020,Brewster County,Water,"$76,309 ",$44 ,-24%,
2020,Brewster County,Wind,"$285,563 ",$166 ,-66%,
2020,Brewster County,Total Paid Loss,"$472,550 ",$274 ,-62%,"1,724"
2020,Briscoe County,Fire,"$2,260 ",$11 ,-99%,
2020,Briscoe County,Water,"$4,839 ",$24 ,-70%,
2020,Briscoe County,Other,"$6,586 ",$33 ,-69%,
2020,Briscoe County,Wind,"$2,308,405 ","$11,485 ",1570%,
2020,Briscoe County,Total Paid Loss,"$2,322,090 ","$11,553 ",570%,201
2020,Brooks County,Other,$420 ,$1 ,-99%,
2020,Brooks County,Water,"$2,102 ",$4 ,-86%,
2020,Brooks County,Fire,"$12,576 ",$24 ,-88%,
2020,Brooks County,Wind,"$198,550 ",$377 ,712%,
2020,Brooks County,Total Paid Loss,"$213,648 ",$405 ,24%,527
2020,Brown County,Other,"$205,052 ",$37 ,-47%,
2020,Brown County,Water,"$384,410 ",$69 ,-45%,
2020,Brown County,Fire,"$788,296 ",$142 ,222%,
2020,Brown County,Wind,"$1,383,847 ",$249 ,15%,
2020,Brown County,Total Paid Loss,"$2,761,605 ",$497 ,9%,"5,557"
2020,Burleson County,Other,"$49,406 ",$22 ,-85%,
2020,Burleson County,Water,"$104,470 ",$47 ,53%,
2020,Burleson County,Wind,"$692,923 ",$313 ,43%,
2020,Burleson County,Fire,"$951,655 ",$430 ,152%,
2020,Burleson County,Total Paid Loss,"$1,798,454 ",$813 ,44%,"2,211"
2020,Burnet County,Other,"$235,477 ",$25 ,-59%,
2020,Burnet County,Water,"$1,081,645 ",$114 ,3%,
2020,Burnet County,Wind,"$1,897,867 ",$200 ,-1%,
2020,Burnet County,Fire,"$2,782,601 ",$293 ,89%,
2020,Burnet County,Total Paid Loss,"$5,997,590 ",$632 ,20%,"9,497"
2020,Caldwell County,Fire,"$91,449 ",$19 ,2%,
2020,Caldwell County,Other,"$122,980 ",$26 ,0%,
2020,Caldwell County,Water,"$376,960 ",$78 ,-43%,
2020,Caldwell County,Wind,"$5,351,998 ","$1,114 ",225%,
2020,Caldwell County,Total Paid Loss,"$5,943,387 ","$1,237 ",136%,"4,806"
2020,Calhoun County,Wind,"$121,520 ",$31 ,-84%,
2020,Calhoun County,Fire,"$187,045 ",$48 ,-57%,
2020,Calhoun County,Water,"$189,364 ",$48 ,-6%,
2020,Calhoun County,Other,"$703,744 ",$179 ,563%,
2020,Calhoun County,Total Paid Loss,"$1,201,673 ",$306 ,-20%,"3,923"
2020,Callahan County,Other,"$38,312 ",$19 ,512%,
2020,Callahan County,Water,"$95,083 ",$48 ,-73%,
2020,Callahan County,Fire,"$185,372 ",$94 ,-63%,
2020,Callahan County,Wind,"$607,127 ",$307 ,-53%,
2020,Callahan County,Total Paid Loss,"$925,894 ",$468 ,-57%,"1,978"
2020,Cameron County,Other,"$1,265,193 ",$28 ,63%,
2020,Cameron County,Water,"$3,191,574 ",$70 ,-15%,
2020,Cameron County,Fire,"$3,647,005 ",$80 ,42%,
2020,Cameron County,Wind,"$8,038,824 ",$177 ,144%,
2020,Cameron County,Total Paid Loss,"$16,142,596 ",$356 ,55%,"45,352"
2020,Camp County,Other,"$51,861 ",$21 ,56%,
2020,Camp County,Water,"$117,942 ",$47 ,-20%,
2020,Camp County,Fire,"$293,246 ",$117 ,-4%,
2020,Camp County,Wind,"$923,977 ",$367 ,-11%,
2020,Camp County,Total Paid Loss,"$1,387,026 ",$552 ,-9%,"2,515"
2020,Carson County,Water,"$22,324 ",$22 ,-69%,
2020,Carson County,Other,"$68,343 ",$67 ,320%,
2020,Carson County,Fire,"$216,624 ",$213 ,-75%,
2020,Carson County,Wind,"$659,041 ",$647 ,-66%,
2020,Carson County,Total Paid Loss,"$966,332 ",$948 ,-66%,"1,019"
2020,Cass County,Other,"$137,848 ",$28 ,4%,
2020,Cass County,Water,"$354,770 ",$71 ,-4%,
2020,Cass County,Fire,"$1,043,041 ",$210 ,-41%,
2020,Cass County,Wind,"$4,184,922 ",$843 ,219%,
2020,Cass County,Total Paid Loss,"$5,720,581 ","$1,153 ",59%,"4,963"
2020,Castro County,Other,$0 ,$0 ,-100%,
2020,Castro County,Fire,"$2,014 ",$3 ,-93%,
2020,Castro County,Water,"$55,600 ",$79 ,28%,
2020,Castro County,Wind,"$86,093 ",$122 ,-79%,
2020,Castro County,Total Paid Loss,"$143,707 ",$204 ,-71%,706
2020,Chambers County,Other,"$571,606 ",$59 ,68%,
2020,Chambers County,Wind,"$1,125,418 ",$116 ,-37%,
2020,Chambers County,Water,"$1,206,657 ",$125 ,-19%,
2020,Chambers County,Fire,"$1,318,905 ",$136 ,13%,
2020,Chambers County,Total Paid Loss,"$4,222,586 ",$436 ,-12%,"9,681"
2020,Cherokee County,Other,"$514,298 ",$54 ,85%,
2020,Cherokee County,Water,"$787,554 ",$82 ,-19%,
2020,Cherokee County,Fire,"$2,069,756 ",$216 ,18%,
2020,Cherokee County,Wind,"$7,878,938 ",$823 ,-40%,
2020,Cherokee County,Total Paid Loss,"$11,250,546 ","$1,175 ",-30%,"9,573"
2020,Childress County,Other,"$9,390 ",$9 ,35%,
2020,Childress County,Water,"$114,398 ",$112 ,46%,
2020,Childress County,Wind,"$248,152 ",$243 ,-42%,
2020,Childress County,Fire,"$845,075 ",$828 ,170%,
2020,Childress County,Total Paid Loss,"$1,217,015 ","$1,192 ",47%,"1,021"
2020,Clay County,Fire,"$24,912 ",$20 ,-81%,
2020,Clay County,Other,"$46,726 ",$38 ,115%,
2020,Clay County,Water,"$182,902 ",$149 ,136%,
2020,Clay County,Wind,"$1,974,405 ","$1,610 ",503%,
2020,Clay County,Total Paid Loss,"$2,228,945 ","$1,818 ",298%,"1,226"
2020,Cochran County,Other,"$1,142 ",$5 ,0%,
2020,Cochran County,Water,"$28,990 ",$127 ,352%,
2020,Cochran County,Fire,"$33,597 ",$147 ,754%,
2020,Cochran County,Wind,"$45,008 ",$197 ,-82%,
2020,Cochran County,Total Paid Loss,"$108,737 ",$477 ,-57%,228
2020,Coke County,Other,"$2,971 ",$9 ,0%,
2020,Coke County,Water,"$3,614 ",$11 ,-50%,
2020,Coke County,Fire,"$46,107 ",$142 ,-78%,
2020,Coke County,Wind,"$82,272 ",$254 ,-30%,
2020,Coke County,Total Paid Loss,"$134,964 ",$417 ,-60%,324
2020,Coleman County,Other,"$23,880 ",$26 ,-30%,
2020,Coleman County,Fire,"$75,715 ",$83 ,-93%,
2020,Coleman County,Wind,"$103,811 ",$114 ,-80%,
2020,Coleman County,Water,"$109,759 ",$120 ,362%,
2020,Coleman County,Total Paid Loss,"$313,165 ",$343 ,-80%,912
2020,Collin County,Other,"$14,155,771 ",$58 ,30%,
2020,Collin County,Fire,"$31,843,955 ",$131 ,5%,
2020,Collin County,Water,"$59,728,116 ",$246 ,0%,
2020,Collin County,Wind,"$118,625,622 ",$488 ,-80%,
2020,Collin County,Total Paid Loss,"$224,353,464 ",$923 ,-68%,"243,187"
2020,Collingsworth County,Fire,$0 ,$0 ,-100%,
2020,Collingsworth County,Other,"$11,777 ",$31 ,1%,
2020,Collingsworth County,Water,"$32,227 ",$85 ,95%,
2020,Collingsworth County,Wind,"$194,792 ",$511 ,-93%,
2020,Collingsworth County,Total Paid Loss,"$238,796 ",$627 ,-91%,381
2020,Colorado County,Other,"$125,606 ",$48 ,-24%,
2020,Colorado County,Water,"$224,217 ",$85 ,-36%,
2020,Colorado County,Wind,"$329,138 ",$125 ,-44%,
2020,Colorado County,Fire,"$1,563,428 ",$595 ,42%,
2020,Colorado County,Total Paid Loss,"$2,242,389 ",$853 ,2%,"2,629"
2020,Comal County,Other,"$1,313,308 ",$25 ,-43%,
2020,Comal County,Fire,"$6,520,418 ",$127 ,0%,
2020,Comal County,Water,"$7,120,219 ",$138 ,9%,
2020,Comal County,Wind,"$9,141,983 ",$177 ,-40%,
2020,Comal County,Total Paid Loss,"$24,095,928 ",$468 ,-21%,"51,533"
2020,Comanche County,Fire,"$11,406 ",$7 ,-96%,
2020,Comanche County,Other,"$27,881 ",$18 ,297%,
2020,Comanche County,Water,"$75,950 ",$49 ,-31%,
2020,Comanche County,Wind,"$517,136 ",$337 ,-17%,
2020,Comanche County,Total Paid Loss,"$632,373 ",$412 ,-39%,"1,535"
2020,Concho County,Other,"$3,729 ",$13 ,110%,
2020,Concho County,Fire,"$4,764 ",$16 ,0%,
2020,Concho County,Water,"$13,949 ",$48 ,0%,
2020,Concho County,Wind,"$157,037 ",$540 ,47%,
2020,Concho County,Total Paid Loss,"$179,479 ",$617 ,65%,291
2020,Cooke County,Other,"$250,461 ",$38 ,99%,
2020,Cooke County,Water,"$776,262 ",$119 ,39%,
2020,Cooke County,Fire,"$1,149,720 ",$176 ,-3%,
2020,Cooke County,Wind,"$7,328,976 ","$1,121 ",51%,
2020,Cooke County,Total Paid Loss,"$9,505,419 ","$1,454 ",41%,"6,536"
2020,Coryell County,Other,"$454,424 ",$40 ,-47%,
2020,Coryell County,Fire,"$740,024 ",$65 ,-69%,
2020,Coryell County,Water,"$919,191 ",$81 ,-9%,
2020,Coryell County,Wind,"$4,151,422 ",$366 ,-44%,
2020,Coryell County,Total Paid Loss,"$6,265,061 ",$553 ,-46%,"11,328"
2020,Cottle County,Water,"$2,747 ",$15 ,-88%,
2020,Cottle County,Fire,"$3,341 ",$19 ,-44%,
2020,Cottle County,Other,"$5,743 ",$32 ,0%,
2020,Cottle County,Wind,"$58,188 ",$325 ,-77%,
2020,Cottle County,Total Paid Loss,"$70,019 ",$391 ,-75%,179
2020,Crane County,Fire,$0 ,$0 ,0%,
2020,Crane County,Water,"$21,056 ",$34 ,139%,
2020,Crane County,Other,"$27,866 ",$46 ,-41%,
2020,Crane County,Wind,"$246,430 ",$403 ,185%,
2020,Crane County,Total Paid Loss,"$295,352 ",$483 ,107%,612
2020,Crockett County,Fire,$0 ,$0 ,0%,
2020,Crockett County,Other,"$1,002 ",$3 ,-71%,
2020,Crockett County,Water,"$20,144 ",$52 ,0%,
2020,Crockett County,Wind,"$141,664 ",$364 ,-72%,
2020,Crockett County,Total Paid Loss,"$162,810 ",$419 ,-69%,389
2020,Crosby County,Water,"$6,405 ",$9 ,-74%,
2020,Crosby County,Fire,"$12,092 ",$18 ,-56%,
2020,Crosby County,Other,"$32,070 ",$47 ,103%,
2020,Crosby County,Wind,"$579,481 ",$848 ,-28%,
2020,Crosby County,Total Paid Loss,"$630,048 ",$922 ,-28%,683
2020,Culberson County,Fire,$0 ,$0 ,-100%,
2020,Culberson County,Water,$470 ,$2 ,-86%,
2020,Culberson County,Other,"$3,632 ",$17 ,0%,
2020,Culberson County,Wind,"$65,944 ",$311 ,2%,
2020,Culberson County,Total Paid Loss,"$70,046 ",$330 ,-3%,212
2020,Dallam County,Other,"$8,968 ",$5 ,-83%,
2020,Dallam County,Fire,"$11,650 ",$7 ,-96%,
2020,Dallam County,Water,"$42,768 ",$26 ,-52%,
2020,Dallam County,Wind,"$151,165 ",$92 ,-40%,
2020,Dallam County,Total Paid Loss,"$214,551 ",$131 ,-68%,"1,644"
2020,Dallas County,Other,"$31,814,406 ",$77 ,-4%,
2020,Dallas County,Fire,"$82,583,944 ",$199 ,12%,
2020,Dallas County,Water,"$120,860,945 ",$291 ,5%,
2020,Dallas County,Wind,"$640,421,248 ","$1,543 ",-23%,
2020,Dallas County,Total Paid Loss,"$875,680,543 ","$2,110 ",-17%,"414,963"
2020,Dawson County,Other,"$58,053 ",$50 ,34%,
2020,Dawson County,Fire,"$72,152 ",$62 ,55%,
2020,Dawson County,Water,"$89,182 ",$77 ,33%,
2020,Dawson County,Wind,"$170,916 ",$148 ,-32%,
2020,Dawson County,Total Paid Loss,"$390,303 ",$338 ,-4%,"1,155"
2020,Deaf Smith County,Other,"$41,656 ",$20 ,-40%,
2020,Deaf Smith County,Water,"$119,416 ",$56 ,42%,
2020,Deaf Smith County,Fire,"$186,659 ",$88 ,72%,
2020,Deaf Smith County,Wind,"$1,020,304 ",$480 ,-93%,
2020,Deaf Smith County,Total Paid Loss,"$1,368,035 ",$644 ,-91%,"2,125"
2020,Delta County,Fire,"$37,940 ",$50 ,102%,
2020,Delta County,Other,"$60,470 ",$79 ,201%,
2020,Delta County,Water,"$85,429 ",$112 ,17%,
2020,Delta County,Wind,"$258,428 ",$339 ,25%,
2020,Delta County,Total Paid Loss,"$442,267 ",$580 ,39%,763
2020,Denton County,Other,"$10,862,551 ",$52 ,34%,
2020,Denton County,Fire,"$32,374,703 ",$155 ,11%,
2020,Denton County,Water,"$51,199,508 ",$246 ,4%,
2020,Denton County,Wind,"$106,871,859 ",$513 ,-33%,
2020,Denton County,Total Paid Loss,"$201,308,621 ",$967 ,-18%,"208,211"
2020,DeWitt County,Other,"$67,446 ",$31 ,171%,
2020,DeWitt County,Water,"$75,883 ",$35 ,-34%,
2020,DeWitt County,Wind,"$199,250 ",$91 ,-32%,
2020,DeWitt County,Fire,"$869,256 ",$398 ,238%,
2020,DeWitt County,Total Paid Loss,"$1,211,835 ",$555 ,76%,"2,184"
2020,Dickens County,Water,$0 ,$0 ,-100%,
2020,Dickens County,Other,"$3,383 ",$14 ,-80%,
2020,Dickens County,Wind,"$47,759 ",$204 ,-63%,
2020,Dickens County,Fire,"$116,488 ",$498 ,0%,
2020,Dickens County,Total Paid Loss,"$167,630 ",$716 ,0%,234
2020,Dimmit County,Other,"$14,295 ",$15 ,-57%,
2020,Dimmit County,Fire,"$26,782 ",$29 ,-89%,
2020,Dimmit County,Water,"$58,419 ",$63 ,325%,
2020,Dimmit County,Wind,"$76,993 ",$83 ,-83%,
2020,Dimmit County,Total Paid Loss,"$176,489 ",$190 ,-76%,930
2020,Donley County,Fire,"$1,650 ",$3 ,-99%,
2020,Donley County,Other,"$1,751 ",$3 ,278%,
2020,Donley County,Water,"$9,024 ",$17 ,228%,
2020,Donley County,Wind,"$378,024 ",$712 ,5%,
2020,Donley County,Total Paid Loss,"$390,449 ",$735 ,-30%,531
2020,Duval County,Fire,$136 ,$0 ,-98%,
2020,Duval County,Other,"$37,865 ",$40 ,9%,
2020,Duval County,Wind,"$94,787 ",$99 ,-50%,
2020,Duval County,Water,"$117,761 ",$123 ,-20%,
2020,Duval County,Total Paid Loss,"$250,549 ",$262 ,-34%,957
2020,Eastland County,Other,"$55,402 ",$20 ,4%,
2020,Eastland County,Water,"$209,162 ",$77 ,53%,
2020,Eastland County,Fire,"$503,867 ",$185 ,10%,
2020,Eastland County,Wind,"$655,997 ",$241 ,-27%,
2020,Eastland County,Total Paid Loss,"$1,424,428 ",$524 ,-8%,"2,719"
2020,Ector County,Water,"$1,508,175 ",$54 ,14%,
2020,Ector County,Other,"$1,574,374 ",$57 ,23%,
2020,Ector County,Fire,"$3,456,851 ",$124 ,34%,
2020,Ector County,Wind,"$22,368,431 ",$804 ,213%,
2020,Ector County,Total Paid Loss,"$28,907,831 ","$1,039 ",135%,"27,821"
2020,Edwards County,Other,"$4,276 ",$12 ,-82%,
2020,Edwards County,Fire,"$10,378 ",$30 ,876%,
2020,Edwards County,Wind,"$54,648 ",$156 ,-57%,
2020,Edwards County,Water,"$154,440 ",$440 ,0%,
2020,Edwards County,Total Paid Loss,"$223,742 ",$637 ,46%,351
2020,El Paso County,Other,"$4,609,780 ",$29 ,13%,
2020,El Paso County,Fire,"$6,905,288 ",$44 ,26%,
2020,El Paso County,Water,"$19,762,963 ",$126 ,6%,
2020,El Paso County,Wind,"$34,194,203 ",$218 ,-37%,
2020,El Paso County,Total Paid Loss,"$65,472,234 ",$417 ,-21%,"157,046"
2020,Ellis County,Other,"$2,773,811 ",$62 ,15%,
2020,Ellis County,Water,"$6,158,260 ",$138 ,-8%,
2020,Ellis County,Fire,"$6,231,965 ",$140 ,-4%,
2020,Ellis County,Wind,"$48,936,068 ","$1,100 ",58%,
2020,Ellis County,Total Paid Loss,"$64,100,104 ","$1,441 ",37%,"44,479"
2020,Erath County,Other,"$96,979 ",$20 ,-76%,
2020,Erath County,Water,"$408,359 ",$83 ,-39%,
2020,Erath County,Wind,"$558,032 ",$113 ,-76%,
2020,Erath County,Fire,"$1,170,661 ",$238 ,340%,
2020,Erath County,Total Paid Loss,"$2,234,031 ",$454 ,-39%,"4,923"
2020,Falls County,Fire,"$48,623 ",$34 ,-86%,
2020,Falls County,Water,"$72,918 ",$51 ,6%,
2020,Falls County,Other,"$175,938 ",$123 ,237%,
2020,Falls County,Wind,"$5,779,527 ","$4,044 ",1384%,
2020,Falls County,Total Paid Loss,"$6,077,006 ","$4,253 ",617%,"1,429"
2020,Fannin County,Other,"$225,730 ",$42 ,-27%,
2020,Fannin County,Water,"$476,261 ",$88 ,-49%,
2020,Fannin County,Fire,"$1,404,661 ",$258 ,1%,
2020,Fannin County,Wind,"$2,759,339 ",$507 ,34%,
2020,Fannin County,Total Paid Loss,"$4,865,991 ",$895 ,4%,"5,439"
2020,Fayette County,Other,"$135,740 ",$46 ,96%,
2020,Fayette County,Wind,"$185,088 ",$63 ,-52%,
2020,Fayette County,Water,"$224,513 ",$77 ,30%,
2020,Fayette County,Fire,"$692,283 ",$237 ,375%,
2020,Fayette County,Total Paid Loss,"$1,237,624 ",$423 ,59%,"2,926"
2020,Fisher County,Other,"$5,000 ",$11 ,370%,
2020,Fisher County,Water,"$44,382 ",$100 ,26%,
2020,Fisher County,Fire,"$87,165 ",$196 ,261%,
2020,Fisher County,Wind,"$134,081 ",$302 ,-45%,
2020,Fisher County,Total Paid Loss,"$270,628 ",$610 ,-11%,444
2020,Floyd County,Fire,"$16,036 ",$28 ,-94%,
2020,Floyd County,Water,"$25,539 ",$44 ,670%,
2020,Floyd County,Other,"$44,242 ",$77 ,2131%,
2020,Floyd County,Wind,"$179,662 ",$311 ,-79%,
2020,Floyd County,Total Paid Loss,"$265,479 ",$460 ,-76%,577
2020,Foard County,Fire,$0 ,$0 ,0%,
2020,Foard County,Other,"$1,468 ",$10 ,0%,
2020,Foard County,Water,"$19,837 ",$129 ,-11%,
2020,Foard County,Wind,"$32,049 ",$208 ,173%,
2020,Foard County,Total Paid Loss,"$53,354 ",$346 ,56%,154
2020,Fort Bend County,Other,"$6,221,122 ",$35 ,-21%,
2020,Fort Bend County,Fire,"$18,055,190 ",$101 ,14%,
2020,Fort Bend County,Water,"$25,164,926 ",$141 ,-6%,
2020,Fort Bend County,Wind,"$57,389,357 ",$322 ,-46%,
2020,Fort Bend County,Total Paid Loss,"$106,830,595 ",$600 ,-32%,"178,159"
2020,Franklin County,Other,"$180,717 ",$72 ,72%,
2020,Franklin County,Fire,"$442,743 ",$176 ,25%,
2020,Franklin County,Water,"$614,056 ",$244 ,45%,
2020,Franklin County,Wind,"$1,291,531 ",$514 ,-12%,
2020,Franklin County,Total Paid Loss,"$2,529,047 ","$1,006 ",8%,"2,514"
2020,Freestone County,Water,"$138,904 ",$50 ,-55%,
2020,Freestone County,Other,"$391,891 ",$142 ,256%,
2020,Freestone County,Wind,"$1,023,599 ",$371 ,-16%,
2020,Freestone County,Fire,"$2,498,408 ",$905 ,238%,
2020,Freestone County,Total Paid Loss,"$4,052,802 ","$1,467 ",71%,"2,762"
2020,Frio County,Other,"$76,038 ",$59 ,48%,
2020,Frio County,Fire,"$108,632 ",$84 ,-58%,
2020,Frio County,Water,"$111,202 ",$86 ,-45%,
2020,Frio County,Wind,"$201,036 ",$155 ,139%,
2020,Frio County,Total Paid Loss,"$496,908 ",$384 ,-17%,"1,293"
2020,Gaines County,Fire,"$55,616 ",$22 ,-68%,
2020,Gaines County,Other,"$74,839 ",$29 ,-46%,
2020,Gaines County,Water,"$95,782 ",$37 ,-36%,
2020,Gaines County,Wind,"$339,930 ",$132 ,-92%,
2020,Gaines County,Total Paid Loss,"$566,167 ",$220 ,-88%,"2,573"
2020,Galveston County,Other,"$3,320,856 ",$41 ,19%,
2020,Galveston County,Wind,"$4,903,506 ",$60 ,-14%,
2020,Galveston County,Fire,"$7,029,871 ",$86 ,-57%,
2020,Galveston County,Water,"$8,670,829 ",$106 ,-5%,
2020,Galveston County,Total Paid Loss,"$23,925,062 ",$294 ,-29%,"81,470"
2020,Garza County,Other,"$12,717 ",$20 ,3215%,
2020,Garza County,Water,"$54,662 ",$86 ,40%,
2020,Garza County,Fire,"$57,156 ",$89 ,0%,
2020,Garza County,Wind,"$1,851,921 ","$2,898 ",401%,
2020,Garza County,Total Paid Loss,"$1,976,456 ","$3,093 ",384%,639
2020,Gillespie County,Other,"$115,612 ",$22 ,81%,
2020,Gillespie County,Water,"$497,661 ",$94 ,-18%,
2020,Gillespie County,Wind,"$1,958,824 ",$371 ,32%,
2020,Gillespie County,Fire,"$1,991,032 ",$377 ,3846%,
2020,Gillespie County,Total Paid Loss,"$4,563,129 ",$864 ,106%,"5,282"
2020,Glasscock County,Fire,$0 ,$0 ,0%,
2020,Glasscock County,Other,$0 ,$0 ,0%,
2020,Glasscock County,Total Paid Loss,$0 ,$0 ,-100%,66
2020,Glasscock County,Water,$0 ,$0 ,-100%,
2020,Glasscock County,Wind,$0 ,$0 ,0%,
2020,Goliad County,Wind,$617 ,$1 ,-100%,
2020,Goliad County,Water,"$1,632 ",$3 ,-92%,
2020,Goliad County,Other,"$2,313 ",$4 ,-41%,
2020,Goliad County,Fire,"$45,943 ",$83 ,1365%,
2020,Goliad County,Total Paid Loss,"$50,505 ",$91 ,-68%,555
2020,Gonzales County,Other,"$33,815 ",$20 ,-18%,
2020,Gonzales County,Water,"$130,459 ",$76 ,-39%,
2020,Gonzales County,Fire,"$154,270 ",$90 ,-58%,
2020,Gonzales County,Wind,"$210,468 ",$123 ,-80%,
2020,Gonzales County,Total Paid Loss,"$529,012 ",$310 ,-69%,"1,709"
2020,Gray County,Other,"$123,196 ",$39 ,437%,
2020,Gray County,Water,"$180,284 ",$57 ,-44%,
2020,Gray County,Fire,"$205,938 ",$65 ,-76%,
2020,Gray County,Wind,"$1,247,671 ",$393 ,-66%,
2020,Gray County,Total Paid Loss,"$1,757,089 ",$553 ,-64%,"3,177"
2020,Grayson County,Other,"$1,780,580 ",$61 ,29%,
2020,Grayson County,Water,"$4,662,061 ",$160 ,4%,
2020,Grayson County,Fire,"$7,321,860 ",$251 ,39%,
2020,Grayson County,Wind,"$22,211,782 ",$763 ,-3%,
2020,Grayson County,Total Paid Loss,"$35,976,283 ","$1,235 ",6%,"29,120"
2020,Gregg County,Other,"$1,645,163 ",$54 ,3%,
2020,Gregg County,Water,"$3,232,132 ",$106 ,13%,
2020,Gregg County,Fire,"$5,615,265 ",$185 ,-2%,
2020,Gregg County,Wind,"$27,560,941 ",$908 ,-43%,
2020,Gregg County,Total Paid Loss,"$38,053,501 ","$1,254 ",-35%,"30,352"
2020,Grimes County,Water,"$212,866 ",$54 ,12%,
2020,Grimes County,Other,"$438,613 ",$110 ,626%,
2020,Grimes County,Fire,"$609,798 ",$153 ,15%,
2020,Grimes County,Wind,"$1,478,828 ",$372 ,23%,
2020,Grimes County,Total Paid Loss,"$2,740,105 ",$690 ,38%,"3,974"
2020,Guadalupe County,Other,"$1,227,411 ",$36 ,0%,
2020,Guadalupe County,Fire,"$3,030,002 ",$89 ,-31%,
2020,Guadalupe County,Water,"$5,569,739 ",$163 ,3%,
2020,Guadalupe County,Wind,"$8,218,326 ",$241 ,-37%,
2020,Guadalupe County,Total Paid Loss,"$18,045,478 ",$530 ,-25%,"34,080"
2020,Hale County,Other,"$94,294 ",$22 ,-35%,
2020,Hale County,Fire,"$161,038 ",$37 ,-31%,
2020,Hale County,Water,"$202,418 ",$47 ,-19%,
2020,Hale County,Wind,"$1,549,697 ",$360 ,-38%,
2020,Hale County,Total Paid Loss,"$2,007,447 ",$466 ,-36%,"4,308"
2020,Hall County,Water,$734 ,$2 ,-91%,
2020,Hall County,Other,"$5,273 ",$15 ,-39%,
2020,Hall County,Fire,"$13,030 ",$36 ,-18%,
2020,Hall County,Wind,"$104,276 ",$289 ,-50%,
2020,Hall County,Total Paid Loss,"$123,313 ",$342 ,-49%,361
2020,Hamilton County,Other,"$17,137 ",$17 ,-77%,
2020,Hamilton County,Water,"$42,816 ",$42 ,-50%,
2020,Hamilton County,Fire,"$45,226 ",$45 ,26%,
2020,Hamilton County,Wind,"$246,480 ",$244 ,-57%,
2020,Hamilton County,Total Paid Loss,"$351,659 ",$349 ,-55%,"1,009"
2020,Hansford County,Water,"$23,169 ",$27 ,-77%,
2020,Hansford County,Fire,"$45,990 ",$55 ,22%,
2020,Hansford County,Other,"$58,050 ",$69 ,559%,
2020,Hansford County,Wind,"$384,165 ",$456 ,-71%,
2020,Hansford County,Total Paid Loss,"$511,374 ",$607 ,-66%,843
2020,Hardeman County,Water,"$4,204 ",$9 ,-57%,
2020,Hardeman County,Other,"$9,725 ",$20 ,-88%,
2020,Hardeman County,Fire,"$12,202 ",$25 ,314%,
2020,Hardeman County,Wind,"$730,065 ","$1,487 ",268%,
2020,Hardeman County,Total Paid Loss,"$756,196 ","$1,540 ",157%,491
2020,Hardin County,Other,"$653,254 ",$56 ,105%,
2020,Hardin County,Water,"$986,102 ",$84 ,-17%,
2020,Hardin County,Wind,"$1,805,413 ",$154 ,-45%,
2020,Hardin County,Fire,"$2,087,276 ",$178 ,5%,
2020,Hardin County,Total Paid Loss,"$5,532,045 ",$471 ,-18%,"11,750"
2020,Harris County,Other,"$60,024,918 ",$80 ,60%,
2020,Harris County,Fire,"$94,755,946 ",$127 ,-8%,
2020,Harris County,Water,"$118,543,883 ",$159 ,-8%,
2020,Harris County,Wind,"$286,494,641 ",$384 ,-3%,
2020,Harris County,Total Paid Loss,"$559,819,388 ",$749 ,-1%,"747,045"
2020,Harrison County,Other,"$359,438 ",$38 ,-21%,
2020,Harrison County,Water,"$976,323 ",$103 ,13%,
2020,Harrison County,Fire,"$1,548,819 ",$163 ,-53%,
2020,Harrison County,Wind,"$5,712,520 ",$601 ,-9%,
2020,Harrison County,Total Paid Loss,"$8,597,100 ",$905 ,-21%,"9,503"
2020,Hartley County,Other,$0 ,$0 ,0%,
2020,Hartley County,Water,$0 ,$0 ,0%,
2020,Hartley County,Fire,"$8,485 ",$75 ,0%,
2020,Hartley County,Wind,"$10,938 ",$97 ,-88%,
2020,Hartley County,Total Paid Loss,"$19,423 ",$172 ,-78%,113
2020,Haskell County,Other,"$10,677 ",$13 ,260%,
2020,Haskell County,Water,"$14,283 ",$17 ,-60%,
2020,Haskell County,Fire,"$171,724 ",$208 ,172%,
2020,Haskell County,Wind,"$644,125 ",$780 ,43%,
2020,Haskell County,Total Paid Loss,"$840,809 ","$1,018 ",52%,826
2020,Hays County,Other,"$1,759,101 ",$33 ,32%,
2020,Hays County,Fire,"$5,895,280 ",$112 ,-8%,
2020,Hays County,Water,"$6,012,870 ",$114 ,-18%,
2020,Hays County,Wind,"$14,338,315 ",$272 ,-14%,
2020,Hays County,Total Paid Loss,"$28,005,566 ",$532 ,-12%,"52,660"
2020,Hemphill County,Other,"$13,721 ",$24 ,0%,
2020,Hemphill County,Water,"$17,430 ",$30 ,-69%,
2020,Hemphill County,Fire,"$69,396 ",$120 ,262%,
2020,Hemphill County,Wind,"$213,970 ",$371 ,-52%,
2020,Hemphill County,Total Paid Loss,"$314,517 ",$546 ,-40%,576
2020,Henderson County,Other,"$924,644 ",$50 ,-24%,
2020,Henderson County,Water,"$3,002,863 ",$162 ,-9%,
2020,Henderson County,Fire,"$3,832,869 ",$206 ,-33%,
2020,Henderson County,Wind,"$8,637,610 ",$465 ,-41%,
2020,Henderson County,Total Paid Loss,"$16,397,986 ",$883 ,-34%,"18,570"
2020,Hidalgo County,Other,"$4,291,298 ",$47 ,45%,
2020,Hidalgo County,Fire,"$4,731,109 ",$51 ,-17%,
2020,Hidalgo County,Water,"$9,547,419 ",$104 ,-1%,
2020,Hidalgo County,Wind,"$60,471,842 ",$658 ,305%,
2020,Hidalgo County,Total Paid Loss,"$79,041,668 ",$860 ,138%,"91,870"
2020,Hill County,Other,"$163,077 ",$34 ,-81%,
2020,Hill County,Water,"$448,382 ",$92 ,1%,
2020,Hill County,Fire,"$898,932 ",$185 ,-27%,
2020,Hill County,Wind,"$1,245,870 ",$257 ,-24%,
2020,Hill County,Total Paid Loss,"$2,756,261 ",$568 ,-34%,"4,851"
2020,Hockley County,Other,"$77,832 ",$26 ,0%,
2020,Hockley County,Water,"$201,076 ",$67 ,-36%,
2020,Hockley County,Fire,"$213,799 ",$71 ,-52%,
2020,Hockley County,Wind,"$938,981 ",$313 ,-37%,
2020,Hockley County,Total Paid Loss,"$1,431,688 ",$477 ,-38%,"3,004"
2020,Hood County,Other,"$1,053,899 ",$66 ,13%,
2020,Hood County,Water,"$2,723,436 ",$171 ,9%,
2020,Hood County,Fire,"$3,288,721 ",$206 ,81%,
2020,Hood County,Wind,"$14,488,357 ",$909 ,-33%,
2020,Hood County,Total Paid Loss,"$21,554,413 ","$1,352 ",-20%,"15,937"
2020,Hopkins County,Water,"$396,130 ",$74 ,5%,
2020,Hopkins County,Other,"$732,224 ",$136 ,543%,
2020,Hopkins County,Fire,"$1,203,598 ",$224 ,-35%,
2020,Hopkins County,Wind,"$3,694,816 ",$686 ,-72%,
2020,Hopkins County,Total Paid Loss,"$6,026,768 ","$1,120 ",-61%,"5,383"
2020,Houston County,Water,"$314,582 ",$99 ,-44%,
2020,Houston County,Other,"$383,382 ",$121 ,243%,
2020,Houston County,Fire,"$540,961 ",$171 ,8%,
2020,Houston County,Wind,"$706,984 ",$223 ,-89%,
2020,Houston County,Total Paid Loss,"$1,945,909 ",$614 ,-75%,"3,168"
2020,Howard County,Other,"$89,035 ",$20 ,67%,
2020,Howard County,Fire,"$541,322 ",$120 ,-3%,
2020,Howard County,Water,"$555,571 ",$123 ,63%,
2020,Howard County,Wind,"$1,254,051 ",$278 ,-72%,
2020,Howard County,Total Paid Loss,"$2,439,979 ",$541 ,-55%,"4,509"
2020,Hudspeth County,Fire,$0 ,$0 ,0%,
2020,Hudspeth County,Other,$0 ,$0 ,-100%,
2020,Hudspeth County,Water,"$5,353 ",$39 ,0%,
2020,Hudspeth County,Wind,"$12,145 ",$87 ,-62%,
2020,Hudspeth County,Total Paid Loss,"$17,498 ",$126 ,-49%,139
2020,Hunt County,Other,"$579,420 ",$42 ,54%,
2020,Hunt County,Water,"$1,877,525 ",$135 ,-5%,
2020,Hunt County,Fire,"$3,125,237 ",$224 ,-53%,
2020,Hunt County,Wind,"$9,817,818 ",$703 ,-48%,
2020,Hunt County,Total Paid Loss,"$15,400,000 ","$1,103 ",-45%,"13,957"
2020,Hutchinson County,Other,"$191,495 ",$48 ,-28%,
2020,Hutchinson County,Water,"$277,214 ",$69 ,0%,
2020,Hutchinson County,Fire,"$311,339 ",$78 ,278%,
2020,Hutchinson County,Wind,"$2,347,547 ",$587 ,-77%,
2020,Hutchinson County,Total Paid Loss,"$3,127,595 ",$783 ,-71%,"3,996"
2020,Irion County,Fire,$0 ,$0 ,0%,
2020,Irion County,Other,$0 ,$0 ,-100%,
2020,Irion County,Water,"$7,936 ",$40 ,-56%,
2020,Irion County,Wind,"$13,445 ",$69 ,-90%,
2020,Irion County,Total Paid Loss,"$21,381 ",$109 ,-86%,196
2020,Jack County,Other,"$19,005 ",$23 ,93%,
2020,Jack County,Water,"$58,111 ",$69 ,-31%,
2020,Jack County,Fire,"$58,959 ",$70 ,1032%,
2020,Jack County,Wind,"$1,165,419 ","$1,392 ",183%,
2020,Jack County,Total Paid Loss,"$1,301,494 ","$1,555 ",155%,837
2020,Jackson County,Other,"$15,269 ",$11 ,-77%,
2020,Jackson County,Wind,"$34,078 ",$24 ,-76%,
2020,Jackson County,Water,"$90,981 ",$63 ,226%,
2020,Jackson County,Fire,"$355,108 ",$247 ,2489%,
2020,Jackson County,Total Paid Loss,"$495,436 ",$344 ,97%,"1,439"
2020,Jasper County,Other,"$408,015 ",$61 ,103%,
2020,Jasper County,Water,"$776,695 ",$115 ,50%,
2020,Jasper County,Fire,"$1,155,085 ",$171 ,-48%,
2020,Jasper County,Wind,"$9,424,953 ","$1,398 ",124%,
2020,Jasper County,Total Paid Loss,"$11,764,748 ","$1,745 ",65%,"6,741"
2020,Jeff Davis County,Fire,$0 ,$0 ,0%,
2020,Jeff Davis County,Other,$0 ,$0 ,-100%,
2020,Jeff Davis County,Water,"$6,510 ",$13 ,97%,
2020,Jeff Davis County,Wind,"$174,496 ",$350 ,-72%,
2020,Jeff Davis County,Total Paid Loss,"$181,006 ",$363 ,-72%,498
2020,Jefferson County,Water,"$5,772,086 ",$132 ,4%,
2020,Jefferson County,Other,"$7,880,062 ",$180 ,136%,
2020,Jefferson County,Fire,"$8,253,480 ",$189 ,64%,
2020,Jefferson County,Wind,"$11,988,859 ",$274 ,144%,
2020,Jefferson County,Total Paid Loss,"$33,894,487 ",$775 ,80%,"43,745"
2020,Jim Hogg County,Fire,$0 ,$0 ,0%,
2020,Jim Hogg County,Water,"$15,396 ",$38 ,-47%,
2020,Jim Hogg County,Wind,"$17,057 ",$42 ,-57%,
2020,Jim Hogg County,Other,"$21,995 ",$54 ,145%,
2020,Jim Hogg County,Total Paid Loss,"$54,448 ",$134 ,-30%,406
2020,Jim Wells County,Other,"$45,418 ",$9 ,-58%,
2020,Jim Wells County,Water,"$268,270 ",$54 ,-30%,
2020,Jim Wells County,Wind,"$341,888 ",$69 ,-35%,
2020,Jim Wells County,Fire,"$1,470,937 ",$298 ,148%,
2020,Jim Wells County,Total Paid Loss,"$2,126,513 ",$430 ,32%,"4,944"
2020,Johnson County,Other,"$1,960,605 ",$47 ,-19%,
2020,Johnson County,Water,"$5,468,816 ",$132 ,-14%,
2020,Johnson County,Fire,"$7,966,284 ",$192 ,68%,
2020,Johnson County,Wind,"$46,667,585 ","$1,124 ",88%,
2020,Johnson County,Total Paid Loss,"$62,063,290 ","$1,494 ",62%,"41,529"
2020,Jones County,Fire,"$25,338 ",$13 ,-66%,
2020,Jones County,Other,"$31,847 ",$17 ,-25%,
2020,Jones County,Water,"$137,502 ",$73 ,-44%,
2020,Jones County,Wind,"$402,766 ",$214 ,-83%,
2020,Jones County,Total Paid Loss,"$597,453 ",$318 ,-78%,"1,881"
2020,Karnes County,Fire,$0 ,$0 ,-100%,
2020,Karnes County,Other,"$66,151 ",$55 ,38%,
2020,Karnes County,Wind,"$81,400 ",$68 ,-36%,
2020,Karnes County,Water,"$193,480 ",$161 ,341%,
2020,Karnes County,Total Paid Loss,"$341,031 ",$284 ,67%,"1,199"
2020,Kaufman County,Other,"$1,150,879 ",$37 ,-51%,
2020,Kaufman County,Water,"$4,392,983 ",$140 ,-6%,
2020,Kaufman County,Fire,"$6,403,155 ",$204 ,-24%,
2020,Kaufman County,Wind,"$16,494,759 ",$524 ,8%,
2020,Kaufman County,Total Paid Loss,"$28,441,776 ",$904 ,-8%,"31,458"
2020,Kendall County,Fire,"$740,374 ",$63 ,-27%,
2020,Kendall County,Other,"$977,921 ",$84 ,126%,
2020,Kendall County,Water,"$2,619,485 ",$224 ,6%,
2020,Kendall County,Wind,"$4,911,259 ",$420 ,-15%,
2020,Kendall County,Total Paid Loss,"$9,249,039 ",$791 ,-4%,"11,694"
2020,Kenedy County,Other,$0 ,$0 ,0%,
2020,Kenedy County,Water,$0 ,$0 ,0%,
2020,Kenedy County,Wind,"$5,146 ",$343 ,0%,
2020,Kenedy County,Fire,"$425,000 ","$28,333 ",-49%,
2020,Kenedy County,Total Paid Loss,"$430,146 ","$28,676 ",-49%,15
2020,Kent County,Fire,$0 ,$0 ,0%,
2020,Kent County,Other,$0 ,$0 ,-100%,
2020,Kent County,Water,$0 ,$0 ,0%,
2020,Kent County,Total Paid Loss,"$21,516 ",$256 ,-78%,84
2020,Kent County,Wind,"$21,516 ",$256 ,-76%,
2020,Kerr County,Other,"$746,219 ",$64 ,-26%,
2020,Kerr County,Water,"$1,055,541 ",$90 ,-21%,
2020,Kerr County,Fire,"$1,628,036 ",$139 ,-37%,
2020,Kerr County,Wind,"$57,207,722 ","$4,889 ",350%,
2020,Kerr County,Total Paid Loss,"$60,637,518 ","$5,182 ",244%,"11,701"
2020,Kimble County,Other,$0 ,$0 ,-100%,
2020,Kimble County,Water,$827 ,$2 ,-96%,
2020,Kimble County,Fire,"$12,686 ",$34 ,-94%,
2020,Kimble County,Wind,"$61,054 ",$164 ,-51%,
2020,Kimble County,Total Paid Loss,"$74,567 ",$200 ,-80%,372
2020,King County,Fire,$0 ,$0 ,0%,
2020,King County,Other,$0 ,$0 ,0%,
2020,King County,Total Paid Loss,$0 ,$0 ,0%,9
2020,King County,Water,$0 ,$0 ,0%,
2020,King County,Wind,$0 ,$0 ,0%,
2020,Kinney County,Other,"$1,637 ",$3 ,-80%,
2020,Kinney County,Fire,"$8,916 ",$16 ,-94%,
2020,Kinney County,Water,"$40,050 ",$71 ,83%,
2020,Kinney County,Wind,"$253,630 ",$452 ,-93%,
2020,Kinney County,Total Paid Loss,"$304,233 ",$542 ,-92%,561
2020,Kleberg County,Other,"$48,129 ",$13 ,-26%,
2020,Kleberg County,Water,"$333,759 ",$87 ,106%,
2020,Kleberg County,Wind,"$352,628 ",$92 ,-60%,
2020,Kleberg County,Fire,"$1,029,377 ",$269 ,67%,
2020,Kleberg County,Total Paid Loss,"$1,763,893 ",$461 ,2%,"3,823"
2020,Knox County,Other,"$7,393 ",$15 ,-49%,
2020,Knox County,Water,"$9,942 ",$20 ,16%,
2020,Knox County,Wind,"$55,439 ",$110 ,-46%,
2020,Knox County,Fire,"$385,662 ",$768 ,-11%,
2020,Knox County,Total Paid Loss,"$458,436 ",$913 ,-18%,502
2020,La Salle County,Water,$279 ,$1 ,-94%,
2020,La Salle County,Other,"$1,549 ",$4 ,-87%,
2020,La Salle County,Fire,"$39,367 ",$105 ,765%,
2020,La Salle County,Wind,"$62,056 ",$165 ,183%,
2020,La Salle County,Total Paid Loss,"$103,251 ",$275 ,135%,375
2020,Lamar County,Other,"$351,669 ",$43 ,-66%,
2020,Lamar County,Water,"$893,185 ",$108 ,-17%,
2020,Lamar County,Fire,"$2,170,709 ",$263 ,-10%,
2020,Lamar County,Wind,"$9,177,733 ","$1,112 ",151%,
2020,Lamar County,Total Paid Loss,"$12,593,296 ","$1,525 ",54%,"8,256"
2020,Lamb County,Other,"$63,512 ",$43 ,53%,
2020,Lamb County,Water,"$96,838 ",$65 ,192%,
2020,Lamb County,Fire,"$178,546 ",$120 ,-35%,
2020,Lamb County,Wind,"$209,534 ",$141 ,-79%,
2020,Lamb County,Total Paid Loss,"$548,430 ",$370 ,-60%,"1,484"
2020,Lampasas County,Other,"$93,309 ",$21 ,-44%,
2020,Lampasas County,Fire,"$392,053 ",$88 ,-41%,
2020,Lampasas County,Water,"$485,750 ",$110 ,16%,
2020,Lampasas County,Wind,"$1,062,995 ",$240 ,-58%,
2020,Lampasas County,Total Paid Loss,"$2,034,107 ",$459 ,-46%,"4,434"
2020,Lavaca County,Fire,$0 ,$0 ,-100%,
2020,Lavaca County,Water,"$60,484 ",$49 ,49%,
2020,Lavaca County,Wind,"$85,871 ",$70 ,33%,
2020,Lavaca County,Other,"$105,711 ",$86 ,162%,
2020,Lavaca County,Total Paid Loss,"$252,066 ",$205 ,73%,"1,232"
2020,Lee County,Other,"$29,400 ",$17 ,150%,
2020,Lee County,Water,"$144,775 ",$86 ,14%,
2020,Lee County,Fire,"$163,338 ",$97 ,179%,
2020,Lee County,Wind,"$1,254,618 ",$742 ,155%,
2020,Lee County,Total Paid Loss,"$1,592,131 ",$942 ,131%,"1,690"
2020,Leon County,Other,"$109,361 ",$38 ,-32%,
2020,Leon County,Water,"$149,688 ",$53 ,-58%,
2020,Leon County,Wind,"$439,432 ",$155 ,-83%,
2020,Leon County,Fire,"$1,214,715 ",$427 ,66%,
2020,Leon County,Total Paid Loss,"$1,913,196 ",$673 ,-50%,"2,843"
2020,Liberty County,Other,"$624,933 ",$48 ,-44%,
2020,Liberty County,Water,"$1,151,264 ",$89 ,-12%,
2020,Liberty County,Wind,"$1,567,267 ",$121 ,-52%,
2020,Liberty County,Fire,"$2,089,845 ",$161 ,-32%,
2020,Liberty County,Total Paid Loss,"$5,433,309 ",$420 ,-38%,"12,942"
2020,Limestone County,Other,"$115,169 ",$42 ,176%,
2020,Limestone County,Fire,"$128,235 ",$47 ,-72%,
2020,Limestone County,Water,"$215,085 ",$78 ,13%,
2020,Limestone County,Wind,"$705,210 ",$257 ,-19%,
2020,Limestone County,Total Paid Loss,"$1,163,699 ",$425 ,-25%,"2,740"
2020,Lipscomb County,Other,$0 ,$0 ,-100%,
2020,Lipscomb County,Fire,"$5,705 ",$15 ,-83%,
2020,Lipscomb County,Water,"$20,684 ",$54 ,37%,
2020,Lipscomb County,Wind,"$705,089 ","$1,855 ",111%,
2020,Lipscomb County,Total Paid Loss,"$731,478 ","$1,925 ",88%,380
2020,Live Oak County,Other,"$14,532 ",$21 ,618%,
2020,Live Oak County,Wind,"$31,813 ",$46 ,-70%,
2020,Live Oak County,Fire,"$102,953 ",$148 ,-68%,
2020,Live Oak County,Water,"$116,268 ",$168 ,655%,
2020,Live Oak County,Total Paid Loss,"$265,566 ",$383 ,-40%,694
2020,Llano County,Other,"$532,910 ",$63 ,169%,
2020,Llano County,Water,"$1,222,551 ",$144 ,-37%,
2020,Llano County,Fire,"$2,273,858 ",$267 ,-16%,
2020,Llano County,Wind,"$2,909,225 ",$342 ,-59%,
2020,Llano County,Total Paid Loss,"$6,938,544 ",$815 ,-42%,"8,514"
2020,Loving County,Fire,$0 ,$0 ,0%,
2020,Loving County,Other,$0 ,$0 ,0%,
2020,Loving County,Total Paid Loss,$0 ,$0 ,0%,4
2020,Loving County,Water,$0 ,$0 ,0%,
2020,Loving County,Wind,$0 ,$0 ,0%,
2020,Lubbock County,Other,"$2,167,763 ",$38 ,-46%,
2020,Lubbock County,Fire,"$5,222,682 ",$93 ,7%,
2020,Lubbock County,Water,"$5,379,080 ",$95 ,-4%,
2020,Lubbock County,Wind,"$124,701,325 ","$2,211 ",-3%,
2020,Lubbock County,Total Paid Loss,"$137,470,850 ","$2,437 ",-4%,"56,410"
2020,Lynn County,Other,"$17,577 ",$20 ,-46%,
2020,Lynn County,Water,"$60,299 ",$70 ,1890%,
2020,Lynn County,Fire,"$112,618 ",$131 ,1029%,
2020,Lynn County,Wind,"$989,827 ","$1,152 ",-38%,
2020,Lynn County,Total Paid Loss,"$1,180,321 ","$1,374 ",-28%,859
2020,Madison County,Other,"$49,581 ",$42 ,122%,
2020,Madison County,Water,"$85,375 ",$72 ,-1%,
2020,Madison County,Wind,"$169,789 ",$144 ,-80%,
2020,Madison County,Fire,"$219,493 ",$186 ,202%,
2020,Madison County,Total Paid Loss,"$524,238 ",$444 ,-49%,"1,180"
2020,Marion County,Water,"$162,027 ",$79 ,-43%,
2020,Marion County,Other,"$223,825 ",$110 ,-37%,
2020,Marion County,Wind,"$779,338 ",$381 ,19%,
2020,Marion County,Fire,"$846,180 ",$414 ,-25%,
2020,Marion County,Total Paid Loss,"$2,011,370 ",$985 ,-17%,"2,043"
2020,Martin County,Other,"($16,713)",($23),-167%,
2020,Martin County,Water,"$14,248 ",$20 ,80%,
2020,Martin County,Fire,"$188,881 ",$265 ,-19%,
2020,Martin County,Wind,"$649,270 ",$909 ,66%,
2020,Martin County,Total Paid Loss,"$835,686 ","$1,170 ",27%,714
2020,Mason County,Other,"$10,479 ",$20 ,-50%,
2020,Mason County,Water,"$52,936 ",$103 ,22%,
2020,Mason County,Wind,"$154,645 ",$301 ,29%,
2020,Mason County,Fire,"$228,194 ",$445 ,0%,
2020,Mason County,Total Paid Loss,"$446,254 ",$870 ,142%,513
2020,Matagorda County,Other,"$74,064 ",$11 ,-52%,
2020,Matagorda County,Wind,"$109,760 ",$17 ,-73%,
2020,Matagorda County,Fire,"$810,277 ",$123 ,39%,
2020,Matagorda County,Water,"$1,056,656 ",$161 ,54%,
2020,Matagorda County,Total Paid Loss,"$2,050,757 ",$313 ,12%,"6,561"
2020,Maverick County,Other,"$119,612 ",$23 ,12%,
2020,Maverick County,Water,"$348,698 ",$66 ,-17%,
2020,Maverick County,Fire,"$832,379 ",$159 ,202%,
2020,Maverick County,Wind,"$2,151,313 ",$410 ,-27%,
2020,Maverick County,Total Paid Loss,"$3,452,002 ",$658 ,-8%,"5,246"
2020,McCulloch County,Other,"$9,262 ",$9 ,187%,
2020,McCulloch County,Water,"$55,034 ",$55 ,127%,
2020,McCulloch County,Fire,"$75,899 ",$76 ,-60%,
2020,McCulloch County,Wind,"$158,038 ",$159 ,-55%,
2020,McCulloch County,Total Paid Loss,"$298,233 ",$300 ,-48%,995
2020,McLennan County,Other,"$1,881,335 ",$44 ,69%,
2020,McLennan County,Water,"$3,968,815 ",$92 ,-23%,
2020,McLennan County,Fire,"$5,702,260 ",$132 ,-16%,
2020,McLennan County,Wind,"$32,591,478 ",$755 ,149%,
2020,McLennan County,Total Paid Loss,"$44,143,888 ","$1,022 ",69%,"43,196"
2020,McMullen County,Fire,$0 ,$0 ,0%,
2020,McMullen County,Other,$0 ,$0 ,-100%,
2020,McMullen County,Water,$0 ,$0 ,0%,
2020,McMullen County,Total Paid Loss,"$17,500 ",$257 ,4044%,68
2020,McMullen County,Wind,"$17,500 ",$257 ,0%,
2020,Medina County,Fire,"($63,793)",($9),-106%,
2020,Medina County,Other,"$329,538 ",$48 ,-49%,
2020,Medina County,Water,"$922,043 ",$134 ,37%,
2020,Medina County,Wind,"$2,479,290 ",$360 ,4%,
2020,Medina County,Total Paid Loss,"$3,667,078 ",$533 ,-22%,"6,879"
2020,Menard County,Other,$0 ,$0 ,0%,
2020,Menard County,Water,$0 ,$0 ,-100%,
2020,Menard County,Fire,"$10,260 ",$62 ,0%,
2020,Menard County,Wind,"$117,837 ",$714 ,182%,
2020,Menard County,Total Paid Loss,"$128,097 ",$776 ,202%,165
2020,Midland County,Other,"$779,097 ",$24 ,-39%,
2020,Midland County,Fire,"$3,007,098 ",$91 ,-44%,
2020,Midland County,Water,"$3,539,677 ",$108 ,15%,
2020,Midland County,Wind,"$19,435,284 ",$591 ,-87%,
2020,Midland County,Total Paid Loss,"$26,761,156 ",$813 ,-83%,"32,909"
2020,Milam County,Other,"$196,810 ",$77 ,49%,
2020,Milam County,Fire,"$205,126 ",$80 ,-50%,
2020,Milam County,Water,"$215,423 ",$84 ,-3%,
2020,Milam County,Wind,"$740,235 ",$289 ,-56%,
2020,Milam County,Total Paid Loss,"$1,357,594 ",$530 ,-44%,"2,563"
2020,Mills County,Fire,"$1,437 ",$3 ,-16%,
2020,Mills County,Wind,"$8,534 ",$19 ,-98%,
2020,Mills County,Other,"$9,496 ",$21 ,234%,
2020,Mills County,Water,"$43,178 ",$95 ,-8%,
2020,Mills County,Total Paid Loss,"$62,645 ",$138 ,-87%,455
2020,Mitchell County,Other,"$4,255 ",$6 ,-82%,
2020,Mitchell County,Fire,"$13,230 ",$19 ,-62%,
2020,Mitchell County,Water,"$28,244 ",$40 ,0%,
2020,Mitchell County,Wind,"$74,835 ",$107 ,-66%,
2020,Mitchell County,Total Paid Loss,"$120,564 ",$173 ,-57%,698
2020,Montague County,Water,"$281,481 ",$74 ,6%,
2020,Montague County,Other,"$373,505 ",$98 ,471%,
2020,Montague County,Fire,"$1,021,887 ",$268 ,152%,
2020,Montague County,Wind,"$6,742,869 ","$1,767 ",444%,
2020,Montague County,Total Paid Loss,"$8,419,742 ","$2,207 ",326%,"3,815"
2020,Montgomery County,Other,"$7,264,066 ",$52 ,-20%,
2020,Montgomery County,Fire,"$19,832,627 ",$141 ,-11%,
2020,Montgomery County,Water,"$24,620,046 ",$175 ,-6%,
2020,Montgomery County,Wind,"$79,608,009 ",$565 ,104%,
2020,Montgomery County,Total Paid Loss,"$131,324,748 ",$932 ,36%,"140,888"
2020,Moore County,Fire,"$71,857 ",$23 ,-57%,
2020,Moore County,Other,"$109,214 ",$36 ,209%,
2020,Moore County,Water,"$183,401 ",$60 ,25%,
2020,Moore County,Wind,"$677,868 ",$221 ,-55%,
2020,Moore County,Total Paid Loss,"$1,042,340 ",$339 ,-44%,"3,071"
2020,Morris County,Other,"$36,665 ",$17 ,-51%,
2020,Morris County,Water,"$200,100 ",$94 ,-34%,
2020,Morris County,Fire,"$997,232 ",$468 ,-5%,
2020,Morris County,Wind,"$2,256,714 ","$1,058 ",141%,
2020,Morris County,Total Paid Loss,"$3,490,711 ","$1,637 ",48%,"2,132"
2020,Motley County,Water,$0 ,$0 ,0%,
2020,Motley County,Fire,"$3,780 ",$25 ,0%,
2020,Motley County,Wind,"$5,845 ",$39 ,-95%,
2020,Motley County,Other,"$14,105 ",$94 ,0%,
2020,Motley County,Total Paid Loss,"$23,730 ",$158 ,-81%,150
2020,Nacogdoches County,Other,"$388,021 ",$40 ,-58%,
2020,Nacogdoches County,Water,"$678,602 ",$70 ,-25%,
2020,Nacogdoches County,Fire,"$1,855,881 ",$193 ,79%,
2020,Nacogdoches County,Wind,"$6,300,289 ",$654 ,70%,
2020,Nacogdoches County,Total Paid Loss,"$9,222,793 ",$957 ,40%,"9,633"
2020,Navarro County,Other,"$586,234 ",$91 ,21%,
2020,Navarro County,Water,"$665,662 ",$103 ,43%,
2020,Navarro County,Fire,"$762,734 ",$118 ,-55%,
2020,Navarro County,Wind,"$1,803,804 ",$280 ,-40%,
2020,Navarro County,Total Paid Loss,"$3,818,434 ",$592 ,-33%,"6,447"
2020,Newton County,Other,"$65,391 ",$43 ,172%,
2020,Newton County,Water,"$279,509 ",$184 ,43%,
2020,Newton County,Fire,"$542,714 ",$358 ,-38%,
2020,Newton County,Wind,"$8,818,439 ","$5,809 ",7739%,
2020,Newton County,Total Paid Loss,"$9,706,053 ","$6,394 ",704%,"1,518"
2020,Nolan County,Other,"$65,227 ",$31 ,22%,
2020,Nolan County,Fire,"$73,367 ",$35 ,-62%,
2020,Nolan County,Water,"$261,535 ",$124 ,31%,
2020,Nolan County,Wind,"$653,295 ",$310 ,-79%,
2020,Nolan County,Total Paid Loss,"$1,053,424 ",$499 ,-70%,"2,110"
2020,Nueces County,Other,"$1,398,529 ",$23 ,0%,
2020,Nueces County,Water,"$3,470,389 ",$58 ,-31%,
2020,Nueces County,Fire,"$5,061,907 ",$84 ,33%,
2020,Nueces County,Wind,"$6,741,311 ",$112 ,-39%,
2020,Nueces County,Total Paid Loss,"$16,672,136 ",$277 ,-22%,"60,160"
2020,Ochiltree County,Other,"$8,868 ",$7 ,-69%,
2020,Ochiltree County,Water,"$84,108 ",$65 ,-58%,
2020,Ochiltree County,Fire,"$93,539 ",$72 ,113%,
2020,Ochiltree County,Wind,"$527,910 ",$407 ,-33%,
2020,Ochiltree County,Total Paid Loss,"$714,425 ",$551 ,-32%,"1,296"
2020,Oldham County,Fire,$0 ,$0 ,-100%,
2020,Oldham County,Other,$0 ,$0 ,0%,
2020,Oldham County,Water,"$18,647 ",$67 ,19%,
2020,Oldham County,Wind,"$2,577,619 ","$9,272 ",133%,
2020,Oldham County,Total Paid Loss,"$2,596,266 ","$9,339 ",130%,278
2020,Orange County,Water,"$1,144,399 ",$67 ,-42%,
2020,Orange County,Other,"$2,202,428 ",$129 ,18%,
2020,Orange County,Fire,"$4,275,026 ",$251 ,-27%,
2020,Orange County,Wind,"$73,201,469 ","$4,300 ",4186%,
2020,Orange County,Total Paid Loss,"$80,823,322 ","$4,748 ",611%,"17,023"
2020,Palo Pinto County,Other,"$177,853 ",$30 ,73%,
2020,Palo Pinto County,Water,"$1,219,707 ",$204 ,41%,
2020,Palo Pinto County,Fire,"$2,102,799 ",$352 ,9%,
2020,Palo Pinto County,Wind,"$3,118,522 ",$522 ,53%,
2020,Palo Pinto County,Total Paid Loss,"$6,618,881 ","$1,107 ",34%,"5,979"
2020,Panola County,Water,"$392,375 ",$99 ,-19%,
2020,Panola County,Other,"$535,714 ",$135 ,33%,
2020,Panola County,Wind,"$2,489,689 ",$625 ,-6%,
2020,Panola County,Fire,"$2,780,660 ",$698 ,181%,
2020,Panola County,Total Paid Loss,"$6,198,438 ","$1,557 ",37%,"3,982"
2020,Parker County,Other,"$1,218,504 ",$39 ,-12%,
2020,Parker County,Water,"$4,499,375 ",$142 ,12%,
2020,Parker County,Fire,"$8,716,033 ",$275 ,106%,
2020,Parker County,Wind,"$53,565,255 ","$1,692 ",48%,
2020,Parker County,Total Paid Loss,"$67,999,167 ","$2,149 ",48%,"31,649"
2020,Parmer County,Other,"$12,883 ",$14 ,170%,
2020,Parmer County,Water,"$57,826 ",$63 ,80%,
2020,Parmer County,Fire,"$115,126 ",$125 ,411%,
2020,Parmer County,Wind,"$428,171 ",$463 ,-91%,
2020,Parmer County,Total Paid Loss,"$614,006 ",$665 ,-87%,924
2020,Pecos County,Other,"$52,671 ",$32 ,10%,
2020,Pecos County,Water,"$93,712 ",$57 ,-14%,
2020,Pecos County,Fire,"$234,936 ",$142 ,47%,
2020,Pecos County,Wind,"$1,872,211 ","$1,133 ",189%,
2020,Pecos County,Total Paid Loss,"$2,253,530 ","$1,363 ",134%,"1,653"
2020,Polk County,Other,"$1,139,103 ",$133 ,151%,
2020,Polk County,Water,"$1,450,392 ",$169 ,57%,
2020,Polk County,Fire,"$1,943,427 ",$227 ,-32%,
2020,Polk County,Wind,"$41,730,046 ","$4,871 ",898%,
2020,Polk County,Total Paid Loss,"$46,262,968 ","$5,400 ",451%,"8,567"
2020,Potter County,Other,"$1,237,120 ",$64 ,15%,
2020,Potter County,Fire,"$1,245,177 ",$64 ,-24%,
2020,Potter County,Water,"$1,505,156 ",$78 ,-13%,
2020,Potter County,Wind,"$28,007,994 ","$1,443 ",39%,
2020,Potter County,Total Paid Loss,"$31,995,447 ","$1,648 ",30%,"19,414"
2020,Presidio County,Fire,$614 ,$1 ,191%,
2020,Presidio County,Other,"$3,784 ",$6 ,37%,
2020,Presidio County,Wind,"$22,559 ",$34 ,-87%,
2020,Presidio County,Water,"$42,954 ",$64 ,14%,
2020,Presidio County,Total Paid Loss,"$69,911 ",$105 ,-67%,667
2020,Rains County,Other,"$21,209 ",$10 ,-59%,
2020,Rains County,Water,"$206,853 ",$97 ,-19%,
2020,Rains County,Fire,"$796,418 ",$374 ,200%,
2020,Rains County,Wind,"$1,015,477 ",$477 ,-20%,
2020,Rains County,Total Paid Loss,"$2,039,957 ",$959 ,10%,"2,128"
2020,Randall County,Other,"$1,820,953 ",$50 ,33%,
2020,Randall County,Fire,"$2,340,943 ",$65 ,-28%,
2020,Randall County,Water,"$3,392,175 ",$93 ,-11%,
2020,Randall County,Wind,"$40,489,282 ","$1,116 ",-55%,
2020,Randall County,Total Paid Loss,"$48,043,353 ","$1,324 ",-51%,"36,286"
2020,Reagan County,Fire,$0 ,$0 ,0%,
2020,Reagan County,Other,"$2,077 ",$6 ,0%,
2020,Reagan County,Water,"$3,473 ",$10 ,-87%,
2020,Reagan County,Wind,"$115,552 ",$340 ,-55%,
2020,Reagan County,Total Paid Loss,"$121,102 ",$356 ,-57%,340
2020,Real County,Water,"$7,643 ",$12 ,121%,
2020,Real County,Fire,"$15,958 ",$24 ,246%,
2020,Real County,Other,"$16,125 ",$24 ,365%,
2020,Real County,Wind,"$236,182 ",$356 ,-52%,
2020,Real County,Total Paid Loss,"$275,908 ",$416 ,-46%,663
2020,Red River County,Other,"$38,629 ",$23 ,107%,
2020,Red River County,Water,"$114,851 ",$68 ,-9%,
2020,Red River County,Wind,"$726,179 ",$429 ,233%,
2020,Red River County,Fire,"$726,610 ",$430 ,137%,
2020,Red River County,Total Paid Loss,"$1,606,269 ",$950 ,140%,"1,691"
2020,Reeves County,Fire,"$2,783 ",$3 ,-99%,
2020,Reeves County,Wind,"$17,976 ",$17 ,-87%,
2020,Reeves County,Other,"$24,983 ",$23 ,-26%,
2020,Reeves County,Water,"$46,067 ",$42 ,266%,
2020,Reeves County,Total Paid Loss,"$91,809 ",$84 ,-77%,"1,088"
2020,Refugio County,Other,"$35,398 ",$28 ,257%,
2020,Refugio County,Water,"$47,492 ",$38 ,81%,
2020,Refugio County,Fire,"$267,627 ",$215 ,329%,
2020,Refugio County,Wind,"$711,489 ",$571 ,-43%,
2020,Refugio County,Total Paid Loss,"$1,062,006 ",$852 ,-22%,"1,247"
2020,Roberts County,Water,$0 ,$0 ,-100%,
2020,Roberts County,Other,"$1,047 ",$10 ,-99%,
2020,Roberts County,Wind,"$46,776 ",$433 ,-82%,
2020,Roberts County,Fire,"$770,001 ","$7,130 ",0%,
2020,Roberts County,Total Paid Loss,"$817,824 ","$7,572 ",115%,108
2020,Robertson County,Fire,"$183,022 ",$87 ,-14%,
2020,Robertson County,Water,"$188,851 ",$90 ,15%,
2020,Robertson County,Other,"$366,065 ",$174 ,352%,
2020,Robertson County,Wind,"$567,090 ",$270 ,-88%,
2020,Robertson County,Total Paid Loss,"$1,305,028 ",$620 ,-75%,"2,104"
2020,Rockwall County,Other,"$1,594,097 ",$51 ,102%,
2020,Rockwall County,Water,"$6,124,680 ",$195 ,-18%,
2020,Rockwall County,Fire,"$6,237,766 ",$199 ,18%,
2020,Rockwall County,Wind,"$19,525,439 ",$622 ,-33%,
2020,Rockwall County,Total Paid Loss,"$33,481,982 ","$1,066 ",-21%,"31,407"
2020,Runnels County,Other,"$9,787 ",$8 ,8%,
2020,Runnels County,Fire,"$20,524 ",$16 ,-84%,
2020,Runnels County,Water,"$75,754 ",$60 ,50%,
2020,Runnels County,Wind,"$3,148,850 ","$2,483 ",421%,
2020,Runnels County,Total Paid Loss,"$3,254,915 ","$2,567 ",309%,"1,268"
2020,Rusk County,Water,"$376,126 ",$51 ,-49%,
2020,Rusk County,Other,"$600,403 ",$82 ,99%,
2020,Rusk County,Fire,"$921,797 ",$125 ,-52%,
2020,Rusk County,Wind,"$5,011,525 ",$681 ,49%,
2020,Rusk County,Total Paid Loss,"$6,909,851 ",$939 ,9%,"7,360"
2020,Sabine County,Other,"$53,206 ",$23 ,-55%,
2020,Sabine County,Water,"$141,869 ",$62 ,24%,
2020,Sabine County,Fire,"$424,911 ",$185 ,59%,
2020,Sabine County,Wind,"$5,665,221 ","$2,470 ",1117%,
2020,Sabine County,Total Paid Loss,"$6,285,207 ","$2,740 ",551%,"2,294"
2020,San Augustine County,Other,"$17,175 ",$14 ,41%,
2020,San Augustine County,Water,"$125,532 ",$102 ,40%,
2020,San Augustine County,Fire,"$277,333 ",$226 ,131%,
2020,San Augustine County,Wind,"$564,699 ",$460 ,-75%,
2020,San Augustine County,Total Paid Loss,"$984,739 ",$802 ,-60%,"1,228"
2020,San Jacinto County,Other,"$215,673 ",$36 ,12%,
2020,San Jacinto County,Water,"$425,983 ",$72 ,-37%,
2020,San Jacinto County,Wind,"$673,727 ",$113 ,-5%,
2020,San Jacinto County,Fire,"$2,140,626 ",$360 ,269%,
2020,San Jacinto County,Total Paid Loss,"$3,456,009 ",$581 ,60%,"5,949"
2020,San Patricio County,Other,"$414,260 ",$32 ,8%,
2020,San Patricio County,Water,"$675,091 ",$52 ,-11%,
2020,San Patricio County,Fire,"$1,336,525 ",$104 ,-41%,
2020,San Patricio County,Wind,"$2,198,078 ",$171 ,-69%,
2020,San Patricio County,Total Paid Loss,"$4,623,954 ",$359 ,-56%,"12,869"
2020,San Saba County,Water,"$39,316 ",$69 ,0%,
2020,San Saba County,Other,"$59,201 ",$104 ,507%,
2020,San Saba County,Wind,"$121,243 ",$213 ,141%,
2020,San Saba County,Fire,"$165,379 ",$291 ,6027%,
2020,San Saba County,Total Paid Loss,"$385,139 ",$677 ,513%,569
2020,Schleicher County,Water,"$1,178 ",$5 ,-17%,
2020,Schleicher County,Other,"$12,972 ",$56 ,110%,
2020,Schleicher County,Fire,"$23,606 ",$103 ,209%,
2020,Schleicher County,Wind,"$98,231 ",$427 ,66%,
2020,Schleicher County,Total Paid Loss,"$135,987 ",$591 ,83%,230
2020,Scurry County,Other,"$119,311 ",$57 ,96%,
2020,Scurry County,Water,"$184,367 ",$88 ,38%,
2020,Scurry County,Fire,"$207,764 ",$99 ,20%,
2020,Scurry County,Wind,"$282,347 ",$135 ,-73%,
2020,Scurry County,Total Paid Loss,"$793,789 ",$379 ,-44%,"2,094"
2020,Shackelford County,Other,"$30,962 ",$55 ,2657%,
2020,Shackelford County,Water,"$40,883 ",$73 ,-68%,
2020,Shackelford County,Wind,"$134,042 ",$240 ,-30%,
2020,Shackelford County,Fire,"$135,275 ",$242 ,-27%,
2020,Shackelford County,Total Paid Loss,"$341,162 ",$610 ,-32%,559
2020,Shelby County,Other,"$79,162 ",$27 ,15%,
2020,Shelby County,Water,"$208,708 ",$71 ,78%,
2020,Shelby County,Fire,"$771,797 ",$262 ,-76%,
2020,Shelby County,Wind,"$1,742,178 ",$592 ,192%,
2020,Shelby County,Total Paid Loss,"$2,801,845 ",$952 ,-29%,"2,944"
2020,Sherman County,Fire,$0 ,$0 ,-100%,
2020,Sherman County,Other,$0 ,$0 ,-100%,
2020,Sherman County,Water,"$10,000 ",$25 ,124%,
2020,Sherman County,Wind,"$464,671 ","$1,170 ",-92%,
2020,Sherman County,Total Paid Loss,"$474,671 ","$1,196 ",-92%,397
2020,Smith County,Other,"$2,429,920 ",$56 ,-6%,
2020,Smith County,Water,"$5,112,057 ",$117 ,-24%,
2020,Smith County,Fire,"$5,543,735 ",$127 ,-27%,
2020,Smith County,Wind,"$35,239,865 ",$805 ,21%,
2020,Smith County,Total Paid Loss,"$48,325,577 ","$1,104 ",5%,"43,761"
2020,Somervell County,Water,"$100,800 ",$81 ,-31%,
2020,Somervell County,Other,"$111,687 ",$90 ,583%,
2020,Somervell County,Wind,"$337,125 ",$272 ,-71%,
2020,Somervell County,Fire,"$843,579 ",$681 ,421%,
2020,Somervell County,Total Paid Loss,"$1,393,191 ","$1,125 ",-6%,"1,238"
2020,Starr County,Other,"$76,360 ",$18 ,-56%,
2020,Starr County,Fire,"$162,715 ",$39 ,49%,
2020,Starr County,Water,"$356,436 ",$86 ,-31%,
2020,Starr County,Wind,"$2,700,069 ",$654 ,99%,
2020,Starr County,Total Paid Loss,"$3,295,580 ",$798 ,53%,"4,129"
2020,Stephens County,Other,"$26,020 ",$20 ,-85%,
2020,Stephens County,Water,"$26,629 ",$21 ,-41%,
2020,Stephens County,Fire,"$197,470 ",$154 ,-47%,
2020,Stephens County,Wind,"$335,042 ",$261 ,-8%,
2020,Stephens County,Total Paid Loss,"$585,161 ",$456 ,-39%,"1,282"
2020,Sterling County,Fire,$0 ,$0 ,0%,
2020,Sterling County,Other,$0 ,$0 ,0%,
2020,Sterling County,Water,$0 ,$0 ,0%,
2020,Sterling County,Total Paid Loss,"$14,063 ",$162 ,-85%,87
2020,Sterling County,Wind,"$14,063 ",$162 ,-85%,
2020,Stonewall County,Water,$375 ,$2 ,-93%,
2020,Stonewall County,Fire,"$1,847 ",$10 ,-99%,
2020,Stonewall County,Other,"$9,638 ",$52 ,0%,
2020,Stonewall County,Wind,"$93,663 ",$504 ,86%,
2020,Stonewall County,Total Paid Loss,"$105,523 ",$567 ,-42%,186
2020,Sutton County,Fire,$0 ,$0 ,-100%,
2020,Sutton County,Other,"$17,382 ",$34 ,-27%,
2020,Sutton County,Water,"$22,697 ",$45 ,-76%,
2020,Sutton County,Wind,"$102,722 ",$202 ,-22%,
2020,Sutton County,Total Paid Loss,"$142,801 ",$281 ,-43%,508
2020,Swisher County,Fire,"$2,962 ",$4 ,-98%,
2020,Swisher County,Other,"$29,399 ",$42 ,247%,
2020,Swisher County,Water,"$73,986 ",$105 ,957%,
2020,Swisher County,Wind,"$448,065 ",$635 ,-55%,
2020,Swisher County,Total Paid Loss,"$554,412 ",$785 ,-53%,706
2020,Tarrant County,Other,"$22,005,629 ",$53 ,51%,
2020,Tarrant County,Fire,"$63,443,648 ",$153 ,10%,
2020,Tarrant County,Water,"$76,709,670 ",$184 ,-2%,
2020,Tarrant County,Wind,"$455,690,198 ","$1,096 ",10%,
2020,Tarrant County,Total Paid Loss,"$617,849,145 ","$1,486 ",9%,"415,832"
2020,Taylor County,Other,"$1,597,791 ",$60 ,16%,
2020,Taylor County,Water,"$2,380,660 ",$89 ,6%,
2020,Taylor County,Fire,"$3,389,425 ",$127 ,94%,
2020,Taylor County,Wind,"$8,218,528 ",$308 ,-29%,
2020,Taylor County,Total Paid Loss,"$15,586,404 ",$584 ,-8%,"26,683"
2020,Terrell County,Fire,$0 ,$0 ,-100%,
2020,Terrell County,Other,$0 ,$0 ,-100%,
2020,Terrell County,Water,$0 ,$0 ,0%,
2020,Terrell County,Total Paid Loss,"$1,030 ",$8 ,-95%,128
2020,Terrell County,Wind,"$1,030 ",$8 ,-93%,
2020,Terry County,Other,"$42,144 ",$36 ,98%,
2020,Terry County,Fire,"$46,464 ",$40 ,286%,
2020,Terry County,Water,"$55,752 ",$48 ,-47%,
2020,Terry County,Wind,"$140,450 ",$120 ,-73%,
2020,Terry County,Total Paid Loss,"$284,810 ",$243 ,-57%,"1,172"
2020,Throckmorton County,Other,$100 ,$1 ,-73%,
2020,Throckmorton County,Water,"$1,500 ",$10 ,0%,
2020,Throckmorton County,Wind,"$13,986 ",$93 ,-81%,
2020,Throckmorton County,Fire,"$361,561 ","$2,410 ",172%,
2020,Throckmorton County,Total Paid Loss,"$377,147 ","$2,514 ",81%,150
2020,Titus County,Other,"$122,068 ",$27 ,-58%,
2020,Titus County,Fire,"$525,972 ",$117 ,-47%,
2020,Titus County,Water,"$722,138 ",$161 ,69%,
2020,Titus County,Wind,"$3,607,663 ",$805 ,108%,
2020,Titus County,Total Paid Loss,"$4,977,841 ","$1,111 ",45%,"4,481"
2020,Tom Green County,Other,"$1,156,060 ",$53 ,113%,
2020,Tom Green County,Water,"$2,217,916 ",$102 ,18%,
2020,Tom Green County,Fire,"$3,450,925 ",$158 ,38%,
2020,Tom Green County,Wind,"$94,703,903 ","$4,337 ",754%,
2020,Tom Green County,Total Paid Loss,"$101,528,804 ","$4,649 ",534%,"21,837"
2020,Travis County,Other,"$11,969,036 ",$47 ,5%,
2020,Travis County,Fire,"$29,376,680 ",$115 ,-23%,
2020,Travis County,Water,"$43,684,798 ",$171 ,-4%,
2020,Travis County,Wind,"$51,728,005 ",$202 ,4%,
2020,Travis County,Total Paid Loss,"$136,758,519 ",$534 ,-6%,"256,208"
2020,Trinity County,Other,"$30,204 ",$13 ,-79%,
2020,Trinity County,Fire,"$317,616 ",$139 ,84%,
2020,Trinity County,Water,"$335,008 ",$146 ,17%,
2020,Trinity County,Wind,"$8,404,788 ","$3,665 ",772%,
2020,Trinity County,Total Paid Loss,"$9,087,616 ","$3,963 ",481%,"2,293"
2020,Tyler County,Other,"$86,270 ",$26 ,21%,
2020,Tyler County,Water,"$213,961 ",$65 ,-16%,
2020,Tyler County,Wind,"$682,240 ",$207 ,156%,
2020,Tyler County,Fire,"$1,424,234 ",$432 ,34%,
2020,Tyler County,Total Paid Loss,"$2,406,705 ",$730 ,45%,"3,297"
2020,Upshur County,Other,"$468,462 ",$70 ,75%,
2020,Upshur County,Water,"$594,815 ",$88 ,48%,
2020,Upshur County,Fire,"$2,857,945 ",$425 ,68%,
2020,Upshur County,Wind,"$4,542,018 ",$675 ,-21%,
2020,Upshur County,Total Paid Loss,"$8,463,240 ","$1,258 ",4%,"6,727"
2020,Upton County,Other,$0 ,$0 ,-100%,
2020,Upton County,Water,"$28,471 ",$80 ,-48%,
2020,Upton County,Wind,"$84,010 ",$235 ,-89%,
2020,Upton County,Fire,"$89,540 ",$250 ,-65%,
2020,Upton County,Total Paid Loss,"$202,021 ",$564 ,-81%,358
2020,Uvalde County,Other,"$67,780 ",$19 ,-38%,
2020,Uvalde County,Fire,"$242,080 ",$68 ,120%,
2020,Uvalde County,Water,"$272,383 ",$77 ,-47%,
2020,Uvalde County,Wind,"$911,302 ",$257 ,115%,
2020,Uvalde County,Total Paid Loss,"$1,493,545 ",$422 ,30%,"3,540"
2020,Val Verde County,Other,"$232,953 ",$34 ,-57%,
2020,Val Verde County,Water,"$519,294 ",$76 ,21%,
2020,Val Verde County,Fire,"$530,371 ",$78 ,40%,
2020,Val Verde County,Wind,"$42,381,458 ","$6,197 ",3544%,
2020,Val Verde County,Total Paid Loss,"$43,664,076 ","$6,385 ",1639%,"6,839"
2020,Van Zandt County,Other,"$989,012 ",$107 ,353%,
2020,Van Zandt County,Water,"$1,298,450 ",$141 ,34%,
2020,Van Zandt County,Fire,"$1,831,155 ",$199 ,-39%,
2020,Van Zandt County,Wind,"$4,274,686 ",$464 ,-35%,
2020,Van Zandt County,Total Paid Loss,"$8,393,303 ",$911 ,-22%,"9,211"
2020,Victoria County,Other,"$375,071 ",$27 ,-54%,
2020,Victoria County,Water,"$1,129,250 ",$83 ,45%,
2020,Victoria County,Wind,"$1,337,435 ",$98 ,-48%,
2020,Victoria County,Fire,"$2,406,715 ",$176 ,37%,
2020,Victoria County,Total Paid Loss,"$5,248,471 ",$384 ,-11%,"13,678"
2020,Walker County,Other,"$333,251 ",$39 ,129%,
2020,Walker County,Water,"$972,084 ",$113 ,13%,
2020,Walker County,Fire,"$1,400,274 ",$163 ,-53%,
2020,Walker County,Wind,"$11,221,192 ","$1,308 ",771%,
2020,Walker County,Total Paid Loss,"$13,926,801 ","$1,624 ",164%,"8,577"
2020,Waller County,Other,"$175,784 ",$27 ,-12%,
2020,Waller County,Fire,"$378,321 ",$57 ,-68%,
2020,Waller County,Water,"$691,489 ",$105 ,-15%,
2020,Waller County,Wind,"$2,809,293 ",$427 ,278%,
2020,Waller County,Total Paid Loss,"$4,054,887 ",$616 ,38%,"6,585"
2020,Ward County,Other,"$36,882 ",$23 ,105%,
2020,Ward County,Water,"$165,893 ",$105 ,72%,
2020,Ward County,Wind,"$235,577 ",$149 ,-37%,
2020,Ward County,Fire,"$832,178 ",$527 ,734%,
2020,Ward County,Total Paid Loss,"$1,270,530 ",$805 ,116%,"1,578"
2020,Washington County,Other,"$108,977 ",$21 ,-26%,
2020,Washington County,Water,"$365,871 ",$69 ,-50%,
2020,Washington County,Fire,"$937,055 ",$178 ,10%,
2020,Washington County,Wind,"$3,095,072 ",$587 ,457%,
2020,Washington County,Total Paid Loss,"$4,506,975 ",$854 ,97%,"5,275"
2020,Webb County,Other,"$934,977 ",$29 ,26%,
2020,Webb County,Fire,"$965,347 ",$30 ,-40%,
2020,Webb County,Water,"$4,132,427 ",$129 ,6%,
2020,Webb County,Wind,"$8,656,563 ",$271 ,-16%,
2020,Webb County,Total Paid Loss,"$14,689,314 ",$459 ,-11%,"31,972"
2020,Wharton County,Other,"$98,438 ",$24 ,12%,
2020,Wharton County,Water,"$198,069 ",$47 ,-9%,
2020,Wharton County,Fire,"$216,978 ",$52 ,-84%,
2020,Wharton County,Wind,"$291,913 ",$70 ,-46%,
2020,Wharton County,Total Paid Loss,"$805,398 ",$193 ,-64%,"4,173"
2020,Wheeler County,Other,"$9,204 ",$17 ,-47%,
2020,Wheeler County,Fire,"$17,324 ",$32 ,-82%,
2020,Wheeler County,Water,"$39,645 ",$74 ,963%,
2020,Wheeler County,Wind,"$79,091 ",$148 ,-68%,
2020,Wheeler County,Total Paid Loss,"$145,264 ",$272 ,-60%,535
2020,Wichita County,Other,"$652,242 ",$26 ,-9%,
2020,Wichita County,Water,"$3,230,672 ",$127 ,3%,
2020,Wichita County,Fire,"$3,463,301 ",$136 ,26%,
2020,Wichita County,Wind,"$22,026,624 ",$866 ,83%,
2020,Wichita County,Total Paid Loss,"$29,372,839 ","$1,155 ",57%,"25,436"
2020,Wilbarger County,Other,"$40,161 ",$29 ,-19%,
2020,Wilbarger County,Water,"$142,712 ",$102 ,41%,
2020,Wilbarger County,Fire,"$673,250 ",$479 ,1470%,
2020,Wilbarger County,Wind,"$1,144,328 ",$814 ,137%,
2020,Wilbarger County,Total Paid Loss,"$2,000,451 ","$1,423 ",196%,"1,406"
2020,Willacy County,Other,"$27,500 ",$18 ,-51%,
2020,Willacy County,Water,"$113,553 ",$75 ,3%,
2020,Willacy County,Fire,"$522,321 ",$343 ,-22%,
2020,Willacy County,Wind,"$4,507,269 ","$2,963 ",1198%,
2020,Willacy County,Total Paid Loss,"$5,170,643 ","$3,400 ",336%,"1,521"
2020,Williamson County,Other,"$4,387,563 ",$33 ,18%,
2020,Williamson County,Fire,"$15,546,850 ",$117 ,47%,
2020,Williamson County,Water,"$18,527,312 ",$140 ,-9%,
2020,Williamson County,Wind,"$172,248,533 ","$1,301 ",248%,
2020,Williamson County,Total Paid Loss,"$210,710,258 ","$1,592 ",151%,"132,347"
2020,Wilson County,Other,"$752,729 ",$98 ,216%,
2020,Wilson County,Water,"$771,580 ",$101 ,-16%,
2020,Wilson County,Fire,"$1,300,384 ",$169 ,-34%,
2020,Wilson County,Wind,"$2,544,930 ",$332 ,131%,
2020,Wilson County,Total Paid Loss,"$5,369,623 ",$700 ,27%,"7,676"
2020,Winkler County,Fire,"$14,540 ",$15 ,1312%,
2020,Winkler County,Other,"$14,918 ",$15 ,41%,
2020,Winkler County,Water,"$20,586 ",$21 ,-47%,
2020,Winkler County,Wind,"$480,607 ",$488 ,-36%,
2020,Winkler County,Total Paid Loss,"$530,651 ",$539 ,-34%,984
2020,Wise County,Other,"$484,876 ",$39 ,20%,
2020,Wise County,Water,"$1,470,897 ",$117 ,-2%,
2020,Wise County,Fire,"$2,788,175 ",$223 ,-4%,
2020,Wise County,Wind,"$7,867,550 ",$628 ,-40%,
2020,Wise County,Total Paid Loss,"$12,611,498 ","$1,007 ",-29%,"12,521"
2020,Wood County,Other,"$162,215 ",$16 ,-33%,
2020,Wood County,Water,"$942,821 ",$92 ,-31%,
2020,Wood County,Fire,"$1,004,972 ",$99 ,40%,
2020,Wood County,Wind,"$6,956,780 ",$682 ,-23%,
2020,Wood County,Total Paid Loss,"$9,066,788 ",$889 ,-20%,"10,195"
2020,Yoakum County,Other,"$6,142 ",$6 ,-66%,
2020,Yoakum County,Water,"$23,581 ",$23 ,-43%,
2020,Yoakum County,Wind,"$35,992 ",$36 ,-87%,
2020,Yoakum County,Fire,"$509,856 ",$507 ,1225%,
2020,Yoakum County,Total Paid Loss,"$575,571 ",$573 ,49%,"1,005"
2020,Young County,Other,"$86,808 ",$25 ,194%,
2020,Young County,Water,"$352,380 ",$100 ,64%,
2020,Young County,Fire,"$379,403 ",$107 ,-10%,
2020,Young County,Wind,"$1,769,307 ",$501 ,130%,
2020,Young County,Total Paid Loss,"$2,587,898 ",$733 ,80%,"3,532"
2020,Zapata County,Other,"$26,117 ",$21 ,55%,
2020,Zapata County,Water,"$55,859 ",$45 ,-67%,
2020,Zapata County,Fire,"$194,194 ",$155 ,68%,
2020,Zapata County,Wind,"$1,718,906 ","$1,374 ",626%,
2020,Zapata County,Total Paid Loss,"$1,995,076 ","$1,595 ",269%,"1,251"
2020,Zavala County,Water,"$19,910 ",$24 ,-38%,
2020,Zavala County,Wind,"$91,992 ",$110 ,-62%,
2020,Zavala County,Other,"$104,058 ",$125 ,403%,
2020,Zavala County,Fire,"$107,351 ",$129 ,4629%,
2020,Zavala County,Total Paid Loss,"$323,311 ",$387 ,8%,835
2021,Anderson County,Other,"$754,033 ",$96 ,51%,
2021,Anderson County,Water,"$2,262,033 ",$288 ,173%,
2021,Anderson County,Wind,"$3,013,516 ",$383 ,-53%,
2021,Anderson County,Fire,"$3,939,453 ",$501 ,21%,
2021,Anderson County,Total Paid Loss,"$9,969,035 ","$1,267 ",-9%,"7,866"
2021,Andrews County,Other,"$107,543 ",$42 ,229%,
2021,Andrews County,Water,"$219,373 ",$85 ,-20%,
2021,Andrews County,Wind,"$526,520 ",$204 ,-24%,
2021,Andrews County,Fire,"$1,208,753 ",$468 ,10055%,
2021,Andrews County,Total Paid Loss,"$2,062,189 ",$798 ,104%,"2,585"
2021,Angelina County,Wind,"$2,153,775 ",$147 ,-3%,
2021,Angelina County,Other,"$2,511,808 ",$172 ,178%,
2021,Angelina County,Fire,"$3,815,183 ",$261 ,79%,
2021,Angelina County,Water,"$5,301,709 ",$363 ,380%,
2021,Angelina County,Total Paid Loss,"$13,782,475 ",$943 ,117%,"14,621"
2021,Aransas County,Other,"$304,275 ",$45 ,-24%,
2021,Aransas County,Fire,"$315,708 ",$47 ,-55%,
2021,Aransas County,Wind,"$1,295,320 ",$192 ,-78%,
2021,Aransas County,Water,"$2,256,810 ",$334 ,256%,
2021,Aransas County,Total Paid Loss,"$4,172,113 ",$618 ,-44%,"6,756"
2021,Archer County,Other,"$32,979 ",$34 ,-19%,
2021,Archer County,Wind,"$656,550 ",$681 ,-38%,
2021,Archer County,Fire,"$665,620 ",$690 ,-38%,
2021,Archer County,Water,"$684,839 ",$710 ,166%,
2021,Archer County,Total Paid Loss,"$2,039,988 ","$2,116 ",-16%,964
2021,Armstrong County,Water,"$9,406 ",$25 ,-72%,
2021,Armstrong County,Other,"$10,886 ",$29 ,-71%,
2021,Armstrong County,Fire,"$16,071 ",$43 ,0%,
2021,Armstrong County,Wind,"$1,297,788 ","$3,508 ",567%,
2021,Armstrong County,Total Paid Loss,"$1,334,151 ","$3,606 ",402%,370
2021,Atascosa County,Other,"$379,842 ",$61 ,80%,
2021,Atascosa County,Fire,"$800,725 ",$128 ,101%,
2021,Atascosa County,Water,"$1,932,347 ",$309 ,145%,
2021,Atascosa County,Wind,"$1,936,698 ",$310 ,87%,
2021,Atascosa County,Total Paid Loss,"$5,049,612 ",$808 ,107%,"6,248"
2021,Austin County,Other,"$427,827 ",$93 ,225%,
2021,Austin County,Fire,"$943,811 ",$205 ,54%,
2021,Austin County,Wind,"$2,814,261 ",$612 ,371%,
2021,Austin County,Water,"$3,980,829 ",$865 ,678%,
2021,Austin County,Total Paid Loss,"$8,166,728 ","$1,775 ",340%,"4,601"
2021,Bailey County,Other,"$8,626 ",$12 ,-61%,
2021,Bailey County,Fire,"$37,485 ",$53 ,1080%,
2021,Bailey County,Water,"$91,742 ",$131 ,72%,
2021,Bailey County,Wind,"$294,335 ",$420 ,319%,
2021,Bailey County,Total Paid Loss,"$432,188 ",$617 ,191%,701
2021,Bandera County,Other,"$211,820 ",$45 ,25%,
2021,Bandera County,Fire,"$832,811 ",$176 ,448%,
2021,Bandera County,Wind,"$1,713,751 ",$363 ,-53%,
2021,Bandera County,Water,"$1,888,342 ",$400 ,705%,
2021,Bandera County,Total Paid Loss,"$4,646,724 ",$984 ,11%,"4,722"
2021,Bastrop County,Other,"$746,222 ",$45 ,47%,
2021,Bastrop County,Fire,"$2,860,483 ",$174 ,-4%,
2021,Bastrop County,Water,"$4,601,345 ",$280 ,269%,
2021,Bastrop County,Wind,"$13,825,323 ",$842 ,295%,
2021,Bastrop County,Total Paid Loss,"$22,033,373 ","$1,342 ",168%,"16,414"
2021,Baylor County,Other,"$11,650 ",$22 ,380%,
2021,Baylor County,Water,"$15,389 ",$29 ,-58%,
2021,Baylor County,Fire,"$22,968 ",$43 ,75%,
2021,Baylor County,Wind,"$65,757 ",$124 ,-94%,
2021,Baylor County,Total Paid Loss,"$115,764 ",$218 ,-90%,532
2021,Bee County,Other,"$21,825 ",$10 ,-82%,
2021,Bee County,Fire,"$25,514 ",$12 ,249%,
2021,Bee County,Water,"$166,931 ",$75 ,126%,
2021,Bee County,Wind,"$289,144 ",$131 ,50%,
2021,Bee County,Total Paid Loss,"$503,414 ",$228 ,27%,"2,212"
2021,Bell County,Other,"$6,343,335 ",$88 ,216%,
2021,Bell County,Fire,"$8,293,481 ",$116 ,29%,
2021,Bell County,Wind,"$16,663,627 ",$232 ,22%,
2021,Bell County,Water,"$25,660,486 ",$358 ,299%,
2021,Bell County,Total Paid Loss,"$56,960,929 ",$794 ,99%,"71,762"
2021,Bexar County,Other,"$34,690,834 ",$86 ,81%,
2021,Bexar County,Fire,"$49,058,652 ",$122 ,31%,
2021,Bexar County,Water,"$169,168,835 ",$422 ,123%,
2021,Bexar County,Wind,"$211,883,311 ",$528 ,-34%,
2021,Bexar County,Total Paid Loss,"$464,801,632 ","$1,159 ",2%,"401,116"
2021,Blanco County,Fire,"$18,489 ",$8 ,-97%,
2021,Blanco County,Other,"$75,582 ",$31 ,763%,
2021,Blanco County,Wind,"$314,269 ",$129 ,-85%,
2021,Blanco County,Water,"$1,019,641 ",$418 ,913%,
2021,Blanco County,Total Paid Loss,"$1,427,981 ",$586 ,-50%,"2,438"
2021,Borden County,Fire,$0 ,$0 ,-100%,
2021,Borden County,Other,$0 ,$0 ,0%,
2021,Borden County,Wind,$0 ,$0 ,-100%,
2021,Borden County,Total Paid Loss,"$13,022 ",$434 ,-70%,30
2021,Borden County,Water,"$13,022 ",$434 ,1602%,
2021,Bosque County,Other,"$83,438 ",$22 ,36%,
2021,Bosque County,Water,"$1,338,140 ",$359 ,221%,
2021,Bosque County,Wind,"$3,316,132 ",$889 ,36%,
2021,Bosque County,Fire,"$3,722,448 ",$998 ,-72%,
2021,Bosque County,Total Paid Loss,"$8,460,158 ","$2,268 ",-48%,"3,730"
2021,Bowie County,Other,"$1,798,013 ",$107 ,495%,
2021,Bowie County,Fire,"$2,708,022 ",$162 ,-5%,
2021,Bowie County,Water,"$4,134,965 ",$247 ,218%,
2021,Bowie County,Wind,"$10,476,606 ",$625 ,104%,
2021,Bowie County,Total Paid Loss,"$19,117,606 ","$1,141 ",99%,"16,750"
2021,Brazoria County,Other,"$3,137,711 ",$36 ,-6%,
2021,Brazoria County,Fire,"$12,922,511 ",$147 ,7%,
2021,Brazoria County,Wind,"$13,394,821 ",$153 ,75%,
2021,Brazoria County,Water,"$84,064,191 ",$958 ,741%,
2021,Brazoria County,Total Paid Loss,"$113,519,234 ","$1,294 ",244%,"87,745"
2021,Brazos County,Other,"$1,165,436 ",$35 ,-15%,
2021,Brazos County,Fire,"$5,087,725 ",$153 ,230%,
2021,Brazos County,Water,"$14,397,598 ",$433 ,238%,
2021,Brazos County,Wind,"$98,060,548 ","$2,946 ",138%,
2021,Brazos County,Total Paid Loss,"$118,711,307 ","$3,567 ",145%,"33,282"
2021,Brewster County,Other,"$62,064 ",$35 ,30%,
2021,Brewster County,Water,"$150,642 ",$84 ,90%,
2021,Brewster County,Fire,"$168,952 ",$94 ,151%,
2021,Brewster County,Wind,"$196,528 ",$110 ,-34%,
2021,Brewster County,Total Paid Loss,"$578,186 ",$322 ,18%,"1,794"
2021,Briscoe County,Other,"$3,034 ",$15 ,-55%,
2021,Briscoe County,Fire,"$5,541 ",$27 ,140%,
2021,Briscoe County,Water,"$102,745 ",$501 ,1982%,
2021,Briscoe County,Wind,"$148,211 ",$723 ,-94%,
2021,Briscoe County,Total Paid Loss,"$259,531 ","$1,266 ",-89%,205
2021,Brooks County,Fire,$616 ,$1 ,-95%,
2021,Brooks County,Other,"$2,061 ",$4 ,387%,
2021,Brooks County,Water,"$30,379 ",$57 ,1334%,
2021,Brooks County,Wind,"$182,278 ",$343 ,-9%,
2021,Brooks County,Total Paid Loss,"$215,334 ",$406 ,0%,531
2021,Brown County,Other,"$397,752 ",$69 ,88%,
2021,Brown County,Fire,"$941,526 ",$164 ,15%,
2021,Brown County,Water,"$1,285,770 ",$224 ,223%,
2021,Brown County,Wind,"$2,087,922 ",$363 ,46%,
2021,Brown County,Total Paid Loss,"$4,712,970 ",$820 ,65%,"5,747"
2021,Burleson County,Other,"$119,814 ",$50 ,122%,
2021,Burleson County,Fire,"$248,954 ",$103 ,-76%,
2021,Burleson County,Wind,"$277,437 ",$115 ,-63%,
2021,Burleson County,Water,"$696,757 ",$289 ,511%,
2021,Burleson County,Total Paid Loss,"$1,342,962 ",$557 ,-32%,"2,413"
2021,Burnet County,Other,"$596,308 ",$59 ,137%,
2021,Burnet County,Fire,"$2,783,399 ",$275 ,-6%,
2021,Burnet County,Water,"$4,461,256 ",$440 ,286%,
2021,Burnet County,Wind,"$19,657,186 ","$1,940 ",871%,
2021,Burnet County,Total Paid Loss,"$27,498,149 ","$2,713 ",330%,"10,135"
2021,Caldwell County,Other,"$150,479 ",$29 ,14%,
2021,Caldwell County,Fire,"$756,785 ",$147 ,671%,
2021,Caldwell County,Water,"$1,194,088 ",$232 ,195%,
2021,Caldwell County,Wind,"$2,342,939 ",$454 ,-59%,
2021,Caldwell County,Total Paid Loss,"$4,444,291 ",$862 ,-30%,"5,156"
2021,Calhoun County,Fire,"$323,995 ",$80 ,68%,
2021,Calhoun County,Wind,"$417,606 ",$103 ,233%,
2021,Calhoun County,Other,"$474,758 ",$117 ,-35%,
2021,Calhoun County,Water,"$1,395,535 ",$345 ,615%,
2021,Calhoun County,Total Paid Loss,"$2,611,894 ",$646 ,111%,"4,045"
2021,Callahan County,Fire,"$36,068 ",$18 ,-81%,
2021,Callahan County,Other,"$97,171 ",$47 ,144%,
2021,Callahan County,Wind,"$362,772 ",$176 ,-43%,
2021,Callahan County,Water,"$371,307 ",$180 ,275%,
2021,Callahan County,Total Paid Loss,"$867,318 ",$421 ,-10%,"2,058"
2021,Cameron County,Other,"$1,598,712 ",$34 ,21%,
2021,Cameron County,Water,"$3,160,016 ",$67 ,-5%,
2021,Cameron County,Fire,"$4,470,208 ",$94 ,17%,
2021,Cameron County,Wind,"$5,848,827 ",$123 ,-30%,
2021,Cameron County,Total Paid Loss,"$15,077,763 ",$318 ,-11%,"47,377"
2021,Camp County,Other,"$154,114 ",$58 ,181%,
2021,Camp County,Fire,"$480,103 ",$181 ,55%,
2021,Camp County,Water,"$658,908 ",$248 ,429%,
2021,Camp County,Wind,"$3,120,251 ","$1,175 ",220%,
2021,Camp County,Total Paid Loss,"$4,413,376 ","$1,662 ",201%,"2,656"
2021,Carson County,Other,"$15,431 ",$15 ,-78%,
2021,Carson County,Water,"$39,997 ",$39 ,78%,
2021,Carson County,Fire,"$63,693 ",$62 ,-71%,
2021,Carson County,Wind,"$915,629 ",$894 ,38%,
2021,Carson County,Total Paid Loss,"$1,034,750 ","$1,010 ",7%,"1,024"
2021,Cass County,Other,"$658,083 ",$128 ,361%,
2021,Cass County,Water,"$1,128,022 ",$219 ,207%,
2021,Cass County,Wind,"$1,922,196 ",$374 ,-56%,
2021,Cass County,Fire,"$2,643,058 ",$514 ,145%,
2021,Cass County,Total Paid Loss,"$6,351,359 ","$1,235 ",7%,"5,141"
2021,Castro County,Other,"$31,288 ",$43 ,0%,
2021,Castro County,Water,"$41,865 ",$58 ,-27%,
2021,Castro County,Wind,"$51,506 ",$71 ,-42%,
2021,Castro County,Fire,"$81,063 ",$112 ,3825%,
2021,Castro County,Total Paid Loss,"$205,722 ",$284 ,40%,724
2021,Chambers County,Other,"$533,661 ",$52 ,-11%,
2021,Chambers County,Fire,"$1,141,299 ",$112 ,-18%,
2021,Chambers County,Wind,"$1,851,847 ",$182 ,56%,
2021,Chambers County,Water,"$7,128,925 ",$699 ,461%,
2021,Chambers County,Total Paid Loss,"$10,655,732 ","$1,044 ",139%,"10,202"
2021,Cherokee County,Other,"$823,586 ",$83 ,54%,
2021,Cherokee County,Fire,"$2,231,771 ",$225 ,4%,
2021,Cherokee County,Water,"$4,110,403 ",$414 ,403%,
2021,Cherokee County,Wind,"$4,726,730 ",$476 ,-42%,
2021,Cherokee County,Total Paid Loss,"$11,892,490 ","$1,197 ",2%,"9,938"
2021,Childress County,Other,"$15,076 ",$15 ,60%,
2021,Childress County,Fire,"$83,633 ",$82 ,-90%,
2021,Childress County,Water,"$240,134 ",$235 ,110%,
2021,Childress County,Wind,"$281,550 ",$275 ,13%,
2021,Childress County,Total Paid Loss,"$620,393 ",$607 ,-49%,"1,022"
2021,Clay County,Other,"$22,123 ",$18 ,-53%,
2021,Clay County,Fire,"$110,491 ",$89 ,336%,
2021,Clay County,Water,"$179,713 ",$144 ,-3%,
2021,Clay County,Wind,"$415,536 ",$333 ,-79%,
2021,Clay County,Total Paid Loss,"$727,863 ",$584 ,-68%,"1,247"
2021,Cochran County,Fire,$0 ,$0 ,-100%,
2021,Cochran County,Water,$0 ,$0 ,-100%,
2021,Cochran County,Other,$72 ,$0 ,-94%,
2021,Cochran County,Wind,"$186,446 ",$790 ,300%,
2021,Cochran County,Total Paid Loss,"$186,518 ",$790 ,66%,236
2021,Coke County,Other,"$5,593 ",$16 ,78%,
2021,Coke County,Water,"$28,406 ",$83 ,642%,
2021,Coke County,Wind,"$92,380 ",$269 ,6%,
2021,Coke County,Fire,"$174,500 ",$509 ,258%,
2021,Coke County,Total Paid Loss,"$300,879 ",$877 ,111%,343
2021,Coleman County,Other,"$9,372 ",$10 ,-61%,
2021,Coleman County,Fire,"$225,944 ",$245 ,195%,
2021,Coleman County,Water,"$232,724 ",$252 ,109%,
2021,Coleman County,Wind,"$318,380 ",$345 ,203%,
2021,Coleman County,Total Paid Loss,"$786,420 ",$851 ,148%,924
2021,Collin County,Other,"$27,653,932 ",$111 ,90%,
2021,Collin County,Fire,"$51,559,154 ",$206 ,58%,
2021,Collin County,Wind,"$168,984,393 ",$676 ,39%,
2021,Collin County,Water,"$420,273,050 ","$1,682 ",585%,
2021,Collin County,Total Paid Loss,"$668,470,529 ","$2,675 ",190%,"249,930"
2021,Collingsworth County,Fire,$0 ,$0 ,0%,
2021,Collingsworth County,Other,"$4,088 ",$11 ,-64%,
2021,Collingsworth County,Water,"$19,198 ",$52 ,-38%,
2021,Collingsworth County,Wind,"$77,036 ",$210 ,-59%,
2021,Collingsworth County,Total Paid Loss,"$100,322 ",$273 ,-56%,367
2021,Colorado County,Other,"$86,092 ",$32 ,-34%,
2021,Colorado County,Wind,"$499,534 ",$183 ,46%,
2021,Colorado County,Water,"$1,086,824 ",$398 ,367%,
2021,Colorado County,Fire,"$1,957,742 ",$717 ,21%,
2021,Colorado County,Total Paid Loss,"$3,630,192 ","$1,329 ",56%,"2,731"
2021,Comal County,Other,"$3,600,488 ",$65 ,155%,
2021,Comal County,Fire,"$4,882,815 ",$88 ,-30%,
2021,Comal County,Water,"$26,331,048 ",$475 ,244%,
2021,Comal County,Wind,"$53,841,644 ",$972 ,448%,
2021,Comal County,Total Paid Loss,"$88,655,995 ","$1,600 ",242%,"55,394"
2021,Comanche County,Other,"$35,136 ",$22 ,24%,
2021,Comanche County,Fire,"$249,887 ",$160 ,2047%,
2021,Comanche County,Water,"$423,570 ",$270 ,447%,
2021,Comanche County,Wind,"$594,607 ",$380 ,13%,
2021,Comanche County,Total Paid Loss,"$1,303,200 ",$832 ,102%,"1,566"
2021,Concho County,Fire,"$2,795 ",$9 ,-44%,
2021,Concho County,Water,"$22,288 ",$73 ,53%,
2021,Concho County,Other,"$27,673 ",$91 ,610%,
2021,Concho County,Wind,"$104,780 ",$345 ,-36%,
2021,Concho County,Total Paid Loss,"$157,536 ",$518 ,-16%,304
2021,Cooke County,Other,"$403,261 ",$60 ,56%,
2021,Cooke County,Fire,"$1,639,097 ",$244 ,38%,
2021,Cooke County,Water,"$2,441,806 ",$363 ,205%,
2021,Cooke County,Wind,"$2,553,214 ",$379 ,-66%,
2021,Cooke County,Total Paid Loss,"$7,037,378 ","$1,046 ",-28%,"6,730"
2021,Coryell County,Other,"$1,205,942 ",$101 ,152%,
2021,Coryell County,Fire,"$2,302,484 ",$193 ,196%,
2021,Coryell County,Water,"$3,196,792 ",$268 ,231%,
2021,Coryell County,Wind,"$3,793,847 ",$319 ,-13%,
2021,Coryell County,Total Paid Loss,"$10,499,065 ",$882 ,59%,"11,910"
2021,Cottle County,Fire,$0 ,$0 ,-100%,
2021,Cottle County,Other,$0 ,$0 ,-100%,
2021,Cottle County,Wind,"$91,948 ",$511 ,57%,
2021,Cottle County,Water,"$126,162 ",$701 ,4467%,
2021,Cottle County,Total Paid Loss,"$218,110 ","$1,212 ",210%,180
2021,Crane County,Fire,"$1,463 ",$2 ,0%,
2021,Crane County,Other,"$10,243 ",$16 ,-64%,
2021,Crane County,Water,"$54,693 ",$87 ,154%,
2021,Crane County,Wind,"$221,564 ",$354 ,-12%,
2021,Crane County,Total Paid Loss,"$287,963 ",$460 ,-5%,626
2021,Crockett County,Fire,$0 ,$0 ,0%,
2021,Crockett County,Other,"$2,395 ",$6 ,135%,
2021,Crockett County,Water,"$49,782 ",$126 ,143%,
2021,Crockett County,Wind,"$223,908 ",$567 ,56%,
2021,Crockett County,Total Paid Loss,"$276,085 ",$699 ,67%,395
2021,Crosby County,Fire,$0 ,$0 ,-100%,
2021,Crosby County,Other,"$19,474 ",$28 ,-40%,
2021,Crosby County,Water,"$53,586 ",$78 ,729%,
2021,Crosby County,Wind,"$255,972 ",$372 ,-56%,
2021,Crosby County,Total Paid Loss,"$329,032 ",$478 ,-48%,689
2021,Culberson County,Fire,$0 ,$0 ,0%,
2021,Culberson County,Other,$0 ,$0 ,-100%,
2021,Culberson County,Water,"$3,646 ",$16 ,624%,
2021,Culberson County,Wind,"$35,008 ",$154 ,-50%,
2021,Culberson County,Total Paid Loss,"$38,654 ",$170 ,-48%,227
2021,Dallam County,Other,"$29,690 ",$18 ,228%,
2021,Dallam County,Water,"$98,841 ",$60 ,129%,
2021,Dallam County,Wind,"$797,913 ",$481 ,423%,
2021,Dallam County,Fire,"$1,404,057 ",$846 ,11843%,
2021,Dallam County,Total Paid Loss,"$2,330,501 ","$1,405 ",976%,"1,659"
2021,Dallas County,Other,"$37,431,974 ",$89 ,15%,
2021,Dallas County,Fire,"$94,929,502 ",$225 ,13%,
2021,Dallas County,Wind,"$299,857,476 ",$709 ,-54%,
2021,Dallas County,Water,"$607,915,624 ","$1,438 ",394%,
2021,Dallas County,Total Paid Loss,"$1,040,134,576 ","$2,460 ",17%,"422,793"
2021,Dawson County,Other,"$144,848 ",$120 ,139%,
2021,Dawson County,Fire,"$183,402 ",$152 ,143%,
2021,Dawson County,Water,"$264,123 ",$219 ,183%,
2021,Dawson County,Wind,"$11,680,069 ","$9,677 ",6439%,
2021,Dawson County,Total Paid Loss,"$12,272,442 ","$10,168 ",2909%,"1,207"
2021,Deaf Smith County,Fire,"$26,536 ",$12 ,-86%,
2021,Deaf Smith County,Other,"$76,816 ",$34 ,75%,
2021,Deaf Smith County,Water,"$82,673 ",$37 ,-34%,
2021,Deaf Smith County,Wind,"$676,018 ",$303 ,-37%,
2021,Deaf Smith County,Total Paid Loss,"$862,043 ",$386 ,-40%,"2,233"
2021,Delta County,Other,"$14,159 ",$18 ,-77%,
2021,Delta County,Fire,"$20,276 ",$26 ,-48%,
2021,Delta County,Water,"$250,397 ",$322 ,187%,
2021,Delta County,Wind,"$289,531 ",$372 ,10%,
2021,Delta County,Total Paid Loss,"$574,363 ",$738 ,27%,778
2021,Denton County,Other,"$18,326,279 ",$85 ,63%,
2021,Denton County,Fire,"$44,017,641 ",$204 ,32%,
2021,Denton County,Wind,"$248,341,638 ","$1,154 ",125%,
2021,Denton County,Water,"$298,198,115 ","$1,385 ",463%,
2021,Denton County,Total Paid Loss,"$608,883,673 ","$2,829 ",193%,"215,266"
2021,DeWitt County,Other,"$46,425 ",$21 ,-33%,
2021,DeWitt County,Wind,"$114,730 ",$51 ,-44%,
2021,DeWitt County,Water,"$456,918 ",$204 ,486%,
2021,DeWitt County,Fire,"$1,150,270 ",$513 ,29%,
2021,DeWitt County,Total Paid Loss,"$1,768,343 ",$788 ,42%,"2,244"
2021,Dickens County,Fire,$0 ,$0 ,-100%,
2021,Dickens County,Water,"$14,732 ",$60 ,0%,
2021,Dickens County,Other,"$21,395 ",$87 ,499%,
2021,Dickens County,Wind,"$149,033 ",$603 ,196%,
2021,Dickens County,Total Paid Loss,"$185,160 ",$750 ,5%,247
2021,Dimmit County,Other,"$8,055 ",$8 ,-46%,
2021,Dimmit County,Water,"$102,822 ",$105 ,68%,
2021,Dimmit County,Wind,"$336,821 ",$345 ,316%,
2021,Dimmit County,Fire,"$393,413 ",$403 ,1298%,
2021,Dimmit County,Total Paid Loss,"$841,111 ",$861 ,354%,977
2021,Donley County,Other,"$3,026 ",$6 ,68%,
2021,Donley County,Fire,"$14,745 ",$27 ,769%,
2021,Donley County,Water,"$60,136 ",$110 ,548%,
2021,Donley County,Wind,"$369,569 ",$677 ,-5%,
2021,Donley County,Total Paid Loss,"$447,476 ",$820 ,11%,546
2021,Duval County,Other,"$116,540 ",$117 ,197%,
2021,Duval County,Wind,"$116,797 ",$118 ,19%,
2021,Duval County,Fire,"$281,509 ",$284 ,199589%,
2021,Duval County,Water,"$553,713 ",$558 ,354%,
2021,Duval County,Total Paid Loss,"$1,068,559 ","$1,077 ",311%,992
2021,Eastland County,Other,"$102,084 ",$36 ,77%,
2021,Eastland County,Fire,"$109,019 ",$38 ,-79%,
2021,Eastland County,Water,"$879,868 ",$310 ,303%,
2021,Eastland County,Wind,"$1,339,414 ",$472 ,96%,
2021,Eastland County,Total Paid Loss,"$2,430,385 ",$857 ,64%,"2,837"
2021,Ector County,Other,"$1,153,400 ",$40 ,-29%,
2021,Ector County,Fire,"$2,218,634 ",$77 ,-38%,
2021,Ector County,Water,"$3,453,827 ",$120 ,121%,
2021,Ector County,Wind,"$5,288,573 ",$183 ,-77%,
2021,Ector County,Total Paid Loss,"$12,114,434 ",$419 ,-60%,"28,888"
2021,Edwards County,Other,"$8,196 ",$23 ,88%,
2021,Edwards County,Wind,"$41,863 ",$117 ,-25%,
2021,Edwards County,Water,"$67,161 ",$188 ,-57%,
2021,Edwards County,Fire,"$96,346 ",$269 ,810%,
2021,Edwards County,Total Paid Loss,"$213,566 ",$597 ,-6%,358
2021,El Paso County,Other,"$4,694,459 ",$29 ,-1%,
2021,El Paso County,Fire,"$7,004,357 ",$43 ,-2%,
2021,El Paso County,Water,"$30,153,573 ",$186 ,48%,
2021,El Paso County,Wind,"$70,482,380 ",$434 ,99%,
2021,El Paso County,Total Paid Loss,"$112,334,769 ",$692 ,66%,"162,290"
2021,Ellis County,Other,"$2,515,577 ",$53 ,-14%,
2021,Ellis County,Fire,"$13,424,678 ",$285 ,103%,
2021,Ellis County,Water,"$30,288,729 ",$643 ,364%,
2021,Ellis County,Wind,"$43,319,398 ",$919 ,-16%,
2021,Ellis County,Total Paid Loss,"$89,548,382 ","$1,900 ",32%,"47,130"
2021,Erath County,Other,"$183,177 ",$35 ,80%,
2021,Erath County,Fire,"$875,632 ",$170 ,-29%,
2021,Erath County,Water,"$1,220,878 ",$236 ,185%,
2021,Erath County,Wind,"$3,181,663 ",$616 ,444%,
2021,Erath County,Total Paid Loss,"$5,461,350 ","$1,058 ",133%,"5,163"
2021,Falls County,Other,"$234,484 ",$157 ,28%,
2021,Falls County,Fire,"$542,714 ",$364 ,970%,
2021,Falls County,Water,"$565,855 ",$380 ,644%,
2021,Falls County,Wind,"$3,355,635 ","$2,251 ",-44%,
2021,Falls County,Total Paid Loss,"$4,698,688 ","$3,151 ",-26%,"1,491"
2021,Fannin County,Other,"$161,915 ",$28 ,-32%,
2021,Fannin County,Water,"$1,656,315 ",$288 ,228%,
2021,Fannin County,Fire,"$1,709,934 ",$297 ,15%,
2021,Fannin County,Wind,"$6,537,891 ","$1,135 ",124%,
2021,Fannin County,Total Paid Loss,"$10,066,055 ","$1,748 ",95%,"5,759"
2021,Fayette County,Other,"$240,849 ",$78 ,68%,
2021,Fayette County,Wind,"$642,098 ",$208 ,229%,
2021,Fayette County,Fire,"$787,014 ",$255 ,8%,
2021,Fayette County,Water,"$1,532,904 ",$496 ,547%,
2021,Fayette County,Total Paid Loss,"$3,202,865 ","$1,037 ",145%,"3,089"
2021,Fisher County,Other,"$3,080 ",$7 ,-38%,
2021,Fisher County,Fire,"$9,759 ",$22 ,-89%,
2021,Fisher County,Water,"$82,215 ",$187 ,87%,
2021,Fisher County,Wind,"$2,288,576 ","$5,201 ",1622%,
2021,Fisher County,Total Paid Loss,"$2,383,630 ","$5,417 ",789%,440
2021,Floyd County,Other,"$22,521 ",$39 ,-49%,
2021,Floyd County,Water,"$32,255 ",$56 ,25%,
2021,Floyd County,Fire,"$216,273 ",$372 ,1239%,
2021,Floyd County,Wind,"$512,958 ",$883 ,184%,
2021,Floyd County,Total Paid Loss,"$784,007 ","$1,349 ",193%,581
2021,Foard County,Fire,$0 ,$0 ,0%,
2021,Foard County,Other,"$5,198 ",$33 ,245%,
2021,Foard County,Water,"$8,345 ",$53 ,-59%,
2021,Foard County,Wind,"$71,006 ",$449 ,116%,
2021,Foard County,Total Paid Loss,"$84,549 ",$535 ,54%,158
2021,Fort Bend County,Other,"$11,271,294 ",$60 ,72%,
2021,Fort Bend County,Fire,"$26,305,110 ",$140 ,38%,
2021,Fort Bend County,Wind,"$67,891,690 ",$362 ,12%,
2021,Fort Bend County,Water,"$235,261,846 ","$1,253 ",787%,
2021,Fort Bend County,Total Paid Loss,"$340,729,940 ","$1,815 ",203%,"187,741"
2021,Franklin County,Fire,"$354,940 ",$135 ,-23%,
2021,Franklin County,Other,"$452,967 ",$173 ,140%,
2021,Franklin County,Water,"$1,228,429 ",$469 ,92%,
2021,Franklin County,Wind,"$1,801,172 ",$687 ,34%,
2021,Franklin County,Total Paid Loss,"$3,837,508 ","$1,464 ",45%,"2,622"
2021,Freestone County,Other,"$290,282 ",$99 ,-30%,
2021,Freestone County,Wind,"$883,701 ",$301 ,-19%,
2021,Freestone County,Fire,"$1,335,152 ",$455 ,-50%,
2021,Freestone County,Water,"$1,513,316 ",$516 ,925%,
2021,Freestone County,Total Paid Loss,"$4,022,451 ","$1,371 ",-7%,"2,935"
2021,Frio County,Water,"$177,896 ",$129 ,50%,
2021,Frio County,Other,"$349,384 ",$254 ,331%,
2021,Frio County,Fire,"$379,698 ",$276 ,228%,
2021,Frio County,Wind,"$655,214 ",$476 ,206%,
2021,Frio County,Total Paid Loss,"$1,562,192 ","$1,134 ",195%,"1,377"
2021,Gaines County,Fire,"$170,094 ",$63 ,193%,
2021,Gaines County,Water,"$244,240 ",$91 ,144%,
2021,Gaines County,Other,"$774,256 ",$288 ,890%,
2021,Gaines County,Wind,"$5,416,414 ","$2,014 ",1424%,
2021,Gaines County,Total Paid Loss,"$6,605,004 ","$2,455 ",1016%,"2,690"
2021,Galveston County,Other,"$4,100,565 ",$49 ,20%,
2021,Galveston County,Fire,"$9,043,796 ",$107 ,25%,
2021,Galveston County,Wind,"$17,187,344 ",$204 ,239%,
2021,Galveston County,Water,"$101,571,505 ","$1,207 ",1034%,
2021,Galveston County,Total Paid Loss,"$131,903,210 ","$1,567 ",434%,"84,178"
2021,Garza County,Other,"$24,183 ",$38 ,89%,
2021,Garza County,Water,"$78,100 ",$121 ,42%,
2021,Garza County,Wind,"$193,459 ",$301 ,-90%,
2021,Garza County,Fire,"$297,987 ",$463 ,418%,
2021,Garza County,Total Paid Loss,"$593,729 ",$923 ,-70%,643
2021,Gillespie County,Fire,"$302,354 ",$54 ,-86%,
2021,Gillespie County,Other,"$399,186 ",$71 ,223%,
2021,Gillespie County,Wind,"$1,898,367 ",$336 ,-9%,
2021,Gillespie County,Water,"$5,059,885 ",$896 ,851%,
2021,Gillespie County,Total Paid Loss,"$7,659,792 ","$1,357 ",57%,"5,646"
2021,Glasscock County,Fire,$0 ,$0 ,0%,
2021,Glasscock County,Water,"$2,113 ",$29 ,0%,
2021,Glasscock County,Other,"$8,481 ",$116 ,0%,
2021,Glasscock County,Wind,"$75,332 ","$1,032 ",0%,
2021,Glasscock County,Total Paid Loss,"$85,926 ","$1,177 ",0%,73
2021,Goliad County,Other,"$11,881 ",$20 ,385%,
2021,Goliad County,Fire,"$14,211 ",$24 ,-71%,
2021,Goliad County,Wind,"$99,402 ",$169 ,15106%,
2021,Goliad County,Water,"$142,674 ",$243 ,8152%,
2021,Goliad County,Total Paid Loss,"$268,168 ",$456 ,401%,588
2021,Gonzales County,Fire,"$130,063 ",$71 ,-22%,
2021,Gonzales County,Other,"$221,489 ",$121 ,509%,
2021,Gonzales County,Wind,"$235,130 ",$128 ,4%,
2021,Gonzales County,Water,"$842,339 ",$459 ,501%,
2021,Gonzales County,Total Paid Loss,"$1,429,021 ",$778 ,151%,"1,837"
2021,Gray County,Other,"$106,645 ",$32 ,-18%,
2021,Gray County,Fire,"$160,771 ",$48 ,-26%,
2021,Gray County,Water,"$630,680 ",$189 ,232%,
2021,Gray County,Wind,"$1,446,143 ",$432 ,10%,
2021,Gray County,Total Paid Loss,"$2,344,239 ",$701 ,27%,"3,345"
2021,Grayson County,Other,"$2,349,003 ",$77 ,25%,
2021,Grayson County,Fire,"$6,304,365 ",$205 ,-18%,
2021,Grayson County,Water,"$13,622,027 ",$444 ,177%,
2021,Grayson County,Wind,"$24,887,147 ",$811 ,6%,
2021,Grayson County,Total Paid Loss,"$47,162,542 ","$1,537 ",24%,"30,680"
2021,Gregg County,Other,"$4,521,732 ",$147 ,172%,
2021,Gregg County,Fire,"$4,920,237 ",$160 ,-13%,
2021,Gregg County,Water,"$12,326,408 ",$401 ,277%,
2021,Gregg County,Wind,"$20,349,024 ",$662 ,-27%,
2021,Gregg County,Total Paid Loss,"$42,117,401 ","$1,371 ",9%,"30,718"
2021,Grimes County,Other,"$453,934 ",$106 ,-4%,
2021,Grimes County,Wind,"$1,183,468 ",$277 ,-26%,
2021,Grimes County,Fire,"$1,433,799 ",$336 ,119%,
2021,Grimes County,Water,"$1,583,454 ",$371 ,592%,
2021,Grimes County,Total Paid Loss,"$4,654,655 ","$1,090 ",58%,"4,271"
2021,Guadalupe County,Other,"$2,293,717 ",$64 ,79%,
2021,Guadalupe County,Fire,"$4,206,812 ",$118 ,33%,
2021,Guadalupe County,Wind,"$10,079,826 ",$283 ,17%,
2021,Guadalupe County,Water,"$10,591,767 ",$297 ,82%,
2021,Guadalupe County,Total Paid Loss,"$27,172,122 ",$762 ,44%,"35,644"
2021,Hale County,Other,"$218,847 ",$50 ,129%,
2021,Hale County,Water,"$505,049 ",$116 ,146%,
2021,Hale County,Fire,"$1,015,619 ",$232 ,522%,
2021,Hale County,Wind,"$7,237,235 ","$1,656 ",360%,
2021,Hale County,Total Paid Loss,"$8,976,750 ","$2,054 ",341%,"4,371"
2021,Hall County,Fire,$0 ,$0 ,-100%,
2021,Hall County,Water,$0 ,$0 ,-100%,
2021,Hall County,Other,"$2,720 ",$8 ,-48%,
2021,Hall County,Wind,"$64,027 ",$179 ,-38%,
2021,Hall County,Total Paid Loss,"$66,747 ",$186 ,-45%,358
2021,Hamilton County,Other,"$10,266 ",$9 ,-44%,
2021,Hamilton County,Fire,"$317,232 ",$293 ,555%,
2021,Hamilton County,Wind,"$376,048 ",$348 ,42%,
2021,Hamilton County,Water,"$712,381 ",$659 ,1453%,
2021,Hamilton County,Total Paid Loss,"$1,415,927 ","$1,310 ",276%,"1,081"
2021,Hansford County,Fire,$0 ,$0 ,-100%,
2021,Hansford County,Other,"$30,429 ",$37 ,-47%,
2021,Hansford County,Water,"$67,656 ",$82 ,197%,
2021,Hansford County,Wind,"$353,543 ",$426 ,-6%,
2021,Hansford County,Total Paid Loss,"$451,628 ",$545 ,-10%,829
2021,Hardeman County,Other,"$11,799 ",$24 ,21%,
2021,Hardeman County,Fire,"$33,818 ",$69 ,176%,
2021,Hardeman County,Water,"$183,188 ",$372 ,4240%,
2021,Hardeman County,Wind,"$475,832 ",$965 ,-35%,
2021,Hardeman County,Total Paid Loss,"$704,637 ","$1,429 ",-7%,493
2021,Hardin County,Other,"$465,909 ",$38 ,-31%,
2021,Hardin County,Wind,"$1,192,446 ",$98 ,-36%,
2021,Hardin County,Fire,"$2,280,783 ",$188 ,6%,
2021,Hardin County,Water,"$2,450,131 ",$202 ,141%,
2021,Hardin County,Total Paid Loss,"$6,389,269 ",$528 ,12%,"12,108"
2021,Harris County,Other,"$55,949,402 ",$72 ,-11%,
2021,Harris County,Fire,"$121,540,640 ",$155 ,23%,
2021,Harris County,Wind,"$278,170,315 ",$356 ,-7%,
2021,Harris County,Water,"$1,173,974,647 ","$1,502 ",846%,
2021,Harris County,Total Paid Loss,"$1,629,635,004 ","$2,085 ",178%,"781,725"
2021,Harrison County,Fire,"$1,945,194 ",$198 ,21%,
2021,Harrison County,Other,"$1,988,428 ",$202 ,434%,
2021,Harrison County,Water,"$4,216,025 ",$428 ,317%,
2021,Harrison County,Wind,"$4,928,181 ",$500 ,-17%,
2021,Harrison County,Total Paid Loss,"$13,077,828 ","$1,328 ",47%,"9,847"
2021,Hartley County,Fire,$0 ,$0 ,-100%,
2021,Hartley County,Other,$0 ,$0 ,0%,
2021,Hartley County,Water,$0 ,$0 ,0%,
2021,Hartley County,Total Paid Loss,"$10,916 ",$98 ,-43%,111
2021,Hartley County,Wind,"$10,916 ",$98 ,2%,
2021,Haskell County,Other,"$23,594 ",$28 ,118%,
2021,Haskell County,Fire,"$52,991 ",$63 ,-70%,
2021,Haskell County,Water,"$125,927 ",$150 ,769%,
2021,Haskell County,Wind,"$289,236 ",$345 ,-56%,
2021,Haskell County,Total Paid Loss,"$491,748 ",$587 ,-42%,838
2021,Hays County,Other,"$2,613,500 ",$47 ,40%,
2021,Hays County,Fire,"$6,160,077 ",$110 ,-2%,
2021,Hays County,Water,"$23,779,621 ",$424 ,271%,
2021,Hays County,Wind,"$38,651,618 ",$689 ,153%,
2021,Hays County,Total Paid Loss,"$71,204,816 ","$1,270 ",139%,"56,060"
2021,Hemphill County,Fire,$716 ,$1 ,-99%,
2021,Hemphill County,Water,"$31,122 ",$52 ,73%,
2021,Hemphill County,Other,"$33,192 ",$56 ,135%,
2021,Hemphill County,Wind,"$2,337,659 ","$3,942 ",961%,
2021,Hemphill County,Total Paid Loss,"$2,402,689 ","$4,052 ",642%,593
2021,Henderson County,Other,"$1,893,156 ",$97 ,95%,
2021,Henderson County,Fire,"$12,115,561 ",$620 ,200%,
2021,Henderson County,Wind,"$13,626,971 ",$697 ,50%,
2021,Henderson County,Water,"$21,968,510 ","$1,124 ",595%,
2021,Henderson County,Total Paid Loss,"$49,604,198 ","$2,539 ",188%,"19,538"
2021,Hidalgo County,Other,"$3,274,025 ",$35 ,-26%,
2021,Hidalgo County,Fire,"$7,733,869 ",$82 ,59%,
2021,Hidalgo County,Water,"$9,839,164 ",$104 ,0%,
2021,Hidalgo County,Wind,"$40,114,317 ",$426 ,-35%,
2021,Hidalgo County,Total Paid Loss,"$60,961,375 ",$647 ,-25%,"94,239"
2021,Hill County,Other,"$191,248 ",$37 ,10%,
2021,Hill County,Fire,"$416,609 ",$80 ,-57%,
2021,Hill County,Water,"$1,993,396 ",$384 ,316%,
2021,Hill County,Wind,"$2,270,846 ",$438 ,70%,
2021,Hill County,Total Paid Loss,"$4,872,099 ",$939 ,65%,"5,189"
2021,Hockley County,Other,"$97,962 ",$32 ,23%,
2021,Hockley County,Water,"$233,577 ",$76 ,13%,
2021,Hockley County,Fire,"$355,196 ",$115 ,62%,
2021,Hockley County,Wind,"$1,721,694 ",$559 ,79%,
2021,Hockley County,Total Paid Loss,"$2,408,429 ",$781 ,64%,"3,082"
2021,Hood County,Fire,"$1,575,237 ",$96 ,-53%,
2021,Hood County,Other,"$1,944,663 ",$119 ,79%,
2021,Hood County,Water,"$12,566,413 ",$767 ,349%,
2021,Hood County,Wind,"$25,204,922 ","$1,538 ",69%,
2021,Hood County,Total Paid Loss,"$41,291,235 ","$2,519 ",86%,"16,393"
2021,Hopkins County,Fire,"$765,248 ",$136 ,-39%,
2021,Hopkins County,Other,"$973,474 ",$174 ,28%,
2021,Hopkins County,Water,"$1,848,621 ",$330 ,348%,
2021,Hopkins County,Wind,"$2,466,941 ",$440 ,-36%,
2021,Hopkins County,Total Paid Loss,"$6,054,284 ","$1,079 ",-4%,"5,610"
2021,Houston County,Other,"$480,678 ",$147 ,21%,
2021,Houston County,Fire,"$531,327 ",$162 ,-5%,
2021,Houston County,Wind,"$774,353 ",$236 ,6%,
2021,Houston County,Water,"$1,710,869 ",$521 ,425%,
2021,Houston County,Total Paid Loss,"$3,497,227 ","$1,066 ",74%,"3,281"
2021,Howard County,Other,"$161,521 ",$35 ,77%,
2021,Howard County,Fire,"$393,445 ",$85 ,-29%,
2021,Howard County,Water,"$1,179,472 ",$255 ,107%,
2021,Howard County,Wind,"$14,068,006 ","$3,036 ",992%,
2021,Howard County,Total Paid Loss,"$15,802,444 ","$3,411 ",530%,"4,633"
2021,Hudspeth County,Fire,$0 ,$0 ,0%,
2021,Hudspeth County,Other,$0 ,$0 ,0%,
2021,Hudspeth County,Water,"$2,819 ",$21 ,-45%,
2021,Hudspeth County,Wind,"$18,686 ",$142 ,62%,
2021,Hudspeth County,Total Paid Loss,"$21,505 ",$163 ,29%,132
2021,Hunt County,Other,"$1,422,598 ",$94 ,126%,
2021,Hunt County,Fire,"$2,400,159 ",$158 ,-29%,
2021,Hunt County,Water,"$6,279,535 ",$414 ,208%,
2021,Hunt County,Wind,"$9,580,663 ",$632 ,-10%,
2021,Hunt County,Total Paid Loss,"$19,682,955 ","$1,298 ",18%,"15,162"
2021,Hutchinson County,Other,"$133,199 ",$33 ,-32%,
2021,Hutchinson County,Water,"$509,455 ",$125 ,80%,
2021,Hutchinson County,Fire,"$814,289 ",$200 ,156%,
2021,Hutchinson County,Wind,"$2,535,150 ",$622 ,6%,
2021,Hutchinson County,Total Paid Loss,"$3,992,093 ",$979 ,25%,"4,079"
2021,Irion County,Fire,$0 ,$0 ,0%,
2021,Irion County,Other,$528 ,$3 ,0%,
2021,Irion County,Water,"$10,260 ",$54 ,33%,
2021,Irion County,Wind,"$32,253 ",$169 ,146%,
2021,Irion County,Total Paid Loss,"$43,041 ",$225 ,107%,191
2021,Jack County,Other,"$14,110 ",$16 ,-31%,
2021,Jack County,Fire,"$77,932 ",$86 ,22%,
2021,Jack County,Water,"$246,601 ",$272 ,292%,
2021,Jack County,Wind,"$977,755 ","$1,078 ",-23%,
2021,Jack County,Total Paid Loss,"$1,316,398 ","$1,451 ",-7%,907
2021,Jackson County,Other,"$19,996 ",$13 ,25%,
2021,Jackson County,Wind,"$83,052 ",$55 ,132%,
2021,Jackson County,Fire,"$136,827 ",$90 ,-63%,
2021,Jackson County,Water,"$249,798 ",$165 ,161%,
2021,Jackson County,Total Paid Loss,"$489,673 ",$324 ,-6%,"1,512"
2021,Jasper County,Other,"$405,929 ",$58 ,-3%,
2021,Jasper County,Water,"$1,748,762 ",$252 ,119%,
2021,Jasper County,Wind,"$1,901,815 ",$274 ,-80%,
2021,Jasper County,Fire,"$3,524,243 ",$508 ,196%,
2021,Jasper County,Total Paid Loss,"$7,580,749 ","$1,092 ",-37%,"6,940"
2021,Jeff Davis County,Other,"$5,568 ",$11 ,0%,
2021,Jeff Davis County,Fire,"$7,125 ",$14 ,0%,
2021,Jeff Davis County,Water,"$26,527 ",$51 ,288%,
2021,Jeff Davis County,Wind,"$138,640 ",$265 ,-24%,
2021,Jeff Davis County,Total Paid Loss,"$177,860 ",$340 ,-6%,523
2021,Jefferson County,Other,"$4,197,426 ",$95 ,-47%,
2021,Jefferson County,Wind,"$6,680,897 ",$151 ,-45%,
2021,Jefferson County,Fire,"$10,076,298 ",$228 ,21%,
2021,Jefferson County,Water,"$20,750,985 ",$469 ,255%,
2021,Jefferson County,Total Paid Loss,"$41,705,606 ",$943 ,22%,"44,245"
2021,Jim Hogg County,Fire,"$7,975 ",$19 ,0%,
2021,Jim Hogg County,Other,"$15,500 ",$37 ,-31%,
2021,Jim Hogg County,Water,"$41,105 ",$99 ,161%,
2021,Jim Hogg County,Wind,"$74,994 ",$181 ,330%,
2021,Jim Hogg County,Total Paid Loss,"$139,574 ",$336 ,151%,415
2021,Jim Wells County,Other,"$186,180 ",$37 ,300%,
2021,Jim Wells County,Fire,"$388,324 ",$77 ,-74%,
2021,Jim Wells County,Wind,"$647,056 ",$128 ,85%,
2021,Jim Wells County,Water,"$1,237,441 ",$244 ,350%,
2021,Jim Wells County,Total Paid Loss,"$2,459,001 ",$486 ,13%,"5,064"
2021,Johnson County,Other,"$3,316,780 ",$76 ,61%,
2021,Johnson County,Fire,"$10,791,313 ",$248 ,29%,
2021,Johnson County,Water,"$18,783,806 ",$431 ,228%,
2021,Johnson County,Wind,"$36,683,407 ",$842 ,-25%,
2021,Johnson County,Total Paid Loss,"$69,575,306 ","$1,598 ",7%,"43,547"
2021,Jones County,Other,"$87,136 ",$45 ,163%,
2021,Jones County,Fire,"$778,126 ",$398 ,2855%,
2021,Jones County,Wind,"$969,315 ",$496 ,132%,
2021,Jones County,Water,"$1,051,830 ",$538 ,636%,
2021,Jones County,Total Paid Loss,"$2,886,407 ","$1,476 ",365%,"1,955"
2021,Karnes County,Other,"$49,605 ",$40 ,-27%,
2021,Karnes County,Wind,"$150,745 ",$123 ,81%,
2021,Karnes County,Water,"$303,503 ",$248 ,53%,
2021,Karnes County,Fire,"$390,983 ",$319 ,0%,
2021,Karnes County,Total Paid Loss,"$894,836 ",$730 ,157%,"1,226"
2021,Kaufman County,Other,"$1,684,876 ",$48 ,30%,
2021,Kaufman County,Fire,"$4,217,410 ",$119 ,-41%,
2021,Kaufman County,Water,"$19,725,827 ",$559 ,300%,
2021,Kaufman County,Wind,"$22,219,221 ",$630 ,20%,
2021,Kaufman County,Total Paid Loss,"$47,847,334 ","$1,356 ",50%,"35,295"
2021,Kendall County,Other,"$996,005 ",$80 ,-4%,
2021,Kendall County,Fire,"$1,830,937 ",$147 ,133%,
2021,Kendall County,Water,"$8,664,273 ",$697 ,211%,
2021,Kendall County,Wind,"$53,552,823 ","$4,308 ",926%,
2021,Kendall County,Total Paid Loss,"$65,044,038 ","$5,232 ",562%,"12,431"
2021,Kenedy County,Fire,$0 ,$0 ,-100%,
2021,Kenedy County,Other,$0 ,$0 ,0%,
2021,Kenedy County,Total Paid Loss,$0 ,$0 ,-100%,18
2021,Kenedy County,Water,$0 ,$0 ,0%,
2021,Kenedy County,Wind,$0 ,$0 ,-100%,
2021,Kent County,Fire,$0 ,$0 ,0%,
2021,Kent County,Other,"$9,920 ",$114 ,0%,
2021,Kent County,Wind,"$25,170 ",$289 ,13%,
2021,Kent County,Water,"$25,369 ",$292 ,0%,
2021,Kent County,Total Paid Loss,"$60,459 ",$695 ,171%,87
2021,Kerr County,Fire,"$342,987 ",$28 ,-80%,
2021,Kerr County,Other,"$911,457 ",$75 ,18%,
2021,Kerr County,Water,"$4,763,619 ",$394 ,337%,
2021,Kerr County,Wind,"$11,699,750 ",$967 ,-80%,
2021,Kerr County,Total Paid Loss,"$17,717,813 ","$1,465 ",-72%,"12,094"
2021,Kimble County,Other,"$7,149 ",$18 ,0%,
2021,Kimble County,Fire,"$8,135 ",$21 ,-39%,
2021,Kimble County,Water,"$99,901 ",$254 ,11334%,
2021,Kimble County,Wind,"$654,096 ","$1,664 ",914%,
2021,Kimble County,Total Paid Loss,"$769,281 ","$1,957 ",877%,393
2021,King County,Fire,$0 ,$0 ,0%,
2021,King County,Other,$0 ,$0 ,0%,
2021,King County,Total Paid Loss,$0 ,$0 ,0%,11
2021,King County,Water,$0 ,$0 ,0%,
2021,King County,Wind,$0 ,$0 ,0%,
2021,Kinney County,Other,"$14,160 ",$24 ,740%,
2021,Kinney County,Water,"$134,678 ",$233 ,226%,
2021,Kinney County,Fire,"$419,624 ",$726 ,4468%,
2021,Kinney County,Wind,"$1,936,359 ","$3,350 ",641%,
2021,Kinney County,Total Paid Loss,"$2,504,821 ","$4,334 ",699%,578
2021,Kleberg County,Other,"$96,474 ",$25 ,95%,
2021,Kleberg County,Fire,"$334,694 ",$85 ,-68%,
2021,Kleberg County,Wind,"$369,294 ",$94 ,2%,
2021,Kleberg County,Water,"$497,389 ",$127 ,45%,
2021,Kleberg County,Total Paid Loss,"$1,297,851 ",$330 ,-28%,"3,927"
2021,Knox County,Other,"$10,741 ",$21 ,42%,
2021,Knox County,Water,"$47,290 ",$92 ,365%,
2021,Knox County,Fire,"$112,542 ",$219 ,-71%,
2021,Knox County,Wind,"$616,489 ","$1,199 ",986%,
2021,Knox County,Total Paid Loss,"$787,062 ","$1,531 ",68%,514
2021,La Salle County,Other,"$3,057 ",$8 ,83%,
2021,La Salle County,Fire,"$18,173 ",$45 ,-57%,
2021,La Salle County,Water,"$41,892 ",$104 ,13837%,
2021,La Salle County,Wind,"$77,431 ",$192 ,16%,
2021,La Salle County,Total Paid Loss,"$140,553 ",$348 ,26%,404
2021,Lamar County,Other,"$272,789 ",$32 ,-25%,
2021,Lamar County,Water,"$2,313,914 ",$270 ,150%,
2021,Lamar County,Fire,"$3,148,261 ",$368 ,40%,
2021,Lamar County,Wind,"$3,892,060 ",$455 ,-59%,
2021,Lamar County,Total Paid Loss,"$9,627,024 ","$1,125 ",-26%,"8,555"
2021,Lamb County,Other,"$38,852 ",$26 ,-40%,
2021,Lamb County,Water,"$65,005 ",$43 ,-34%,
2021,Lamb County,Fire,"$89,536 ",$59 ,-51%,
2021,Lamb County,Wind,"$1,219,806 ",$810 ,474%,
2021,Lamb County,Total Paid Loss,"$1,413,199 ",$938 ,154%,"1,506"
2021,Lampasas County,Other,"$212,699 ",$46 ,118%,
2021,Lampasas County,Fire,"$761,978 ",$165 ,86%,
2021,Lampasas County,Water,"$1,010,820 ",$218 ,99%,
2021,Lampasas County,Wind,"$1,019,552 ",$220 ,-8%,
2021,Lampasas County,Total Paid Loss,"$3,005,049 ",$649 ,41%,"4,630"
2021,Lavaca County,Fire,"$34,838 ",$27 ,0%,
2021,Lavaca County,Other,"$37,212 ",$29 ,-67%,
2021,Lavaca County,Water,"$107,141 ",$82 ,68%,
2021,Lavaca County,Wind,"$167,171 ",$128 ,84%,
2021,Lavaca County,Total Paid Loss,"$346,362 ",$266 ,30%,"1,301"
2021,Lee County,Other,"$230,721 ",$130 ,645%,
2021,Lee County,Wind,"$334,644 ",$188 ,-75%,
2021,Lee County,Fire,"$702,458 ",$394 ,308%,
2021,Lee County,Water,"$766,227 ",$430 ,402%,
2021,Lee County,Total Paid Loss,"$2,034,050 ","$1,142 ",21%,"1,781"
2021,Leon County,Other,"$220,274 ",$72 ,88%,
2021,Leon County,Fire,"$403,448 ",$132 ,-69%,
2021,Leon County,Wind,"$1,177,265 ",$386 ,150%,
2021,Leon County,Water,"$1,609,180 ",$528 ,902%,
2021,Leon County,Total Paid Loss,"$3,410,167 ","$1,118 ",66%,"3,049"
2021,Liberty County,Other,"$529,475 ",$38 ,-22%,
2021,Liberty County,Wind,"$1,879,843 ",$133 ,10%,
2021,Liberty County,Fire,"$1,942,244 ",$138 ,-15%,
2021,Liberty County,Water,"$5,061,901 ",$359 ,304%,
2021,Liberty County,Total Paid Loss,"$9,413,463 ",$668 ,59%,"14,083"
2021,Limestone County,Other,"$199,214 ",$69 ,64%,
2021,Limestone County,Fire,"$212,621 ",$74 ,57%,
2021,Limestone County,Wind,"$795,132 ",$276 ,7%,
2021,Limestone County,Water,"$1,282,469 ",$445 ,466%,
2021,Limestone County,Total Paid Loss,"$2,489,436 ",$863 ,103%,"2,885"
2021,Lipscomb County,Other,"$10,764 ",$28 ,0%,
2021,Lipscomb County,Water,"$15,594 ",$41 ,-25%,
2021,Lipscomb County,Fire,"$327,930 ",$863 ,5648%,
2021,Lipscomb County,Wind,"$1,493,468 ","$3,930 ",112%,
2021,Lipscomb County,Total Paid Loss,"$1,847,756 ","$4,863 ",153%,380
2021,Live Oak County,Fire,"$1,834 ",$2 ,-98%,
2021,Live Oak County,Other,"$17,351 ",$24 ,13%,
2021,Live Oak County,Wind,"$18,186 ",$25 ,-46%,
2021,Live Oak County,Water,"$177,221 ",$241 ,44%,
2021,Live Oak County,Total Paid Loss,"$214,592 ",$292 ,-24%,734
2021,Llano County,Other,"$522,994 ",$58 ,-7%,
2021,Llano County,Fire,"$869,049 ",$96 ,-64%,
2021,Llano County,Water,"$9,232,672 ","$1,023 ",613%,
2021,Llano County,Wind,"$12,331,742 ","$1,367 ",300%,
2021,Llano County,Total Paid Loss,"$22,956,457 ","$2,544 ",212%,"9,024"
2021,Loving County,Fire,$0 ,$0 ,0%,
2021,Loving County,Other,$0 ,$0 ,0%,
2021,Loving County,Total Paid Loss,$0 ,$0 ,0%,5
2021,Loving County,Water,$0 ,$0 ,0%,
2021,Loving County,Wind,$0 ,$0 ,0%,
2021,Lubbock County,Other,"$2,645,326 ",$45 ,18%,
2021,Lubbock County,Water,"$7,161,962 ",$123 ,29%,
2021,Lubbock County,Fire,"$8,271,643 ",$142 ,53%,
2021,Lubbock County,Wind,"$41,196,359 ",$707 ,-68%,
2021,Lubbock County,Total Paid Loss,"$59,275,290 ","$1,017 ",-58%,"58,309"
2021,Lynn County,Other,"$40,272 ",$45 ,118%,
2021,Lynn County,Fire,"$49,652 ",$55 ,-58%,
2021,Lynn County,Water,"$204,700 ",$227 ,224%,
2021,Lynn County,Wind,"$735,074 ",$816 ,-29%,
2021,Lynn County,Total Paid Loss,"$1,029,698 ","$1,143 ",-17%,901
2021,Madison County,Other,"$138,542 ",$109 ,160%,
2021,Madison County,Wind,"$247,191 ",$195 ,35%,
2021,Madison County,Fire,"$858,475 ",$676 ,263%,
2021,Madison County,Water,"$1,027,983 ",$809 ,1019%,
2021,Madison County,Total Paid Loss,"$2,272,191 ","$1,789 ",303%,"1,270"
2021,Marion County,Other,"$360,350 ",$169 ,55%,
2021,Marion County,Wind,"$423,747 ",$199 ,-48%,
2021,Marion County,Water,"$506,113 ",$238 ,200%,
2021,Marion County,Fire,"$544,194 ",$256 ,-38%,
2021,Marion County,Total Paid Loss,"$1,834,404 ",$863 ,-12%,"2,126"
2021,Martin County,Other,"$27,272 ",$37 ,-257%,
2021,Martin County,Water,"$66,590 ",$90 ,351%,
2021,Martin County,Fire,"$85,749 ",$116 ,-56%,
2021,Martin County,Wind,"$656,734 ",$887 ,-2%,
2021,Martin County,Total Paid Loss,"$836,345 ","$1,130 ",-3%,740
2021,Mason County,Fire,"$7,853 ",$14 ,-97%,
2021,Mason County,Other,"$48,387 ",$89 ,337%,
2021,Mason County,Water,"$118,245 ",$218 ,111%,
2021,Mason County,Wind,"$1,291,726 ","$2,383 ",691%,
2021,Mason County,Total Paid Loss,"$1,466,211 ","$2,705 ",211%,542
2021,Matagorda County,Other,"$186,569 ",$27 ,142%,
2021,Matagorda County,Fire,"$302,452 ",$44 ,-64%,
2021,Matagorda County,Wind,"$684,395 ",$100 ,499%,
2021,Matagorda County,Water,"$2,614,532 ",$383 ,138%,
2021,Matagorda County,Total Paid Loss,"$3,787,948 ",$555 ,78%,"6,827"
2021,Maverick County,Fire,"$93,579 ",$17 ,-89%,
2021,Maverick County,Other,"$148,988 ",$27 ,17%,
2021,Maverick County,Water,"$1,219,771 ",$218 ,229%,
2021,Maverick County,Wind,"$1,520,514 ",$272 ,-34%,
2021,Maverick County,Total Paid Loss,"$2,982,852 ",$534 ,-19%,"5,586"
2021,McCulloch County,Other,"$4,973 ",$5 ,-48%,
2021,McCulloch County,Fire,"$42,624 ",$41 ,-46%,
2021,McCulloch County,Water,"$147,177 ",$143 ,158%,
2021,McCulloch County,Wind,"$391,475 ",$380 ,139%,
2021,McCulloch County,Total Paid Loss,"$586,249 ",$569 ,90%,"1,030"
2021,McLennan County,Other,"$1,649,468 ",$37 ,-16%,
2021,McLennan County,Fire,"$8,564,784 ",$191 ,45%,
2021,McLennan County,Water,"$16,376,173 ",$365 ,297%,
2021,McLennan County,Wind,"$23,878,226 ",$532 ,-30%,
2021,McLennan County,Total Paid Loss,"$50,468,651 ","$1,124 ",10%,"44,899"
2021,McMullen County,Fire,$0 ,$0 ,0%,
2021,McMullen County,Wind,$0 ,$0 ,-100%,
2021,McMullen County,Water,"$1,240 ",$16 ,0%,
2021,McMullen County,Other,"$3,701 ",$47 ,0%,
2021,McMullen County,Total Paid Loss,"$4,941 ",$63 ,-76%,79
2021,Medina County,Other,"$635,053 ",$88 ,83%,
2021,Medina County,Fire,"$770,094 ",$106 ,-1245%,
2021,Medina County,Water,"$2,893,021 ",$399 ,198%,
2021,Medina County,Wind,"$43,561,012 ","$6,006 ",1566%,
2021,Medina County,Total Paid Loss,"$47,859,180 ","$6,599 ",1138%,"7,253"
2021,Menard County,Fire,$532 ,$3 ,-95%,
2021,Menard County,Other,"$2,002 ",$11 ,0%,
2021,Menard County,Water,"$12,280 ",$70 ,0%,
2021,Menard County,Wind,"$22,815 ",$130 ,-82%,
2021,Menard County,Total Paid Loss,"$37,629 ",$215 ,-72%,175
2021,Midland County,Other,"$771,417 ",$23 ,-4%,
2021,Midland County,Fire,"$2,315,705 ",$68 ,-25%,
2021,Midland County,Water,"$5,187,709 ",$153 ,43%,
2021,Midland County,Wind,"$10,150,946 ",$300 ,-49%,
2021,Midland County,Total Paid Loss,"$18,425,777 ",$545 ,-33%,"33,817"
2021,Milam County,Other,"$160,282 ",$59 ,-23%,
2021,Milam County,Fire,"$320,399 ",$118 ,47%,
2021,Milam County,Water,"$997,268 ",$367 ,336%,
2021,Milam County,Wind,"$1,006,183 ",$370 ,28%,
2021,Milam County,Total Paid Loss,"$2,484,132 ",$914 ,72%,"2,719"
2021,Mills County,Other,"$8,943 ",$19 ,-11%,
2021,Mills County,Fire,"$10,314 ",$21 ,580%,
2021,Mills County,Water,"$22,105 ",$46 ,-51%,
2021,Mills County,Wind,"$3,140,261 ","$6,542 ",34781%,
2021,Mills County,Total Paid Loss,"$3,181,623 ","$6,628 ",4714%,480
2021,Mitchell County,Other,"$2,084 ",$3 ,-54%,
2021,Mitchell County,Fire,"$10,918 ",$15 ,-23%,
2021,Mitchell County,Water,"$126,265 ",$169 ,318%,
2021,Mitchell County,Wind,"$961,944 ","$1,289 ",1103%,
2021,Mitchell County,Total Paid Loss,"$1,101,211 ","$1,476 ",755%,746
2021,Montague County,Other,"$189,702 ",$47 ,-52%,
2021,Montague County,Fire,"$306,049 ",$76 ,-71%,
2021,Montague County,Water,"$889,902 ",$222 ,201%,
2021,Montague County,Wind,"$1,581,296 ",$395 ,-78%,
2021,Montague County,Total Paid Loss,"$2,966,949 ",$741 ,-66%,"4,005"
2021,Montgomery County,Other,"$13,438,573 ",$90 ,74%,
2021,Montgomery County,Fire,"$24,402,841 ",$163 ,16%,
2021,Montgomery County,Wind,"$96,460,100 ",$645 ,14%,
2021,Montgomery County,Water,"$218,251,376 ","$1,460 ",736%,
2021,Montgomery County,Total Paid Loss,"$352,552,890 ","$2,359 ",153%,"149,474"
2021,Moore County,Other,"$31,126 ",$10 ,-72%,
2021,Moore County,Fire,"$199,764 ",$64 ,175%,
2021,Moore County,Water,"$292,137 ",$94 ,58%,
2021,Moore County,Wind,"$545,060 ",$176 ,-20%,
2021,Moore County,Total Paid Loss,"$1,068,087 ",$344 ,1%,"3,103"
2021,Morris County,Other,"$145,817 ",$66 ,284%,
2021,Morris County,Water,"$395,733 ",$179 ,91%,
2021,Morris County,Fire,"$779,185 ",$353 ,-25%,
2021,Morris County,Wind,"$1,234,482 ",$559 ,-47%,
2021,Morris County,Total Paid Loss,"$2,555,217 ","$1,157 ",-29%,"2,209"
2021,Motley County,Fire,$0 ,$0 ,-100%,
2021,Motley County,Other,$0 ,$0 ,-100%,
2021,Motley County,Water,"$5,252 ",$35 ,0%,
2021,Motley County,Wind,"$17,403 ",$116 ,198%,
2021,Motley County,Total Paid Loss,"$22,655 ",$151 ,-5%,150
2021,Nacogdoches County,Other,"$2,030,320 ",$208 ,417%,
2021,Nacogdoches County,Fire,"$2,850,473 ",$292 ,52%,
2021,Nacogdoches County,Wind,"$4,727,894 ",$485 ,-26%,
2021,Nacogdoches County,Water,"$5,047,669 ",$517 ,634%,
2021,Nacogdoches County,Total Paid Loss,"$14,656,356 ","$1,502 ",57%,"9,758"
2021,Navarro County,Other,"$657,198 ",$98 ,8%,
2021,Navarro County,Fire,"$968,686 ",$144 ,22%,
2021,Navarro County,Water,"$3,462,654 ",$515 ,399%,
2021,Navarro County,Wind,"$4,041,399 ",$601 ,115%,
2021,Navarro County,Total Paid Loss,"$9,129,937 ","$1,359 ",129%,"6,720"
2021,Newton County,Other,"$110,430 ",$71 ,64%,
2021,Newton County,Water,"$318,339 ",$203 ,10%,
2021,Newton County,Fire,"$1,058,078 ",$676 ,89%,
2021,Newton County,Wind,"$1,317,286 ",$841 ,-86%,
2021,Newton County,Total Paid Loss,"$2,804,133 ","$1,791 ",-72%,"1,566"
2021,Nolan County,Other,"$41,385 ",$19 ,-39%,
2021,Nolan County,Water,"$269,263 ",$123 ,-1%,
2021,Nolan County,Fire,"$398,793 ",$182 ,423%,
2021,Nolan County,Wind,"$885,871 ",$404 ,30%,
2021,Nolan County,Total Paid Loss,"$1,595,312 ",$727 ,46%,"2,195"
2021,Nueces County,Wind,"$2,206,314 ",$36 ,-68%,
2021,Nueces County,Other,"$3,096,891 ",$50 ,115%,
2021,Nueces County,Fire,"$5,802,649 ",$94 ,11%,
2021,Nueces County,Water,"$8,197,058 ",$132 ,130%,
2021,Nueces County,Total Paid Loss,"$19,302,912 ",$312 ,13%,"61,906"
2021,Ochiltree County,Other,"$21,614 ",$16 ,139%,
2021,Ochiltree County,Fire,"$24,784 ",$19 ,-74%,
2021,Ochiltree County,Water,"$91,351 ",$69 ,6%,
2021,Ochiltree County,Wind,"$482,065 ",$364 ,-11%,
2021,Ochiltree County,Total Paid Loss,"$619,814 ",$468 ,-15%,"1,324"
2021,Oldham County,Other,"$25,911 ",$86 ,0%,
2021,Oldham County,Water,"$36,872 ",$123 ,83%,
2021,Oldham County,Fire,"$72,416 ",$241 ,0%,
2021,Oldham County,Wind,"$399,748 ","$1,332 ",-86%,
2021,Oldham County,Total Paid Loss,"$534,947 ","$1,783 ",-81%,300
2021,Orange County,Other,"$1,972,408 ",$110 ,-15%,
2021,Orange County,Fire,"$3,597,513 ",$200 ,-20%,
2021,Orange County,Water,"$3,650,122 ",$203 ,202%,
2021,Orange County,Wind,"$22,768,712 ","$1,266 ",-71%,
2021,Orange County,Total Paid Loss,"$31,988,755 ","$1,779 ",-63%,"17,986"
2021,Palo Pinto County,Other,"$219,912 ",$35 ,19%,
2021,Palo Pinto County,Fire,"$1,376,389 ",$221 ,-37%,
2021,Palo Pinto County,Wind,"$2,559,757 ",$410 ,-21%,
2021,Palo Pinto County,Water,"$2,867,413 ",$460 ,125%,
2021,Palo Pinto County,Total Paid Loss,"$7,023,471 ","$1,126 ",2%,"6,237"
2021,Panola County,Other,"$980,165 ",$242 ,80%,
2021,Panola County,Water,"$1,640,001 ",$404 ,310%,
2021,Panola County,Fire,"$1,868,196 ",$460 ,-34%,
2021,Panola County,Wind,"$5,800,412 ","$1,429 ",129%,
2021,Panola County,Total Paid Loss,"$10,288,774 ","$2,535 ",63%,"4,058"
2021,Parker County,Other,"$2,107,936 ",$63 ,65%,
2021,Parker County,Fire,"$8,236,718 ",$248 ,-10%,
2021,Parker County,Water,"$24,519,771 ",$737 ,418%,
2021,Parker County,Wind,"$51,936,619 ","$1,561 ",-8%,
2021,Parker County,Total Paid Loss,"$86,801,044 ","$2,608 ",21%,"33,279"
2021,Parmer County,Fire,"$14,752 ",$15 ,-88%,
2021,Parmer County,Water,"$73,461 ",$77 ,22%,
2021,Parmer County,Other,"$125,809 ",$131 ,841%,
2021,Parmer County,Wind,"$1,974,001 ","$2,058 ",344%,
2021,Parmer County,Total Paid Loss,"$2,188,023 ","$2,282 ",243%,959
2021,Pecos County,Other,"$38,434 ",$23 ,-29%,
2021,Pecos County,Water,"$208,721 ",$122 ,116%,
2021,Pecos County,Fire,"$234,540 ",$137 ,-3%,
2021,Pecos County,Wind,"$365,313 ",$214 ,-81%,
2021,Pecos County,Total Paid Loss,"$847,008 ",$496 ,-64%,"1,707"
2021,Polk County,Other,"$462,438 ",$51 ,-61%,
2021,Polk County,Water,"$3,224,696 ",$359 ,112%,
2021,Polk County,Fire,"$3,455,340 ",$384 ,69%,
2021,Polk County,Wind,"$3,734,036 ",$415 ,-91%,
2021,Polk County,Total Paid Loss,"$10,876,510 ","$1,210 ",-78%,"8,988"
2021,Potter County,Other,"$1,601,415 ",$81 ,26%,
2021,Potter County,Water,"$2,576,940 ",$130 ,67%,
2021,Potter County,Fire,"$3,462,777 ",$174 ,172%,
2021,Potter County,Wind,"$8,551,152 ",$430 ,-70%,
2021,Potter County,Total Paid Loss,"$16,192,284 ",$815 ,-51%,"19,876"
2021,Presidio County,Water,"($23,271)",($33),-152%,
2021,Presidio County,Fire,"$52,125 ",$75 ,8036%,
2021,Presidio County,Other,"$59,410 ",$85 ,1405%,
2021,Presidio County,Wind,"$231,450 ",$333 ,883%,
2021,Presidio County,Total Paid Loss,"$319,714 ",$459 ,338%,696
2021,Rains County,Other,"$113,201 ",$51 ,411%,
2021,Rains County,Fire,"$875,521 ",$394 ,5%,
2021,Rains County,Water,"$880,470 ",$396 ,307%,
2021,Rains County,Wind,"$1,113,553 ",$501 ,5%,
2021,Rains County,Total Paid Loss,"$2,982,745 ","$1,341 ",40%,"2,224"
2021,Randall County,Other,"$1,423,545 ",$38 ,-24%,
2021,Randall County,Fire,"$3,540,373 ",$95 ,47%,
2021,Randall County,Water,"$5,416,034 ",$145 ,55%,
2021,Randall County,Wind,"$46,329,301 ","$1,241 ",11%,
2021,Randall County,Total Paid Loss,"$56,709,253 ","$1,519 ",15%,"37,321"
2021,Reagan County,Fire,$0 ,$0 ,0%,
2021,Reagan County,Water,"$8,878 ",$26 ,154%,
2021,Reagan County,Other,"$9,969 ",$29 ,377%,
2021,Reagan County,Wind,"$66,479 ",$194 ,-43%,
2021,Reagan County,Total Paid Loss,"$85,326 ",$249 ,-30%,342
2021,Real County,Other,"($8,004)",($12),-147%,
2021,Real County,Fire,"$20,886 ",$30 ,25%,
2021,Real County,Water,"$139,288 ",$200 ,1639%,
2021,Real County,Wind,"$257,185 ",$370 ,4%,
2021,Real County,Total Paid Loss,"$409,355 ",$589 ,42%,695
2021,Red River County,Other,($452),$0 ,-101%,
2021,Red River County,Water,"$308,831 ",$181 ,166%,
2021,Red River County,Fire,"$424,623 ",$249 ,-42%,
2021,Red River County,Wind,"$427,033 ",$250 ,-42%,
2021,Red River County,Total Paid Loss,"$1,160,035 ",$679 ,-28%,"1,708"
2021,Reeves County,Other,"$29,158 ",$26 ,13%,
2021,Reeves County,Wind,"$62,670 ",$56 ,239%,
2021,Reeves County,Water,"$76,403 ",$68 ,61%,
2021,Reeves County,Fire,"$517,235 ",$462 ,17971%,
2021,Reeves County,Total Paid Loss,"$685,466 ",$613 ,626%,"1,119"
2021,Refugio County,Other,"$16,128 ",$13 ,-56%,
2021,Refugio County,Wind,"$52,094 ",$41 ,-93%,
2021,Refugio County,Fire,"$110,996 ",$86 ,-60%,
2021,Refugio County,Water,"$435,926 ",$339 ,791%,
2021,Refugio County,Total Paid Loss,"$615,144 ",$479 ,-44%,"1,285"
2021,Roberts County,Fire,$0 ,$0 ,-100%,
2021,Roberts County,Water,"$12,522 ",$105 ,0%,
2021,Roberts County,Other,"$54,000 ",$454 ,4581%,
2021,Roberts County,Wind,"$175,107 ","$1,471 ",240%,
2021,Roberts County,Total Paid Loss,"$241,629 ","$2,030 ",-73%,119
2021,Robertson County,Fire,"$142,581 ",$65 ,-26%,
2021,Robertson County,Other,"$667,350 ",$302 ,74%,
2021,Robertson County,Water,"$724,095 ",$328 ,265%,
2021,Robertson County,Wind,"$3,857,595 ","$1,746 ",548%,
2021,Robertson County,Total Paid Loss,"$5,391,621 ","$2,440 ",293%,"2,210"
2021,Rockwall County,Other,"$2,537,893 ",$76 ,49%,
2021,Rockwall County,Fire,"$8,893,176 ",$265 ,33%,
2021,Rockwall County,Wind,"$34,396,110 ","$1,023 ",65%,
2021,Rockwall County,Water,"$69,528,630 ","$2,069 ",961%,
2021,Rockwall County,Total Paid Loss,"$115,355,809 ","$3,432 ",222%,"33,609"
2021,Runnels County,Other,"$35,090 ",$26 ,240%,
2021,Runnels County,Water,"$84,590 ",$63 ,6%,
2021,Runnels County,Fire,"$131,804 ",$99 ,509%,
2021,Runnels County,Wind,"$985,280 ",$736 ,-70%,
2021,Runnels County,Total Paid Loss,"$1,236,764 ",$924 ,-64%,"1,338"
2021,Rusk County,Fire,"$1,370,336 ",$182 ,45%,
2021,Rusk County,Other,"$1,589,435 ",$211 ,159%,
2021,Rusk County,Water,"$2,266,005 ",$301 ,489%,
2021,Rusk County,Wind,"$5,716,254 ",$760 ,12%,
2021,Rusk County,Total Paid Loss,"$10,942,030 ","$1,455 ",55%,"7,522"
2021,Sabine County,Other,"$352,375 ",$148 ,539%,
2021,Sabine County,Fire,"$727,766 ",$306 ,65%,
2021,Sabine County,Water,"$784,666 ",$330 ,434%,
2021,Sabine County,Wind,"$987,922 ",$415 ,-83%,
2021,Sabine County,Total Paid Loss,"$2,852,729 ","$1,200 ",-56%,"2,378"
2021,San Augustine County,Fire,"$98,797 ",$78 ,-65%,
2021,San Augustine County,Water,"$138,693 ",$110 ,7%,
2021,San Augustine County,Other,"$188,791 ",$149 ,966%,
2021,San Augustine County,Wind,"$519,511 ",$410 ,-11%,
2021,San Augustine County,Total Paid Loss,"$945,792 ",$747 ,-7%,"1,266"
2021,San Jacinto County,Other,"$444,372 ",$70 ,93%,
2021,San Jacinto County,Wind,"$746,390 ",$118 ,4%,
2021,San Jacinto County,Fire,"$855,709 ",$135 ,-62%,
2021,San Jacinto County,Water,"$3,632,673 ",$573 ,701%,
2021,San Jacinto County,Total Paid Loss,"$5,679,144 ",$896 ,54%,"6,336"
2021,San Patricio County,Other,"$360,911 ",$27 ,-16%,
2021,San Patricio County,Wind,"$1,643,926 ",$123 ,-28%,
2021,San Patricio County,Fire,"$3,066,137 ",$230 ,121%,
2021,San Patricio County,Water,"$3,411,240 ",$255 ,387%,
2021,San Patricio County,Total Paid Loss,"$8,482,214 ",$635 ,77%,"13,360"
2021,San Saba County,Other,"$11,759 ",$19 ,-82%,
2021,San Saba County,Fire,"$75,264 ",$122 ,-58%,
2021,San Saba County,Water,"$141,294 ",$229 ,232%,
2021,San Saba County,Wind,"$167,383 ",$272 ,28%,
2021,San Saba County,Total Paid Loss,"$395,700 ",$642 ,-5%,616
2021,Schleicher County,Other,$0 ,$0 ,-100%,
2021,Schleicher County,Fire,"$4,484 ",$19 ,-82%,
2021,Schleicher County,Water,"$34,382 ",$144 ,2709%,
2021,Schleicher County,Wind,"$65,909 ",$276 ,-35%,
2021,Schleicher County,Total Paid Loss,"$104,775 ",$438 ,-26%,239
2021,Scurry County,Other,"$77,925 ",$36 ,-37%,
2021,Scurry County,Water,"$303,638 ",$140 ,59%,
2021,Scurry County,Fire,"$718,503 ",$332 ,235%,
2021,Scurry County,Wind,"$16,788,479 ","$7,758 ",5654%,
2021,Scurry County,Total Paid Loss,"$17,888,545 ","$8,266 ",2081%,"2,164"
2021,Shackelford County,Other,$0 ,$0 ,-100%,
2021,Shackelford County,Water,"$126,897 ",$223 ,205%,
2021,Shackelford County,Wind,"$348,714 ",$613 ,156%,
2021,Shackelford County,Fire,"$362,403 ",$637 ,163%,
2021,Shackelford County,Total Paid Loss,"$838,014 ","$1,473 ",141%,569
2021,Shelby County,Wind,"$601,597 ",$199 ,-66%,
2021,Shelby County,Water,"$778,138 ",$257 ,263%,
2021,Shelby County,Other,"$819,104 ",$271 ,906%,
2021,Shelby County,Fire,"$950,103 ",$314 ,20%,
2021,Shelby County,Total Paid Loss,"$3,148,942 ","$1,040 ",9%,"3,027"
2021,Sherman County,Fire,$0 ,$0 ,0%,
2021,Sherman County,Other,$0 ,$0 ,0%,
2021,Sherman County,Water,"$69,909 ",$174 ,590%,
2021,Sherman County,Wind,"$121,700 ",$303 ,-74%,
2021,Sherman County,Total Paid Loss,"$191,609 ",$477 ,-60%,402
2021,Smith County,Other,"$5,105,040 ",$112 ,102%,
2021,Smith County,Fire,"$12,227,294 ",$268 ,112%,
2021,Smith County,Water,"$22,173,079 ",$487 ,317%,
2021,Smith County,Wind,"$33,010,304 ",$724 ,-10%,
2021,Smith County,Total Paid Loss,"$72,515,717 ","$1,591 ",44%,"45,572"
2021,Somervell County,Other,"$86,148 ",$66 ,-27%,
2021,Somervell County,Fire,"$175,123 ",$134 ,-80%,
2021,Somervell County,Wind,"$454,440 ",$348 ,28%,
2021,Somervell County,Water,"$497,962 ",$382 ,369%,
2021,Somervell County,Total Paid Loss,"$1,213,673 ",$931 ,-17%,"1,304"
2021,Starr County,Other,"$101,177 ",$23 ,27%,
2021,Starr County,Fire,"$168,219 ",$39 ,-1%,
2021,Starr County,Water,"$708,981 ",$165 ,91%,
2021,Starr County,Wind,"$1,566,001 ",$364 ,-44%,
2021,Starr County,Total Paid Loss,"$2,544,378 ",$591 ,-26%,"4,308"
2021,Stephens County,Other,"$47,873 ",$34 ,69%,
2021,Stephens County,Fire,"$282,257 ",$203 ,32%,
2021,Stephens County,Water,"$579,473 ",$416 ,1904%,
2021,Stephens County,Wind,"$965,387 ",$694 ,165%,
2021,Stephens County,Total Paid Loss,"$1,874,990 ","$1,347 ",195%,"1,392"
2021,Sterling County,Other,"$2,194 ",$21 ,0%,
2021,Sterling County,Fire,"$39,463 ",$383 ,0%,
2021,Sterling County,Water,"$76,248 ",$740 ,0%,
2021,Sterling County,Wind,"$455,097 ","$4,418 ",2633%,
2021,Sterling County,Total Paid Loss,"$573,002 ","$5,563 ",3342%,103
2021,Stonewall County,Fire,$0 ,$0 ,-100%,
2021,Stonewall County,Water,$0 ,$0 ,-100%,
2021,Stonewall County,Other,"$3,567 ",$19 ,-63%,
2021,Stonewall County,Wind,"$156,415 ",$832 ,65%,
2021,Stonewall County,Total Paid Loss,"$159,982 ",$851 ,50%,188
2021,Sutton County,Wind,"$39,407 ",$77 ,-62%,
2021,Sutton County,Other,"$39,619 ",$77 ,125%,
2021,Sutton County,Water,"$92,940 ",$180 ,304%,
2021,Sutton County,Fire,"$260,694 ",$506 ,0%,
2021,Sutton County,Total Paid Loss,"$432,660 ",$840 ,199%,515
2021,Swisher County,Fire,"$2,705 ",$4 ,-9%,
2021,Swisher County,Other,"$10,902 ",$15 ,-63%,
2021,Swisher County,Water,"$76,781 ",$109 ,4%,
2021,Swisher County,Wind,"$248,369 ",$351 ,-45%,
2021,Swisher County,Total Paid Loss,"$338,757 ",$479 ,-39%,707
2021,Tarrant County,Other,"$31,738,814 ",$75 ,41%,
2021,Tarrant County,Fire,"$89,877,148 ",$212 ,39%,
2021,Tarrant County,Water,"$443,488,081 ","$1,046 ",467%,
2021,Tarrant County,Wind,"$797,235,969 ","$1,880 ",72%,
2021,Tarrant County,Total Paid Loss,"$1,362,340,012 ","$3,213 ",116%,"424,049"
2021,Taylor County,Other,"$1,555,870 ",$57 ,-5%,
2021,Taylor County,Fire,"$4,685,962 ",$171 ,34%,
2021,Taylor County,Water,"$6,287,014 ",$229 ,156%,
2021,Taylor County,Wind,"$7,832,852 ",$285 ,-7%,
2021,Taylor County,Total Paid Loss,"$20,361,698 ",$741 ,27%,"27,481"
2021,Terrell County,Fire,$0 ,$0 ,0%,
2021,Terrell County,Other,$0 ,$0 ,0%,
2021,Terrell County,Water,$0 ,$0 ,0%,
2021,Terrell County,Total Paid Loss,"$182,418 ","$1,351 ",16692%,135
2021,Terrell County,Wind,"$182,418 ","$1,351 ",16692%,
2021,Terry County,Other,"$17,304 ",$14 ,-60%,
2021,Terry County,Water,"$112,398 ",$92 ,94%,
2021,Terry County,Fire,"$218,760 ",$180 ,353%,
2021,Terry County,Wind,"$452,811 ",$372 ,210%,
2021,Terry County,Total Paid Loss,"$801,273 ",$658 ,171%,"1,218"
2021,Throckmorton County,Water,"$24,871 ",$153 ,1426%,
2021,Throckmorton County,Fire,"$46,216 ",$284 ,-88%,
2021,Throckmorton County,Other,"$141,000 ",$865 ,129655%,
2021,Throckmorton County,Wind,"$239,088 ","$1,467 ",1473%,
2021,Throckmorton County,Total Paid Loss,"$451,175 ","$2,768 ",10%,163
2021,Titus County,Other,"$176,670 ",$38 ,39%,
2021,Titus County,Fire,"$249,857 ",$53 ,-54%,
2021,Titus County,Water,"$1,188,391 ",$254 ,58%,
2021,Titus County,Wind,"$1,446,263 ",$310 ,-62%,
2021,Titus County,Total Paid Loss,"$3,061,181 ",$655 ,-41%,"4,672"
2021,Tom Green County,Other,"$768,074 ",$34 ,-36%,
2021,Tom Green County,Water,"$3,736,420 ",$165 ,62%,
2021,Tom Green County,Fire,"$4,000,715 ",$176 ,12%,
2021,Tom Green County,Wind,"$16,992,329 ",$749 ,-83%,
2021,Tom Green County,Total Paid Loss,"$25,497,538 ","$1,124 ",-76%,"22,680"
2021,Travis County,Other,"$18,703,843 ",$70 ,50%,
2021,Travis County,Fire,"$49,508,715 ",$185 ,62%,
2021,Travis County,Water,"$203,765,180 ",$762 ,347%,
2021,Travis County,Wind,"$398,845,336 ","$1,492 ",639%,
2021,Travis County,Total Paid Loss,"$670,823,074 ","$2,509 ",370%,"267,361"
2021,Trinity County,Other,"$259,599 ",$107 ,715%,
2021,Trinity County,Fire,"$494,972 ",$205 ,48%,
2021,Trinity County,Wind,"$747,248 ",$309 ,-92%,
2021,Trinity County,Water,"$1,760,166 ",$728 ,398%,
2021,Trinity County,Total Paid Loss,"$3,261,985 ","$1,350 ",-66%,"2,417"
2021,Tyler County,Other,"$86,017 ",$25 ,-4%,
2021,Tyler County,Wind,"$627,494 ",$183 ,-12%,
2021,Tyler County,Fire,"$1,128,893 ",$329 ,-24%,
2021,Tyler County,Water,"$1,192,871 ",$348 ,436%,
2021,Tyler County,Total Paid Loss,"$3,035,275 ",$885 ,21%,"3,429"
2021,Upshur County,Other,"$1,085,751 ",$155 ,123%,
2021,Upshur County,Fire,"$1,243,891 ",$178 ,-58%,
2021,Upshur County,Water,"$1,922,582 ",$274 ,210%,
2021,Upshur County,Wind,"$2,228,426 ",$318 ,-53%,
2021,Upshur County,Total Paid Loss,"$6,480,650 ",$925 ,-26%,"7,004"
2021,Upton County,Other,"$3,119 ",$8 ,0%,
2021,Upton County,Water,"$15,002 ",$40 ,-50%,
2021,Upton County,Fire,"$31,212 ",$83 ,-67%,
2021,Upton County,Wind,"$90,233 ",$239 ,2%,
2021,Upton County,Total Paid Loss,"$139,566 ",$369 ,-35%,378
2021,Uvalde County,Other,"$145,849 ",$40 ,108%,
2021,Uvalde County,Fire,"$450,378 ",$123 ,79%,
2021,Uvalde County,Water,"$865,309 ",$236 ,206%,
2021,Uvalde County,Wind,"$5,381,338 ","$1,466 ",470%,
2021,Uvalde County,Total Paid Loss,"$6,842,874 ","$1,865 ",342%,"3,670"
2021,Val Verde County,Fire,"$267,089 ",$37 ,-52%,
2021,Val Verde County,Other,"$431,730 ",$60 ,77%,
2021,Val Verde County,Water,"$1,608,254 ",$224 ,195%,
2021,Val Verde County,Wind,"$4,342,358 ",$605 ,-90%,
2021,Val Verde County,Total Paid Loss,"$6,649,431 ",$926 ,-85%,"7,179"
2021,Van Zandt County,Other,"$726,271 ",$75 ,-31%,
2021,Van Zandt County,Fire,"$1,956,212 ",$201 ,1%,
2021,Van Zandt County,Water,"$4,723,921 ",$485 ,244%,
2021,Van Zandt County,Wind,"$7,845,521 ",$805 ,74%,
2021,Van Zandt County,Total Paid Loss,"$15,251,925 ","$1,565 ",72%,"9,743"
2021,Victoria County,Other,"$602,679 ",$43 ,56%,
2021,Victoria County,Wind,"$784,240 ",$56 ,-43%,
2021,Victoria County,Water,"$2,699,317 ",$192 ,132%,
2021,Victoria County,Fire,"$3,959,416 ",$282 ,60%,
2021,Victoria County,Total Paid Loss,"$8,045,652 ",$572 ,49%,"14,063"
2021,Walker County,Fire,"$705,756 ",$78 ,-52%,
2021,Walker County,Other,"$936,568 ",$103 ,165%,
2021,Walker County,Wind,"$1,347,580 ",$148 ,-89%,
2021,Walker County,Water,"$5,304,268 ",$584 ,415%,
2021,Walker County,Total Paid Loss,"$8,294,172 ",$913 ,-44%,"9,082"
2021,Waller County,Other,"$224,790 ",$30 ,13%,
2021,Waller County,Fire,"$649,840 ",$87 ,52%,
2021,Waller County,Wind,"$2,825,057 ",$380 ,-11%,
2021,Waller County,Water,"$9,398,500 ","$1,264 ",1103%,
2021,Waller County,Total Paid Loss,"$13,098,187 ","$1,761 ",186%,"7,437"
2021,Ward County,Other,"$20,789 ",$13 ,-44%,
2021,Ward County,Water,"$147,422 ",$93 ,-12%,
2021,Ward County,Fire,"$327,758 ",$206 ,-61%,
2021,Ward County,Wind,"$425,731 ",$267 ,79%,
2021,Ward County,Total Paid Loss,"$921,700 ",$579 ,-28%,"1,593"
2021,Washington County,Other,"$827,043 ",$151 ,633%,
2021,Washington County,Wind,"$1,757,480 ",$322 ,-45%,
2021,Washington County,Fire,"$2,722,442 ",$499 ,181%,
2021,Washington County,Water,"$3,810,066 ",$698 ,906%,
2021,Washington County,Total Paid Loss,"$9,117,031 ","$1,670 ",95%,"5,460"
2021,Webb County,Other,"$864,065 ",$26 ,-12%,
2021,Webb County,Fire,"$1,022,905 ",$31 ,1%,
2021,Webb County,Water,"$5,203,099 ",$156 ,21%,
2021,Webb County,Wind,"$8,591,549 ",$257 ,-5%,
2021,Webb County,Total Paid Loss,"$15,681,618 ",$470 ,2%,"33,397"
2021,Wharton County,Other,"$82,023 ",$18 ,-23%,
2021,Wharton County,Fire,"$100,765 ",$22 ,-57%,
2021,Wharton County,Wind,"$658,641 ",$147 ,110%,
2021,Wharton County,Water,"$2,801,393 ",$624 ,1215%,
2021,Wharton County,Total Paid Loss,"$3,642,822 ",$812 ,321%,"4,487"
2021,Wheeler County,Fire,"$11,001 ",$20 ,-38%,
2021,Wheeler County,Other,"$34,877 ",$64 ,270%,
2021,Wheeler County,Water,"$74,779 ",$136 ,84%,
2021,Wheeler County,Wind,"$102,511 ",$187 ,27%,
2021,Wheeler County,Total Paid Loss,"$223,168 ",$407 ,50%,548
2021,Wichita County,Other,"$1,067,811 ",$41 ,59%,
2021,Wichita County,Fire,"$4,140,018 ",$158 ,16%,
2021,Wichita County,Water,"$9,411,419 ",$359 ,183%,
2021,Wichita County,Wind,"$15,946,380 ",$608 ,-30%,
2021,Wichita County,Total Paid Loss,"$30,565,628 ","$1,165 ",1%,"26,227"
2021,Wilbarger County,Other,"$16,481 ",$11 ,-60%,
2021,Wilbarger County,Water,"$439,160 ",$302 ,198%,
2021,Wilbarger County,Wind,"$599,903 ",$413 ,-49%,
2021,Wilbarger County,Fire,"$720,086 ",$495 ,3%,
2021,Wilbarger County,Total Paid Loss,"$1,775,630 ","$1,221 ",-14%,"1,454"
2021,Willacy County,Other,"$41,614 ",$26 ,46%,
2021,Willacy County,Water,"$284,046 ",$180 ,141%,
2021,Willacy County,Fire,"$611,882 ",$388 ,13%,
2021,Willacy County,Wind,"$879,908 ",$558 ,-81%,
2021,Willacy County,Total Paid Loss,"$1,817,450 ","$1,152 ",-66%,"1,577"
2021,Williamson County,Other,"$6,492,496 ",$47 ,41%,
2021,Williamson County,Fire,"$15,166,915 ",$109 ,-7%,
2021,Williamson County,Water,"$64,694,658 ",$467 ,233%,
2021,Williamson County,Wind,"$346,213,239 ","$2,498 ",92%,
2021,Williamson County,Total Paid Loss,"$432,567,308 ","$3,121 ",96%,"138,588"
2021,Wilson County,Other,"$349,975 ",$43 ,-56%,
2021,Wilson County,Fire,"$683,437 ",$85 ,-50%,
2021,Wilson County,Water,"$2,574,921 ",$319 ,217%,
2021,Wilson County,Wind,"$5,311,199 ",$657 ,98%,
2021,Wilson County,Total Paid Loss,"$8,919,532 ","$1,104 ",58%,"8,081"
2021,Winkler County,Fire,$0 ,$0 ,-100%,
2021,Winkler County,Other,"$25,932 ",$27 ,75%,
2021,Winkler County,Water,"$177,973 ",$182 ,770%,
2021,Winkler County,Wind,"$278,818 ",$285 ,-42%,
2021,Winkler County,Total Paid Loss,"$482,723 ",$494 ,-8%,978
2021,Wise County,Other,"$767,245 ",$57 ,48%,
2021,Wise County,Fire,"$2,771,353 ",$207 ,-7%,
2021,Wise County,Water,"$7,263,243 ",$543 ,362%,
2021,Wise County,Wind,"$10,545,319 ",$788 ,25%,
2021,Wise County,Total Paid Loss,"$21,347,160 ","$1,595 ",58%,"13,384"
2021,Wood County,Other,"$1,282,956 ",$119 ,649%,
2021,Wood County,Fire,"$1,879,202 ",$175 ,77%,
2021,Wood County,Water,"$2,311,394 ",$215 ,132%,
2021,Wood County,Wind,"$6,003,773 ",$558 ,-18%,
2021,Wood County,Total Paid Loss,"$11,477,325 ","$1,066 ",20%,"10,764"
2021,Yoakum County,Other,"$26,877 ",$27 ,334%,
2021,Yoakum County,Water,"$89,916 ",$89 ,278%,
2021,Yoakum County,Fire,"$140,052 ",$138 ,-73%,
2021,Yoakum County,Wind,"$361,479 ",$357 ,896%,
2021,Yoakum County,Total Paid Loss,"$618,324 ",$610 ,7%,"1,013"
2021,Young County,Other,"$243,725 ",$67 ,171%,
2021,Young County,Wind,"$806,692 ",$220 ,-56%,
2021,Young County,Fire,"$905,495 ",$247 ,130%,
2021,Young County,Water,"$1,612,174 ",$440 ,341%,
2021,Young County,Total Paid Loss,"$3,568,086 ",$974 ,33%,"3,663"
2021,Zapata County,Fire,$0 ,$0 ,-100%,
2021,Zapata County,Other,"$48,329 ",$38 ,82%,
2021,Zapata County,Water,"$123,128 ",$97 ,117%,
2021,Zapata County,Wind,"$1,318,778 ","$1,039 ",-24%,
2021,Zapata County,Total Paid Loss,"$1,490,235 ","$1,174 ",-26%,"1,269"
2021,Zavala County,Water,"$21,174 ",$25 ,5%,
2021,Zavala County,Other,"$37,258 ",$44 ,-65%,
2021,Zavala County,Fire,"$63,802 ",$76 ,-41%,
2021,Zavala County,Wind,"$253,377 ",$301 ,173%,
2021,Zavala County,Total Paid Loss,"$375,611 ",$446 ,15%,843
2022,Anderson County,Other,"$324,251 ",$40 ,-58%,
2022,Anderson County,Water,"$1,139,913 ",$142 ,-51%,
2022,Anderson County,Fire,"$1,973,390 ",$246 ,-51%,
2022,Anderson County,Wind,"$3,238,064 ",$404 ,6%,
2022,Anderson County,Total Paid Loss,"$6,675,618 ",$833 ,-34%,"8,011"
2022,Andrews County,Other,"$64,425 ",$25 ,-40%,
2022,Andrews County,Water,"$189,604 ",$73 ,-14%,
2022,Andrews County,Fire,"$267,937 ",$103 ,-78%,
2022,Andrews County,Wind,"$4,285,580 ","$1,648 ",709%,
2022,Andrews County,Total Paid Loss,"$4,807,546 ","$1,849 ",132%,"2,600"
2022,Angelina County,Other,"$745,441 ",$50 ,-71%,
2022,Angelina County,Water,"$1,868,238 ",$126 ,-65%,
2022,Angelina County,Wind,"$4,398,061 ",$297 ,102%,
2022,Angelina County,Fire,"$5,308,349 ",$359 ,38%,
2022,Angelina County,Total Paid Loss,"$12,320,089 ",$833 ,-12%,"14,791"
2022,Aransas County,Other,"$221,249 ",$31 ,-30%,
2022,Aransas County,Wind,"$464,360 ",$66 ,-66%,
2022,Aransas County,Water,"$547,604 ",$78 ,-77%,
2022,Aransas County,Fire,"$660,774 ",$94 ,100%,
2022,Aransas County,Total Paid Loss,"$1,893,987 ",$268 ,-57%,"7,055"
2022,Archer County,Other,"$88,783 ",$87 ,155%,
2022,Archer County,Water,"$121,490 ",$119 ,-83%,
2022,Archer County,Fire,"$260,208 ",$256 ,-63%,
2022,Archer County,Wind,"$330,484 ",$325 ,-52%,
2022,Archer County,Total Paid Loss,"$800,965 ",$788 ,-63%,"1,017"
2022,Armstrong County,Fire,"$15,845 ",$42 ,-4%,
2022,Armstrong County,Water,"$21,182 ",$56 ,119%,
2022,Armstrong County,Other,"$44,163 ",$116 ,295%,
2022,Armstrong County,Wind,"$1,159,925 ","$3,052 ",-13%,
2022,Armstrong County,Total Paid Loss,"$1,241,115 ","$3,266 ",-9%,380
2022,Atascosa County,Water,"$983,824 ",$149 ,-52%,
2022,Atascosa County,Other,"$1,400,249 ",$212 ,248%,
2022,Atascosa County,Wind,"$1,537,822 ",$233 ,-25%,
2022,Atascosa County,Fire,"$2,065,346 ",$312 ,144%,
2022,Atascosa County,Total Paid Loss,"$5,987,241 ",$905 ,12%,"6,614"
2022,Austin County,Other,"$137,017 ",$29 ,-69%,
2022,Austin County,Fire,"$814,527 ",$173 ,-15%,
2022,Austin County,Wind,"$979,712 ",$208 ,-66%,
2022,Austin County,Water,"$1,020,915 ",$217 ,-75%,
2022,Austin County,Total Paid Loss,"$2,952,171 ",$628 ,-65%,"4,699"
2022,Bailey County,Fire,"$15,461 ",$22 ,-59%,
2022,Bailey County,Other,"$32,688 ",$46 ,277%,
2022,Bailey County,Water,"$79,432 ",$113 ,-14%,
2022,Bailey County,Wind,"$4,902,588 ","$6,964 ",1559%,
2022,Bailey County,Total Paid Loss,"$5,030,169 ","$7,145 ",1059%,704
2022,Bandera County,Other,"$315,593 ",$64 ,42%,
2022,Bandera County,Fire,"$424,144 ",$85 ,-52%,
2022,Bandera County,Water,"$643,216 ",$130 ,-68%,
2022,Bandera County,Wind,"$4,140,394 ",$834 ,130%,
2022,Bandera County,Total Paid Loss,"$5,523,347 ","$1,113 ",13%,"4,964"
2022,Bastrop County,Other,"$1,477,420 ",$83 ,84%,
2022,Bastrop County,Water,"$2,277,306 ",$129 ,-54%,
2022,Bastrop County,Fire,"$3,047,385 ",$172 ,-1%,
2022,Bastrop County,Wind,"$9,275,724 ",$524 ,-38%,
2022,Bastrop County,Total Paid Loss,"$16,077,835 ",$908 ,-32%,"17,700"
2022,Baylor County,Other,"$11,390 ",$20 ,-8%,
2022,Baylor County,Wind,"$57,426 ",$102 ,-18%,
2022,Baylor County,Fire,"$92,241 ",$163 ,278%,
2022,Baylor County,Water,"$126,039 ",$223 ,671%,
2022,Baylor County,Total Paid Loss,"$287,096 ",$508 ,134%,565
2022,Bee County,Other,"$28,347 ",$12 ,26%,
2022,Bee County,Wind,"$99,851 ",$44 ,-66%,
2022,Bee County,Fire,"$219,182 ",$96 ,734%,
2022,Bee County,Water,"$275,988 ",$121 ,60%,
2022,Bee County,Total Paid Loss,"$623,368 ",$274 ,20%,"2,279"
2022,Bell County,Other,"$4,586,628 ",$62 ,-30%,
2022,Bell County,Water,"$11,404,115 ",$153 ,-57%,
2022,Bell County,Fire,"$11,424,313 ",$153 ,33%,
2022,Bell County,Wind,"$153,588,045 ","$2,062 ",788%,
2022,Bell County,Total Paid Loss,"$181,003,101 ","$2,430 ",206%,"74,502"
2022,Bexar County,Other,"$26,546,133 ",$65 ,-25%,
2022,Bexar County,Fire,"$56,530,425 ",$138 ,13%,
2022,Bexar County,Water,"$113,755,683 ",$277 ,-34%,
2022,Bexar County,Wind,"$118,507,548 ",$288 ,-45%,
2022,Bexar County,Total Paid Loss,"$315,339,789 ",$768 ,-34%,"410,783"
2022,Blanco County,Other,"$63,466 ",$24 ,-24%,
2022,Blanco County,Fire,"$69,129 ",$26 ,239%,
2022,Blanco County,Water,"$261,049 ",$97 ,-77%,
2022,Blanco County,Wind,"$1,924,923 ",$717 ,456%,
2022,Blanco County,Total Paid Loss,"$2,318,567 ",$863 ,47%,"2,686"
2022,Borden County,Fire,$0 ,$0 ,0%,
2022,Borden County,Other,$0 ,$0 ,0%,
2022,Borden County,Total Paid Loss,$0 ,$0 ,-100%,30
2022,Borden County,Water,$0 ,$0 ,-100%,
2022,Borden County,Wind,$0 ,$0 ,0%,
2022,Bosque County,Other,"$105,583 ",$27 ,23%,
2022,Bosque County,Water,"$491,719 ",$128 ,-64%,
2022,Bosque County,Wind,"$1,495,772 ",$390 ,-56%,
2022,Bosque County,Fire,"$1,826,962 ",$476 ,-52%,
2022,Bosque County,Total Paid Loss,"$3,920,036 ","$1,021 ",-55%,"3,840"
2022,Bowie County,Other,"$569,109 ",$34 ,-69%,
2022,Bowie County,Water,"$2,145,812 ",$127 ,-48%,
2022,Bowie County,Fire,"$4,816,429 ",$285 ,77%,
2022,Bowie County,Wind,"$14,685,640 ",$870 ,39%,
2022,Bowie County,Total Paid Loss,"$22,216,990 ","$1,317 ",15%,"16,874"
2022,Brazoria County,Other,"$3,542,152 ",$38 ,7%,
2022,Brazoria County,Fire,"$11,221,851 ",$122 ,-17%,
2022,Brazoria County,Wind,"$11,561,587 ",$125 ,-18%,
2022,Brazoria County,Water,"$20,120,111 ",$218 ,-77%,
2022,Brazoria County,Total Paid Loss,"$46,445,701 ",$504 ,-61%,"92,209"
2022,Brazos County,Other,"$1,553,388 ",$45 ,28%,
2022,Brazos County,Fire,"$2,880,767 ",$83 ,-46%,
2022,Brazos County,Water,"$5,655,629 ",$163 ,-62%,
2022,Brazos County,Wind,"$19,261,860 ",$557 ,-81%,
2022,Brazos County,Total Paid Loss,"$29,351,644 ",$848 ,-76%,"34,596"
2022,Brewster County,Other,"$3,478 ",$2 ,-94%,
2022,Brewster County,Water,"$152,196 ",$83 ,-1%,
2022,Brewster County,Wind,"$421,519 ",$231 ,111%,
2022,Brewster County,Fire,"$1,252,080 ",$686 ,628%,
2022,Brewster County,Total Paid Loss,"$1,829,273 ","$1,002 ",211%,"1,826"
2022,Briscoe County,Fire,$0 ,$0 ,-100%,
2022,Briscoe County,Other,"$6,351 ",$29 ,98%,
2022,Briscoe County,Water,"$10,000 ",$46 ,-91%,
2022,Briscoe County,Wind,"$149,589 ",$689 ,-5%,
2022,Briscoe County,Total Paid Loss,"$165,940 ",$765 ,-40%,217
2022,Brooks County,Water,"$6,942 ",$12 ,-78%,
2022,Brooks County,Fire,"$11,750 ",$21 ,1709%,
2022,Brooks County,Other,"$12,252 ",$22 ,464%,
2022,Brooks County,Wind,"$22,241 ",$40 ,-88%,
2022,Brooks County,Total Paid Loss,"$53,185 ",$95 ,-77%,560
2022,Brown County,Other,"$214,126 ",$37 ,-47%,
2022,Brown County,Fire,"$942,924 ",$161 ,-2%,
2022,Brown County,Water,"$1,023,467 ",$175 ,-22%,
2022,Brown County,Wind,"$11,191,941 ","$1,909 ",426%,
2022,Brown County,Total Paid Loss,"$13,372,458 ","$2,281 ",178%,"5,862"
2022,Burleson County,Water,"$106,347 ",$41 ,-86%,
2022,Burleson County,Other,"$118,634 ",$46 ,-7%,
2022,Burleson County,Fire,"$167,142 ",$65 ,-37%,
2022,Burleson County,Wind,"$229,253 ",$89 ,-23%,
2022,Burleson County,Total Paid Loss,"$621,376 ",$241 ,-57%,"2,578"
2022,Burnet County,Water,"$1,283,745 ",$121 ,-72%,
2022,Burnet County,Other,"$1,312,663 ",$124 ,111%,
2022,Burnet County,Wind,"$3,940,480 ",$372 ,-81%,
2022,Burnet County,Fire,"$4,118,236 ",$389 ,42%,
2022,Burnet County,Total Paid Loss,"$10,655,124 ","$1,007 ",-63%,"10,583"
2022,Caldwell County,Other,"$147,986 ",$26 ,-10%,
2022,Caldwell County,Water,"$555,725 ",$99 ,-57%,
2022,Caldwell County,Fire,"$750,015 ",$134 ,-9%,
2022,Caldwell County,Wind,"$4,287,643 ",$764 ,68%,
2022,Caldwell County,Total Paid Loss,"$5,741,369 ","$1,024 ",19%,"5,609"
2022,Calhoun County,Other,"$14,485 ",$3 ,-97%,
2022,Calhoun County,Wind,"$50,957 ",$12 ,-88%,
2022,Calhoun County,Fire,"$497,632 ",$120 ,50%,
2022,Calhoun County,Water,"$613,361 ",$148 ,-57%,
2022,Calhoun County,Total Paid Loss,"$1,176,435 ",$284 ,-56%,"4,143"
2022,Callahan County,Other,"$70,458 ",$33 ,-29%,
2022,Callahan County,Water,"$132,207 ",$63 ,-65%,
2022,Callahan County,Fire,"$251,340 ",$119 ,578%,
2022,Callahan County,Wind,"$2,428,751 ","$1,149 ",552%,
2022,Callahan County,Total Paid Loss,"$2,882,756 ","$1,364 ",224%,"2,114"
2022,Cameron County,Other,"$1,048,648 ",$21 ,-37%,
2022,Cameron County,Water,"$4,295,419 ",$87 ,31%,
2022,Cameron County,Fire,"$4,506,263 ",$92 ,-3%,
2022,Cameron County,Wind,"$10,869,473 ",$221 ,79%,
2022,Cameron County,Total Paid Loss,"$20,719,803 ",$422 ,33%,"49,113"
2022,Camp County,Other,"$92,009 ",$34 ,-41%,
2022,Camp County,Fire,"$379,150 ",$141 ,-22%,
2022,Camp County,Water,"$687,060 ",$255 ,3%,
2022,Camp County,Wind,"$735,730 ",$273 ,-77%,
2022,Camp County,Total Paid Loss,"$1,893,949 ",$703 ,-58%,"2,693"
2022,Carson County,Other,"$18,614 ",$17 ,15%,
2022,Carson County,Water,"$107,310 ",$100 ,156%,
2022,Carson County,Fire,"$252,796 ",$236 ,279%,
2022,Carson County,Wind,"$908,560 ",$848 ,-5%,
2022,Carson County,Total Paid Loss,"$1,287,280 ","$1,201 ",19%,"1,072"
2022,Cass County,Other,"$507,909 ",$97 ,-24%,
2022,Cass County,Water,"$779,392 ",$149 ,-32%,
2022,Cass County,Fire,"$1,545,401 ",$295 ,-43%,
2022,Cass County,Wind,"$4,228,763 ",$808 ,116%,
2022,Cass County,Total Paid Loss,"$7,061,465 ","$1,349 ",9%,"5,234"
2022,Castro County,Other,"($5,907)",($8),-118%,
2022,Castro County,Fire,"$1,429 ",$2 ,-98%,
2022,Castro County,Water,"$18,438 ",$24 ,-58%,
2022,Castro County,Wind,"$198,959 ",$264 ,271%,
2022,Castro County,Total Paid Loss,"$212,919 ",$283 ,0%,753
2022,Chambers County,Other,"$329,483 ",$28 ,-47%,
2022,Chambers County,Fire,"$996,161 ",$84 ,-25%,
2022,Chambers County,Water,"$1,222,761 ",$103 ,-85%,
2022,Chambers County,Wind,"$1,985,290 ",$168 ,-7%,
2022,Chambers County,Total Paid Loss,"$4,533,695 ",$384 ,-63%,"11,820"
2022,Cherokee County,Other,"$483,965 ",$47 ,-43%,
2022,Cherokee County,Water,"$1,629,350 ",$158 ,-62%,
2022,Cherokee County,Fire,"$2,844,033 ",$276 ,23%,
2022,Cherokee County,Wind,"$4,165,436 ",$404 ,-15%,
2022,Cherokee County,Total Paid Loss,"$9,122,784 ",$886 ,-26%,"10,302"
2022,Childress County,Fire,"$18,861 ",$18 ,-78%,
2022,Childress County,Other,"$39,621 ",$37 ,153%,
2022,Childress County,Water,"$122,839 ",$116 ,-51%,
2022,Childress County,Wind,"$257,901 ",$243 ,-12%,
2022,Childress County,Total Paid Loss,"$439,222 ",$414 ,-32%,"1,062"
2022,Clay County,Water,"$82,454 ",$62 ,-57%,
2022,Clay County,Other,"$99,234 ",$75 ,323%,
2022,Clay County,Fire,"$127,643 ",$97 ,9%,
2022,Clay County,Wind,"$307,392 ",$233 ,-30%,
2022,Clay County,Total Paid Loss,"$616,723 ",$467 ,-20%,"1,322"
2022,Cochran County,Other,$0 ,$0 ,-100%,
2022,Cochran County,Water,$0 ,$0 ,0%,
2022,Cochran County,Fire,"$70,509 ",$311 ,0%,
2022,Cochran County,Wind,"$295,430 ","$1,301 ",65%,
2022,Cochran County,Total Paid Loss,"$365,939 ","$1,612 ",104%,227
2022,Coke County,Water,"$8,658 ",$24 ,-71%,
2022,Coke County,Other,"$9,170 ",$26 ,57%,
2022,Coke County,Fire,"$52,335 ",$146 ,-71%,
2022,Coke County,Wind,"$80,616 ",$225 ,-17%,
2022,Coke County,Total Paid Loss,"$150,779 ",$420 ,-52%,359
2022,Coleman County,Water,"$30,156 ",$32 ,-87%,
2022,Coleman County,Other,"$81,280 ",$86 ,744%,
2022,Coleman County,Fire,"$452,613 ",$477 ,95%,
2022,Coleman County,Wind,"$517,536 ",$545 ,58%,
2022,Coleman County,Total Paid Loss,"$1,081,585 ","$1,140 ",34%,949
2022,Collin County,Other,"$17,888,702 ",$70 ,-37%,
2022,Collin County,Fire,"$53,746,636 ",$210 ,2%,
2022,Collin County,Water,"$149,108,305 ",$584 ,-65%,
2022,Collin County,Wind,"$170,614,683 ",$668 ,-1%,
2022,Collin County,Total Paid Loss,"$391,358,326 ","$1,532 ",-43%,"255,511"
2022,Collingsworth County,Other,"$2,355 ",$6 ,-46%,
2022,Collingsworth County,Water,"$3,182 ",$8 ,-84%,
2022,Collingsworth County,Fire,"$3,946 ",$10 ,0%,
2022,Collingsworth County,Wind,"$92,918 ",$238 ,13%,
2022,Collingsworth County,Total Paid Loss,"$102,401 ",$262 ,-4%,391
2022,Colorado County,Other,"$39,194 ",$14 ,-55%,
2022,Colorado County,Wind,"$371,316 ",$135 ,-26%,
2022,Colorado County,Water,"$421,303 ",$153 ,-61%,
2022,Colorado County,Fire,"$834,883 ",$304 ,-58%,
2022,Colorado County,Total Paid Loss,"$1,666,696 ",$606 ,-54%,"2,749"
2022,Comal County,Other,"$2,137,365 ",$36 ,-44%,
2022,Comal County,Fire,"$6,086,359 ",$104 ,18%,
2022,Comal County,Water,"$11,808,024 ",$201 ,-58%,
2022,Comal County,Wind,"$42,915,732 ",$731 ,-25%,
2022,Comal County,Total Paid Loss,"$62,947,480 ","$1,072 ",-33%,"58,707"
2022,Comanche County,Fire,"$6,611 ",$4 ,-97%,
2022,Comanche County,Other,"$17,318 ",$11 ,-52%,
2022,Comanche County,Water,"$170,962 ",$107 ,-60%,
2022,Comanche County,Wind,"$259,136 ",$162 ,-57%,
2022,Comanche County,Total Paid Loss,"$454,027 ",$284 ,-66%,"1,597"
2022,Concho County,Fire,"$3,912 ",$12 ,32%,
2022,Concho County,Other,"$13,368 ",$41 ,-55%,
2022,Concho County,Water,"$27,520 ",$85 ,16%,
2022,Concho County,Wind,"$81,198 ",$251 ,-27%,
2022,Concho County,Total Paid Loss,"$125,998 ",$390 ,-25%,323
2022,Cooke County,Other,"$314,683 ",$45 ,-24%,
2022,Cooke County,Fire,"$716,457 ",$103 ,-58%,
2022,Cooke County,Water,"$1,173,363 ",$169 ,-53%,
2022,Cooke County,Wind,"$7,314,499 ","$1,056 ",178%,
2022,Cooke County,Total Paid Loss,"$9,519,002 ","$1,375 ",31%,"6,924"
2022,Coryell County,Other,"$451,722 ",$37 ,-64%,
2022,Coryell County,Water,"$1,109,579 ",$90 ,-66%,
2022,Coryell County,Fire,"$3,115,554 ",$253 ,31%,
2022,Coryell County,Wind,"$5,399,888 ",$439 ,38%,
2022,Coryell County,Total Paid Loss,"$10,076,743 ",$818 ,-7%,"12,312"
2022,Cottle County,Other,$0 ,$0 ,0%,
2022,Cottle County,Water,"$3,116 ",$18 ,-97%,
2022,Cottle County,Fire,"$20,747 ",$119 ,0%,
2022,Cottle County,Wind,"$52,730 ",$301 ,-41%,
2022,Cottle County,Total Paid Loss,"$76,593 ",$438 ,-64%,175
2022,Crane County,Other,"$14,775 ",$24 ,47%,
2022,Crane County,Fire,"$14,911 ",$24 ,936%,
2022,Crane County,Water,"$27,950 ",$45 ,-48%,
2022,Crane County,Wind,"$141,891 ",$230 ,-35%,
2022,Crane County,Total Paid Loss,"$199,527 ",$324 ,-30%,616
2022,Crockett County,Other,$250 ,$1 ,-89%,
2022,Crockett County,Water,"$3,793 ",$10 ,-92%,
2022,Crockett County,Wind,"$38,321 ",$99 ,-83%,
2022,Crockett County,Fire,"$45,063 ",$116 ,0%,
2022,Crockett County,Total Paid Loss,"$87,427 ",$225 ,-68%,388
2022,Crosby County,Water,"$45,036 ",$65 ,-16%,
2022,Crosby County,Other,"$60,602 ",$88 ,211%,
2022,Crosby County,Wind,"$110,032 ",$159 ,-57%,
2022,Crosby County,Fire,"$422,059 ",$612 ,0%,
2022,Crosby County,Total Paid Loss,"$637,729 ",$924 ,94%,690
2022,Culberson County,Fire,$0 ,$0 ,0%,
2022,Culberson County,Other,$0 ,$0 ,0%,
2022,Culberson County,Water,$0 ,$0 ,-100%,
2022,Culberson County,Total Paid Loss,"$58,733 ",$266 ,56%,221
2022,Culberson County,Wind,"$58,733 ",$266 ,72%,
2022,Dallam County,Water,"$89,791 ",$54 ,-9%,
2022,Dallam County,Other,"$194,737 ",$118 ,559%,
2022,Dallam County,Fire,"$451,517 ",$273 ,-68%,
2022,Dallam County,Wind,"$2,129,361 ","$1,289 ",168%,
2022,Dallam County,Total Paid Loss,"$2,865,406 ","$1,735 ",23%,"1,652"
2022,Dallas County,Other,"$39,011,147 ",$92 ,4%,
2022,Dallas County,Fire,"$109,756,572 ",$258 ,15%,
2022,Dallas County,Water,"$239,602,228 ",$563 ,-61%,
2022,Dallas County,Wind,"$251,794,665 ",$592 ,-17%,
2022,Dallas County,Total Paid Loss,"$640,164,612 ","$1,504 ",-39%,"425,658"
2022,Dawson County,Fire,"$34,450 ",$28 ,-81%,
2022,Dawson County,Other,"$54,241 ",$45 ,-63%,
2022,Dawson County,Water,"$183,392 ",$152 ,-31%,
2022,Dawson County,Wind,"$1,455,302 ","$1,203 ",-88%,
2022,Dawson County,Total Paid Loss,"$1,727,385 ","$1,428 ",-86%,"1,210"
2022,Deaf Smith County,Other,"$76,771 ",$33 ,-5%,
2022,Deaf Smith County,Fire,"$92,209 ",$39 ,232%,
2022,Deaf Smith County,Water,"$119,097 ",$51 ,38%,
2022,Deaf Smith County,Wind,"$25,939,785 ","$11,100 ",3566%,
2022,Deaf Smith County,Total Paid Loss,"$26,227,862 ","$11,223 ",2807%,"2,337"
2022,Delta County,Fire,"$7,368 ",$9 ,-64%,
2022,Delta County,Other,"$13,602 ",$17 ,-4%,
2022,Delta County,Water,"$106,259 ",$137 ,-58%,
2022,Delta County,Wind,"$993,526 ","$1,277 ",243%,
2022,Delta County,Total Paid Loss,"$1,120,755 ","$1,441 ",95%,778
2022,Denton County,Other,"$15,971,852 ",$72 ,-15%,
2022,Denton County,Fire,"$59,799,756 ",$270 ,32%,
2022,Denton County,Water,"$113,499,424 ",$512 ,-63%,
2022,Denton County,Wind,"$491,878,653 ","$2,220 ",92%,
2022,Denton County,Total Paid Loss,"$681,149,685 ","$3,074 ",9%,"221,564"
2022,DeWitt County,Other,"$126,874 ",$55 ,165%,
2022,DeWitt County,Water,"$206,662 ",$89 ,-56%,
2022,DeWitt County,Fire,"$216,841 ",$94 ,-82%,
2022,DeWitt County,Wind,"$278,829 ",$120 ,136%,
2022,DeWitt County,Total Paid Loss,"$829,206 ",$358 ,-55%,"2,315"
2022,Dickens County,Fire,$535 ,$2 ,0%,
2022,Dickens County,Other,"$4,590 ",$19 ,-78%,
2022,Dickens County,Wind,"$32,833 ",$135 ,-78%,
2022,Dickens County,Water,"$37,896 ",$155 ,160%,
2022,Dickens County,Total Paid Loss,"$75,854 ",$311 ,-59%,244
2022,Dimmit County,Other,"$14,981 ",$15 ,86%,
2022,Dimmit County,Fire,"$21,978 ",$23 ,-94%,
2022,Dimmit County,Water,"$56,368 ",$58 ,-45%,
2022,Dimmit County,Wind,"$79,034 ",$81 ,-77%,
2022,Dimmit County,Total Paid Loss,"$172,361 ",$177 ,-79%,976
2022,Donley County,Fire,"$1,685 ",$3 ,-89%,
2022,Donley County,Water,"$12,273 ",$22 ,-80%,
2022,Donley County,Other,"$14,240 ",$26 ,368%,
2022,Donley County,Wind,"$243,793 ",$444 ,-34%,
2022,Donley County,Total Paid Loss,"$271,991 ",$495 ,-40%,549
2022,Duval County,Other,"$8,980 ",$9 ,-92%,
2022,Duval County,Wind,"$103,360 ",$104 ,-11%,
2022,Duval County,Water,"$119,674 ",$121 ,-78%,
2022,Duval County,Fire,"$365,768 ",$369 ,30%,
2022,Duval County,Total Paid Loss,"$597,782 ",$604 ,-44%,990
2022,Eastland County,Water,"$184,279 ",$63 ,-80%,
2022,Eastland County,Other,"$200,522 ",$68 ,90%,
2022,Eastland County,Wind,"$830,989 ",$284 ,-40%,
2022,Eastland County,Fire,"$6,822,303 ","$2,329 ",5961%,
2022,Eastland County,Total Paid Loss,"$8,038,093 ","$2,744 ",220%,"2,929"
2022,Ector County,Other,"$1,086,166 ",$37 ,-8%,
2022,Ector County,Fire,"$2,035,151 ",$69 ,-10%,
2022,Ector County,Water,"$2,194,641 ",$74 ,-38%,
2022,Ector County,Wind,"$4,170,273 ",$141 ,-23%,
2022,Ector County,Total Paid Loss,"$9,486,231 ",$321 ,-23%,"29,551"
2022,Edwards County,Other,$0 ,$0 ,-100%,
2022,Edwards County,Water,"$8,896 ",$24 ,-87%,
2022,Edwards County,Wind,"$55,157 ",$148 ,26%,
2022,Edwards County,Fire,"$58,715 ",$157 ,-42%,
2022,Edwards County,Total Paid Loss,"$122,768 ",$329 ,-45%,373
2022,El Paso County,Other,"$6,196,440 ",$37 ,29%,
2022,El Paso County,Fire,"$9,856,692 ",$59 ,38%,
2022,El Paso County,Water,"$30,532,468 ",$184 ,-1%,
2022,El Paso County,Wind,"$64,677,995 ",$390 ,-10%,
2022,El Paso County,Total Paid Loss,"$111,263,595 ",$671 ,-3%,"165,728"
2022,Ellis County,Other,"$3,356,518 ",$68 ,28%,
2022,Ellis County,Water,"$13,632,851 ",$277 ,-57%,
2022,Ellis County,Fire,"$15,432,222 ",$313 ,10%,
2022,Ellis County,Wind,"$52,608,273 ","$1,068 ",16%,
2022,Ellis County,Total Paid Loss,"$85,029,864 ","$1,727 ",-9%,"49,245"
2022,Erath County,Other,"$66,246 ",$13 ,-65%,
2022,Erath County,Wind,"$925,274 ",$176 ,-72%,
2022,Erath County,Water,"$1,014,047 ",$192 ,-19%,
2022,Erath County,Fire,"$1,312,432 ",$249 ,47%,
2022,Erath County,Total Paid Loss,"$3,317,999 ",$629 ,-41%,"5,272"
2022,Falls County,Other,"$40,819 ",$27 ,-83%,
2022,Falls County,Water,"$170,656 ",$112 ,-71%,
2022,Falls County,Wind,"$580,070 ",$379 ,-83%,
2022,Falls County,Fire,"$764,540 ",$500 ,37%,
2022,Falls County,Total Paid Loss,"$1,556,085 ","$1,017 ",-68%,"1,530"
2022,Fannin County,Other,"$412,203 ",$68 ,140%,
2022,Fannin County,Water,"$1,110,815 ",$182 ,-37%,
2022,Fannin County,Fire,"$1,692,751 ",$277 ,-7%,
2022,Fannin County,Wind,"$6,358,430 ","$1,042 ",-8%,
2022,Fannin County,Total Paid Loss,"$9,574,199 ","$1,569 ",-10%,"6,102"
2022,Fayette County,Other,"$137,179 ",$43 ,-45%,
2022,Fayette County,Wind,"$408,996 ",$129 ,-38%,
2022,Fayette County,Water,"$614,801 ",$193 ,-61%,
2022,Fayette County,Fire,"$1,441,381 ",$453 ,78%,
2022,Fayette County,Total Paid Loss,"$2,602,357 ",$818 ,-21%,"3,181"
2022,Fisher County,Other,$200 ,$0 ,-94%,
2022,Fisher County,Fire,"$11,238 ",$24 ,10%,
2022,Fisher County,Water,"$27,580 ",$60 ,-68%,
2022,Fisher County,Wind,"$228,553 ",$496 ,-90%,
2022,Fisher County,Total Paid Loss,"$267,571 ",$580 ,-89%,461
2022,Floyd County,Other,"$4,175 ",$7 ,-81%,
2022,Floyd County,Water,"$41,210 ",$72 ,30%,
2022,Floyd County,Fire,"$267,398 ",$467 ,25%,
2022,Floyd County,Wind,"$1,673,621 ","$2,921 ",231%,
2022,Floyd County,Total Paid Loss,"$1,986,404 ","$3,467 ",157%,573
2022,Foard County,Fire,$0 ,$0 ,0%,
2022,Foard County,Other,$560 ,$3 ,-90%,
2022,Foard County,Water,"$37,438 ",$223 ,322%,
2022,Foard County,Wind,"$175,850 ","$1,047 ",133%,
2022,Foard County,Total Paid Loss,"$213,848 ","$1,273 ",138%,168
2022,Fort Bend County,Other,"$8,669,304 ",$45 ,-25%,
2022,Fort Bend County,Fire,"$23,300,947 ",$120 ,-14%,
2022,Fort Bend County,Water,"$53,140,701 ",$275 ,-78%,
2022,Fort Bend County,Wind,"$80,261,188 ",$415 ,15%,
2022,Fort Bend County,Total Paid Loss,"$165,372,140 ",$855 ,-53%,"193,447"
2022,Franklin County,Other,"$162,847 ",$60 ,-65%,
2022,Franklin County,Water,"$432,280 ",$160 ,-66%,
2022,Franklin County,Wind,"$885,960 ",$328 ,-52%,
2022,Franklin County,Fire,"$1,675,864 ",$620 ,358%,
2022,Franklin County,Total Paid Loss,"$3,156,951 ","$1,168 ",-20%,"2,702"
2022,Freestone County,Other,"$162,327 ",$54 ,-46%,
2022,Freestone County,Water,"$514,045 ",$171 ,-67%,
2022,Freestone County,Fire,"$758,889 ",$252 ,-45%,
2022,Freestone County,Wind,"$1,794,685 ",$595 ,98%,
2022,Freestone County,Total Paid Loss,"$3,229,946 ","$1,072 ",-22%,"3,014"
2022,Frio County,Other,"$18,313 ",$13 ,-95%,
2022,Frio County,Fire,"$191,460 ",$137 ,-50%,
2022,Frio County,Water,"$234,068 ",$167 ,30%,
2022,Frio County,Wind,"$448,914 ",$321 ,-33%,
2022,Frio County,Total Paid Loss,"$892,755 ",$638 ,-44%,"1,399"
2022,Gaines County,Other,"$56,473 ",$21 ,-93%,
2022,Gaines County,Fire,"$92,597 ",$34 ,-46%,
2022,Gaines County,Water,"$136,965 ",$50 ,-45%,
2022,Gaines County,Wind,"$555,098 ",$203 ,-90%,
2022,Gaines County,Total Paid Loss,"$841,133 ",$308 ,-87%,"2,731"
2022,Galveston County,Other,"$3,998,012 ",$45 ,-7%,
2022,Galveston County,Wind,"$8,380,795 ",$95 ,-54%,
2022,Galveston County,Fire,"$8,766,273 ",$99 ,-8%,
2022,Galveston County,Water,"$20,807,016 ",$236 ,-80%,
2022,Galveston County,Total Paid Loss,"$41,952,096 ",$475 ,-70%,"88,333"
2022,Garza County,Water,"$77,275 ",$114 ,-6%,
2022,Garza County,Other,"$80,580 ",$119 ,215%,
2022,Garza County,Wind,"$91,843 ",$135 ,-55%,
2022,Garza County,Fire,"$808,826 ","$1,189 ",157%,
2022,Garza County,Total Paid Loss,"$1,058,524 ","$1,557 ",69%,680
2022,Gillespie County,Other,"$62,477 ",$11 ,-85%,
2022,Gillespie County,Fire,"$679,729 ",$116 ,116%,
2022,Gillespie County,Water,"$1,026,726 ",$175 ,-80%,
2022,Gillespie County,Wind,"$1,995,419 ",$340 ,1%,
2022,Gillespie County,Total Paid Loss,"$3,764,351 ",$641 ,-53%,"5,874"
2022,Glasscock County,Fire,$0 ,$0 ,0%,
2022,Glasscock County,Water,$0 ,$0 ,-100%,
2022,Glasscock County,Other,"$2,265 ",$33 ,-71%,
2022,Glasscock County,Wind,"$921,125 ","$13,546 ",1213%,
2022,Glasscock County,Total Paid Loss,"$923,390 ","$13,579 ",1054%,68
2022,Goliad County,Other,"$2,505 ",$4 ,-81%,
2022,Goliad County,Wind,"$49,696 ",$78 ,-54%,
2022,Goliad County,Water,"$54,083 ",$85 ,-65%,
2022,Goliad County,Fire,"$138,282 ",$217 ,797%,
2022,Goliad County,Total Paid Loss,"$244,566 ",$383 ,-16%,638
2022,Gonzales County,Other,"$14,742 ",$8 ,-94%,
2022,Gonzales County,Fire,"$86,395 ",$46 ,-35%,
2022,Gonzales County,Wind,"$207,152 ",$110 ,-14%,
2022,Gonzales County,Water,"$443,984 ",$235 ,-49%,
2022,Gonzales County,Total Paid Loss,"$752,273 ",$398 ,-49%,"1,891"
2022,Gray County,Other,"$158,459 ",$46 ,45%,
2022,Gray County,Fire,"$392,626 ",$115 ,139%,
2022,Gray County,Water,"$437,345 ",$128 ,-32%,
2022,Gray County,Wind,"$1,468,539 ",$430 ,-1%,
2022,Gray County,Total Paid Loss,"$2,456,969 ",$719 ,3%,"3,418"
2022,Grayson County,Other,"$2,328,475 ",$73 ,-5%,
2022,Grayson County,Fire,"$7,346,063 ",$229 ,11%,
2022,Grayson County,Water,"$7,839,238 ",$244 ,-45%,
2022,Grayson County,Wind,"$23,688,949 ",$738 ,-9%,
2022,Grayson County,Total Paid Loss,"$41,202,725 ","$1,284 ",-16%,"32,086"
2022,Gregg County,Other,"$2,478,005 ",$79 ,-46%,
2022,Gregg County,Water,"$5,501,189 ",$176 ,-56%,
2022,Gregg County,Fire,"$6,552,721 ",$210 ,31%,
2022,Gregg County,Wind,"$33,908,787 ","$1,085 ",64%,
2022,Gregg County,Total Paid Loss,"$48,440,702 ","$1,550 ",13%,"31,249"
2022,Grimes County,Other,"$203,980 ",$45 ,-58%,
2022,Grimes County,Water,"$298,525 ",$66 ,-82%,
2022,Grimes County,Wind,"$690,130 ",$152 ,-45%,
2022,Grimes County,Fire,"$2,809,685 ",$619 ,84%,
2022,Grimes County,Total Paid Loss,"$4,002,320 ",$881 ,-19%,"4,542"
2022,Guadalupe County,Other,"$2,320,173 ",$62 ,-3%,
2022,Guadalupe County,Fire,"$7,983,481 ",$215 ,82%,
2022,Guadalupe County,Water,"$10,373,663 ",$279 ,-6%,
2022,Guadalupe County,Wind,"$37,249,058 ","$1,003 ",255%,
2022,Guadalupe County,Total Paid Loss,"$57,926,375 ","$1,560 ",105%,"37,144"
2022,Hale County,Other,"$199,056 ",$46 ,-8%,
2022,Hale County,Fire,"$489,488 ",$113 ,-51%,
2022,Hale County,Water,"$498,572 ",$115 ,0%,
2022,Hale County,Wind,"$2,089,937 ",$483 ,-71%,
2022,Hale County,Total Paid Loss,"$3,277,053 ",$757 ,-63%,"4,327"
2022,Hall County,Other,"$1,901 ",$5 ,-30%,
2022,Hall County,Water,"$7,853 ",$22 ,0%,
2022,Hall County,Fire,"$28,338 ",$79 ,0%,
2022,Hall County,Wind,"$144,661 ",$402 ,125%,
2022,Hall County,Total Paid Loss,"$182,753 ",$508 ,172%,360
2022,Hamilton County,Fire,"$9,334 ",$8 ,-97%,
2022,Hamilton County,Other,"$11,275 ",$10 ,6%,
2022,Hamilton County,Water,"$124,529 ",$112 ,-83%,
2022,Hamilton County,Wind,"$397,001 ",$356 ,2%,
2022,Hamilton County,Total Paid Loss,"$542,139 ",$486 ,-63%,"1,115"
2022,Hansford County,Fire,"$8,799 ",$10 ,0%,
2022,Hansford County,Other,"$26,556 ",$31 ,-16%,
2022,Hansford County,Water,"$62,374 ",$73 ,-11%,
2022,Hansford County,Wind,"$659,695 ",$769 ,80%,
2022,Hansford County,Total Paid Loss,"$757,424 ",$883 ,62%,858
2022,Hardeman County,Other,"$9,701 ",$20 ,-16%,
2022,Hardeman County,Water,"$63,935 ",$133 ,-64%,
2022,Hardeman County,Wind,"$136,080 ",$282 ,-71%,
2022,Hardeman County,Fire,"$228,374 ",$474 ,591%,
2022,Hardeman County,Total Paid Loss,"$438,090 ",$909 ,-36%,482
2022,Hardin County,Other,"$506,957 ",$42 ,8%,
2022,Hardin County,Water,"$1,719,472 ",$141 ,-30%,
2022,Hardin County,Wind,"$2,807,712 ",$230 ,134%,
2022,Hardin County,Fire,"$3,360,073 ",$276 ,46%,
2022,Hardin County,Total Paid Loss,"$8,394,214 ",$689 ,31%,"12,181"
2022,Harris County,Other,"$49,436,548 ",$62 ,-14%,
2022,Harris County,Fire,"$130,719,730 ",$163 ,5%,
2022,Harris County,Wind,"$212,571,972 ",$265 ,-25%,
2022,Harris County,Water,"$242,389,785 ",$302 ,-80%,
2022,Harris County,Total Paid Loss,"$635,118,035 ",$792 ,-62%,"801,554"
2022,Harrison County,Other,"$398,320 ",$40 ,-80%,
2022,Harrison County,Water,"$1,580,272 ",$158 ,-63%,
2022,Harrison County,Fire,"$1,651,612 ",$165 ,-17%,
2022,Harrison County,Wind,"$19,102,425 ","$1,904 ",281%,
2022,Harrison County,Total Paid Loss,"$22,732,629 ","$2,266 ",71%,"10,031"
2022,Hartley County,Fire,$0 ,$0 ,0%,
2022,Hartley County,Other,$0 ,$0 ,0%,
2022,Hartley County,Water,"$18,659 ",$174 ,0%,
2022,Hartley County,Wind,"$55,356 ",$517 ,426%,
2022,Hartley County,Total Paid Loss,"$74,015 ",$692 ,603%,107
2022,Haskell County,Fire,"$13,713 ",$17 ,-74%,
2022,Haskell County,Water,"$27,485 ",$33 ,-78%,
2022,Haskell County,Other,"$56,276 ",$68 ,143%,
2022,Haskell County,Wind,"$361,541 ",$439 ,27%,
2022,Haskell County,Total Paid Loss,"$459,015 ",$557 ,-5%,824
2022,Hays County,Other,"$2,833,452 ",$48 ,2%,
2022,Hays County,Fire,"$9,694,297 ",$163 ,49%,
2022,Hays County,Water,"$13,772,983 ",$232 ,-45%,
2022,Hays County,Wind,"$18,909,827 ",$319 ,-54%,
2022,Hays County,Total Paid Loss,"$45,210,559 ",$762 ,-40%,"59,353"
2022,Hemphill County,Other,"$8,981 ",$15 ,-73%,
2022,Hemphill County,Water,"$56,062 ",$96 ,82%,
2022,Hemphill County,Fire,"$373,282 ",$636 ,52567%,
2022,Hemphill County,Wind,"$515,340 ",$878 ,-78%,
2022,Hemphill County,Total Paid Loss,"$953,665 ","$1,625 ",-60%,587
2022,Henderson County,Other,"$1,962,945 ",$97 ,0%,
2022,Henderson County,Fire,"$5,129,750 ",$254 ,-59%,
2022,Henderson County,Water,"$5,394,316 ",$267 ,-76%,
2022,Henderson County,Wind,"$14,728,417 ",$728 ,4%,
2022,Henderson County,Total Paid Loss,"$27,215,428 ","$1,345 ",-47%,"20,231"
2022,Hidalgo County,Other,"$4,080,388 ",$43 ,23%,
2022,Hidalgo County,Fire,"$8,100,949 ",$85 ,3%,
2022,Hidalgo County,Water,"$10,563,218 ",$110 ,6%,
2022,Hidalgo County,Wind,"$30,561,637 ",$319 ,-25%,
2022,Hidalgo County,Total Paid Loss,"$53,306,192 ",$556 ,-14%,"95,859"
2022,Hill County,Other,"$151,908 ",$28 ,-25%,
2022,Hill County,Water,"$884,574 ",$162 ,-58%,
2022,Hill County,Fire,"$1,622,647 ",$296 ,269%,
2022,Hill County,Wind,"$2,107,471 ",$385 ,-12%,
2022,Hill County,Total Paid Loss,"$4,766,600 ",$870 ,-7%,"5,477"
2022,Hockley County,Other,"$104,852 ",$34 ,6%,
2022,Hockley County,Water,"$301,953 ",$97 ,28%,
2022,Hockley County,Fire,"$821,237 ",$265 ,130%,
2022,Hockley County,Wind,"$9,078,834 ","$2,928 ",424%,
2022,Hockley County,Total Paid Loss,"$10,306,876 ","$3,324 ",325%,"3,101"
2022,Hood County,Other,"$1,641,523 ",$99 ,-17%,
2022,Hood County,Fire,"$3,318,481 ",$200 ,108%,
2022,Hood County,Water,"$4,809,863 ",$290 ,-62%,
2022,Hood County,Wind,"$14,495,573 ",$874 ,-43%,
2022,Hood County,Total Paid Loss,"$24,265,440 ","$1,462 ",-42%,"16,594"
2022,Hopkins County,Other,"$405,666 ",$70 ,-60%,
2022,Hopkins County,Fire,"$666,739 ",$115 ,-16%,
2022,Hopkins County,Water,"$1,240,203 ",$213 ,-35%,
2022,Hopkins County,Wind,"$3,323,628 ",$572 ,30%,
2022,Hopkins County,Total Paid Loss,"$5,636,236 ",$970 ,-10%,"5,811"
2022,Houston County,Other,"$332,808 ",$97 ,-34%,
2022,Houston County,Fire,"$512,720 ",$149 ,-8%,
2022,Houston County,Water,"$1,042,971 ",$304 ,-42%,
2022,Houston County,Wind,"$2,835,531 ",$826 ,250%,
2022,Houston County,Total Paid Loss,"$4,724,030 ","$1,376 ",29%,"3,433"
2022,Howard County,Other,"$144,566 ",$31 ,-12%,
2022,Howard County,Water,"$583,499 ",$124 ,-51%,
2022,Howard County,Fire,"$680,326 ",$145 ,71%,
2022,Howard County,Wind,"$4,007,479 ",$855 ,-72%,
2022,Howard County,Total Paid Loss,"$5,415,870 ","$1,155 ",-66%,"4,689"
2022,Hudspeth County,Fire,$0 ,$0 ,0%,
2022,Hudspeth County,Other,$0 ,$0 ,0%,
2022,Hudspeth County,Wind,"$18,243 ",$128 ,-9%,
2022,Hudspeth County,Water,"$45,620 ",$321 ,1404%,
2022,Hudspeth County,Total Paid Loss,"$63,863 ",$450 ,176%,142
2022,Hunt County,Other,"$1,107,909 ",$68 ,-27%,
2022,Hunt County,Water,"$3,595,484 ",$222 ,-46%,
2022,Hunt County,Fire,"$5,026,910 ",$310 ,96%,
2022,Hunt County,Wind,"$8,602,316 ",$531 ,-16%,
2022,Hunt County,Total Paid Loss,"$18,332,619 ","$1,131 ",-13%,"16,205"
2022,Hutchinson County,Other,"$143,718 ",$34 ,5%,
2022,Hutchinson County,Water,"$481,494 ",$115 ,-8%,
2022,Hutchinson County,Fire,"$1,682,716 ",$400 ,101%,
2022,Hutchinson County,Wind,"$6,967,179 ","$1,658 ",167%,
2022,Hutchinson County,Total Paid Loss,"$9,275,107 ","$2,207 ",126%,"4,202"
2022,Irion County,Other,$0 ,$0 ,-100%,
2022,Irion County,Fire,"$1,724 ",$8 ,0%,
2022,Irion County,Water,"$32,195 ",$156 ,191%,
2022,Irion County,Wind,"$109,307 ",$531 ,214%,
2022,Irion County,Total Paid Loss,"$143,226 ",$695 ,209%,206
2022,Jack County,Other,"$58,254 ",$60 ,286%,
2022,Jack County,Water,"$88,797 ",$92 ,-66%,
2022,Jack County,Fire,"$163,579 ",$169 ,96%,
2022,Jack County,Wind,"$13,773,549 ","$14,200 ",1217%,
2022,Jack County,Total Paid Loss,"$14,084,179 ","$14,520 ",900%,970
2022,Jackson County,Other,"$20,780 ",$13 ,2%,
2022,Jackson County,Wind,"$56,371 ",$37 ,-33%,
2022,Jackson County,Fire,"$100,389 ",$65 ,-28%,
2022,Jackson County,Water,"$112,551 ",$73 ,-56%,
2022,Jackson County,Total Paid Loss,"$290,091 ",$188 ,-42%,"1,543"
2022,Jasper County,Other,"$250,336 ",$36 ,-39%,
2022,Jasper County,Water,"$811,624 ",$116 ,-54%,
2022,Jasper County,Wind,"$1,361,450 ",$195 ,-29%,
2022,Jasper County,Fire,"$3,257,185 ",$467 ,-8%,
2022,Jasper County,Total Paid Loss,"$5,680,595 ",$815 ,-25%,"6,971"
2022,Jeff Davis County,Other,$0 ,$0 ,-100%,
2022,Jeff Davis County,Fire,"$5,414 ",$10 ,-27%,
2022,Jeff Davis County,Water,"$37,093 ",$68 ,35%,
2022,Jeff Davis County,Wind,"$130,891 ",$241 ,-9%,
2022,Jeff Davis County,Total Paid Loss,"$173,398 ",$320 ,-6%,542
2022,Jefferson County,Wind,"$2,981,921 ",$67 ,-56%,
2022,Jefferson County,Other,"$3,078,582 ",$69 ,-27%,
2022,Jefferson County,Fire,"$8,236,970 ",$184 ,-19%,
2022,Jefferson County,Water,"$8,346,976 ",$187 ,-60%,
2022,Jefferson County,Total Paid Loss,"$22,644,449 ",$507 ,-46%,"44,653"
2022,Jim Hogg County,Fire,$0 ,$0 ,-100%,
2022,Jim Hogg County,Other,"$3,303 ",$8 ,-78%,
2022,Jim Hogg County,Wind,"$87,623 ",$217 ,20%,
2022,Jim Hogg County,Water,"$91,603 ",$227 ,129%,
2022,Jim Hogg County,Total Paid Loss,"$182,529 ",$453 ,35%,403
2022,Jim Wells County,Other,"$144,962 ",$28 ,-24%,
2022,Jim Wells County,Wind,"$443,193 ",$85 ,-33%,
2022,Jim Wells County,Water,"$536,903 ",$103 ,-58%,
2022,Jim Wells County,Fire,"$593,206 ",$114 ,49%,
2022,Jim Wells County,Total Paid Loss,"$1,718,264 ",$331 ,-32%,"5,189"
2022,Johnson County,Other,"$2,518,987 ",$56 ,-26%,
2022,Johnson County,Water,"$9,291,777 ",$208 ,-52%,
2022,Johnson County,Fire,"$12,350,994 ",$276 ,11%,
2022,Johnson County,Wind,"$55,637,117 ","$1,244 ",48%,
2022,Johnson County,Total Paid Loss,"$79,798,875 ","$1,784 ",12%,"44,724"
2022,Jones County,Other,"$72,860 ",$37 ,-17%,
2022,Jones County,Water,"$297,461 ",$151 ,-72%,
2022,Jones County,Fire,"$452,555 ",$230 ,-42%,
2022,Jones County,Wind,"$563,402 ",$287 ,-42%,
2022,Jones County,Total Paid Loss,"$1,386,278 ",$706 ,-52%,"1,964"
2022,Karnes County,Other,"$28,166 ",$23 ,-44%,
2022,Karnes County,Water,"$65,644 ",$53 ,-79%,
2022,Karnes County,Fire,"$126,835 ",$102 ,-68%,
2022,Karnes County,Wind,"$631,105 ",$510 ,315%,
2022,Karnes County,Total Paid Loss,"$851,750 ",$688 ,-6%,"1,238"
2022,Kaufman County,Other,"$2,130,975 ",$55 ,16%,
2022,Kaufman County,Fire,"$5,982,328 ",$155 ,30%,
2022,Kaufman County,Water,"$9,771,230 ",$253 ,-55%,
2022,Kaufman County,Wind,"$24,951,936 ",$647 ,3%,
2022,Kaufman County,Total Paid Loss,"$42,836,469 ","$1,111 ",-18%,"38,554"
2022,Kendall County,Other,"$684,623 ",$53 ,-34%,
2022,Kendall County,Fire,"$3,330,586 ",$258 ,75%,
2022,Kendall County,Water,"$4,039,329 ",$313 ,-55%,
2022,Kendall County,Wind,"$13,761,314 ","$1,067 ",-75%,
2022,Kendall County,Total Paid Loss,"$21,815,852 ","$1,692 ",-68%,"12,894"
2022,Kenedy County,Fire,$0 ,$0 ,0%,
2022,Kenedy County,Other,$0 ,$0 ,0%,
2022,Kenedy County,Total Paid Loss,$0 ,$0 ,0%,20
2022,Kenedy County,Water,$0 ,$0 ,0%,
2022,Kenedy County,Wind,$0 ,$0 ,0%,
2022,Kent County,Fire,$0 ,$0 ,0%,
2022,Kent County,Other,$0 ,$0 ,-100%,
2022,Kent County,Wind,$0 ,$0 ,-100%,
2022,Kent County,Total Paid Loss,"$10,375 ",$114 ,-84%,91
2022,Kent County,Water,"$10,375 ",$114 ,-61%,
2022,Kerr County,Other,"$366,158 ",$30 ,-61%,
2022,Kerr County,Fire,"$1,587,415 ",$129 ,354%,
2022,Kerr County,Water,"$1,748,197 ",$142 ,-64%,
2022,Kerr County,Wind,"$4,713,855 ",$382 ,-60%,
2022,Kerr County,Total Paid Loss,"$8,415,625 ",$682 ,-53%,"12,333"
2022,Kimble County,Fire,$410 ,$1 ,-95%,
2022,Kimble County,Other,$530 ,$1 ,-93%,
2022,Kimble County,Water,"$48,917 ",$120 ,-53%,
2022,Kimble County,Wind,"$66,062 ",$162 ,-90%,
2022,Kimble County,Total Paid Loss,"$115,919 ",$285 ,-85%,407
2022,King County,Fire,$0 ,$0 ,0%,
2022,King County,Other,$0 ,$0 ,0%,
2022,King County,Total Paid Loss,$0 ,$0 ,0%,11
2022,King County,Water,$0 ,$0 ,0%,
2022,King County,Wind,$0 ,$0 ,0%,
2022,Kinney County,Water,"$19,961 ",$33 ,-86%,
2022,Kinney County,Other,"$25,342 ",$43 ,74%,
2022,Kinney County,Fire,"$27,274 ",$46 ,-94%,
2022,Kinney County,Wind,"$461,810 ",$775 ,-77%,
2022,Kinney County,Total Paid Loss,"$534,387 ",$897 ,-79%,596
2022,Kleberg County,Other,"$101,451 ",$25 ,3%,
2022,Kleberg County,Water,"$280,540 ",$70 ,-45%,
2022,Kleberg County,Wind,"$412,540 ",$103 ,9%,
2022,Kleberg County,Fire,"$670,802 ",$167 ,96%,
2022,Kleberg County,Total Paid Loss,"$1,465,333 ",$366 ,11%,"4,008"
2022,Knox County,Other,$200 ,$0 ,-98%,
2022,Knox County,Water,"$30,636 ",$61 ,-34%,
2022,Knox County,Wind,"$121,660 ",$243 ,-80%,
2022,Knox County,Fire,"$225,830 ",$451 ,106%,
2022,Knox County,Total Paid Loss,"$378,326 ",$755 ,-51%,501
2022,La Salle County,Fire,$0 ,$0 ,-100%,
2022,La Salle County,Other,"$8,041 ",$20 ,163%,
2022,La Salle County,Water,"$44,228 ",$109 ,6%,
2022,La Salle County,Wind,"$291,958 ",$723 ,277%,
2022,La Salle County,Total Paid Loss,"$344,227 ",$852 ,145%,404
2022,Lamar County,Other,"$394,221 ",$45 ,42%,
2022,Lamar County,Water,"$1,241,269 ",$143 ,-47%,
2022,Lamar County,Fire,"$3,080,436 ",$354 ,-4%,
2022,Lamar County,Wind,"$14,650,188 ","$1,685 ",270%,
2022,Lamar County,Total Paid Loss,"$19,366,114 ","$2,228 ",98%,"8,693"
2022,Lamb County,Other,"$35,771 ",$24 ,-9%,
2022,Lamb County,Water,"$154,506 ",$102 ,136%,
2022,Lamb County,Fire,"$261,137 ",$172 ,189%,
2022,Lamb County,Wind,"$961,643 ",$633 ,-22%,
2022,Lamb County,Total Paid Loss,"$1,413,057 ",$930 ,-1%,"1,519"
2022,Lampasas County,Water,"$419,906 ",$87 ,-60%,
2022,Lampasas County,Other,"$456,459 ",$95 ,106%,
2022,Lampasas County,Fire,"$490,959 ",$102 ,-38%,
2022,Lampasas County,Wind,"$17,314,299 ","$3,591 ",1531%,
2022,Lampasas County,Total Paid Loss,"$18,681,623 ","$3,875 ",497%,"4,821"
2022,Lavaca County,Other,"$14,167 ",$11 ,-63%,
2022,Lavaca County,Wind,"$82,460 ",$62 ,-52%,
2022,Lavaca County,Water,"$131,229 ",$98 ,19%,
2022,Lavaca County,Fire,"$272,569 ",$203 ,660%,
2022,Lavaca County,Total Paid Loss,"$500,425 ",$373 ,40%,"1,340"
2022,Lee County,Other,"$27,962 ",$15 ,-88%,
2022,Lee County,Wind,"$265,390 ",$143 ,-24%,
2022,Lee County,Water,"$358,782 ",$194 ,-55%,
2022,Lee County,Fire,"$770,966 ",$416 ,6%,
2022,Lee County,Total Paid Loss,"$1,423,100 ",$768 ,-33%,"1,852"
2022,Leon County,Other,"$229,758 ",$74 ,3%,
2022,Leon County,Water,"$525,897 ",$170 ,-68%,
2022,Leon County,Wind,"$760,895 ",$246 ,-36%,
2022,Leon County,Fire,"$1,603,724 ",$518 ,291%,
2022,Leon County,Total Paid Loss,"$3,120,274 ","$1,008 ",-10%,"3,097"
2022,Liberty County,Other,"$1,152,264 ",$76 ,102%,
2022,Liberty County,Water,"$1,515,573 ",$100 ,-72%,
2022,Liberty County,Wind,"$1,691,260 ",$111 ,-17%,
2022,Liberty County,Fire,"$4,037,934 ",$266 ,93%,
2022,Liberty County,Total Paid Loss,"$8,397,031 ",$553 ,-17%,"15,174"
2022,Limestone County,Water,"$215,091 ",$72 ,-84%,
2022,Limestone County,Other,"$282,350 ",$94 ,36%,
2022,Limestone County,Wind,"$939,858 ",$313 ,14%,
2022,Limestone County,Fire,"$1,911,597 ",$638 ,765%,
2022,Limestone County,Total Paid Loss,"$3,348,896 ","$1,117 ",29%,"2,998"
2022,Lipscomb County,Water,$0 ,$0 ,-100%,
2022,Lipscomb County,Other,"$7,615 ",$19 ,-31%,
2022,Lipscomb County,Fire,"$114,243 ",$291 ,-66%,
2022,Lipscomb County,Wind,"$329,758 ",$841 ,-79%,
2022,Lipscomb County,Total Paid Loss,"$451,616 ","$1,152 ",-76%,392
2022,Live Oak County,Other,"$6,501 ",$9 ,-63%,
2022,Live Oak County,Fire,"$20,881 ",$28 ,1022%,
2022,Live Oak County,Wind,"$32,194 ",$43 ,74%,
2022,Live Oak County,Water,"$65,175 ",$87 ,-64%,
2022,Live Oak County,Total Paid Loss,"$124,751 ",$167 ,-43%,745
2022,Llano County,Other,"$364,973 ",$39 ,-33%,
2022,Llano County,Fire,"$1,763,602 ",$188 ,96%,
2022,Llano County,Water,"$2,374,309 ",$254 ,-75%,
2022,Llano County,Wind,"$4,969,413 ",$531 ,-61%,
2022,Llano County,Total Paid Loss,"$9,472,297 ","$1,011 ",-60%,"9,365"
2022,Loving County,Fire,$0 ,$0 ,0%,
2022,Loving County,Other,$0 ,$0 ,0%,
2022,Loving County,Total Paid Loss,$0 ,$0 ,0%,5
2022,Loving County,Water,$0 ,$0 ,0%,
2022,Loving County,Wind,$0 ,$0 ,0%,
2022,Lubbock County,Other,"$1,988,528 ",$33 ,-26%,
2022,Lubbock County,Water,"$7,062,425 ",$119 ,-3%,
2022,Lubbock County,Fire,"$9,236,278 ",$155 ,9%,
2022,Lubbock County,Wind,"$17,598,598 ",$296 ,-58%,
2022,Lubbock County,Total Paid Loss,"$35,885,829 ",$603 ,-41%,"59,465"
2022,Lynn County,Other,"$3,110 ",$3 ,-93%,
2022,Lynn County,Water,"$32,538 ",$34 ,-85%,
2022,Lynn County,Fire,"$108,048 ",$114 ,107%,
2022,Lynn County,Wind,"$1,063,999 ","$1,121 ",37%,
2022,Lynn County,Total Paid Loss,"$1,207,695 ","$1,273 ",11%,949
2022,Madison County,Other,"$34,955 ",$26 ,-76%,
2022,Madison County,Water,"$212,975 ",$160 ,-80%,
2022,Madison County,Fire,"$633,585 ",$475 ,-30%,
2022,Madison County,Wind,"$2,002,368 ","$1,500 ",671%,
2022,Madison County,Total Paid Loss,"$2,883,883 ","$2,160 ",21%,"1,335"
2022,Marion County,Other,"$176,448 ",$81 ,-52%,
2022,Marion County,Water,"$285,319 ",$131 ,-45%,
2022,Marion County,Fire,"$306,684 ",$141 ,-45%,
2022,Marion County,Wind,"$1,167,116 ",$537 ,170%,
2022,Marion County,Total Paid Loss,"$1,935,567 ",$891 ,3%,"2,172"
2022,Martin County,Fire,$0 ,$0 ,-100%,
2022,Martin County,Other,"$28,632 ",$39 ,6%,
2022,Martin County,Water,"$70,903 ",$97 ,7%,
2022,Martin County,Wind,"$919,772 ","$1,253 ",41%,
2022,Martin County,Total Paid Loss,"$1,019,307 ","$1,389 ",23%,734
2022,Mason County,Fire,$0 ,$0 ,-100%,
2022,Mason County,Water,"$17,517 ",$31 ,-86%,
2022,Mason County,Other,"$52,378 ",$93 ,4%,
2022,Mason County,Wind,"$326,431 ",$579 ,-76%,
2022,Mason County,Total Paid Loss,"$396,326 ",$703 ,-74%,564
2022,Matagorda County,Wind,"$488,277 ",$70 ,-30%,
2022,Matagorda County,Other,"$544,906 ",$78 ,185%,
2022,Matagorda County,Water,"$1,256,942 ",$180 ,-53%,
2022,Matagorda County,Fire,"$1,385,572 ",$198 ,347%,
2022,Matagorda County,Total Paid Loss,"$3,675,697 ",$526 ,-5%,"6,991"
2022,Maverick County,Other,"$272,573 ",$47 ,76%,
2022,Maverick County,Fire,"$275,851 ",$48 ,184%,
2022,Maverick County,Water,"$569,965 ",$98 ,-55%,
2022,Maverick County,Wind,"$1,751,773 ",$302 ,11%,
2022,Maverick County,Total Paid Loss,"$2,870,162 ",$496 ,-7%,"5,792"
2022,McCulloch County,Other,"$10,070 ",$10 ,97%,
2022,McCulloch County,Fire,"$18,363 ",$17 ,-58%,
2022,McCulloch County,Water,"$257,839 ",$244 ,71%,
2022,McCulloch County,Wind,"$436,170 ",$413 ,9%,
2022,McCulloch County,Total Paid Loss,"$722,442 ",$683 ,20%,"1,057"
2022,McLennan County,Other,"$2,621,362 ",$57 ,55%,
2022,McLennan County,Fire,"$6,891,446 ",$149 ,-22%,
2022,McLennan County,Water,"$7,511,040 ",$163 ,-55%,
2022,McLennan County,Wind,"$15,082,634 ",$327 ,-39%,
2022,McLennan County,Total Paid Loss,"$32,106,482 ",$696 ,-38%,"46,146"
2022,McMullen County,Fire,$0 ,$0 ,0%,
2022,McMullen County,Other,$0 ,$0 ,-100%,
2022,McMullen County,Water,$0 ,$0 ,-100%,
2022,McMullen County,Total Paid Loss,"$10,208 ",$128 ,104%,80
2022,McMullen County,Wind,"$10,208 ",$128 ,0%,
2022,Medina County,Other,"$527,481 ",$70 ,-20%,
2022,Medina County,Water,"$1,014,149 ",$135 ,-66%,
2022,Medina County,Fire,"$2,384,064 ",$317 ,198%,
2022,Medina County,Wind,"$7,628,679 ","$1,014 ",-83%,
2022,Medina County,Total Paid Loss,"$11,554,373 ","$1,535 ",-77%,"7,526"
2022,Menard County,Water,"$4,252 ",$25 ,-64%,
2022,Menard County,Wind,"$7,449 ",$44 ,-66%,
2022,Menard County,Fire,"$55,927 ",$333 ,10851%,
2022,Menard County,Other,"$94,754 ",$564 ,4830%,
2022,Menard County,Total Paid Loss,"$162,382 ",$967 ,350%,168
2022,Midland County,Other,"$1,018,879 ",$29 ,29%,
2022,Midland County,Fire,"$3,786,249 ",$109 ,59%,
2022,Midland County,Water,"$4,084,049 ",$118 ,-23%,
2022,Midland County,Wind,"$67,443,833 ","$1,945 ",548%,
2022,Midland County,Total Paid Loss,"$76,333,010 ","$2,201 ",304%,"34,684"
2022,Milam County,Other,"$125,500 ",$45 ,-24%,
2022,Milam County,Fire,"$287,450 ",$102 ,-13%,
2022,Milam County,Water,"$347,360 ",$123 ,-66%,
2022,Milam County,Wind,"$514,258 ",$183 ,-51%,
2022,Milam County,Total Paid Loss,"$1,274,568 ",$453 ,-50%,"2,813"
2022,Mills County,Other,"$6,342 ",$13 ,-31%,
2022,Mills County,Water,"$68,029 ",$137 ,198%,
2022,Mills County,Fire,"$84,577 ",$171 ,694%,
2022,Mills County,Wind,"$381,319 ",$769 ,-88%,
2022,Mills County,Total Paid Loss,"$540,267 ","$1,089 ",-84%,496
2022,Mitchell County,Other,"$15,689 ",$21 ,669%,
2022,Mitchell County,Water,"$93,054 ",$127 ,-25%,
2022,Mitchell County,Fire,"$149,821 ",$205 ,1302%,
2022,Mitchell County,Wind,"$187,776 ",$257 ,-80%,
2022,Mitchell County,Total Paid Loss,"$446,340 ",$611 ,-59%,730
2022,Montague County,Other,"$198,186 ",$47 ,0%,
2022,Montague County,Water,"$311,508 ",$74 ,-67%,
2022,Montague County,Fire,"$779,414 ",$186 ,143%,
2022,Montague County,Wind,"$5,957,137 ","$1,422 ",260%,
2022,Montague County,Total Paid Loss,"$7,246,245 ","$1,730 ",134%,"4,189"
2022,Montgomery County,Other,"$9,589,819 ",$62 ,-32%,
2022,Montgomery County,Fire,"$23,574,116 ",$151 ,-7%,
2022,Montgomery County,Water,"$63,645,378 ",$408 ,-72%,
2022,Montgomery County,Wind,"$94,058,964 ",$603 ,-7%,
2022,Montgomery County,Total Paid Loss,"$190,868,277 ","$1,224 ",-48%,"155,914"
2022,Moore County,Other,"$81,867 ",$26 ,160%,
2022,Moore County,Fire,"$93,347 ",$30 ,-54%,
2022,Moore County,Water,"$297,400 ",$95 ,1%,
2022,Moore County,Wind,"$13,094,770 ","$4,173 ",2276%,
2022,Moore County,Total Paid Loss,"$13,567,384 ","$4,324 ",1156%,"3,138"
2022,Morris County,Other,"$92,953 ",$42 ,-37%,
2022,Morris County,Water,"$294,143 ",$131 ,-27%,
2022,Morris County,Fire,"$718,553 ",$321 ,-9%,
2022,Morris County,Wind,"$1,983,580 ",$886 ,59%,
2022,Morris County,Total Paid Loss,"$3,089,229 ","$1,380 ",19%,"2,238"
2022,Motley County,Fire,$0 ,$0 ,0%,
2022,Motley County,Other,$0 ,$0 ,0%,
2022,Motley County,Water,$0 ,$0 ,-100%,
2022,Motley County,Total Paid Loss,"$156,861 ","$1,025 ",579%,153
2022,Motley County,Wind,"$156,861 ","$1,025 ",784%,
2022,Nacogdoches County,Other,"$403,379 ",$40 ,-81%,
2022,Nacogdoches County,Water,"$984,123 ",$99 ,-81%,
2022,Nacogdoches County,Fire,"$1,490,119 ",$150 ,-49%,
2022,Nacogdoches County,Wind,"$5,751,977 ",$578 ,19%,
2022,Nacogdoches County,Total Paid Loss,"$8,629,598 ",$866 ,-42%,"9,960"
2022,Navarro County,Other,"$222,742 ",$32 ,-67%,
2022,Navarro County,Fire,"$935,522 ",$134 ,-7%,
2022,Navarro County,Water,"$1,303,430 ",$186 ,-64%,
2022,Navarro County,Wind,"$4,431,902 ",$633 ,5%,
2022,Navarro County,Total Paid Loss,"$6,893,596 ",$985 ,-27%,"6,998"
2022,Newton County,Other,"$52,480 ",$33 ,-54%,
2022,Newton County,Water,"$182,131 ",$113 ,-44%,
2022,Newton County,Wind,"$852,926 ",$529 ,-37%,
2022,Newton County,Fire,"$1,087,372 ",$674 ,0%,
2022,Newton County,Total Paid Loss,"$2,174,909 ","$1,348 ",-25%,"1,613"
2022,Nolan County,Other,"$17,771 ",$8 ,-57%,
2022,Nolan County,Water,"$136,034 ",$61 ,-50%,
2022,Nolan County,Fire,"$168,158 ",$76 ,-58%,
2022,Nolan County,Wind,"$456,769 ",$206 ,-49%,
2022,Nolan County,Total Paid Loss,"$778,732 ",$352 ,-52%,"2,212"
2022,Nueces County,Wind,"$1,473,068 ",$23 ,-35%,
2022,Nueces County,Other,"$1,528,931 ",$24 ,-52%,
2022,Nueces County,Water,"$4,675,033 ",$73 ,-45%,
2022,Nueces County,Fire,"$7,962,566 ",$125 ,33%,
2022,Nueces County,Total Paid Loss,"$15,639,598 ",$245 ,-21%,"63,806"
2022,Ochiltree County,Other,$130 ,$0 ,-99%,
2022,Ochiltree County,Fire,"$29,934 ",$23 ,24%,
2022,Ochiltree County,Water,"$123,124 ",$96 ,39%,
2022,Ochiltree County,Wind,"$932,294 ",$724 ,99%,
2022,Ochiltree County,Total Paid Loss,"$1,085,482 ",$843 ,80%,"1,288"
2022,Oldham County,Fire,$0 ,$0 ,-100%,
2022,Oldham County,Other,"$54,765 ",$179 ,107%,
2022,Oldham County,Water,"$63,172 ",$206 ,68%,
2022,Oldham County,Wind,"$130,248 ",$426 ,-68%,
2022,Oldham County,Total Paid Loss,"$248,185 ",$811 ,-55%,306
2022,Orange County,Other,"$1,019,583 ",$56 ,-49%,
2022,Orange County,Water,"$1,659,855 ",$90 ,-55%,
2022,Orange County,Fire,"$4,586,423 ",$250 ,25%,
2022,Orange County,Wind,"$10,438,056 ",$568 ,-55%,
2022,Orange County,Total Paid Loss,"$17,703,917 ",$964 ,-46%,"18,367"
2022,Palo Pinto County,Other,"$468,936 ",$74 ,109%,
2022,Palo Pinto County,Water,"$1,336,448 ",$210 ,-54%,
2022,Palo Pinto County,Fire,"$4,254,657 ",$669 ,203%,
2022,Palo Pinto County,Wind,"$4,882,578 ",$768 ,87%,
2022,Palo Pinto County,Total Paid Loss,"$10,942,619 ","$1,721 ",53%,"6,357"
2022,Panola County,Other,"$221,154 ",$54 ,-78%,
2022,Panola County,Water,"$497,475 ",$122 ,-70%,
2022,Panola County,Fire,"$1,371,159 ",$335 ,-27%,
2022,Panola County,Wind,"$2,633,118 ",$644 ,-55%,
2022,Panola County,Total Paid Loss,"$4,722,906 ","$1,154 ",-54%,"4,091"
2022,Parker County,Other,"$2,600,024 ",$74 ,16%,
2022,Parker County,Water,"$8,720,505 ",$247 ,-66%,
2022,Parker County,Fire,"$9,977,645 ",$283 ,14%,
2022,Parker County,Wind,"$27,112,760 ",$769 ,-51%,
2022,Parker County,Total Paid Loss,"$48,410,934 ","$1,373 ",-47%,"35,247"
2022,Parmer County,Fire,"$10,326 ",$10 ,-33%,
2022,Parmer County,Other,"$17,919 ",$18 ,-86%,
2022,Parmer County,Water,"$117,989 ",$118 ,55%,
2022,Parmer County,Wind,"$564,157 ",$566 ,-72%,
2022,Parmer County,Total Paid Loss,"$710,391 ",$713 ,-69%,996
2022,Pecos County,Other,"$36,879 ",$22 ,-3%,
2022,Pecos County,Water,"$102,786 ",$61 ,-50%,
2022,Pecos County,Fire,"$118,917 ",$70 ,-49%,
2022,Pecos County,Wind,"$11,230,151 ","$6,622 ",2994%,
2022,Pecos County,Total Paid Loss,"$11,488,733 ","$6,774 ",1265%,"1,696"
2022,Polk County,Other,"$357,896 ",$38 ,-25%,
2022,Polk County,Water,"$701,500 ",$75 ,-79%,
2022,Polk County,Wind,"$1,899,640 ",$204 ,-51%,
2022,Polk County,Fire,"$2,243,267 ",$241 ,-37%,
2022,Polk County,Total Paid Loss,"$5,202,303 ",$559 ,-54%,"9,309"
2022,Potter County,Other,"$1,000,619 ",$50 ,-38%,
2022,Potter County,Water,"$2,823,657 ",$141 ,8%,
2022,Potter County,Fire,"$5,770,519 ",$287 ,65%,
2022,Potter County,Wind,"$48,688,500 ","$2,424 ",463%,
2022,Potter County,Total Paid Loss,"$58,283,295 ","$2,901 ",256%,"20,088"
2022,Presidio County,Other,"$1,402 ",$2 ,-98%,
2022,Presidio County,Water,"$2,526 ",$4 ,-111%,
2022,Presidio County,Wind,"$203,946 ",$293 ,-12%,
2022,Presidio County,Fire,"$1,075,165 ","$1,543 ",1960%,
2022,Presidio County,Total Paid Loss,"$1,283,039 ","$1,841 ",301%,697
2022,Rains County,Other,"$150,803 ",$66 ,29%,
2022,Rains County,Water,"$365,655 ",$159 ,-60%,
2022,Rains County,Fire,"$862,418 ",$375 ,-5%,
2022,Rains County,Wind,"$926,376 ",$403 ,-20%,
2022,Rains County,Total Paid Loss,"$2,305,252 ","$1,002 ",-25%,"2,300"
2022,Randall County,Other,"$1,441,705 ",$38 ,0%,
2022,Randall County,Fire,"$3,535,890 ",$94 ,-1%,
2022,Randall County,Water,"$4,075,635 ",$108 ,-26%,
2022,Randall County,Wind,"$27,311,430 ",$723 ,-42%,
2022,Randall County,Total Paid Loss,"$36,364,660 ",$963 ,-37%,"37,777"
2022,Reagan County,Fire,$0 ,$0 ,0%,
2022,Reagan County,Other,$0 ,$0 ,-100%,
2022,Reagan County,Water,"$3,598 ",$11 ,-59%,
2022,Reagan County,Wind,"$110,567 ",$328 ,69%,
2022,Reagan County,Total Paid Loss,"$114,165 ",$339 ,36%,337
2022,Real County,Fire,$125 ,$0 ,-99%,
2022,Real County,Other,"$5,525 ",$7 ,-165%,
2022,Real County,Water,"$36,305 ",$49 ,-76%,
2022,Real County,Wind,"$115,058 ",$155 ,-58%,
2022,Real County,Total Paid Loss,"$157,013 ",$212 ,-64%,742
2022,Red River County,Other,"$90,615 ",$53 ,-20077%,
2022,Red River County,Water,"$237,913 ",$139 ,-23%,
2022,Red River County,Fire,"$454,350 ",$265 ,7%,
2022,Red River County,Wind,"$913,056 ",$533 ,113%,
2022,Red River County,Total Paid Loss,"$1,695,934 ",$989 ,46%,"1,714"
2022,Reeves County,Other,"$13,318 ",$11 ,-56%,
2022,Reeves County,Water,"$32,933 ",$28 ,-58%,
2022,Reeves County,Wind,"$218,505 ",$188 ,236%,
2022,Reeves County,Fire,"$363,068 ",$313 ,-32%,
2022,Reeves County,Total Paid Loss,"$627,824 ",$541 ,-12%,"1,161"
2022,Refugio County,Wind,"$26,212 ",$20 ,-52%,
2022,Refugio County,Other,"$39,386 ",$30 ,135%,
2022,Refugio County,Water,"$76,930 ",$58 ,-83%,
2022,Refugio County,Fire,"$957,914 ",$718 ,731%,
2022,Refugio County,Total Paid Loss,"$1,100,442 ",$825 ,72%,"1,334"
2022,Roberts County,Other,$846 ,$7 ,-98%,
2022,Roberts County,Fire,"$2,225 ",$18 ,0%,
2022,Roberts County,Water,"$12,173 ",$101 ,-4%,
2022,Roberts County,Wind,"$152,396 ","$1,259 ",-14%,
2022,Roberts County,Total Paid Loss,"$167,640 ","$1,385 ",-32%,121
2022,Robertson County,Other,"$36,733 ",$16 ,-95%,
2022,Robertson County,Fire,"$202,336 ",$89 ,38%,
2022,Robertson County,Water,"$275,451 ",$121 ,-63%,
2022,Robertson County,Wind,"$1,773,636 ",$782 ,-55%,
2022,Robertson County,Total Paid Loss,"$2,288,156 ","$1,008 ",-59%,"2,269"
2022,Rockwall County,Other,"$2,583,179 ",$72 ,-5%,
2022,Rockwall County,Fire,"$10,847,007 ",$303 ,14%,
2022,Rockwall County,Water,"$20,663,282 ",$577 ,-72%,
2022,Rockwall County,Wind,"$64,269,229 ","$1,794 ",75%,
2022,Rockwall County,Total Paid Loss,"$98,362,697 ","$2,745 ",-20%,"35,828"
2022,Runnels County,Other,"$29,370 ",$22 ,-16%,
2022,Runnels County,Water,"$49,896 ",$37 ,-41%,
2022,Runnels County,Fire,"$50,461 ",$38 ,-62%,
2022,Runnels County,Wind,"$331,513 ",$248 ,-66%,
2022,Runnels County,Total Paid Loss,"$461,240 ",$345 ,-63%,"1,338"
2022,Rusk County,Other,"$447,181 ",$59 ,-72%,
2022,Rusk County,Water,"$1,371,969 ",$180 ,-40%,
2022,Rusk County,Fire,"$2,125,144 ",$278 ,53%,
2022,Rusk County,Wind,"$6,240,173 ",$818 ,8%,
2022,Rusk County,Total Paid Loss,"$10,184,467 ","$1,334 ",-8%,"7,633"
2022,Sabine County,Other,"$37,028 ",$15 ,-90%,
2022,Sabine County,Water,"$214,149 ",$88 ,-73%,
2022,Sabine County,Fire,"$961,576 ",$396 ,29%,
2022,Sabine County,Wind,"$1,227,111 ",$506 ,22%,
2022,Sabine County,Total Paid Loss,"$2,439,864 ","$1,005 ",-16%,"2,427"
2022,San Augustine County,Fire,"$12,517 ",$10 ,-88%,
2022,San Augustine County,Other,"$33,464 ",$25 ,-83%,
2022,San Augustine County,Water,"$56,018 ",$43 ,-61%,
2022,San Augustine County,Wind,"$109,105 ",$83 ,-80%,
2022,San Augustine County,Total Paid Loss,"$211,104 ",$161 ,-78%,"1,314"
2022,San Jacinto County,Wind,"$634,511 ",$97 ,-17%,
2022,San Jacinto County,Water,"$879,340 ",$135 ,-76%,
2022,San Jacinto County,Fire,"$1,065,567 ",$164 ,21%,
2022,San Jacinto County,Other,"$3,886,052 ",$597 ,751%,
2022,San Jacinto County,Total Paid Loss,"$6,465,470 ",$993 ,11%,"6,510"
2022,San Patricio County,Wind,"$464,348 ",$34 ,-73%,
2022,San Patricio County,Other,"$615,006 ",$45 ,65%,
2022,San Patricio County,Water,"$1,537,578 ",$111 ,-56%,
2022,San Patricio County,Fire,"$3,161,942 ",$229 ,0%,
2022,San Patricio County,Total Paid Loss,"$5,778,874 ",$419 ,-34%,"13,798"
2022,San Saba County,Water,"$14,891 ",$23 ,-90%,
2022,San Saba County,Wind,"$49,493 ",$77 ,-72%,
2022,San Saba County,Other,"$106,276 ",$166 ,769%,
2022,San Saba County,Fire,"$285,260 ",$445 ,264%,
2022,San Saba County,Total Paid Loss,"$455,920 ",$711 ,11%,641
2022,Schleicher County,Fire,"$10,116 ",$41 ,120%,
2022,Schleicher County,Other,"$11,137 ",$45 ,0%,
2022,Schleicher County,Water,"$51,638 ",$211 ,47%,
2022,Schleicher County,Wind,"$1,771,095 ","$7,229 ",2521%,
2022,Schleicher County,Total Paid Loss,"$1,843,986 ","$7,526 ",1617%,245
2022,Scurry County,Fire,"$44,807 ",$20 ,-94%,
2022,Scurry County,Other,"$61,174 ",$27 ,-26%,
2022,Scurry County,Water,"$265,824 ",$116 ,-17%,
2022,Scurry County,Wind,"$6,295,917 ","$2,758 ",-64%,
2022,Scurry County,Total Paid Loss,"$6,667,722 ","$2,921 ",-65%,"2,283"
2022,Shackelford County,Other,"$8,894 ",$15 ,0%,
2022,Shackelford County,Water,"$45,120 ",$78 ,-65%,
2022,Shackelford County,Wind,"$120,507 ",$209 ,-66%,
2022,Shackelford County,Fire,"$141,117 ",$245 ,-62%,
2022,Shackelford County,Total Paid Loss,"$315,638 ",$547 ,-63%,577
2022,Shelby County,Water,"$329,630 ",$106 ,-59%,
2022,Shelby County,Wind,"$716,864 ",$230 ,16%,
2022,Shelby County,Other,"$737,111 ",$236 ,-13%,
2022,Shelby County,Fire,"$1,180,870 ",$379 ,21%,
2022,Shelby County,Total Paid Loss,"$2,964,475 ",$951 ,-9%,"3,117"
2022,Sherman County,Fire,$0 ,$0 ,0%,
2022,Sherman County,Water,"$6,000 ",$15 ,-91%,
2022,Sherman County,Other,"$12,325 ",$31 ,0%,
2022,Sherman County,Wind,"$65,915 ",$168 ,-45%,
2022,Sherman County,Total Paid Loss,"$84,240 ",$214 ,-55%,393
2022,Smith County,Other,"$3,498,706 ",$75 ,-33%,
2022,Smith County,Water,"$9,696,082 ",$207 ,-57%,
2022,Smith County,Fire,"$12,722,554 ",$272 ,1%,
2022,Smith County,Wind,"$44,855,202 ",$960 ,32%,
2022,Smith County,Total Paid Loss,"$70,772,544 ","$1,514 ",-5%,"46,747"
2022,Somervell County,Other,"$17,459 ",$13 ,-81%,
2022,Somervell County,Water,"$177,012 ",$130 ,-66%,
2022,Somervell County,Fire,"$191,637 ",$141 ,5%,
2022,Somervell County,Wind,"$643,051 ",$472 ,36%,
2022,Somervell County,Total Paid Loss,"$1,029,159 ",$756 ,-19%,"1,361"
2022,Starr County,Other,"$179,368 ",$42 ,78%,
2022,Starr County,Fire,"$484,108 ",$113 ,189%,
2022,Starr County,Water,"$542,645 ",$127 ,-23%,
2022,Starr County,Wind,"$1,077,448 ",$251 ,-31%,
2022,Starr County,Total Paid Loss,"$2,283,569 ",$532 ,-10%,"4,289"
2022,Stephens County,Other,"$30,358 ",$21 ,-39%,
2022,Stephens County,Water,"$203,635 ",$140 ,-66%,
2022,Stephens County,Fire,"$1,407,143 ",$970 ,378%,
2022,Stephens County,Wind,"$9,940,255 ","$6,851 ",888%,
2022,Stephens County,Total Paid Loss,"$11,581,391 ","$7,982 ",493%,"1,451"
2022,Sterling County,Fire,$0 ,$0 ,-100%,
2022,Sterling County,Other,$0 ,$0 ,-100%,
2022,Sterling County,Water,$715 ,$7 ,-99%,
2022,Sterling County,Wind,"$78,836 ",$723 ,-84%,
2022,Sterling County,Total Paid Loss,"$79,551 ",$730 ,-87%,109
2022,Stonewall County,Water,$0 ,$0 ,0%,
2022,Stonewall County,Other,"$4,313 ",$23 ,20%,
2022,Stonewall County,Wind,"$47,865 ",$252 ,-70%,
2022,Stonewall County,Fire,"$663,388 ","$3,492 ",0%,
2022,Stonewall County,Total Paid Loss,"$715,566 ","$3,766 ",343%,190
2022,Sutton County,Fire,"$3,322 ",$7 ,-99%,
2022,Sutton County,Other,"$5,170 ",$10 ,-87%,
2022,Sutton County,Water,"$30,194 ",$59 ,-67%,
2022,Sutton County,Wind,"$100,296 ",$197 ,158%,
2022,Sutton County,Total Paid Loss,"$138,982 ",$274 ,-67%,508
2022,Swisher County,Water,"$15,324 ",$22 ,-80%,
2022,Swisher County,Fire,"$32,038 ",$45 ,1088%,
2022,Swisher County,Other,"$59,159 ",$84 ,444%,
2022,Swisher County,Wind,"$1,491,347 ","$2,115 ",502%,
2022,Swisher County,Total Paid Loss,"$1,597,868 ","$2,266 ",373%,705
2022,Tarrant County,Other,"$31,250,670 ",$73 ,-2%,
2022,Tarrant County,Fire,"$98,388,659 ",$230 ,8%,
2022,Tarrant County,Water,"$167,958,071 ",$392 ,-62%,
2022,Tarrant County,Wind,"$278,873,560 ",$651 ,-65%,
2022,Tarrant County,Total Paid Loss,"$576,470,960 ","$1,346 ",-58%,"428,228"
2022,Taylor County,Other,"$832,408 ",$30 ,-47%,
2022,Taylor County,Water,"$2,926,264 ",$105 ,-54%,
2022,Taylor County,Wind,"$7,564,280 ",$272 ,-5%,
2022,Taylor County,Fire,"$10,564,487 ",$380 ,123%,
2022,Taylor County,Total Paid Loss,"$21,887,439 ",$787 ,6%,"27,817"
2022,Terrell County,Fire,$0 ,$0 ,0%,
2022,Terrell County,Other,"$1,491 ",$10 ,0%,
2022,Terrell County,Water,"$9,967 ",$70 ,0%,
2022,Terrell County,Wind,"$72,357 ",$506 ,-63%,
2022,Terrell County,Total Paid Loss,"$83,815 ",$586 ,-57%,143
2022,Terry County,Other,"$14,697 ",$12 ,-16%,
2022,Terry County,Water,"$71,826 ",$58 ,-37%,
2022,Terry County,Fire,"$75,238 ",$61 ,-66%,
2022,Terry County,Wind,"$4,406,671 ","$3,586 ",864%,
2022,Terry County,Total Paid Loss,"$4,568,432 ","$3,717 ",465%,"1,229"
2022,Throckmorton County,Fire,"$12,102 ",$66 ,-77%,
2022,Throckmorton County,Other,"$14,685 ",$81 ,-91%,
2022,Throckmorton County,Water,"$21,950 ",$121 ,-21%,
2022,Throckmorton County,Wind,"$69,543 ",$382 ,-74%,
2022,Throckmorton County,Total Paid Loss,"$118,280 ",$650 ,-77%,182
2022,Titus County,Other,"$241,421 ",$51 ,34%,
2022,Titus County,Wind,"$850,496 ",$178 ,-42%,
2022,Titus County,Water,"$885,068 ",$186 ,-27%,
2022,Titus County,Fire,"$961,541 ",$202 ,277%,
2022,Titus County,Total Paid Loss,"$2,938,526 ",$616 ,-6%,"4,769"
2022,Tom Green County,Other,"$570,141 ",$25 ,-27%,
2022,Tom Green County,Fire,"$2,363,356 ",$103 ,-42%,
2022,Tom Green County,Water,"$3,083,488 ",$134 ,-19%,
2022,Tom Green County,Wind,"$10,002,192 ",$434 ,-42%,
2022,Tom Green County,Total Paid Loss,"$16,019,177 ",$696 ,-38%,"23,023"
2022,Travis County,Other,"$20,402,425 ",$74 ,6%,
2022,Travis County,Fire,"$47,558,119 ",$174 ,-6%,
2022,Travis County,Water,"$90,321,917 ",$330 ,-57%,
2022,Travis County,Wind,"$124,497,745 ",$454 ,-70%,
2022,Travis County,Total Paid Loss,"$282,780,206 ","$1,032 ",-59%,"273,941"
2022,Trinity County,Other,"$174,679 ",$70 ,-35%,
2022,Trinity County,Wind,"$359,282 ",$143 ,-54%,
2022,Trinity County,Water,"$654,040 ",$261 ,-64%,
2022,Trinity County,Fire,"$1,059,630 ",$422 ,106%,
2022,Trinity County,Total Paid Loss,"$2,247,631 ",$895 ,-34%,"2,510"
2022,Tyler County,Other,"$103,781 ",$30 ,18%,
2022,Tyler County,Water,"$249,988 ",$71 ,-79%,
2022,Tyler County,Wind,"$378,420 ",$108 ,-41%,
2022,Tyler County,Fire,"$1,206,492 ",$344 ,5%,
2022,Tyler County,Total Paid Loss,"$1,938,681 ",$553 ,-38%,"3,505"
2022,Upshur County,Other,"$525,208 ",$72 ,-54%,
2022,Upshur County,Water,"$1,391,948 ",$191 ,-30%,
2022,Upshur County,Fire,"$3,281,893 ",$450 ,153%,
2022,Upshur County,Wind,"$8,686,895 ","$1,191 ",274%,
2022,Upshur County,Total Paid Loss,"$13,885,944 ","$1,904 ",106%,"7,294"
2022,Upton County,Fire,$0 ,$0 ,-100%,
2022,Upton County,Other,$0 ,$0 ,-100%,
2022,Upton County,Water,"$30,654 ",$81 ,104%,
2022,Upton County,Wind,"$146,935 ",$389 ,63%,
2022,Upton County,Total Paid Loss,"$177,589 ",$470 ,27%,378
2022,Uvalde County,Water,"$272,400 ",$74 ,-69%,
2022,Uvalde County,Fire,"$376,605 ",$103 ,-16%,
2022,Uvalde County,Other,"$447,741 ",$122 ,207%,
2022,Uvalde County,Wind,"$1,552,274 ",$423 ,-71%,
2022,Uvalde County,Total Paid Loss,"$2,649,020 ",$721 ,-61%,"3,673"
2022,Val Verde County,Fire,"$114,611 ",$15 ,-58%,
2022,Val Verde County,Other,"$417,371 ",$56 ,-6%,
2022,Val Verde County,Water,"$485,582 ",$65 ,-71%,
2022,Val Verde County,Wind,"$3,028,915 ",$408 ,-32%,
2022,Val Verde County,Total Paid Loss,"$4,046,479 ",$546 ,-41%,"7,416"
2022,Van Zandt County,Other,"$1,051,124 ",$104 ,39%,
2022,Van Zandt County,Water,"$2,357,870 ",$233 ,-52%,
2022,Van Zandt County,Fire,"$3,617,953 ",$358 ,78%,
2022,Van Zandt County,Wind,"$7,020,998 ",$694 ,-14%,
2022,Van Zandt County,Total Paid Loss,"$14,047,945 ","$1,388 ",-11%,"10,120"
2022,Victoria County,Other,"$423,737 ",$30 ,-31%,
2022,Victoria County,Wind,"$679,002 ",$48 ,-14%,
2022,Victoria County,Water,"$960,888 ",$68 ,-65%,
2022,Victoria County,Fire,"$1,969,983 ",$138 ,-51%,
2022,Victoria County,Total Paid Loss,"$4,033,610 ",$283 ,-50%,"14,230"
2022,Walker County,Other,"$368,293 ",$38 ,-63%,
2022,Walker County,Wind,"$939,196 ",$98 ,-34%,
2022,Walker County,Fire,"$1,139,535 ",$118 ,52%,
2022,Walker County,Water,"$1,875,426 ",$195 ,-67%,
2022,Walker County,Total Paid Loss,"$4,322,450 ",$449 ,-51%,"9,622"
2022,Waller County,Other,"$282,710 ",$35 ,16%,
2022,Waller County,Fire,"$701,872 ",$87 ,0%,
2022,Waller County,Water,"$1,477,036 ",$183 ,-86%,
2022,Waller County,Wind,"$1,685,958 ",$209 ,-45%,
2022,Waller County,Total Paid Loss,"$4,147,576 ",$514 ,-71%,"8,068"
2022,Ward County,Other,"$30,210 ",$19 ,44%,
2022,Ward County,Water,"$79,122 ",$49 ,-47%,
2022,Ward County,Wind,"$377,473 ",$234 ,-12%,
2022,Ward County,Fire,"$946,734 ",$588 ,186%,
2022,Ward County,Total Paid Loss,"$1,433,539 ",$890 ,54%,"1,611"
2022,Washington County,Other,"$535,606 ",$96 ,-37%,
2022,Washington County,Water,"$625,468 ",$112 ,-84%,
2022,Washington County,Wind,"$689,697 ",$123 ,-62%,
2022,Washington County,Fire,"$1,378,897 ",$246 ,-51%,
2022,Washington County,Total Paid Loss,"$3,229,668 ",$577 ,-65%,"5,595"
2022,Webb County,Other,"$810,442 ",$24 ,-8%,
2022,Webb County,Fire,"$2,842,120 ",$83 ,171%,
2022,Webb County,Water,"$5,112,266 ",$150 ,-4%,
2022,Webb County,Wind,"$12,228,103 ",$358 ,39%,
2022,Webb County,Total Paid Loss,"$20,992,931 ",$614 ,31%,"34,195"
2022,Wharton County,Other,"$116,645 ",$25 ,39%,
2022,Wharton County,Fire,"$769,057 ",$168 ,648%,
2022,Wharton County,Wind,"$810,088 ",$177 ,20%,
2022,Wharton County,Water,"$849,591 ",$185 ,-70%,
2022,Wharton County,Total Paid Loss,"$2,545,381 ",$556 ,-32%,"4,581"
2022,Wheeler County,Other,$500 ,$1 ,-99%,
2022,Wheeler County,Fire,"$50,750 ",$90 ,351%,
2022,Wheeler County,Water,"$104,659 ",$187 ,37%,
2022,Wheeler County,Wind,"$145,433 ",$259 ,39%,
2022,Wheeler County,Total Paid Loss,"$301,342 ",$537 ,32%,561
2022,Wichita County,Other,"$1,373,723 ",$51 ,26%,
2022,Wichita County,Fire,"$5,027,142 ",$188 ,19%,
2022,Wichita County,Water,"$6,019,188 ",$225 ,-37%,
2022,Wichita County,Wind,"$17,686,945 ",$662 ,9%,
2022,Wichita County,Total Paid Loss,"$30,106,998 ","$1,126 ",-3%,"26,734"
2022,Wilbarger County,Other,"$16,273 ",$11 ,-6%,
2022,Wilbarger County,Fire,"$324,248 ",$212 ,-57%,
2022,Wilbarger County,Water,"$364,558 ",$238 ,-21%,
2022,Wilbarger County,Wind,"$1,072,837 ",$700 ,70%,
2022,Wilbarger County,Total Paid Loss,"$1,777,916 ","$1,160 ",-5%,"1,533"
2022,Willacy County,Other,"$33,378 ",$21 ,-22%,
2022,Willacy County,Fire,"$78,224 ",$49 ,-87%,
2022,Willacy County,Wind,"$247,141 ",$153 ,-73%,
2022,Willacy County,Water,"$262,914 ",$163 ,-9%,
2022,Willacy County,Total Paid Loss,"$621,657 ",$386 ,-67%,"1,612"
2022,Williamson County,Other,"$8,161,944 ",$56 ,21%,
2022,Williamson County,Fire,"$11,553,541 ",$80 ,-27%,
2022,Williamson County,Water,"$33,927,098 ",$235 ,-50%,
2022,Williamson County,Wind,"$151,815,209 ","$1,051 ",-58%,
2022,Williamson County,Total Paid Loss,"$205,457,792 ","$1,422 ",-54%,"144,477"
2022,Wilson County,Other,"$388,842 ",$46 ,6%,
2022,Wilson County,Fire,"$1,247,392 ",$147 ,74%,
2022,Wilson County,Water,"$1,763,048 ",$208 ,-35%,
2022,Wilson County,Wind,"$4,313,281 ",$510 ,-22%,
2022,Wilson County,Total Paid Loss,"$7,712,563 ",$912 ,-17%,"8,460"
2022,Winkler County,Fire,"$35,208 ",$35 ,0%,
2022,Winkler County,Water,"$38,420 ",$39 ,-79%,
2022,Winkler County,Other,"$54,653 ",$55 ,107%,
2022,Winkler County,Wind,"$325,881 ",$327 ,15%,
2022,Winkler County,Total Paid Loss,"$454,162 ",$456 ,-8%,996
2022,Wise County,Other,"$2,057,447 ",$148 ,159%,
2022,Wise County,Water,"$2,990,560 ",$215 ,-60%,
2022,Wise County,Fire,"$5,837,569 ",$421 ,103%,
2022,Wise County,Wind,"$61,286,469 ","$4,416 ",460%,
2022,Wise County,Total Paid Loss,"$72,172,045 ","$5,200 ",226%,"13,879"
2022,Wood County,Other,"$628,877 ",$56 ,-53%,
2022,Wood County,Water,"$1,891,475 ",$169 ,-21%,
2022,Wood County,Fire,"$1,938,385 ",$174 ,-1%,
2022,Wood County,Wind,"$5,136,031 ",$460 ,-18%,
2022,Wood County,Total Paid Loss,"$9,594,768 ",$859 ,-19%,"11,165"
2022,Yoakum County,Other,"$56,344 ",$57 ,115%,
2022,Yoakum County,Water,"$93,410 ",$95 ,7%,
2022,Yoakum County,Fire,"$195,903 ",$198 ,44%,
2022,Yoakum County,Wind,"$3,152,438 ","$3,194 ",795%,
2022,Yoakum County,Total Paid Loss,"$3,498,095 ","$3,544 ",481%,987
2022,Young County,Other,"$44,576 ",$12 ,-82%,
2022,Young County,Water,"$574,687 ",$154 ,-65%,
2022,Young County,Fire,"$1,662,915 ",$445 ,80%,
2022,Young County,Wind,"$8,748,089 ","$2,343 ",964%,
2022,Young County,Total Paid Loss,"$11,030,267 ","$2,954 ",203%,"3,734"
2022,Zapata County,Other,"$21,296 ",$16 ,-57%,
2022,Zapata County,Fire,"$76,114 ",$59 ,0%,
2022,Zapata County,Water,"$142,238 ",$109 ,13%,
2022,Zapata County,Wind,"$914,328 ",$703 ,-32%,
2022,Zapata County,Total Paid Loss,"$1,153,976 ",$887 ,-24%,"1,301"
2022,Zavala County,Other,"$11,213 ",$13 ,-70%,
2022,Zavala County,Water,"$69,799 ",$83 ,230%,
2022,Zavala County,Fire,"$152,734 ",$182 ,140%,
2022,Zavala County,Wind,"$546,718 ",$650 ,116%,
2022,Zavala County,Total Paid Loss,"$780,464 ",$928 ,108%,841
2023,Anderson County,Other,"$685,210 ",$85 ,109%,
2023,Anderson County,Fire,"$2,228,466 ",$275 ,12%,
2023,Anderson County,Water,"$2,472,872 ",$305 ,115%,
2023,Anderson County,Wind,"$4,305,624 ",$532 ,32%,
2023,Anderson County,Total Paid Loss,"$9,692,172 ","$1,197 ",44%,"8,097"
2023,Andrews County,Fire,"$70,529 ",$27 ,-74%,
2023,Andrews County,Water,"$187,965 ",$71 ,-3%,
2023,Andrews County,Other,"$191,964 ",$72 ,192%,
2023,Andrews County,Wind,"$1,996,044 ",$752 ,-54%,
2023,Andrews County,Total Paid Loss,"$2,446,502 ",$922 ,-50%,"2,654"
2023,Angelina County,Other,"$1,096,593 ",$74 ,46%,
2023,Angelina County,Wind,"$3,094,521 ",$207 ,-30%,
2023,Angelina County,Water,"$3,216,852 ",$216 ,71%,
2023,Angelina County,Fire,"$5,191,776 ",$348 ,-3%,
2023,Angelina County,Total Paid Loss,"$12,599,742 ",$845 ,1%,"14,916"
2023,Aransas County,Wind,"$177,218 ",$25 ,-63%,
2023,Aransas County,Other,"$376,733 ",$52 ,66%,
2023,Aransas County,Water,"$785,317 ",$109 ,40%,
2023,Aransas County,Fire,"$1,044,736 ",$145 ,55%,
2023,Aransas County,Total Paid Loss,"$2,384,004 ",$330 ,23%,"7,215"
2023,Archer County,Other,"$4,324 ",$4 ,-95%,
2023,Archer County,Water,"$124,567 ",$124 ,4%,
2023,Archer County,Fire,"$294,514 ",$292 ,14%,
2023,Archer County,Wind,"$1,012,343 ","$1,005 ",209%,
2023,Archer County,Total Paid Loss,"$1,435,748 ","$1,426 ",81%,"1,007"
2023,Armstrong County,Other,$0 ,$0 ,-100%,
2023,Armstrong County,Fire,"$23,421 ",$59 ,43%,
2023,Armstrong County,Water,"$27,349 ",$69 ,25%,
2023,Armstrong County,Wind,"$454,021 ","$1,152 ",-62%,
2023,Armstrong County,Total Paid Loss,"$504,791 ","$1,281 ",-61%,394
2023,Atascosa County,Fire,"$834,676 ",$124 ,-60%,
2023,Atascosa County,Water,"$878,582 ",$130 ,-13%,
2023,Atascosa County,Other,"$1,129,769 ",$167 ,-21%,
2023,Atascosa County,Wind,"$2,201,823 ",$326 ,40%,
2023,Atascosa County,Total Paid Loss,"$5,044,850 ",$747 ,-18%,"6,756"
2023,Austin County,Other,"$453,395 ",$90 ,208%,
2023,Austin County,Water,"$995,699 ",$197 ,-9%,
2023,Austin County,Wind,"$1,110,038 ",$220 ,6%,
2023,Austin County,Fire,"$4,629,029 ",$918 ,430%,
2023,Austin County,Total Paid Loss,"$7,188,161 ","$1,426 ",127%,"5,042"
2023,Bailey County,Other,"($6,626)",($10),-121%,
2023,Bailey County,Fire,"$11,588 ",$17 ,-24%,
2023,Bailey County,Water,"$89,898 ",$129 ,15%,
2023,Bailey County,Wind,"$584,573 ",$841 ,-88%,
2023,Bailey County,Total Paid Loss,"$679,433 ",$978 ,-86%,695
2023,Bandera County,Other,"$385,267 ",$74 ,17%,
2023,Bandera County,Fire,"$665,440 ",$128 ,50%,
2023,Bandera County,Water,"$807,510 ",$156 ,20%,
2023,Bandera County,Wind,"$8,264,698 ","$1,593 ",91%,
2023,Bandera County,Total Paid Loss,"$10,122,915 ","$1,952 ",75%,"5,187"
2023,Bastrop County,Other,"$692,860 ",$37 ,-55%,
2023,Bastrop County,Fire,"$2,755,070 ",$148 ,-14%,
2023,Bastrop County,Water,"$3,082,196 ",$165 ,29%,
2023,Bastrop County,Wind,"$3,220,528 ",$173 ,-67%,
2023,Bastrop County,Total Paid Loss,"$9,750,654 ",$523 ,-42%,"18,642"
2023,Baylor County,Other,"$10,096 ",$18 ,-12%,
2023,Baylor County,Fire,"$29,724 ",$52 ,-68%,
2023,Baylor County,Water,"$90,240 ",$158 ,-29%,
2023,Baylor County,Wind,"$1,460,857 ","$2,554 ",2413%,
2023,Baylor County,Total Paid Loss,"$1,590,917 ","$2,781 ",447%,572
2023,Bee County,Other,"$8,510 ",$4 ,-70%,
2023,Bee County,Wind,"$77,341 ",$34 ,-23%,
2023,Bee County,Water,"$306,072 ",$133 ,10%,
2023,Bee County,Fire,"$838,706 ",$365 ,280%,
2023,Bee County,Total Paid Loss,"$1,230,629 ",$536 ,96%,"2,295"
2023,Bell County,Other,"$4,073,799 ",$54 ,-13%,
2023,Bell County,Fire,"$10,289,427 ",$136 ,-11%,
2023,Bell County,Water,"$14,760,345 ",$195 ,27%,
2023,Bell County,Wind,"$94,535,551 ","$1,248 ",-39%,
2023,Bell County,Total Paid Loss,"$123,659,122 ","$1,633 ",-33%,"75,727"
2023,Bexar County,Other,"$30,836,751 ",$74 ,15%,
2023,Bexar County,Fire,"$59,948,271 ",$145 ,5%,
2023,Bexar County,Water,"$132,695,072 ",$321 ,16%,
2023,Bexar County,Wind,"$186,321,423 ",$450 ,56%,
2023,Bexar County,Total Paid Loss,"$409,801,517 ",$990 ,29%,"414,010"
2023,Blanco County,Other,"$124,437 ",$43 ,82%,
2023,Blanco County,Water,"$346,752 ",$120 ,23%,
2023,Blanco County,Fire,"$467,112 ",$161 ,527%,
2023,Blanco County,Wind,"$1,204,588 ",$416 ,-42%,
2023,Blanco County,Total Paid Loss,"$2,142,889 ",$740 ,-14%,"2,896"
2023,Borden County,Fire,$0 ,$0 ,0%,
2023,Borden County,Other,$0 ,$0 ,0%,
2023,Borden County,Water,$0 ,$0 ,0%,
2023,Borden County,Total Paid Loss,"$23,970 ",$749 ,0%,32
2023,Borden County,Wind,"$23,970 ",$749 ,0%,
2023,Bosque County,Other,"$162,891 ",$42 ,54%,
2023,Bosque County,Water,"$669,302 ",$174 ,36%,
2023,Bosque County,Fire,"$2,871,530 ",$747 ,57%,
2023,Bosque County,Wind,"$5,808,982 ","$1,512 ",288%,
2023,Bosque County,Total Paid Loss,"$9,512,705 ","$2,475 ",142%,"3,843"
2023,Bowie County,Other,"$1,244,648 ",$74 ,118%,
2023,Bowie County,Fire,"$3,595,113 ",$212 ,-26%,
2023,Bowie County,Water,"$4,351,479 ",$257 ,102%,
2023,Bowie County,Wind,"$16,316,828 ",$964 ,11%,
2023,Bowie County,Total Paid Loss,"$25,508,068 ","$1,507 ",14%,"16,929"
2023,Brazoria County,Other,"$3,615,057 ",$39 ,1%,
2023,Brazoria County,Fire,"$10,625,939 ",$114 ,-6%,
2023,Brazoria County,Wind,"$14,390,598 ",$155 ,24%,
2023,Brazoria County,Water,"$21,916,320 ",$236 ,8%,
2023,Brazoria County,Total Paid Loss,"$50,547,914 ",$544 ,8%,"92,892"
2023,Brazos County,Other,"$2,296,188 ",$64 ,44%,
2023,Brazos County,Fire,"$3,456,476 ",$97 ,17%,
2023,Brazos County,Water,"$9,067,050 ",$255 ,56%,
2023,Brazos County,Wind,"$12,410,106 ",$349 ,-37%,
2023,Brazos County,Total Paid Loss,"$27,229,820 ",$765 ,-10%,"35,607"
2023,Brewster County,Other,"$69,909 ",$39 ,1936%,
2023,Brewster County,Fire,"$143,873 ",$80 ,-88%,
2023,Brewster County,Water,"$473,408 ",$263 ,215%,
2023,Brewster County,Wind,"$772,146 ",$428 ,86%,
2023,Brewster County,Total Paid Loss,"$1,459,336 ",$809 ,-19%,"1,803"
2023,Briscoe County,Water,$0 ,$0 ,-100%,
2023,Briscoe County,Other,"$1,682 ",$8 ,-74%,
2023,Briscoe County,Fire,"$2,360 ",$11 ,0%,
2023,Briscoe County,Wind,"$97,475 ",$443 ,-36%,
2023,Briscoe County,Total Paid Loss,"$101,517 ",$461 ,-40%,220
2023,Brooks County,Fire,$0 ,$0 ,-100%,
2023,Brooks County,Water,"$11,508 ",$21 ,69%,
2023,Brooks County,Other,"$18,470 ",$34 ,54%,
2023,Brooks County,Wind,"$21,628 ",$39 ,-1%,
2023,Brooks County,Total Paid Loss,"$51,606 ",$94 ,-1%,549
2023,Brown County,Other,"$103,181 ",$17 ,-53%,
2023,Brown County,Fire,"$768,283 ",$127 ,-21%,
2023,Brown County,Water,"$939,281 ",$155 ,-11%,
2023,Brown County,Wind,"$7,046,404 ","$1,166 ",-39%,
2023,Brown County,Total Paid Loss,"$8,857,149 ","$1,465 ",-36%,"6,044"
2023,Burleson County,Fire,"$28,942 ",$11 ,-83%,
2023,Burleson County,Other,"$64,969 ",$24 ,-47%,
2023,Burleson County,Water,"$442,288 ",$165 ,300%,
2023,Burleson County,Wind,"$733,353 ",$273 ,207%,
2023,Burleson County,Total Paid Loss,"$1,269,552 ",$473 ,96%,"2,683"
2023,Burnet County,Fire,"$1,302,015 ",$120 ,-69%,
2023,Burnet County,Water,"$1,406,761 ",$129 ,7%,
2023,Burnet County,Other,"$1,457,081 ",$134 ,8%,
2023,Burnet County,Wind,"$20,343,816 ","$1,871 ",402%,
2023,Burnet County,Total Paid Loss,"$24,509,673 ","$2,254 ",124%,"10,876"
2023,Caldwell County,Other,"$555,942 ",$88 ,234%,
2023,Caldwell County,Water,"$661,672 ",$105 ,6%,
2023,Caldwell County,Fire,"$868,747 ",$138 ,3%,
2023,Caldwell County,Wind,"$2,420,149 ",$384 ,-50%,
2023,Caldwell County,Total Paid Loss,"$4,506,510 ",$714 ,-30%,"6,308"
2023,Calhoun County,Wind,"$1,456 ",$0 ,-97%,
2023,Calhoun County,Other,"$37,950 ",$9 ,159%,
2023,Calhoun County,Fire,"$248,623 ",$59 ,-51%,
2023,Calhoun County,Water,"$558,290 ",$133 ,-10%,
2023,Calhoun County,Total Paid Loss,"$846,319 ",$202 ,-29%,"4,185"
2023,Callahan County,Other,"$57,957 ",$27 ,-20%,
2023,Callahan County,Water,"$133,118 ",$61 ,-2%,
2023,Callahan County,Fire,"$440,290 ",$203 ,71%,
2023,Callahan County,Wind,"$2,794,291 ","$1,289 ",12%,
2023,Callahan County,Total Paid Loss,"$3,425,656 ","$1,581 ",16%,"2,167"
2023,Cameron County,Other,"$2,180,942 ",$45 ,112%,
2023,Cameron County,Water,"$4,534,697 ",$94 ,7%,
2023,Cameron County,Fire,"$6,777,000 ",$140 ,53%,
2023,Cameron County,Wind,"$16,850,920 ",$349 ,58%,
2023,Cameron County,Total Paid Loss,"$30,343,559 ",$629 ,49%,"48,268"
2023,Camp County,Fire,"$157,289 ",$56 ,-60%,
2023,Camp County,Other,"$190,347 ",$68 ,100%,
2023,Camp County,Water,"$671,598 ",$241 ,-6%,
2023,Camp County,Wind,"$3,922,829 ","$1,408 ",415%,
2023,Camp County,Total Paid Loss,"$4,942,063 ","$1,774 ",152%,"2,786"
2023,Carson County,Other,"$19,364 ",$18 ,2%,
2023,Carson County,Fire,"$55,234 ",$51 ,-79%,
2023,Carson County,Water,"$65,297 ",$60 ,-40%,
2023,Carson County,Wind,"$717,256 ",$656 ,-23%,
2023,Carson County,Total Paid Loss,"$857,151 ",$784 ,-35%,"1,093"
2023,Cass County,Other,"$105,777 ",$20 ,-80%,
2023,Cass County,Fire,"$980,776 ",$182 ,-38%,
2023,Cass County,Water,"$1,098,714 ",$204 ,37%,
2023,Cass County,Wind,"$6,501,451 ","$1,206 ",49%,
2023,Cass County,Total Paid Loss,"$8,686,718 ","$1,611 ",19%,"5,391"
2023,Castro County,Other,$0 ,$0 ,-100%,
2023,Castro County,Fire,"$20,943 ",$28 ,1350%,
2023,Castro County,Water,"$21,794 ",$29 ,17%,
2023,Castro County,Wind,"$486,120 ",$639 ,142%,
2023,Castro County,Total Paid Loss,"$528,857 ",$695 ,146%,761
2023,Chambers County,Other,"$453,814 ",$39 ,41%,
2023,Chambers County,Water,"$1,923,041 ",$167 ,61%,
2023,Chambers County,Wind,"$2,274,993 ",$197 ,18%,
2023,Chambers County,Fire,"$2,999,030 ",$260 ,209%,
2023,Chambers County,Total Paid Loss,"$7,650,878 ",$664 ,73%,"11,519"
2023,Cherokee County,Other,"$1,063,574 ",$100 ,114%,
2023,Cherokee County,Water,"$2,171,544 ",$205 ,30%,
2023,Cherokee County,Fire,"$3,110,718 ",$294 ,6%,
2023,Cherokee County,Wind,"$17,638,686 ","$1,666 ",312%,
2023,Cherokee County,Total Paid Loss,"$23,984,522 ","$2,265 ",156%,"10,589"
2023,Childress County,Other,"$39,614 ",$37 ,0%,
2023,Childress County,Fire,"$52,997 ",$50 ,181%,
2023,Childress County,Wind,"$126,545 ",$119 ,-51%,
2023,Childress County,Water,"$141,647 ",$133 ,15%,
2023,Childress County,Total Paid Loss,"$360,803 ",$340 ,-18%,"1,062"
2023,Clay County,Other,"$233,109 ",$170 ,127%,
2023,Clay County,Water,"$252,799 ",$185 ,196%,
2023,Clay County,Fire,"$313,719 ",$229 ,137%,
2023,Clay County,Wind,"$508,766 ",$371 ,60%,
2023,Clay County,Total Paid Loss,"$1,308,393 ",$955 ,105%,"1,370"
2023,Cochran County,Other,$0 ,$0 ,0%,
2023,Cochran County,Water,$0 ,$0 ,0%,
2023,Cochran County,Fire,"$19,641 ",$88 ,-72%,
2023,Cochran County,Wind,"$227,973 ","$1,018 ",-22%,
2023,Cochran County,Total Paid Loss,"$247,614 ","$1,105 ",-31%,224
2023,Coke County,Other,"$3,637 ",$10 ,-63%,
2023,Coke County,Fire,"$20,964 ",$55 ,-62%,
2023,Coke County,Water,"$51,992 ",$136 ,464%,
2023,Coke County,Wind,"$222,834 ",$583 ,160%,
2023,Coke County,Total Paid Loss,"$299,427 ",$784 ,87%,382
2023,Coleman County,Other,"$6,439 ",$7 ,-92%,
2023,Coleman County,Fire,"$51,607 ",$52 ,-89%,
2023,Coleman County,Water,"$73,838 ",$75 ,136%,
2023,Coleman County,Wind,"$945,218 ",$959 ,76%,
2023,Coleman County,Total Paid Loss,"$1,077,102 ","$1,092 ",-4%,986
2023,Collin County,Other,"$19,166,645 ",$72 ,3%,
2023,Collin County,Fire,"$46,683,150 ",$176 ,-16%,
2023,Collin County,Water,"$188,113,905 ",$709 ,22%,
2023,Collin County,Wind,"$767,840,516 ","$2,896 ",334%,
2023,Collin County,Total Paid Loss,"$1,021,804,216 ","$3,854 ",152%,"265,152"
2023,Collingsworth County,Other,"$3,235 ",$8 ,39%,
2023,Collingsworth County,Water,"$8,325 ",$22 ,165%,
2023,Collingsworth County,Fire,"$82,104 ",$213 ,2008%,
2023,Collingsworth County,Wind,"$726,886 ","$1,883 ",692%,
2023,Collingsworth County,Total Paid Loss,"$820,550 ","$2,126 ",712%,386
2023,Colorado County,Other,"$121,460 ",$44 ,207%,
2023,Colorado County,Fire,"$295,005 ",$106 ,-65%,
2023,Colorado County,Water,"$558,082 ",$201 ,31%,
2023,Colorado County,Wind,"$646,164 ",$233 ,72%,
2023,Colorado County,Total Paid Loss,"$1,620,711 ",$583 ,-4%,"2,778"
2023,Comal County,Other,"$4,025,531 ",$66 ,81%,
2023,Comal County,Fire,"$13,747,783 ",$225 ,117%,
2023,Comal County,Water,"$16,399,325 ",$268 ,33%,
2023,Comal County,Wind,"$59,265,366 ",$969 ,33%,
2023,Comal County,Total Paid Loss,"$93,438,005 ","$1,528 ",42%,"61,168"
2023,Comanche County,Other,"$7,481 ",$5 ,-58%,
2023,Comanche County,Water,"$112,193 ",$69 ,-35%,
2023,Comanche County,Fire,"$337,682 ",$208 ,4923%,
2023,Comanche County,Wind,"$1,456,001 ",$897 ,453%,
2023,Comanche County,Total Paid Loss,"$1,913,357 ","$1,178 ",314%,"1,624"
2023,Concho County,Fire,$0 ,$0 ,-100%,
2023,Concho County,Other,"$3,330 ",$10 ,-76%,
2023,Concho County,Water,"$48,698 ",$144 ,69%,
2023,Concho County,Wind,"$87,641 ",$259 ,3%,
2023,Concho County,Total Paid Loss,"$139,669 ",$413 ,6%,338
2023,Cooke County,Other,"$605,466 ",$84 ,85%,
2023,Cooke County,Water,"$1,647,755 ",$229 ,35%,
2023,Cooke County,Fire,"$1,955,266 ",$272 ,163%,
2023,Cooke County,Wind,"$15,834,898 ","$2,201 ",108%,
2023,Cooke County,Total Paid Loss,"$20,043,385 ","$2,786 ",103%,"7,195"
2023,Coryell County,Other,"$917,260 ",$72 ,97%,
2023,Coryell County,Water,"$2,408,694 ",$190 ,111%,
2023,Coryell County,Fire,"$2,869,905 ",$226 ,-11%,
2023,Coryell County,Wind,"$11,796,137 ",$930 ,112%,
2023,Coryell County,Total Paid Loss,"$17,991,996 ","$1,419 ",73%,"12,681"
2023,Cottle County,Other,$0 ,$0 ,0%,
2023,Cottle County,Water,$0 ,$0 ,-100%,
2023,Cottle County,Fire,"$191,557 ","$1,114 ",839%,
2023,Cottle County,Wind,"$307,409 ","$1,787 ",493%,
2023,Cottle County,Total Paid Loss,"$498,966 ","$2,901 ",563%,172
2023,Crane County,Fire,$0 ,$0 ,-100%,
2023,Crane County,Water,"$17,734 ",$30 ,-35%,
2023,Crane County,Other,"$53,742 ",$90 ,274%,
2023,Crane County,Wind,"$191,321 ",$319 ,39%,
2023,Crane County,Total Paid Loss,"$262,797 ",$439 ,35%,599
2023,Crockett County,Fire,$0 ,$0 ,-100%,
2023,Crockett County,Other,"$2,441 ",$6 ,879%,
2023,Crockett County,Wind,"$36,925 ",$95 ,-3%,
2023,Crockett County,Water,"$145,370 ",$376 ,3742%,
2023,Crockett County,Total Paid Loss,"$184,736 ",$477 ,112%,387
2023,Crosby County,Water,"$26,928 ",$40 ,-39%,
2023,Crosby County,Fire,"$88,026 ",$129 ,-79%,
2023,Crosby County,Wind,"$186,712 ",$275 ,72%,
2023,Crosby County,Other,"$220,301 ",$324 ,269%,
2023,Crosby County,Total Paid Loss,"$521,967 ",$768 ,-17%,680
2023,Culberson County,Other,$0 ,$0 ,0%,
2023,Culberson County,Fire,"$1,375 ",$6 ,0%,
2023,Culberson County,Water,"$8,410 ",$39 ,0%,
2023,Culberson County,Wind,"$135,677 ",$625 ,135%,
2023,Culberson County,Total Paid Loss,"$145,462 ",$670 ,152%,217
2023,Dallam County,Other,"$23,981 ",$15 ,-88%,
2023,Dallam County,Water,"$107,190 ",$65 ,20%,
2023,Dallam County,Fire,"$164,178 ",$100 ,-63%,
2023,Dallam County,Wind,"$1,410,879 ",$858 ,-33%,
2023,Dallam County,Total Paid Loss,"$1,706,228 ","$1,037 ",-40%,"1,645"
2023,Dallas County,Other,"$39,902,947 ",$95 ,3%,
2023,Dallas County,Fire,"$109,870,090 ",$261 ,1%,
2023,Dallas County,Water,"$280,663,158 ",$667 ,19%,
2023,Dallas County,Wind,"$380,026,924 ",$903 ,53%,
2023,Dallas County,Total Paid Loss,"$810,463,119 ","$1,927 ",28%,"420,677"
2023,Dawson County,Fire,"$37,419 ",$29 ,1%,
2023,Dawson County,Other,"$38,519 ",$30 ,-34%,
2023,Dawson County,Water,"$267,010 ",$206 ,36%,
2023,Dawson County,Wind,"$329,135 ",$254 ,-79%,
2023,Dawson County,Total Paid Loss,"$672,083 ",$519 ,-64%,"1,296"
2023,Deaf Smith County,Other,"$65,437 ",$27 ,-17%,
2023,Deaf Smith County,Water,"$168,713 ",$70 ,38%,
2023,Deaf Smith County,Fire,"$260,116 ",$108 ,175%,
2023,Deaf Smith County,Wind,"$2,137,757 ",$891 ,-92%,
2023,Deaf Smith County,Total Paid Loss,"$2,632,023 ","$1,098 ",-90%,"2,398"
2023,Delta County,Other,"$34,831 ",$43 ,147%,
2023,Delta County,Water,"$56,226 ",$70 ,-49%,
2023,Delta County,Fire,"$324,357 ",$401 ,4139%,
2023,Delta County,Wind,"$604,740 ",$748 ,-41%,
2023,Delta County,Total Paid Loss,"$1,020,154 ","$1,263 ",-12%,808
2023,Denton County,Other,"$20,611,886 ",$91 ,26%,
2023,Denton County,Fire,"$52,894,458 ",$232 ,-14%,
2023,Denton County,Water,"$151,865,836 ",$667 ,30%,
2023,Denton County,Wind,"$383,114,794 ","$1,683 ",-24%,
2023,Denton County,Total Paid Loss,"$608,486,974 ","$2,673 ",-13%,"227,683"
2023,DeWitt County,Other,"$35,475 ",$15 ,-73%,
2023,DeWitt County,Water,"$154,317 ",$65 ,-27%,
2023,DeWitt County,Fire,"$224,131 ",$94 ,1%,
2023,DeWitt County,Wind,"$3,395,002 ","$1,430 ",1087%,
2023,DeWitt County,Total Paid Loss,"$3,808,925 ","$1,604 ",348%,"2,374"
2023,Dickens County,Other,$783 ,$3 ,-84%,
2023,Dickens County,Fire,"$6,195 ",$24 ,978%,
2023,Dickens County,Water,"$12,593 ",$48 ,-69%,
2023,Dickens County,Wind,"$774,462 ","$2,956 ",2097%,
2023,Dickens County,Total Paid Loss,"$794,033 ","$3,031 ",875%,262
2023,Dimmit County,Other,"$14,107 ",$15 ,-3%,
2023,Dimmit County,Water,"$102,160 ",$107 ,86%,
2023,Dimmit County,Fire,"$394,399 ",$414 ,1740%,
2023,Dimmit County,Wind,"$1,575,893 ","$1,655 ",1944%,
2023,Dimmit County,Total Paid Loss,"$2,086,559 ","$2,192 ",1141%,952
2023,Donley County,Other,"$15,291 ",$27 ,3%,
2023,Donley County,Water,"$22,370 ",$39 ,75%,
2023,Donley County,Fire,"$186,452 ",$326 ,10520%,
2023,Donley County,Wind,"$230,080 ",$402 ,-9%,
2023,Donley County,Total Paid Loss,"$454,193 ",$794 ,60%,572
2023,Duval County,Water,"$85,781 ",$87 ,-28%,
2023,Duval County,Fire,"$86,056 ",$88 ,-76%,
2023,Duval County,Other,"$118,657 ",$121 ,1233%,
2023,Duval County,Wind,"$148,666 ",$152 ,45%,
2023,Duval County,Total Paid Loss,"$439,160 ",$448 ,-26%,981
2023,Eastland County,Other,"$52,928 ",$18 ,-74%,
2023,Eastland County,Water,"$293,365 ",$98 ,57%,
2023,Eastland County,Fire,"$766,341 ",$257 ,-89%,
2023,Eastland County,Wind,"$4,591,173 ","$1,541 ",443%,
2023,Eastland County,Total Paid Loss,"$5,703,807 ","$1,915 ",-30%,"2,979"
2023,Ector County,Other,"$1,737,730 ",$58 ,57%,
2023,Ector County,Water,"$2,232,791 ",$74 ,0%,
2023,Ector County,Fire,"$2,835,866 ",$94 ,37%,
2023,Ector County,Wind,"$16,848,602 ",$561 ,297%,
2023,Ector County,Total Paid Loss,"$23,654,989 ",$787 ,145%,"30,049"
2023,Edwards County,Other,$0 ,$0 ,0%,
2023,Edwards County,Fire,"$11,920 ",$30 ,-81%,
2023,Edwards County,Water,"$22,621 ",$57 ,141%,
2023,Edwards County,Wind,"$67,654 ",$172 ,16%,
2023,Edwards County,Total Paid Loss,"$102,195 ",$259 ,-21%,394
2023,El Paso County,Other,"$6,274,288 ",$38 ,1%,
2023,El Paso County,Fire,"$8,444,240 ",$51 ,-14%,
2023,El Paso County,Water,"$31,811,109 ",$192 ,4%,
2023,El Paso County,Wind,"$72,471,469 ",$437 ,12%,
2023,El Paso County,Total Paid Loss,"$119,001,106 ",$718 ,7%,"165,703"
2023,Ellis County,Other,"$3,280,500 ",$65 ,-5%,
2023,Ellis County,Fire,"$13,785,618 ",$273 ,-13%,
2023,Ellis County,Water,"$16,562,208 ",$327 ,18%,
2023,Ellis County,Wind,"$54,147,125 ","$1,071 ",0%,
2023,Ellis County,Total Paid Loss,"$87,775,451 ","$1,735 ",1%,"50,579"
2023,Erath County,Fire,"$57,405 ",$11 ,-96%,
2023,Erath County,Other,"$668,777 ",$126 ,901%,
2023,Erath County,Water,"$1,620,794 ",$305 ,59%,
2023,Erath County,Wind,"$7,389,724 ","$1,390 ",692%,
2023,Erath County,Total Paid Loss,"$9,736,700 ","$1,832 ",191%,"5,316"
2023,Falls County,Fire,"$198,006 ",$127 ,-74%,
2023,Falls County,Other,"$207,661 ",$134 ,401%,
2023,Falls County,Water,"$289,685 ",$187 ,67%,
2023,Falls County,Wind,"$1,420,463 ",$915 ,141%,
2023,Falls County,Total Paid Loss,"$2,115,815 ","$1,362 ",34%,"1,553"
2023,Fannin County,Other,"$521,243 ",$82 ,21%,
2023,Fannin County,Water,"$1,184,933 ",$186 ,2%,
2023,Fannin County,Fire,"$1,844,639 ",$290 ,4%,
2023,Fannin County,Wind,"$6,727,078 ","$1,057 ",1%,
2023,Fannin County,Total Paid Loss,"$10,277,893 ","$1,615 ",3%,"6,365"
2023,Fayette County,Other,"$231,418 ",$71 ,65%,
2023,Fayette County,Fire,"$590,740 ",$181 ,-60%,
2023,Fayette County,Water,"$784,793 ",$241 ,25%,
2023,Fayette County,Wind,"$1,904,086 ",$585 ,355%,
2023,Fayette County,Total Paid Loss,"$3,511,037 ","$1,078 ",32%,"3,256"
2023,Fisher County,Other,$0 ,$0 ,-100%,
2023,Fisher County,Fire,"$7,890 ",$17 ,-30%,
2023,Fisher County,Water,"$232,088 ",$500 ,736%,
2023,Fisher County,Wind,"$2,890,373 ","$6,229 ",1156%,
2023,Fisher County,Total Paid Loss,"$3,130,351 ","$6,746 ",1062%,464
2023,Floyd County,Other,"$1,716 ",$3 ,-61%,
2023,Floyd County,Fire,"$70,220 ",$116 ,-75%,
2023,Floyd County,Water,"$97,774 ",$162 ,125%,
2023,Floyd County,Wind,"$1,085,209 ","$1,794 ",-39%,
2023,Floyd County,Total Paid Loss,"$1,254,919 ","$2,074 ",-40%,605
2023,Foard County,Fire,$0 ,$0 ,0%,
2023,Foard County,Other,"$10,564 ",$63 ,1786%,
2023,Foard County,Water,"$18,606 ",$111 ,-50%,
2023,Foard County,Wind,"$428,795 ","$2,552 ",144%,
2023,Foard County,Total Paid Loss,"$457,965 ","$2,726 ",114%,168
2023,Fort Bend County,Other,"$9,543,721 ",$49 ,9%,
2023,Fort Bend County,Fire,"$24,861,606 ",$127 ,6%,
2023,Fort Bend County,Water,"$59,251,218 ",$304 ,11%,
2023,Fort Bend County,Wind,"$112,212,673 ",$575 ,39%,
2023,Fort Bend County,Total Paid Loss,"$205,869,218 ","$1,055 ",23%,"195,054"
2023,Franklin County,Other,"$112,879 ",$41 ,-31%,
2023,Franklin County,Fire,"$1,052,691 ",$386 ,-38%,
2023,Franklin County,Water,"$1,555,372 ",$571 ,257%,
2023,Franklin County,Wind,"$1,822,537 ",$669 ,104%,
2023,Franklin County,Total Paid Loss,"$4,543,479 ","$1,668 ",43%,"2,724"
2023,Freestone County,Other,"$262,014 ",$85 ,58%,
2023,Freestone County,Water,"$477,985 ",$155 ,-9%,
2023,Freestone County,Fire,"$1,717,407 ",$559 ,122%,
2023,Freestone County,Wind,"$2,873,423 ",$935 ,57%,
2023,Freestone County,Total Paid Loss,"$5,330,829 ","$1,734 ",62%,"3,074"
2023,Frio County,Fire,"$40,418 ",$30 ,-78%,
2023,Frio County,Other,"$51,461 ",$38 ,189%,
2023,Frio County,Water,"$454,370 ",$334 ,100%,
2023,Frio County,Wind,"$1,368,076 ","$1,007 ",214%,
2023,Frio County,Total Paid Loss,"$1,914,325 ","$1,409 ",121%,"1,359"
2023,Gaines County,Other,"$56,073 ",$20 ,-4%,
2023,Gaines County,Fire,"$93,800 ",$33 ,-2%,
2023,Gaines County,Water,"$168,141 ",$59 ,18%,
2023,Gaines County,Wind,"$12,051,802 ","$4,251 ",1991%,
2023,Gaines County,Total Paid Loss,"$12,369,816 ","$4,363 ",1317%,"2,835"
2023,Galveston County,Other,"$3,860,084 ",$43 ,-5%,
2023,Galveston County,Wind,"$9,787,627 ",$109 ,15%,
2023,Galveston County,Fire,"$17,530,237 ",$196 ,97%,
2023,Galveston County,Water,"$21,546,022 ",$241 ,2%,
2023,Galveston County,Total Paid Loss,"$52,723,970 ",$589 ,24%,"89,500"
2023,Garza County,Other,"$12,352 ",$18 ,-85%,
2023,Garza County,Water,"$41,485 ",$61 ,-46%,
2023,Garza County,Wind,"$319,608 ",$472 ,250%,
2023,Garza County,Fire,"$360,509 ",$533 ,-55%,
2023,Garza County,Total Paid Loss,"$733,954 ","$1,084 ",-30%,677
2023,Gillespie County,Other,"$353,670 ",$58 ,448%,
2023,Gillespie County,Fire,"$387,383 ",$64 ,-45%,
2023,Gillespie County,Water,"$1,214,583 ",$200 ,14%,
2023,Gillespie County,Wind,"$34,969,626 ","$5,761 ",1596%,
2023,Gillespie County,Total Paid Loss,"$36,925,262 ","$6,083 ",849%,"6,070"
2023,Glasscock County,Fire,$0 ,$0 ,0%,
2023,Glasscock County,Other,$0 ,$0 ,-100%,
2023,Glasscock County,Water,"$17,289 ",$244 ,0%,
2023,Glasscock County,Wind,"$291,598 ","$4,107 ",-70%,
2023,Glasscock County,Total Paid Loss,"$308,887 ","$4,351 ",-68%,71
2023,Goliad County,Other,$0 ,$0 ,-100%,
2023,Goliad County,Water,"$19,102 ",$28 ,-67%,
2023,Goliad County,Wind,"$22,063 ",$33 ,-58%,
2023,Goliad County,Fire,"$47,347 ",$70 ,-68%,
2023,Goliad County,Total Paid Loss,"$88,512 ",$131 ,-66%,677
2023,Gonzales County,Other,"$35,393 ",$18 ,136%,
2023,Gonzales County,Water,"$308,683 ",$160 ,-32%,
2023,Gonzales County,Fire,"$313,625 ",$163 ,256%,
2023,Gonzales County,Wind,"$680,558 ",$353 ,223%,
2023,Gonzales County,Total Paid Loss,"$1,338,259 ",$695 ,75%,"1,926"
2023,Gray County,Other,"$263,012 ",$75 ,63%,
2023,Gray County,Water,"$512,645 ",$147 ,15%,
2023,Gray County,Fire,"$1,020,983 ",$293 ,155%,
2023,Gray County,Wind,"$48,369,195 ","$13,859 ",3126%,
2023,Gray County,Total Paid Loss,"$50,165,835 ","$14,374 ",1900%,"3,490"
2023,Grayson County,Other,"$2,507,344 ",$76 ,4%,
2023,Grayson County,Fire,"$9,722,310 ",$294 ,28%,
2023,Grayson County,Water,"$10,632,774 ",$321 ,31%,
2023,Grayson County,Wind,"$132,597,737 ","$4,003 ",442%,
2023,Grayson County,Total Paid Loss,"$155,460,165 ","$4,693 ",265%,"33,125"
2023,Gregg County,Other,"$2,782,521 ",$89 ,12%,
2023,Gregg County,Fire,"$8,018,309 ",$256 ,22%,
2023,Gregg County,Water,"$8,950,696 ",$285 ,62%,
2023,Gregg County,Wind,"$41,815,160 ","$1,333 ",23%,
2023,Gregg County,Total Paid Loss,"$61,566,686 ","$1,963 ",27%,"31,369"
2023,Grimes County,Other,"$253,854 ",$53 ,19%,
2023,Grimes County,Water,"$659,515 ",$138 ,110%,
2023,Grimes County,Wind,"$888,728 ",$186 ,23%,
2023,Grimes County,Fire,"$1,021,358 ",$214 ,-65%,
2023,Grimes County,Total Paid Loss,"$2,823,455 ",$592 ,-33%,"4,770"
2023,Guadalupe County,Other,"$1,301,469 ",$34 ,-46%,
2023,Guadalupe County,Fire,"$7,424,221 ",$194 ,-10%,
2023,Guadalupe County,Water,"$11,145,169 ",$291 ,4%,
2023,Guadalupe County,Wind,"$28,085,386 ",$734 ,-27%,
2023,Guadalupe County,Total Paid Loss,"$47,956,245 ","$1,254 ",-20%,"38,257"
2023,Hale County,Other,"$126,861 ",$29 ,-37%,
2023,Hale County,Water,"$602,525 ",$139 ,20%,
2023,Hale County,Fire,"$1,018,535 ",$234 ,107%,
2023,Hale County,Wind,"$3,051,778 ",$702 ,45%,
2023,Hale County,Total Paid Loss,"$4,799,699 ","$1,104 ",46%,"4,346"
2023,Hall County,Fire,$0 ,$0 ,-100%,
2023,Hall County,Other,$183 ,$1 ,-90%,
2023,Hall County,Water,"$12,261 ",$34 ,57%,
2023,Hall County,Wind,"$2,942,896 ","$8,197 ",1940%,
2023,Hall County,Total Paid Loss,"$2,955,340 ","$8,232 ",1522%,359
2023,Hamilton County,Other,"$21,222 ",$18 ,81%,
2023,Hamilton County,Water,"$247,740 ",$214 ,92%,
2023,Hamilton County,Fire,"$475,106 ",$410 ,4801%,
2023,Hamilton County,Wind,"$1,747,909 ","$1,509 ",324%,
2023,Hamilton County,Total Paid Loss,"$2,491,977 ","$2,152 ",343%,"1,158"
2023,Hansford County,Other,"$6,482 ",$7 ,-76%,
2023,Hansford County,Water,"$31,210 ",$36 ,-50%,
2023,Hansford County,Fire,"$201,455 ",$233 ,2168%,
2023,Hansford County,Wind,"$455,032 ",$525 ,-32%,
2023,Hansford County,Total Paid Loss,"$694,179 ",$802 ,-9%,866
2023,Hardeman County,Other,"$2,380 ",$5 ,-75%,
2023,Hardeman County,Fire,"$124,242 ",$260 ,-45%,
2023,Hardeman County,Water,"$180,336 ",$377 ,184%,
2023,Hardeman County,Wind,"$620,582 ","$1,298 ",360%,
2023,Hardeman County,Total Paid Loss,"$927,540 ","$1,940 ",113%,478
2023,Hardin County,Other,"$613,473 ",$50 ,20%,
2023,Hardin County,Water,"$1,220,919 ",$100 ,-29%,
2023,Hardin County,Fire,"$3,046,728 ",$249 ,-10%,
2023,Hardin County,Wind,"$17,665,859 ","$1,442 ",526%,
2023,Hardin County,Total Paid Loss,"$22,546,979 ","$1,840 ",167%,"12,251"
2023,Harris County,Other,"$54,996,509 ",$69 ,11%,
2023,Harris County,Fire,"$126,116,838 ",$157 ,-4%,
2023,Harris County,Water,"$232,091,673 ",$289 ,-4%,
2023,Harris County,Wind,"$390,583,995 ",$487 ,84%,
2023,Harris County,Total Paid Loss,"$803,789,015 ","$1,002 ",26%,"802,284"
2023,Harrison County,Other,"$1,240,570 ",$123 ,209%,
2023,Harrison County,Water,"$2,373,955 ",$235 ,49%,
2023,Harrison County,Fire,"$7,061,711 ",$698 ,324%,
2023,Harrison County,Wind,"$22,036,779 ","$2,179 ",14%,
2023,Harrison County,Total Paid Loss,"$32,713,015 ","$3,234 ",43%,"10,114"
2023,Hartley County,Fire,$0 ,$0 ,0%,
2023,Hartley County,Other,"$13,214 ",$117 ,0%,
2023,Hartley County,Water,"$14,907 ",$132 ,-24%,
2023,Hartley County,Wind,"$98,322 ",$870 ,68%,
2023,Hartley County,Total Paid Loss,"$126,443 ","$1,119 ",62%,113
2023,Haskell County,Other,$530 ,$1 ,-99%,
2023,Haskell County,Fire,"$7,986 ",$10 ,-42%,
2023,Haskell County,Water,"$101,582 ",$122 ,266%,
2023,Haskell County,Wind,"$346,794 ",$417 ,-5%,
2023,Haskell County,Total Paid Loss,"$456,892 ",$550 ,-1%,831
2023,Hays County,Other,"$4,047,445 ",$66 ,37%,
2023,Hays County,Fire,"$8,147,004 ",$132 ,-19%,
2023,Hays County,Water,"$16,644,533 ",$270 ,16%,
2023,Hays County,Wind,"$58,849,525 ",$953 ,199%,
2023,Hays County,Total Paid Loss,"$87,688,507 ","$1,420 ",86%,"61,749"
2023,Hemphill County,Other,$148 ,$0 ,-98%,
2023,Hemphill County,Water,"$96,223 ",$167 ,75%,
2023,Hemphill County,Fire,"$204,623 ",$355 ,-44%,
2023,Hemphill County,Wind,"$554,893 ",$963 ,10%,
2023,Hemphill County,Total Paid Loss,"$855,887 ","$1,486 ",-9%,576
2023,Henderson County,Other,"$1,247,356 ",$60 ,-38%,
2023,Henderson County,Fire,"$4,175,184 ",$201 ,-21%,
2023,Henderson County,Water,"$10,120,534 ",$487 ,83%,
2023,Henderson County,Wind,"$18,314,407 ",$882 ,21%,
2023,Henderson County,Total Paid Loss,"$33,857,481 ","$1,630 ",21%,"20,768"
2023,Hidalgo County,Other,"$5,011,080 ",$53 ,24%,
2023,Hidalgo County,Fire,"$8,619,929 ",$91 ,8%,
2023,Hidalgo County,Water,"$10,352,560 ",$109 ,-1%,
2023,Hidalgo County,Wind,"$142,217,174 ","$1,504 ",372%,
2023,Hidalgo County,Total Paid Loss,"$166,200,743 ","$1,758 ",216%,"94,564"
2023,Hill County,Other,"$145,982 ",$25 ,-9%,
2023,Hill County,Water,"$1,025,110 ",$178 ,10%,
2023,Hill County,Fire,"$1,626,687 ",$282 ,-5%,
2023,Hill County,Wind,"$12,933,701 ","$2,245 ",484%,
2023,Hill County,Total Paid Loss,"$15,731,480 ","$2,731 ",214%,"5,760"
2023,Hockley County,Other,"$135,692 ",$43 ,27%,
2023,Hockley County,Fire,"$251,959 ",$80 ,-70%,
2023,Hockley County,Water,"$461,210 ",$146 ,50%,
2023,Hockley County,Wind,"$3,670,542 ","$1,165 ",-60%,
2023,Hockley County,Total Paid Loss,"$4,519,403 ","$1,434 ",-57%,"3,151"
2023,Hood County,Other,"$1,270,656 ",$75 ,-24%,
2023,Hood County,Fire,"$3,971,252 ",$234 ,17%,
2023,Hood County,Water,"$6,018,743 ",$355 ,22%,
2023,Hood County,Wind,"$44,870,420 ","$2,644 ",203%,
2023,Hood County,Total Paid Loss,"$56,131,071 ","$3,308 ",126%,"16,970"
2023,Hopkins County,Other,"$541,776 ",$91 ,30%,
2023,Hopkins County,Water,"$2,820,114 ",$473 ,122%,
2023,Hopkins County,Fire,"$3,874,370 ",$650 ,466%,
2023,Hopkins County,Wind,"$5,958,243 ",$999 ,75%,
2023,Hopkins County,Total Paid Loss,"$13,194,503 ","$2,212 ",128%,"5,965"
2023,Houston County,Other,"$326,397 ",$95 ,-2%,
2023,Houston County,Fire,"$685,136 ",$199 ,33%,
2023,Houston County,Water,"$805,897 ",$234 ,-23%,
2023,Houston County,Wind,"$2,415,739 ",$702 ,-15%,
2023,Houston County,Total Paid Loss,"$4,233,169 ","$1,230 ",-11%,"3,441"
2023,Howard County,Other,"$128,611 ",$27 ,-11%,
2023,Howard County,Fire,"$744,292 ",$159 ,10%,
2023,Howard County,Water,"$992,405 ",$212 ,70%,
2023,Howard County,Wind,"$2,013,402 ",$430 ,-50%,
2023,Howard County,Total Paid Loss,"$3,878,710 ",$828 ,-28%,"4,682"
2023,Hudspeth County,Fire,$0 ,$0 ,0%,
2023,Hudspeth County,Other,"$8,800 ",$69 ,0%,
2023,Hudspeth County,Water,"$27,700 ",$216 ,-33%,
2023,Hudspeth County,Wind,"$105,663 ",$825 ,543%,
2023,Hudspeth County,Total Paid Loss,"$142,163 ","$1,111 ",147%,128
2023,Hunt County,Other,"$714,814 ",$42 ,-38%,
2023,Hunt County,Fire,"$3,942,521 ",$233 ,-25%,
2023,Hunt County,Water,"$5,790,907 ",$342 ,54%,
2023,Hunt County,Wind,"$23,383,769 ","$1,383 ",160%,
2023,Hunt County,Total Paid Loss,"$33,832,011 ","$2,000 ",77%,"16,914"
2023,Hutchinson County,Other,"$81,386 ",$19 ,-44%,
2023,Hutchinson County,Water,"$470,033 ",$111 ,-3%,
2023,Hutchinson County,Fire,"$832,666 ",$197 ,-51%,
2023,Hutchinson County,Wind,"$20,276,773 ","$4,804 ",190%,
2023,Hutchinson County,Total Paid Loss,"$21,660,858 ","$5,132 ",132%,"4,221"
2023,Irion County,Other,$0 ,$0 ,0%,
2023,Irion County,Water,"$2,222 ",$11 ,-93%,
2023,Irion County,Fire,"$15,275 ",$75 ,795%,
2023,Irion County,Wind,"$128,541 ",$630 ,19%,
2023,Irion County,Total Paid Loss,"$146,038 ",$716 ,3%,204
2023,Jack County,Other,"$18,242 ",$19 ,-69%,
2023,Jack County,Fire,"$107,660 ",$110 ,-35%,
2023,Jack County,Water,"$185,434 ",$189 ,106%,
2023,Jack County,Wind,"$2,221,683 ","$2,265 ",-84%,
2023,Jack County,Total Paid Loss,"$2,533,019 ","$2,582 ",-82%,981
2023,Jackson County,Other,"$30,194 ",$19 ,42%,
2023,Jackson County,Water,"$244,629 ",$155 ,112%,
2023,Jackson County,Fire,"$660,319 ",$417 ,541%,
2023,Jackson County,Wind,"$968,706 ",$612 ,1575%,
2023,Jackson County,Total Paid Loss,"$1,903,848 ","$1,203 ",540%,"1,583"
2023,Jasper County,Other,"$434,193 ",$62 ,73%,
2023,Jasper County,Water,"$780,426 ",$112 ,-4%,
2023,Jasper County,Wind,"$1,621,988 ",$232 ,19%,
2023,Jasper County,Fire,"$3,966,221 ",$568 ,22%,
2023,Jasper County,Total Paid Loss,"$6,802,828 ",$974 ,20%,"6,981"
2023,Jeff Davis County,Fire,$0 ,$0 ,-100%,
2023,Jeff Davis County,Water,$0 ,$0 ,-100%,
2023,Jeff Davis County,Other,"$14,166 ",$26 ,0%,
2023,Jeff Davis County,Wind,"$323,695 ",$596 ,147%,
2023,Jeff Davis County,Total Paid Loss,"$337,861 ",$622 ,94%,543
2023,Jefferson County,Other,"$4,032,030 ",$91 ,32%,
2023,Jefferson County,Wind,"$5,357,904 ",$121 ,81%,
2023,Jefferson County,Water,"$8,773,788 ",$198 ,6%,
2023,Jefferson County,Fire,"$13,840,008 ",$312 ,69%,
2023,Jefferson County,Total Paid Loss,"$32,003,730 ",$721 ,42%,"44,378"
2023,Jim Hogg County,Fire,$0 ,$0 ,0%,
2023,Jim Hogg County,Other,$0 ,$0 ,-100%,
2023,Jim Hogg County,Wind,"$34,690 ",$88 ,-60%,
2023,Jim Hogg County,Water,"$74,259 ",$188 ,-17%,
2023,Jim Hogg County,Total Paid Loss,"$108,949 ",$277 ,-39%,394
2023,Jim Wells County,Other,"$137,490 ",$26 ,-5%,
2023,Jim Wells County,Fire,"$329,164 ",$63 ,-45%,
2023,Jim Wells County,Wind,"$465,491 ",$90 ,5%,
2023,Jim Wells County,Water,"$615,307 ",$118 ,14%,
2023,Jim Wells County,Total Paid Loss,"$1,547,452 ",$298 ,-10%,"5,194"
2023,Johnson County,Other,"$3,423,964 ",$75 ,33%,
2023,Johnson County,Water,"$11,611,241 ",$253 ,22%,
2023,Johnson County,Fire,"$11,708,998 ",$255 ,-8%,
2023,Johnson County,Wind,"$124,136,202 ","$2,708 ",118%,
2023,Johnson County,Total Paid Loss,"$150,880,405 ","$3,291 ",84%,"45,844"
2023,Jones County,Other,"$40,479 ",$20 ,-46%,
2023,Jones County,Water,"$217,291 ",$108 ,-29%,
2023,Jones County,Fire,"$1,823,008 ",$902 ,292%,
2023,Jones County,Wind,"$4,122,690 ","$2,041 ",611%,
2023,Jones County,Total Paid Loss,"$6,203,468 ","$3,071 ",335%,"2,020"
2023,Karnes County,Other,"$26,763 ",$22 ,-3%,
2023,Karnes County,Fire,"$42,324 ",$35 ,-66%,
2023,Karnes County,Water,"$99,215 ",$81 ,54%,
2023,Karnes County,Wind,"$250,312 ",$206 ,-60%,
2023,Karnes County,Total Paid Loss,"$418,614 ",$344 ,-50%,"1,218"
2023,Kaufman County,Other,"$1,411,839 ",$35 ,-37%,
2023,Kaufman County,Fire,"$9,718,921 ",$241 ,56%,
2023,Kaufman County,Water,"$11,151,773 ",$277 ,9%,
2023,Kaufman County,Wind,"$65,400,962 ","$1,625 ",151%,
2023,Kaufman County,Total Paid Loss,"$87,683,495 ","$2,178 ",96%,"40,250"
2023,Kendall County,Fire,"$1,334,460 ",$100 ,-61%,
2023,Kendall County,Other,"$1,525,444 ",$114 ,114%,
2023,Kendall County,Water,"$5,055,465 ",$377 ,20%,
2023,Kendall County,Wind,"$7,316,778 ",$546 ,-49%,
2023,Kendall County,Total Paid Loss,"$15,232,147 ","$1,136 ",-33%,"13,404"
2023,Kenedy County,Fire,$0 ,$0 ,0%,
2023,Kenedy County,Other,$0 ,$0 ,0%,
2023,Kenedy County,Total Paid Loss,$0 ,$0 ,0%,20
2023,Kenedy County,Water,$0 ,$0 ,0%,
2023,Kenedy County,Wind,$0 ,$0 ,0%,
2023,Kent County,Fire,$0 ,$0 ,0%,
2023,Kent County,Water,$0 ,$0 ,-100%,
2023,Kent County,Other,"$3,080 ",$33 ,0%,
2023,Kent County,Wind,"$1,357,580 ","$14,598 ",0%,
2023,Kent County,Total Paid Loss,"$1,360,660 ","$14,631 ",12733%,93
2023,Kerr County,Other,"$817,770 ",$66 ,122%,
2023,Kerr County,Fire,"$1,113,996 ",$90 ,-30%,
2023,Kerr County,Water,"$1,977,142 ",$159 ,12%,
2023,Kerr County,Wind,"$16,223,563 ","$1,308 ",242%,
2023,Kerr County,Total Paid Loss,"$20,132,471 ","$1,623 ",138%,"12,402"
2023,Kimble County,Water,"$1,227 ",$3 ,-98%,
2023,Kimble County,Other,"$5,325 ",$13 ,881%,
2023,Kimble County,Fire,"$27,140 ",$65 ,6361%,
2023,Kimble County,Wind,"$604,033 ","$1,449 ",792%,
2023,Kimble County,Total Paid Loss,"$637,725 ","$1,529 ",437%,417
2023,King County,Fire,$0 ,$0 ,0%,
2023,King County,Other,$0 ,$0 ,0%,
2023,King County,Total Paid Loss,$0 ,$0 ,0%,13
2023,King County,Water,$0 ,$0 ,0%,
2023,King County,Wind,$0 ,$0 ,0%,
2023,Kinney County,Fire,$0 ,$0 ,-100%,
2023,Kinney County,Other,"$10,573 ",$18 ,-58%,
2023,Kinney County,Wind,"$71,623 ",$120 ,-84%,
2023,Kinney County,Water,"$86,963 ",$146 ,336%,
2023,Kinney County,Total Paid Loss,"$169,159 ",$284 ,-68%,596
2023,Kleberg County,Other,"$118,756 ",$30 ,19%,
2023,Kleberg County,Wind,"$182,061 ",$46 ,-55%,
2023,Kleberg County,Water,"$210,222 ",$53 ,-24%,
2023,Kleberg County,Fire,"$642,030 ",$162 ,-3%,
2023,Kleberg County,Total Paid Loss,"$1,153,069 ",$292 ,-20%,"3,953"
2023,Knox County,Other,"$5,313 ",$11 ,2684%,
2023,Knox County,Water,"$44,600 ",$93 ,53%,
2023,Knox County,Fire,"$54,935 ",$115 ,-75%,
2023,Knox County,Wind,"$385,431 ",$806 ,232%,
2023,Knox County,Total Paid Loss,"$490,279 ","$1,026 ",36%,478
2023,La Salle County,Other,"$3,639 ",$9 ,-53%,
2023,La Salle County,Water,"$16,301 ",$42 ,-62%,
2023,La Salle County,Fire,"$437,135 ","$1,121 ",0%,
2023,La Salle County,Wind,"$444,930 ","$1,141 ",58%,
2023,La Salle County,Total Paid Loss,"$902,005 ","$2,313 ",171%,390
2023,Lamar County,Other,"$145,124 ",$16 ,-64%,
2023,Lamar County,Fire,"$1,582,814 ",$179 ,-50%,
2023,Lamar County,Water,"$2,181,149 ",$247 ,73%,
2023,Lamar County,Wind,"$8,974,810 ","$1,015 ",-40%,
2023,Lamar County,Total Paid Loss,"$12,883,897 ","$1,457 ",-35%,"8,845"
2023,Lamb County,Other,"$20,109 ",$13 ,-45%,
2023,Lamb County,Fire,"$59,945 ",$39 ,-78%,
2023,Lamb County,Water,"$101,484 ",$65 ,-36%,
2023,Lamb County,Wind,"$1,247,140 ",$805 ,27%,
2023,Lamb County,Total Paid Loss,"$1,428,678 ",$922 ,-1%,"1,550"
2023,Lampasas County,Fire,"$143,545 ",$29 ,-72%,
2023,Lampasas County,Other,"$340,152 ",$68 ,-28%,
2023,Lampasas County,Water,"$484,634 ",$97 ,12%,
2023,Lampasas County,Wind,"$11,417,569 ","$2,296 ",-36%,
2023,Lampasas County,Total Paid Loss,"$12,385,900 ","$2,491 ",-36%,"4,972"
2023,Lavaca County,Other,"$9,492 ",$7 ,-36%,
2023,Lavaca County,Fire,"$60,506 ",$43 ,-79%,
2023,Lavaca County,Wind,"$150,080 ",$107 ,73%,
2023,Lavaca County,Water,"$160,724 ",$114 ,17%,
2023,Lavaca County,Total Paid Loss,"$380,802 ",$271 ,-28%,"1,407"
2023,Lee County,Other,"$58,118 ",$30 ,99%,
2023,Lee County,Fire,"$244,139 ",$126 ,-70%,
2023,Lee County,Wind,"$247,114 ",$128 ,-11%,
2023,Lee County,Water,"$309,439 ",$160 ,-17%,
2023,Lee County,Total Paid Loss,"$858,810 ",$444 ,-42%,"1,934"
2023,Leon County,Other,"$316,315 ",$100 ,35%,
2023,Leon County,Fire,"$470,083 ",$149 ,-71%,
2023,Leon County,Water,"$646,229 ",$205 ,20%,
2023,Leon County,Wind,"$3,420,041 ","$1,082 ",341%,
2023,Leon County,Total Paid Loss,"$4,852,668 ","$1,536 ",52%,"3,160"
2023,Liberty County,Other,"$866,263 ",$56 ,-27%,
2023,Liberty County,Water,"$1,730,122 ",$111 ,11%,
2023,Liberty County,Wind,"$2,550,564 ",$164 ,47%,
2023,Liberty County,Fire,"$3,849,661 ",$247 ,-7%,
2023,Liberty County,Total Paid Loss,"$8,996,610 ",$577 ,4%,"15,585"
2023,Limestone County,Other,"$188,320 ",$61 ,-35%,
2023,Limestone County,Water,"$595,823 ",$194 ,170%,
2023,Limestone County,Fire,"$1,388,230 ",$451 ,-29%,
2023,Limestone County,Wind,"$3,124,563 ","$1,015 ",224%,
2023,Limestone County,Total Paid Loss,"$5,296,936 ","$1,721 ",54%,"3,077"
2023,Lipscomb County,Other,"$2,939 ",$7 ,-63%,
2023,Lipscomb County,Fire,"$8,997 ",$22 ,-93%,
2023,Lipscomb County,Water,"$94,980 ",$231 ,0%,
2023,Lipscomb County,Wind,"$347,883 ",$844 ,0%,
2023,Lipscomb County,Total Paid Loss,"$454,799 ","$1,104 ",-4%,412
2023,Live Oak County,Fire,$0 ,$0 ,-100%,
2023,Live Oak County,Other,"$22,609 ",$29 ,237%,
2023,Live Oak County,Water,"$30,281 ",$39 ,-55%,
2023,Live Oak County,Wind,"$59,867 ",$78 ,80%,
2023,Live Oak County,Total Paid Loss,"$112,757 ",$147 ,-12%,769
2023,Llano County,Fire,"$575,794 ",$59 ,-68%,
2023,Llano County,Other,"$1,870,888 ",$193 ,395%,
2023,Llano County,Water,"$2,268,473 ",$234 ,-8%,
2023,Llano County,Wind,"$26,005,509 ","$2,683 ",406%,
2023,Llano County,Total Paid Loss,"$30,720,664 ","$3,169 ",213%,"9,694"
2023,Loving County,Fire,$0 ,$0 ,0%,
2023,Loving County,Other,$0 ,$0 ,0%,
2023,Loving County,Water,$0 ,$0 ,0%,
2023,Loving County,Total Paid Loss,"$13,215 ","$6,608 ",0%,2
2023,Loving County,Wind,"$13,215 ","$6,608 ",0%,
2023,Lubbock County,Other,"$2,786,360 ",$46 ,37%,
2023,Lubbock County,Water,"$7,134,314 ",$118 ,-1%,
2023,Lubbock County,Fire,"$11,873,534 ",$196 ,26%,
2023,Lubbock County,Wind,"$128,491,548 ","$2,116 ",615%,
2023,Lubbock County,Total Paid Loss,"$150,285,756 ","$2,475 ",310%,"60,717"
2023,Lynn County,Other,"$6,798 ",$7 ,110%,
2023,Lynn County,Fire,"$64,838 ",$66 ,-42%,
2023,Lynn County,Water,"$186,962 ",$189 ,452%,
2023,Lynn County,Wind,"$1,269,542 ","$1,285 ",15%,
2023,Lynn County,Total Paid Loss,"$1,528,140 ","$1,547 ",22%,988
2023,Madison County,Other,"$178,348 ",$133 ,406%,
2023,Madison County,Water,"$470,785 ",$350 ,119%,
2023,Madison County,Fire,"$754,475 ",$561 ,18%,
2023,Madison County,Wind,"$1,026,473 ",$763 ,-49%,
2023,Madison County,Total Paid Loss,"$2,430,081 ","$1,807 ",-16%,"1,345"
2023,Marion County,Fire,"$165,156 ",$76 ,-46%,
2023,Marion County,Water,"$308,083 ",$141 ,7%,
2023,Marion County,Other,"$322,757 ",$148 ,82%,
2023,Marion County,Wind,"$3,392,227 ","$1,555 ",189%,
2023,Marion County,Total Paid Loss,"$4,188,223 ","$1,919 ",115%,"2,182"
2023,Martin County,Other,"$7,818 ",$10 ,-73%,
2023,Martin County,Water,"$40,722 ",$55 ,-44%,
2023,Martin County,Fire,"$208,250 ",$279 ,0%,
2023,Martin County,Wind,"$734,795 ",$984 ,-22%,
2023,Martin County,Total Paid Loss,"$991,585 ","$1,327 ",-4%,747
2023,Mason County,Fire,$0 ,$0 ,0%,
2023,Mason County,Other,"$14,301 ",$24 ,-75%,
2023,Mason County,Water,"$41,215 ",$68 ,119%,
2023,Mason County,Wind,"$3,400,228 ","$5,611 ",869%,
2023,Mason County,Total Paid Loss,"$3,455,744 ","$5,703 ",712%,606
2023,Matagorda County,Other,"$152,483 ",$21 ,-73%,
2023,Matagorda County,Wind,"$292,623 ",$41 ,-41%,
2023,Matagorda County,Fire,"$660,783 ",$93 ,-53%,
2023,Matagorda County,Water,"$1,366,599 ",$191 ,6%,
2023,Matagorda County,Total Paid Loss,"$2,472,488 ",$346 ,-34%,"7,143"
2023,Maverick County,Other,"$92,783 ",$16 ,-66%,
2023,Maverick County,Water,"$423,406 ",$74 ,-25%,
2023,Maverick County,Fire,"$430,231 ",$75 ,58%,
2023,Maverick County,Wind,"$6,351,858 ","$1,110 ",267%,
2023,Maverick County,Total Paid Loss,"$7,298,278 ","$1,276 ",157%,"5,721"
2023,McCulloch County,Other,"$61,305 ",$57 ,501%,
2023,McCulloch County,Water,"$77,163 ",$72 ,-70%,
2023,McCulloch County,Fire,"$198,911 ",$186 ,969%,
2023,McCulloch County,Wind,"$480,676 ",$449 ,9%,
2023,McCulloch County,Total Paid Loss,"$818,055 ",$764 ,12%,"1,071"
2023,McLennan County,Other,"$2,314,736 ",$49 ,-13%,
2023,McLennan County,Water,"$8,600,311 ",$184 ,13%,
2023,McLennan County,Fire,"$16,671,051 ",$356 ,138%,
2023,McLennan County,Wind,"$92,965,397 ","$1,986 ",507%,
2023,McLennan County,Total Paid Loss,"$120,551,495 ","$2,575 ",270%,"46,822"
2023,McMullen County,Fire,$0 ,$0 ,0%,
2023,McMullen County,Other,$0 ,$0 ,0%,
2023,McMullen County,Water,$0 ,$0 ,0%,
2023,McMullen County,Total Paid Loss,"$2,723 ",$32 ,-75%,85
2023,McMullen County,Wind,"$2,723 ",$32 ,-75%,
2023,Medina County,Other,"$318,703 ",$41 ,-42%,
2023,Medina County,Fire,"$776,240 ",$99 ,-69%,
2023,Medina County,Water,"$1,966,277 ",$252 ,87%,
2023,Medina County,Wind,"$2,909,719 ",$372 ,-63%,
2023,Medina County,Total Paid Loss,"$5,970,939 ",$764 ,-50%,"7,812"
2023,Menard County,Fire,$0 ,$0 ,-100%,
2023,Menard County,Water,$0 ,$0 ,-100%,
2023,Menard County,Other,"$3,204 ",$15 ,-97%,
2023,Menard County,Wind,"$66,980 ",$316 ,613%,
2023,Menard County,Total Paid Loss,"$70,184 ",$331 ,-66%,212
2023,Midland County,Other,"$1,556,232 ",$44 ,51%,
2023,Midland County,Fire,"$3,042,855 ",$87 ,-20%,
2023,Midland County,Water,"$4,117,873 ",$117 ,0%,
2023,Midland County,Wind,"$44,784,395 ","$1,278 ",-34%,
2023,Midland County,Total Paid Loss,"$53,501,355 ","$1,526 ",-31%,"35,055"
2023,Milam County,Other,"$497,039 ",$173 ,287%,
2023,Milam County,Water,"$743,966 ",$258 ,109%,
2023,Milam County,Fire,"$817,250 ",$284 ,178%,
2023,Milam County,Wind,"$972,697 ",$338 ,85%,
2023,Milam County,Total Paid Loss,"$3,030,952 ","$1,052 ",132%,"2,881"
2023,Mills County,Fire,$443 ,$1 ,-99%,
2023,Mills County,Other,"$5,342 ",$11 ,-17%,
2023,Mills County,Water,"$153,350 ",$304 ,121%,
2023,Mills County,Wind,"$480,247 ",$951 ,24%,
2023,Mills County,Total Paid Loss,"$639,382 ","$1,266 ",16%,505
2023,Mitchell County,Other,"$5,237 ",$7 ,-67%,
2023,Mitchell County,Fire,"$17,435 ",$24 ,-88%,
2023,Mitchell County,Water,"$31,688 ",$43 ,-66%,
2023,Mitchell County,Wind,"$546,428 ",$745 ,190%,
2023,Mitchell County,Total Paid Loss,"$600,788 ",$820 ,34%,733
2023,Montague County,Other,"$160,068 ",$37 ,-22%,
2023,Montague County,Water,"$985,186 ",$228 ,207%,
2023,Montague County,Fire,"$1,168,780 ",$270 ,45%,
2023,Montague County,Wind,"$2,727,113 ",$631 ,-56%,
2023,Montague County,Total Paid Loss,"$5,041,147 ","$1,167 ",-33%,"4,321"
2023,Montgomery County,Other,"$11,159,821 ",$69 ,12%,
2023,Montgomery County,Fire,"$33,277,823 ",$206 ,36%,
2023,Montgomery County,Water,"$53,109,843 ",$328 ,-20%,
2023,Montgomery County,Wind,"$80,892,332 ",$500 ,-17%,
2023,Montgomery County,Total Paid Loss,"$178,439,819 ","$1,102 ",-10%,"161,931"
2023,Moore County,Other,"$42,761 ",$13 ,-48%,
2023,Moore County,Water,"$429,355 ",$135 ,42%,
2023,Moore County,Fire,"$458,827 ",$144 ,385%,
2023,Moore County,Wind,"$4,387,939 ","$1,379 ",-67%,
2023,Moore County,Total Paid Loss,"$5,318,882 ","$1,672 ",-61%,"3,182"
2023,Morris County,Other,"$82,462 ",$36 ,-12%,
2023,Morris County,Water,"$515,315 ",$227 ,73%,
2023,Morris County,Fire,"$1,280,204 ",$565 ,76%,
2023,Morris County,Wind,"$2,949,370 ","$1,302 ",47%,
2023,Morris County,Total Paid Loss,"$4,827,351 ","$2,130 ",54%,"2,266"
2023,Motley County,Fire,$0 ,$0 ,0%,
2023,Motley County,Other,$0 ,$0 ,0%,
2023,Motley County,Water,$0 ,$0 ,0%,
2023,Motley County,Total Paid Loss,"$3,617,797 ","$24,445 ",2284%,148
2023,Motley County,Wind,"$3,617,797 ","$24,445 ",2284%,
2023,Nacogdoches County,Other,"$776,043 ",$78 ,92%,
2023,Nacogdoches County,Fire,"$1,343,937 ",$135 ,-10%,
2023,Nacogdoches County,Water,"$2,166,949 ",$217 ,120%,
2023,Nacogdoches County,Wind,"$4,917,827 ",$493 ,-15%,
2023,Nacogdoches County,Total Paid Loss,"$9,204,756 ",$923 ,7%,"9,968"
2023,Navarro County,Other,"$255,118 ",$35 ,11%,
2023,Navarro County,Fire,"$1,865,028 ",$257 ,92%,
2023,Navarro County,Water,"$1,928,281 ",$266 ,43%,
2023,Navarro County,Wind,"$16,706,080 ","$2,304 ",264%,
2023,Navarro County,Total Paid Loss,"$20,754,507 ","$2,862 ",191%,"7,251"
2023,Newton County,Other,"$44,544 ",$28 ,-14%,
2023,Newton County,Water,"$113,992 ",$72 ,-37%,
2023,Newton County,Wind,"$488,334 ",$306 ,-42%,
2023,Newton County,Fire,"$1,081,575 ",$679 ,1%,
2023,Newton County,Total Paid Loss,"$1,728,445 ","$1,084 ",-20%,"1,594"
2023,Nolan County,Other,"$9,938 ",$4 ,-45%,
2023,Nolan County,Fire,"$50,857 ",$23 ,-70%,
2023,Nolan County,Water,"$252,257 ",$113 ,83%,
2023,Nolan County,Wind,"$3,214,242 ","$1,437 ",596%,
2023,Nolan County,Total Paid Loss,"$3,527,294 ","$1,578 ",348%,"2,236"
2023,Nueces County,Wind,"$1,203,040 ",$19 ,-19%,
2023,Nueces County,Other,"$1,613,763 ",$25 ,5%,
2023,Nueces County,Water,"$4,747,383 ",$74 ,1%,
2023,Nueces County,Fire,"$10,335,743 ",$161 ,29%,
2023,Nueces County,Total Paid Loss,"$17,899,929 ",$278 ,14%,"64,274"
2023,Ochiltree County,Other,"$26,676 ",$20 ,19683%,
2023,Ochiltree County,Water,"$120,056 ",$90 ,-6%,
2023,Ochiltree County,Fire,"$915,691 ",$685 ,2849%,
2023,Ochiltree County,Wind,"$12,717,930 ","$9,519 ",1215%,
2023,Ochiltree County,Total Paid Loss,"$13,780,353 ","$10,315 ",1124%,"1,336"
2023,Oldham County,Other,"$18,825 ",$60 ,-67%,
2023,Oldham County,Fire,"$27,128 ",$86 ,0%,
2023,Oldham County,Water,"$62,309 ",$197 ,-4%,
2023,Oldham County,Wind,"$180,487 ",$571 ,34%,
2023,Oldham County,Total Paid Loss,"$288,749 ",$914 ,13%,316
2023,Orange County,Other,"$1,558,426 ",$84 ,51%,
2023,Orange County,Water,"$1,581,393 ",$85 ,-6%,
2023,Orange County,Fire,"$6,566,048 ",$353 ,41%,
2023,Orange County,Wind,"$11,779,052 ",$634 ,12%,
2023,Orange County,Total Paid Loss,"$21,484,919 ","$1,156 ",20%,"18,584"
2023,Palo Pinto County,Other,"$374,466 ",$57 ,-23%,
2023,Palo Pinto County,Water,"$1,925,125 ",$292 ,39%,
2023,Palo Pinto County,Fire,"$4,137,955 ",$628 ,-6%,
2023,Palo Pinto County,Wind,"$33,019,185 ","$5,009 ",552%,
2023,Palo Pinto County,Total Paid Loss,"$39,456,731 ","$5,986 ",248%,"6,592"
2023,Panola County,Other,"$337,260 ",$82 ,51%,
2023,Panola County,Water,"$1,088,529 ",$264 ,117%,
2023,Panola County,Fire,"$1,418,072 ",$344 ,2%,
2023,Panola County,Wind,"$4,669,235 ","$1,131 ",76%,
2023,Panola County,Total Paid Loss,"$7,513,096 ","$1,820 ",58%,"4,128"
2023,Parker County,Other,"$1,711,584 ",$47 ,-37%,
2023,Parker County,Fire,"$8,487,288 ",$231 ,-18%,
2023,Parker County,Water,"$12,073,788 ",$329 ,33%,
2023,Parker County,Wind,"$100,062,134 ","$2,724 ",254%,
2023,Parker County,Total Paid Loss,"$122,334,794 ","$3,330 ",142%,"36,737"
2023,Parmer County,Other,"$10,470 ",$11 ,-41%,
2023,Parmer County,Fire,"$18,764 ",$19 ,83%,
2023,Parmer County,Water,"$76,501 ",$77 ,-35%,
2023,Parmer County,Wind,"$958,458 ",$967 ,71%,
2023,Parmer County,Total Paid Loss,"$1,064,193 ","$1,074 ",51%,991
2023,Pecos County,Fire,"$40,959 ",$24 ,-66%,
2023,Pecos County,Other,"$93,071 ",$54 ,150%,
2023,Pecos County,Water,"$157,147 ",$92 ,51%,
2023,Pecos County,Wind,"$4,939,905 ","$2,882 ",-56%,
2023,Pecos County,Total Paid Loss,"$5,231,082 ","$3,052 ",-55%,"1,714"
2023,Polk County,Other,"$441,105 ",$47 ,22%,
2023,Polk County,Water,"$1,756,009 ",$186 ,147%,
2023,Polk County,Fire,"$2,965,366 ",$315 ,31%,
2023,Polk County,Wind,"$3,294,949 ",$350 ,71%,
2023,Polk County,Total Paid Loss,"$8,457,429 ",$898 ,61%,"9,417"
2023,Potter County,Other,"$1,167,892 ",$58 ,17%,
2023,Potter County,Water,"$2,880,725 ",$144 ,2%,
2023,Potter County,Fire,"$4,047,935 ",$202 ,-30%,
2023,Potter County,Wind,"$16,886,587 ",$843 ,-65%,
2023,Potter County,Total Paid Loss,"$24,983,139 ","$1,247 ",-57%,"20,027"
2023,Presidio County,Fire,$0 ,$0 ,-100%,
2023,Presidio County,Other,"$35,674 ",$51 ,2419%,
2023,Presidio County,Water,"$121,392 ",$172 ,4658%,
2023,Presidio County,Wind,"$197,613 ",$281 ,-4%,
2023,Presidio County,Total Paid Loss,"$354,679 ",$504 ,-73%,704
2023,Rains County,Water,"$619,902 ",$261 ,64%,
2023,Rains County,Other,"$671,442 ",$283 ,332%,
2023,Rains County,Fire,"$902,888 ",$380 ,1%,
2023,Rains County,Wind,"$2,666,732 ","$1,124 ",179%,
2023,Rains County,Total Paid Loss,"$4,860,964 ","$2,048 ",104%,"2,373"
2023,Randall County,Other,"$1,669,458 ",$44 ,16%,
2023,Randall County,Fire,"$2,989,901 ",$79 ,-15%,
2023,Randall County,Water,"$5,052,714 ",$134 ,24%,
2023,Randall County,Wind,"$20,865,710 ",$552 ,-24%,
2023,Randall County,Total Paid Loss,"$30,577,783 ",$809 ,-16%,"37,800"
2023,Reagan County,Other,$0 ,$0 ,0%,
2023,Reagan County,Water,"$23,450 ",$66 ,520%,
2023,Reagan County,Wind,"$127,234 ",$359 ,10%,
2023,Reagan County,Fire,"$160,496 ",$453 ,0%,
2023,Reagan County,Total Paid Loss,"$311,180 ",$879 ,159%,354
2023,Real County,Other,"$16,238 ",$21 ,188%,
2023,Real County,Water,"$50,925 ",$67 ,38%,
2023,Real County,Fire,"$74,787 ",$99 ,58622%,
2023,Real County,Wind,"$158,765 ",$210 ,35%,
2023,Real County,Total Paid Loss,"$300,715 ",$398 ,88%,756
2023,Red River County,Other,"$60,293 ",$34 ,-36%,
2023,Red River County,Fire,"$212,318 ",$120 ,-55%,
2023,Red River County,Water,"$301,419 ",$170 ,22%,
2023,Red River County,Wind,"$5,578,628 ","$3,143 ",490%,
2023,Red River County,Total Paid Loss,"$6,152,658 ","$3,466 ",250%,"1,775"
2023,Reeves County,Fire,"$47,420 ",$40 ,-87%,
2023,Reeves County,Water,"$75,322 ",$63 ,123%,
2023,Reeves County,Other,"$77,313 ",$65 ,467%,
2023,Reeves County,Wind,"$8,346,243 ","$7,020 ",3630%,
2023,Reeves County,Total Paid Loss,"$8,546,298 ","$7,188 ",1229%,"1,189"
2023,Refugio County,Other,"$10,780 ",$8 ,-73%,
2023,Refugio County,Fire,"$12,495 ",$9 ,-99%,
2023,Refugio County,Wind,"$31,595 ",$23 ,17%,
2023,Refugio County,Water,"$114,874 ",$84 ,45%,
2023,Refugio County,Total Paid Loss,"$169,744 ",$124 ,-85%,"1,374"
2023,Roberts County,Fire,$0 ,$0 ,-100%,
2023,Roberts County,Other,$0 ,$0 ,-100%,
2023,Roberts County,Water,"$28,534 ",$230 ,129%,
2023,Roberts County,Wind,"$98,795 ",$797 ,-37%,
2023,Roberts County,Total Paid Loss,"$127,329 ","$1,027 ",-26%,124
2023,Robertson County,Other,"$444,234 ",$190 ,1071%,
2023,Robertson County,Fire,"$534,706 ",$228 ,156%,
2023,Robertson County,Wind,"$767,903 ",$328 ,-58%,
2023,Robertson County,Water,"$832,558 ",$355 ,193%,
2023,Robertson County,Total Paid Loss,"$2,579,401 ","$1,101 ",9%,"2,343"
2023,Rockwall County,Other,"$2,344,413 ",$63 ,-13%,
2023,Rockwall County,Fire,"$10,423,854 ",$280 ,-8%,
2023,Rockwall County,Water,"$19,863,960 ",$534 ,-7%,
2023,Rockwall County,Wind,"$112,198,059 ","$3,014 ",68%,
2023,Rockwall County,Total Paid Loss,"$144,830,286 ","$3,890 ",42%,"37,229"
2023,Runnels County,Other,"$42,602 ",$30 ,39%,
2023,Runnels County,Water,"$151,386 ",$108 ,190%,
2023,Runnels County,Fire,"$591,219 ",$423 ,1021%,
2023,Runnels County,Wind,"$6,893,616 ","$4,931 ",1890%,
2023,Runnels County,Total Paid Loss,"$7,678,823 ","$5,493 ",1493%,"1,398"
2023,Rusk County,Other,"$640,292 ",$83 ,42%,
2023,Rusk County,Fire,"$1,737,311 ",$226 ,-19%,
2023,Rusk County,Water,"$1,751,264 ",$228 ,27%,
2023,Rusk County,Wind,"$47,594,407 ","$6,184 ",656%,
2023,Rusk County,Total Paid Loss,"$51,723,274 ","$6,720 ",404%,"7,697"
2023,Sabine County,Other,"$138,516 ",$56 ,264%,
2023,Sabine County,Wind,"$327,036 ",$131 ,-74%,
2023,Sabine County,Water,"$532,343 ",$214 ,142%,
2023,Sabine County,Fire,"$3,875,706 ","$1,555 ",293%,
2023,Sabine County,Total Paid Loss,"$4,873,601 ","$1,956 ",95%,"2,492"
2023,San Augustine County,Other,"$93,824 ",$70 ,177%,
2023,San Augustine County,Water,"$96,911 ",$73 ,71%,
2023,San Augustine County,Wind,"$409,378 ",$308 ,270%,
2023,San Augustine County,Fire,"$602,161 ",$452 ,4649%,
2023,San Augustine County,Total Paid Loss,"$1,202,274 ",$903 ,462%,"1,331"
2023,San Jacinto County,Other,"$289,336 ",$44 ,-93%,
2023,San Jacinto County,Wind,"$974,504 ",$147 ,50%,
2023,San Jacinto County,Fire,"$1,589,160 ",$239 ,46%,
2023,San Jacinto County,Water,"$1,598,832 ",$240 ,78%,
2023,San Jacinto County,Total Paid Loss,"$4,451,832 ",$670 ,-33%,"6,648"
2023,San Patricio County,Wind,"$173,101 ",$12 ,-63%,
2023,San Patricio County,Other,"$431,086 ",$31 ,-30%,
2023,San Patricio County,Water,"$1,579,768 ",$114 ,2%,
2023,San Patricio County,Fire,"$2,109,337 ",$152 ,-34%,
2023,San Patricio County,Total Paid Loss,"$4,293,292 ",$309 ,-26%,"13,891"
2023,San Saba County,Fire,"$7,000 ",$11 ,-98%,
2023,San Saba County,Other,"$8,351 ",$13 ,-92%,
2023,San Saba County,Wind,"$92,357 ",$145 ,87%,
2023,San Saba County,Water,"$169,007 ",$265 ,1040%,
2023,San Saba County,Total Paid Loss,"$276,715 ",$434 ,-39%,638
2023,Schleicher County,Other,$0 ,$0 ,-100%,
2023,Schleicher County,Fire,"$22,750 ",$89 ,114%,
2023,Schleicher County,Water,"$27,344 ",$106 ,-50%,
2023,Schleicher County,Wind,"$164,891 ",$642 ,-91%,
2023,Schleicher County,Total Paid Loss,"$214,985 ",$837 ,-89%,257
2023,Scurry County,Water,"$139,892 ",$61 ,-48%,
2023,Scurry County,Other,"$151,050 ",$66 ,145%,
2023,Scurry County,Fire,"$372,857 ",$162 ,726%,
2023,Scurry County,Wind,"$783,248 ",$341 ,-88%,
2023,Scurry County,Total Paid Loss,"$1,447,047 ",$629 ,-78%,"2,299"
2023,Shackelford County,Other,$583 ,$1 ,-93%,
2023,Shackelford County,Fire,"$14,128 ",$25 ,-90%,
2023,Shackelford County,Water,"$60,833 ",$109 ,39%,
2023,Shackelford County,Wind,"$2,353,689 ","$4,203 ",1912%,
2023,Shackelford County,Total Paid Loss,"$2,429,233 ","$4,338 ",693%,560
2023,Shelby County,Other,"$137,844 ",$44 ,-81%,
2023,Shelby County,Water,"$719,130 ",$230 ,117%,
2023,Shelby County,Fire,"$1,023,913 ",$327 ,-14%,
2023,Shelby County,Wind,"$4,084,016 ","$1,304 ",467%,
2023,Shelby County,Total Paid Loss,"$5,964,903 ","$1,905 ",100%,"3,132"
2023,Sherman County,Other,"$9,197 ",$23 ,-27%,
2023,Sherman County,Fire,"$26,546 ",$66 ,0%,
2023,Sherman County,Wind,"$161,416 ",$401 ,139%,
2023,Sherman County,Water,"$175,891 ",$436 ,2759%,
2023,Sherman County,Total Paid Loss,"$373,050 ",$926 ,332%,403
2023,Smith County,Other,"$6,378,193 ",$135 ,80%,
2023,Smith County,Fire,"$8,566,355 ",$181 ,-33%,
2023,Smith County,Water,"$16,369,782 ",$347 ,67%,
2023,Smith County,Wind,"$40,416,060 ",$856 ,-11%,
2023,Smith County,Total Paid Loss,"$71,730,390 ","$1,519 ",0%,"47,237"
2023,Somervell County,Other,"$60,739 ",$44 ,242%,
2023,Somervell County,Fire,"$302,995 ",$219 ,55%,
2023,Somervell County,Water,"$944,474 ",$682 ,424%,
2023,Somervell County,Wind,"$955,196 ",$690 ,46%,
2023,Somervell County,Total Paid Loss,"$2,263,404 ","$1,634 ",116%,"1,385"
2023,Starr County,Other,"$158,449 ",$37 ,-12%,
2023,Starr County,Fire,"$497,245 ",$115 ,2%,
2023,Starr County,Water,"$1,347,438 ",$312 ,147%,
2023,Starr County,Wind,"$1,729,462 ",$400 ,59%,
2023,Starr County,Total Paid Loss,"$3,732,594 ",$864 ,62%,"4,320"
2023,Stephens County,Other,"$27,508 ",$19 ,-11%,
2023,Stephens County,Water,"$171,772 ",$116 ,-17%,
2023,Stephens County,Fire,"$235,076 ",$159 ,-84%,
2023,Stephens County,Wind,"$1,831,372 ","$1,236 ",-82%,
2023,Stephens County,Total Paid Loss,"$2,265,728 ","$1,529 ",-81%,"1,482"
2023,Sterling County,Fire,$0 ,$0 ,0%,
2023,Sterling County,Water,$0 ,$0 ,-100%,
2023,Sterling County,Other,$335 ,$3 ,0%,
2023,Sterling County,Wind,"$194,958 ","$1,710 ",136%,
2023,Sterling County,Total Paid Loss,"$195,293 ","$1,713 ",135%,114
2023,Stonewall County,Other,"$2,184 ",$11 ,-50%,
2023,Stonewall County,Fire,"$3,406 ",$18 ,-99%,
2023,Stonewall County,Water,"$11,984 ",$63 ,0%,
2023,Stonewall County,Wind,"$173,634 ",$909 ,261%,
2023,Stonewall County,Total Paid Loss,"$191,208 ","$1,001 ",-73%,191
2023,Sutton County,Other,$0 ,$0 ,-100%,
2023,Sutton County,Water,"$14,063 ",$28 ,-53%,
2023,Sutton County,Wind,"$27,720 ",$55 ,-72%,
2023,Sutton County,Fire,"$32,763 ",$65 ,892%,
2023,Sutton County,Total Paid Loss,"$74,546 ",$148 ,-46%,505
2023,Swisher County,Fire,$0 ,$0 ,-100%,
2023,Swisher County,Other,"$39,698 ",$54 ,-35%,
2023,Swisher County,Water,"$48,605 ",$67 ,206%,
2023,Swisher County,Wind,"$2,408,374 ","$3,299 ",56%,
2023,Swisher County,Total Paid Loss,"$2,496,677 ","$3,420 ",51%,730
2023,Tarrant County,Other,"$34,339,506 ",$80 ,10%,
2023,Tarrant County,Fire,"$113,407,324 ",$265 ,15%,
2023,Tarrant County,Water,"$203,030,864 ",$474 ,21%,
2023,Tarrant County,Wind,"$493,994,402 ","$1,153 ",77%,
2023,Tarrant County,Total Paid Loss,"$844,772,096 ","$1,971 ",46%,"428,606"
2023,Taylor County,Other,"$1,311,652 ",$46 ,54%,
2023,Taylor County,Water,"$3,526,659 ",$124 ,18%,
2023,Taylor County,Fire,"$8,785,200 ",$309 ,-19%,
2023,Taylor County,Wind,"$96,373,640 ","$3,386 ",1145%,
2023,Taylor County,Total Paid Loss,"$109,997,151 ","$3,865 ",391%,"28,461"
2023,Terrell County,Fire,$0 ,$0 ,0%,
2023,Terrell County,Other,$0 ,$0 ,-100%,
2023,Terrell County,Wind,"$56,649 ",$402 ,-21%,
2023,Terrell County,Water,"$152,580 ","$1,082 ",1453%,
2023,Terrell County,Total Paid Loss,"$209,229 ","$1,484 ",153%,141
2023,Terry County,Fire,"$7,723 ",$6 ,-90%,
2023,Terry County,Other,"$144,697 ",$118 ,883%,
2023,Terry County,Water,"$154,661 ",$126 ,115%,
2023,Terry County,Wind,"$1,080,503 ",$878 ,-76%,
2023,Terry County,Total Paid Loss,"$1,387,584 ","$1,127 ",-70%,"1,231"
2023,Throckmorton County,Water,"($6,091)",($33),-128%,
2023,Throckmorton County,Fire,$0 ,$0 ,-100%,
2023,Throckmorton County,Other,$100 ,$1 ,-99%,
2023,Throckmorton County,Total Paid Loss,"$48,790 ",$268 ,-59%,182
2023,Throckmorton County,Wind,"$54,781 ",$301 ,-21%,
2023,Titus County,Other,"$201,858 ",$42 ,-17%,
2023,Titus County,Fire,"$888,968 ",$185 ,-8%,
2023,Titus County,Water,"$1,096,338 ",$228 ,23%,
2023,Titus County,Wind,"$2,344,903 ",$489 ,174%,
2023,Titus County,Total Paid Loss,"$4,532,067 ",$945 ,53%,"4,798"
2023,Tom Green County,Other,"$1,027,941 ",$44 ,78%,
2023,Tom Green County,Water,"$3,034,781 ",$130 ,-3%,
2023,Tom Green County,Fire,"$3,596,024 ",$154 ,51%,
2023,Tom Green County,Wind,"$6,587,559 ",$283 ,-35%,
2023,Tom Green County,Total Paid Loss,"$14,246,305 ",$612 ,-12%,"23,276"
2023,Travis County,Other,"$33,501,983 ",$121 ,63%,
2023,Travis County,Fire,"$56,196,630 ",$204 ,17%,
2023,Travis County,Water,"$104,826,636 ",$380 ,15%,
2023,Travis County,Wind,"$295,232,957 ","$1,070 ",136%,
2023,Travis County,Total Paid Loss,"$489,758,206 ","$1,775 ",72%,"275,847"
2023,Trinity County,Other,"$187,571 ",$69 ,-1%,
2023,Trinity County,Fire,"$226,123 ",$83 ,-80%,
2023,Trinity County,Water,"$470,736 ",$172 ,-34%,
2023,Trinity County,Wind,"$3,640,364 ","$1,334 ",832%,
2023,Trinity County,Total Paid Loss,"$4,524,794 ","$1,658 ",85%,"2,729"
2023,Tyler County,Other,"$192,567 ",$55 ,86%,
2023,Tyler County,Fire,"$206,315 ",$59 ,-83%,
2023,Tyler County,Water,"$451,314 ",$129 ,81%,
2023,Tyler County,Wind,"$1,541,181 ",$442 ,309%,
2023,Tyler County,Total Paid Loss,"$2,391,377 ",$685 ,24%,"3,490"
2023,Upshur County,Other,"$311,900 ",$42 ,-42%,
2023,Upshur County,Water,"$1,257,519 ",$168 ,-12%,
2023,Upshur County,Fire,"$1,658,083 ",$221 ,-51%,
2023,Upshur County,Wind,"$12,451,821 ","$1,660 ",39%,
2023,Upshur County,Total Paid Loss,"$15,679,323 ","$2,090 ",10%,"7,503"
2023,Upton County,Fire,$0 ,$0 ,0%,
2023,Upton County,Other,$0 ,$0 ,0%,
2023,Upton County,Water,"$16,468 ",$44 ,-46%,
2023,Upton County,Wind,"$199,740 ",$528 ,36%,
2023,Upton County,Total Paid Loss,"$216,208 ",$572 ,22%,378
2023,Uvalde County,Other,"$172,064 ",$46 ,-62%,
2023,Uvalde County,Water,"$320,251 ",$86 ,16%,
2023,Uvalde County,Fire,"$797,306 ",$214 ,109%,
2023,Uvalde County,Wind,"$1,473,857 ",$396 ,-6%,
2023,Uvalde County,Total Paid Loss,"$2,763,478 ",$743 ,3%,"3,718"
2023,Val Verde County,Other,"$425,925 ",$57 ,1%,
2023,Val Verde County,Fire,"$721,841 ",$96 ,523%,
2023,Val Verde County,Water,"$839,579 ",$112 ,71%,
2023,Val Verde County,Wind,"$6,390,777 ",$853 ,109%,
2023,Val Verde County,Total Paid Loss,"$8,378,122 ","$1,118 ",105%,"7,496"
2023,Van Zandt County,Other,"$1,475,848 ",$141 ,36%,
2023,Van Zandt County,Water,"$2,343,338 ",$223 ,-4%,
2023,Van Zandt County,Fire,"$3,466,367 ",$331 ,-8%,
2023,Van Zandt County,Wind,"$22,469,200 ","$2,143 ",209%,
2023,Van Zandt County,Total Paid Loss,"$29,754,753 ","$2,838 ",104%,"10,485"
2023,Victoria County,Wind,"$539,433 ",$37 ,-23%,
2023,Victoria County,Other,"$701,087 ",$48 ,61%,
2023,Victoria County,Water,"$1,763,919 ",$121 ,79%,
2023,Victoria County,Fire,"$3,179,455 ",$218 ,57%,
2023,Victoria County,Total Paid Loss,"$6,183,894 ",$423 ,49%,"14,603"
2023,Walker County,Other,"$549,181 ",$55 ,42%,
2023,Walker County,Fire,"$2,587,925 ",$257 ,117%,
2023,Walker County,Water,"$3,424,314 ",$340 ,74%,
2023,Walker County,Wind,"$14,098,604 ","$1,400 ",1334%,
2023,Walker County,Total Paid Loss,"$20,660,024 ","$2,051 ",357%,"10,073"
2023,Waller County,Other,"$370,728 ",$44 ,26%,
2023,Waller County,Fire,"$898,920 ",$107 ,23%,
2023,Waller County,Wind,"$1,750,617 ",$209 ,0%,
2023,Waller County,Water,"$2,749,814 ",$328 ,79%,
2023,Waller County,Total Paid Loss,"$5,770,079 ",$688 ,34%,"8,390"
2023,Ward County,Other,"$27,306 ",$17 ,-10%,
2023,Ward County,Water,"$71,417 ",$44 ,-10%,
2023,Ward County,Fire,"$174,221 ",$107 ,-82%,
2023,Ward County,Wind,"$555,535 ",$342 ,46%,
2023,Ward County,Total Paid Loss,"$828,479 ",$510 ,-43%,"1,623"
2023,Washington County,Other,"$319,566 ",$56 ,-42%,
2023,Washington County,Fire,"$573,417 ",$100 ,-60%,
2023,Washington County,Wind,"$1,371,599 ",$238 ,93%,
2023,Washington County,Water,"$1,643,560 ",$285 ,155%,
2023,Washington County,Total Paid Loss,"$3,908,142 ",$679 ,18%,"5,757"
2023,Webb County,Other,"$1,335,947 ",$39 ,65%,
2023,Webb County,Fire,"$1,568,442 ",$46 ,-45%,
2023,Webb County,Water,"$4,167,797 ",$122 ,-18%,
2023,Webb County,Wind,"$10,166,758 ",$298 ,-17%,
2023,Webb County,Total Paid Loss,"$17,238,944 ",$506 ,-18%,"34,064"
2023,Wharton County,Other,"$112,420 ",$24 ,-4%,
2023,Wharton County,Water,"$550,192 ",$120 ,-36%,
2023,Wharton County,Fire,"$911,289 ",$198 ,18%,
2023,Wharton County,Wind,"$1,431,828 ",$311 ,76%,
2023,Wharton County,Total Paid Loss,"$3,005,729 ",$653 ,18%,"4,600"
2023,Wheeler County,Fire,$0 ,$0 ,-100%,
2023,Wheeler County,Other,"$16,172 ",$28 ,3061%,
2023,Wheeler County,Water,"$100,648 ",$175 ,-6%,
2023,Wheeler County,Wind,"$2,336,292 ","$4,070 ",1470%,
2023,Wheeler County,Total Paid Loss,"$2,453,112 ","$4,274 ",696%,574
2023,Wichita County,Other,"$2,083,260 ",$77 ,50%,
2023,Wichita County,Fire,"$3,261,711 ",$121 ,-36%,
2023,Wichita County,Water,"$5,254,695 ",$195 ,-14%,
2023,Wichita County,Wind,"$21,084,263 ",$781 ,18%,
2023,Wichita County,Total Paid Loss,"$31,683,929 ","$1,174 ",4%,"26,985"
2023,Wilbarger County,Other,"$113,236 ",$72 ,579%,
2023,Wilbarger County,Water,"$515,753 ",$328 ,38%,
2023,Wilbarger County,Wind,"$749,877 ",$477 ,-32%,
2023,Wilbarger County,Fire,"$749,994 ",$477 ,126%,
2023,Wilbarger County,Total Paid Loss,"$2,128,860 ","$1,355 ",17%,"1,571"
2023,Willacy County,Other,"$80,699 ",$52 ,149%,
2023,Willacy County,Fire,"$145,218 ",$93 ,91%,
2023,Willacy County,Wind,"$242,132 ",$155 ,1%,
2023,Willacy County,Water,"$351,606 ",$225 ,38%,
2023,Willacy County,Total Paid Loss,"$819,655 ",$524 ,36%,"1,565"
2023,Williamson County,Other,"$14,825,095 ",$101 ,79%,
2023,Williamson County,Fire,"$15,809,883 ",$108 ,35%,
2023,Williamson County,Water,"$48,788,933 ",$332 ,41%,
2023,Williamson County,Wind,"$434,715,130 ","$2,959 ",182%,
2023,Williamson County,Total Paid Loss,"$514,139,041 ","$3,499 ",146%,"146,930"
2023,Wilson County,Other,"$827,349 ",$96 ,110%,
2023,Wilson County,Water,"$1,797,904 ",$210 ,1%,
2023,Wilson County,Fire,"$2,658,154 ",$310 ,110%,
2023,Wilson County,Wind,"$9,133,882 ","$1,064 ",109%,
2023,Wilson County,Total Paid Loss,"$14,417,289 ","$1,680 ",84%,"8,581"
2023,Winkler County,Fire,$0 ,$0 ,-100%,
2023,Winkler County,Other,"$23,237 ",$24 ,-57%,
2023,Winkler County,Water,"$50,862 ",$52 ,34%,
2023,Winkler County,Wind,"$490,005 ",$498 ,52%,
2023,Winkler County,Total Paid Loss,"$564,104 ",$574 ,26%,983
2023,Wise County,Other,"$2,061,859 ",$139 ,-6%,
2023,Wise County,Water,"$3,908,247 ",$264 ,22%,
2023,Wise County,Fire,"$7,060,486 ",$477 ,13%,
2023,Wise County,Wind,"$15,348,817 ","$1,036 ",-77%,
2023,Wise County,Total Paid Loss,"$28,379,409 ","$1,916 ",-63%,"14,813"
2023,Wood County,Other,"$805,335 ",$70 ,25%,
2023,Wood County,Water,"$2,765,203 ",$242 ,43%,
2023,Wood County,Fire,"$3,889,816 ",$340 ,96%,
2023,Wood County,Wind,"$8,969,369 ",$785 ,71%,
2023,Wood County,Total Paid Loss,"$16,429,723 ","$1,437 ",67%,"11,431"
2023,Yoakum County,Other,"$11,507 ",$12 ,-80%,
2023,Yoakum County,Water,"$101,495 ",$102 ,7%,
2023,Yoakum County,Fire,"$380,647 ",$381 ,92%,
2023,Yoakum County,Wind,"$677,718 ",$679 ,-79%,
2023,Yoakum County,Total Paid Loss,"$1,171,367 ","$1,174 ",-67%,998
2023,Young County,Other,"$73,645 ",$20 ,64%,
2023,Young County,Water,"$505,495 ",$134 ,-13%,
2023,Young County,Fire,"$543,547 ",$144 ,-68%,
2023,Young County,Wind,"$2,955,570 ",$785 ,-67%,
2023,Young County,Total Paid Loss,"$4,078,257 ","$1,083 ",-63%,"3,767"
2023,Zapata County,Fire,"$5,119 ",$4 ,-93%,
2023,Zapata County,Other,"$26,974 ",$21 ,30%,
2023,Zapata County,Wind,"$85,346 ",$67 ,-90%,
2023,Zapata County,Water,"$103,490 ",$81 ,-26%,
2023,Zapata County,Total Paid Loss,"$220,929 ",$174 ,-80%,"1,271"
2023,Zavala County,Fire,"$12,341 ",$15 ,-92%,
2023,Zavala County,Water,"$118,897 ",$143 ,72%,
2023,Zavala County,Other,"$278,156 ",$334 ,2404%,
2023,Zavala County,Wind,"$1,265,993 ","$1,520 ",134%,
2023,Zavala County,Total Paid Loss,"$1,675,387 ","$2,011 ",117%,833
2024,Anderson County,Other,"$717,040 ",$88 ,4%,
2024,Anderson County,Fire,"$1,737,841 ",$213 ,-23%,
2024,Anderson County,Water,"$2,282,579 ",$279 ,-9%,
2024,Anderson County,Wind,"$8,684,806 ","$1,062 ",100%,
2024,Anderson County,Total Paid Loss,"$13,422,266 ","$1,641 ",37%,"8,178"
2024,Andrews County,Fire,$945 ,$0 ,-99%,
2024,Andrews County,Other,"$47,353 ",$17 ,-77%,
2024,Andrews County,Water,"$174,407 ",$62 ,-13%,
2024,Andrews County,Wind,"$1,062,522 ",$377 ,-50%,
2024,Andrews County,Total Paid Loss,"$1,285,227 ",$456 ,-51%,"2,821"
2024,Angelina County,Other,"$747,961 ",$51 ,-31%,
2024,Angelina County,Water,"$2,366,717 ",$160 ,-26%,
2024,Angelina County,Fire,"$2,903,457 ",$197 ,-43%,
2024,Angelina County,Wind,"$10,183,818 ",$690 ,233%,
2024,Angelina County,Total Paid Loss,"$16,201,953 ","$1,098 ",30%,"14,752"
2024,Aransas County,Wind,"$14,861 ",$2 ,-92%,
2024,Aransas County,Other,"$325,112 ",$44 ,-16%,
2024,Aransas County,Water,"$560,014 ",$75 ,-31%,
2024,Aransas County,Fire,"$1,887,017 ",$254 ,75%,
2024,Aransas County,Total Paid Loss,"$2,787,004 ",$375 ,13%,"7,435"
2024,Archer County,Fire,"($167,356)",($158),-154%,
2024,Archer County,Other,"$11,057 ",$10 ,143%,
2024,Archer County,Water,"$141,677 ",$134 ,8%,
2024,Archer County,Total Paid Loss,"$329,291 ",$311 ,-78%,"1,060"
2024,Archer County,Wind,"$343,913 ",$324 ,-68%,
2024,Armstrong County,Fire,$0 ,$0 ,-100%,
2024,Armstrong County,Other,$0 ,$0 ,0%,
2024,Armstrong County,Water,"$21,767 ",$53 ,-24%,
2024,Armstrong County,Wind,"$243,346 ",$588 ,-49%,
2024,Armstrong County,Total Paid Loss,"$265,113 ",$640 ,-50%,414
2024,Atascosa County,Other,"$296,749 ",$43 ,-75%,
2024,Atascosa County,Water,"$1,226,740 ",$176 ,35%,
2024,Atascosa County,Fire,"$2,726,859 ",$391 ,217%,
2024,Atascosa County,Wind,"$5,379,025 ",$772 ,137%,
2024,Atascosa County,Total Paid Loss,"$9,629,373 ","$1,381 ",85%,"6,972"
2024,Austin County,Other,"$288,989 ",$55 ,-39%,
2024,Austin County,Water,"$974,934 ",$184 ,-7%,
2024,Austin County,Fire,"$5,222,766 ",$986 ,7%,
2024,Austin County,Wind,"$25,150,083 ","$4,749 ",2057%,
2024,Austin County,Total Paid Loss,"$31,636,772 ","$5,974 ",319%,"5,296"
2024,Bailey County,Other,"$11,403 ",$17 ,-279%,
2024,Bailey County,Water,"$25,186 ",$38 ,-71%,
2024,Bailey County,Fire,"$160,836 ",$241 ,1346%,
2024,Bailey County,Wind,"$620,842 ",$931 ,11%,
2024,Bailey County,Total Paid Loss,"$818,267 ","$1,227 ",25%,667
2024,Bandera County,Other,"$364,686 ",$68 ,-9%,
2024,Bandera County,Fire,"$1,210,368 ",$225 ,76%,
2024,Bandera County,Water,"$1,329,226 ",$248 ,59%,
2024,Bandera County,Wind,"$2,884,711 ",$537 ,-66%,
2024,Bandera County,Total Paid Loss,"$5,788,991 ","$1,078 ",-45%,"5,369"
2024,Bastrop County,Other,"$1,577,506 ",$80 ,116%,
2024,Bastrop County,Water,"$3,030,969 ",$154 ,-7%,
2024,Bastrop County,Fire,"$4,228,955 ",$215 ,46%,
2024,Bastrop County,Wind,"$19,357,561 ",$985 ,470%,
2024,Bastrop County,Total Paid Loss,"$28,194,991 ","$1,435 ",174%,"19,653"
2024,Baylor County,Other,"$17,072 ",$28 ,58%,
2024,Baylor County,Water,"$22,387 ",$36 ,-77%,
2024,Baylor County,Fire,"$136,247 ",$222 ,327%,
2024,Baylor County,Wind,"$576,710 ",$939 ,-63%,
2024,Baylor County,Total Paid Loss,"$752,416 ","$1,225 ",-56%,614
2024,Bee County,Wind,"$103,547 ",$43 ,27%,
2024,Bee County,Other,"$174,267 ",$72 ,1837%,
2024,Bee County,Water,"$312,780 ",$129 ,-3%,
2024,Bee County,Fire,"$487,085 ",$201 ,-45%,
2024,Bee County,Total Paid Loss,"$1,077,679 ",$444 ,-17%,"2,426"
2024,Bell County,Other,"$5,010,373 ",$65 ,20%,
2024,Bell County,Fire,"$10,766,546 ",$139 ,2%,
2024,Bell County,Water,"$13,004,063 ",$168 ,-14%,
2024,Bell County,Wind,"$548,609,008 ","$7,081 ",467%,
2024,Bell County,Total Paid Loss,"$577,389,990 ","$7,453 ",356%,"77,471"
2024,Bexar County,Other,"$25,345,178 ",$61 ,-18%,
2024,Bexar County,Fire,"$59,135,441 ",$142 ,-2%,
2024,Bexar County,Water,"$124,778,282 ",$299 ,-7%,
2024,Bexar County,Wind,"$204,909,682 ",$492 ,9%,
2024,Bexar County,Total Paid Loss,"$414,168,583 ",$994 ,0%,"416,810"
2024,Blanco County,Fire,"$142,586 ",$46 ,-71%,
2024,Blanco County,Water,"$572,605 ",$186 ,56%,
2024,Blanco County,Other,"$718,352 ",$234 ,444%,
2024,Blanco County,Wind,"$15,924,439 ","$5,182 ",1146%,
2024,Blanco County,Total Paid Loss,"$17,357,982 ","$5,649 ",663%,"3,073"
2024,Borden County,Fire,$0 ,$0 ,0%,
2024,Borden County,Other,$0 ,$0 ,0%,
2024,Borden County,Total Paid Loss,$0 ,$0 ,-100%,32
2024,Borden County,Water,$0 ,$0 ,0%,
2024,Borden County,Wind,$0 ,$0 ,-100%,
2024,Bosque County,Other,"$176,686 ",$45 ,5%,
2024,Bosque County,Water,"$292,729 ",$74 ,-57%,
2024,Bosque County,Fire,"$1,332,253 ",$337 ,-55%,
2024,Bosque County,Wind,"$3,067,097 ",$776 ,-49%,
2024,Bosque County,Total Paid Loss,"$4,868,765 ","$1,231 ",-50%,"3,954"
2024,Bowie County,Other,"$491,396 ",$29 ,-60%,
2024,Bowie County,Water,"$2,831,404 ",$168 ,-35%,
2024,Bowie County,Fire,"$6,354,818 ",$378 ,78%,
2024,Bowie County,Wind,"$14,681,462 ",$872 ,-9%,
2024,Bowie County,Total Paid Loss,"$24,359,080 ","$1,448 ",-4%,"16,828"
2024,Brazoria County,Other,"$6,676,041 ",$70 ,80%,
2024,Brazoria County,Fire,"$12,953,394 ",$136 ,19%,
2024,Brazoria County,Water,"$19,152,954 ",$201 ,-15%,
2024,Brazoria County,Wind,"$55,676,236 ",$586 ,278%,
2024,Brazoria County,Total Paid Loss,"$94,458,625 ",$993 ,83%,"95,081"
2024,Brazos County,Other,"$1,105,157 ",$30 ,-53%,
2024,Brazos County,Fire,"$4,874,596 ",$134 ,38%,
2024,Brazos County,Water,"$7,860,182 ",$216 ,-15%,
2024,Brazos County,Wind,"$8,388,137 ",$230 ,-34%,
2024,Brazos County,Total Paid Loss,"$22,228,072 ",$610 ,-20%,"36,428"
2024,Brewster County,Other,"$27,895 ",$16 ,-60%,
2024,Brewster County,Fire,"$95,146 ",$54 ,-33%,
2024,Brewster County,Water,"$106,195 ",$60 ,-77%,
2024,Brewster County,Wind,"$656,751 ",$370 ,-14%,
2024,Brewster County,Total Paid Loss,"$885,987 ",$499 ,-38%,"1,777"
2024,Briscoe County,Water,$0 ,$0 ,0%,
2024,Briscoe County,Other,$654 ,$3 ,-62%,
2024,Briscoe County,Fire,"$7,774 ",$34 ,219%,
2024,Briscoe County,Wind,"$699,355 ","$3,081 ",595%,
2024,Briscoe County,Total Paid Loss,"$707,783 ","$3,118 ",576%,227
2024,Brooks County,Fire,$0 ,$0 ,0%,
2024,Brooks County,Other,"$1,400 ",$3 ,-92%,
2024,Brooks County,Water,"$14,085 ",$27 ,29%,
2024,Brooks County,Wind,"$80,095 ",$154 ,290%,
2024,Brooks County,Total Paid Loss,"$95,580 ",$183 ,95%,521
2024,Brown County,Other,"$155,478 ",$25 ,48%,
2024,Brown County,Water,"$882,111 ",$144 ,-7%,
2024,Brown County,Fire,"$1,568,230 ",$256 ,101%,
2024,Brown County,Wind,"$9,326,663 ","$1,520 ",30%,
2024,Brown County,Total Paid Loss,"$11,932,482 ","$1,945 ",33%,"6,136"
2024,Burleson County,Other,"$23,036 ",$8 ,-66%,
2024,Burleson County,Water,"$239,587 ",$85 ,-49%,
2024,Burleson County,Wind,"$335,918 ",$118 ,-57%,
2024,Burleson County,Fire,"$607,827 ",$214 ,1888%,
2024,Burleson County,Total Paid Loss,"$1,206,368 ",$426 ,-10%,"2,835"
2024,Burnet County,Fire,"$446,688 ",$39 ,-67%,
2024,Burnet County,Other,"$453,378 ",$40 ,-70%,
2024,Burnet County,Water,"$2,648,806 ",$234 ,81%,
2024,Burnet County,Wind,"$65,327,434 ","$5,776 ",209%,
2024,Burnet County,Total Paid Loss,"$68,876,306 ","$6,090 ",170%,"11,310"
2024,Caldwell County,Other,"$414,253 ",$57 ,-35%,
2024,Caldwell County,Water,"$644,193 ",$89 ,-16%,
2024,Caldwell County,Fire,"$2,260,933 ",$311 ,126%,
2024,Caldwell County,Wind,"$3,244,223 ",$446 ,16%,
2024,Caldwell County,Total Paid Loss,"$6,563,602 ",$902 ,26%,"7,275"
2024,Calhoun County,Wind,"$120,766 ",$28 ,8046%,
2024,Calhoun County,Other,"$231,025 ",$54 ,498%,
2024,Calhoun County,Water,"$925,655 ",$217 ,63%,
2024,Calhoun County,Fire,"$1,279,203 ",$300 ,405%,
2024,Calhoun County,Total Paid Loss,"$2,556,649 ",$600 ,197%,"4,261"
2024,Callahan County,Other,"$72,731 ",$32 ,20%,
2024,Callahan County,Water,"$325,296 ",$143 ,133%,
2024,Callahan County,Fire,"$387,206 ",$171 ,-16%,
2024,Callahan County,Wind,"$2,663,586 ","$1,173 ",-9%,
2024,Callahan County,Total Paid Loss,"$3,448,819 ","$1,519 ",-4%,"2,270"
2024,Cameron County,Other,"$846,475 ",$17 ,-62%,
2024,Cameron County,Water,"$3,436,756 ",$70 ,-26%,
2024,Cameron County,Fire,"$4,367,632 ",$89 ,-37%,
2024,Cameron County,Wind,"$10,987,366 ",$223 ,-36%,
2024,Cameron County,Total Paid Loss,"$19,638,229 ",$399 ,-36%,"49,179"
2024,Camp County,Other,"$37,437 ",$13 ,-81%,
2024,Camp County,Fire,"$476,514 ",$169 ,199%,
2024,Camp County,Water,"$584,381 ",$207 ,-14%,
2024,Camp County,Wind,"$2,032,590 ",$719 ,-49%,
2024,Camp County,Total Paid Loss,"$3,130,922 ","$1,108 ",-38%,"2,826"
2024,Carson County,Other,"$17,060 ",$15 ,-14%,
2024,Carson County,Water,"$74,161 ",$66 ,11%,
2024,Carson County,Fire,"$137,354 ",$123 ,144%,
2024,Carson County,Wind,"$385,422 ",$345 ,-47%,
2024,Carson County,Total Paid Loss,"$613,997 ",$550 ,-30%,"1,116"
2024,Cass County,Other,"$233,325 ",$43 ,117%,
2024,Cass County,Water,"$759,365 ",$139 ,-32%,
2024,Cass County,Fire,"$990,743 ",$181 ,-1%,
2024,Cass County,Wind,"$2,270,270 ",$415 ,-66%,
2024,Cass County,Total Paid Loss,"$4,253,703 ",$777 ,-52%,"5,475"
2024,Castro County,Water,"$21,284 ",$29 ,1%,
2024,Castro County,Other,"$79,374 ",$108 ,0%,
2024,Castro County,Fire,"$331,247 ",$451 ,1540%,
2024,Castro County,Wind,"$6,261,699 ","$8,531 ",1235%,
2024,Castro County,Total Paid Loss,"$6,693,604 ","$9,119 ",1212%,734
2024,Chambers County,Other,"$477,691 ",$40 ,2%,
2024,Chambers County,Water,"$1,680,148 ",$141 ,-15%,
2024,Chambers County,Fire,"$2,358,907 ",$198 ,-24%,
2024,Chambers County,Wind,"$2,385,617 ",$201 ,2%,
2024,Chambers County,Total Paid Loss,"$6,902,363 ",$581 ,-13%,"11,886"
2024,Cherokee County,Other,"$1,007,943 ",$93 ,-7%,
2024,Cherokee County,Water,"$2,125,974 ",$196 ,-4%,
2024,Cherokee County,Fire,"$3,501,349 ",$323 ,10%,
2024,Cherokee County,Wind,"$17,112,318 ","$1,580 ",-5%,
2024,Cherokee County,Total Paid Loss,"$23,747,584 ","$2,192 ",-3%,"10,834"
2024,Childress County,Fire,"$3,483 ",$3 ,-93%,
2024,Childress County,Other,"$60,553 ",$60 ,60%,
2024,Childress County,Water,"$75,401 ",$74 ,-44%,
2024,Childress County,Wind,"$400,041 ",$394 ,231%,
2024,Childress County,Total Paid Loss,"$539,478 ",$532 ,56%,"1,015"
2024,Clay County,Other,"$16,038 ",$11 ,-93%,
2024,Clay County,Fire,"$33,539 ",$24 ,-90%,
2024,Clay County,Water,"$452,339 ",$324 ,75%,
2024,Clay County,Wind,"$666,329 ",$477 ,28%,
2024,Clay County,Total Paid Loss,"$1,168,245 ",$836 ,-12%,"1,397"
2024,Cochran County,Other,$0 ,$0 ,0%,
2024,Cochran County,Fire,"$5,430 ",$27 ,-70%,
2024,Cochran County,Water,"$8,652 ",$42 ,0%,
2024,Cochran County,Wind,"$435,457 ","$2,135 ",110%,
2024,Cochran County,Total Paid Loss,"$449,539 ","$2,204 ",99%,204
2024,Coke County,Other,$0 ,$0 ,-100%,
2024,Coke County,Water,"$21,691 ",$52 ,-62%,
2024,Coke County,Fire,"$24,880 ",$60 ,8%,
2024,Coke County,Wind,"$1,167,358 ","$2,793 ",379%,
2024,Coke County,Total Paid Loss,"$1,213,929 ","$2,904 ",271%,418
2024,Coleman County,Other,"$5,748 ",$6 ,-14%,
2024,Coleman County,Water,"$87,140 ",$85 ,13%,
2024,Coleman County,Fire,"$201,925 ",$196 ,275%,
2024,Coleman County,Wind,"$7,897,789 ","$7,683 ",701%,
2024,Coleman County,Total Paid Loss,"$8,192,602 ","$7,969 ",630%,"1,028"
2024,Collin County,Other,"$17,667,510 ",$64 ,-11%,
2024,Collin County,Fire,"$57,263,901 ",$209 ,18%,
2024,Collin County,Water,"$152,240,977 ",$555 ,-22%,
2024,Collin County,Wind,"$432,112,088 ","$1,574 ",-46%,
2024,Collin County,Total Paid Loss,"$659,284,476 ","$2,402 ",-38%,"274,496"
2024,Collingsworth County,Fire,$601 ,$2 ,-99%,
2024,Collingsworth County,Other,"$1,600 ",$4 ,-48%,
2024,Collingsworth County,Wind,"$89,977 ",$244 ,-87%,
2024,Collingsworth County,Water,"$94,940 ",$257 ,1093%,
2024,Collingsworth County,Total Paid Loss,"$187,118 ",$507 ,-76%,369
2024,Colorado County,Fire,"$229,222 ",$80 ,-25%,
2024,Colorado County,Water,"$566,705 ",$198 ,-2%,
2024,Colorado County,Other,"$751,208 ",$262 ,499%,
2024,Colorado County,Wind,"$1,478,503 ",$516 ,122%,
2024,Colorado County,Total Paid Loss,"$3,025,638 ","$1,055 ",81%,"2,868"
2024,Comal County,Other,"$3,390,536 ",$53 ,-20%,
2024,Comal County,Fire,"$9,124,607 ",$142 ,-37%,
2024,Comal County,Water,"$14,206,397 ",$221 ,-18%,
2024,Comal County,Wind,"$32,820,777 ",$510 ,-47%,
2024,Comal County,Total Paid Loss,"$59,542,317 ",$926 ,-39%,"64,329"
2024,Comanche County,Other,"$17,801 ",$10 ,126%,
2024,Comanche County,Water,"$212,949 ",$125 ,80%,
2024,Comanche County,Wind,"$374,036 ",$219 ,-76%,
2024,Comanche County,Fire,"$617,141 ",$361 ,74%,
2024,Comanche County,Total Paid Loss,"$1,221,927 ",$715 ,-39%,"1,709"
2024,Concho County,Fire,$0 ,$0 ,0%,
2024,Concho County,Other,"$4,170 ",$12 ,19%,
2024,Concho County,Water,"$37,326 ",$105 ,-27%,
2024,Concho County,Wind,"$789,827 ","$2,212 ",753%,
2024,Concho County,Total Paid Loss,"$831,323 ","$2,329 ",464%,357
2024,Cooke County,Other,"$943,431 ",$130 ,54%,
2024,Cooke County,Fire,"$1,792,525 ",$246 ,-9%,
2024,Cooke County,Water,"$2,470,728 ",$339 ,48%,
2024,Cooke County,Wind,"$34,678,357 ","$4,762 ",116%,
2024,Cooke County,Total Paid Loss,"$39,885,041 ","$5,476 ",97%,"7,283"
2024,Coryell County,Other,"$546,198 ",$42 ,-42%,
2024,Coryell County,Water,"$1,864,361 ",$142 ,-25%,
2024,Coryell County,Fire,"$2,457,817 ",$188 ,-17%,
2024,Coryell County,Wind,"$13,277,782 ","$1,013 ",9%,
2024,Coryell County,Total Paid Loss,"$18,146,158 ","$1,385 ",-2%,"13,105"
2024,Cottle County,Other,"$15,630 ",$89 ,0%,
2024,Cottle County,Fire,"$24,906 ",$142 ,-87%,
2024,Cottle County,Wind,"$45,293 ",$259 ,-86%,
2024,Cottle County,Water,"$101,041 ",$577 ,0%,
2024,Cottle County,Total Paid Loss,"$186,870 ","$1,068 ",-63%,175
2024,Crane County,Fire,$0 ,$0 ,0%,
2024,Crane County,Other,"$12,069 ",$20 ,-77%,
2024,Crane County,Water,"$30,097 ",$51 ,72%,
2024,Crane County,Wind,"$84,797 ",$144 ,-55%,
2024,Crane County,Total Paid Loss,"$126,963 ",$215 ,-51%,590
2024,Crockett County,Other,$0 ,$0 ,-100%,
2024,Crockett County,Fire,"$11,667 ",$31 ,0%,
2024,Crockett County,Water,"$66,299 ",$179 ,-52%,
2024,Crockett County,Wind,"$133,972 ",$361 ,278%,
2024,Crockett County,Total Paid Loss,"$211,938 ",$571 ,20%,371
2024,Crosby County,Other,"$1,485 ",$2 ,-99%,
2024,Crosby County,Water,"$2,500 ",$4 ,-91%,
2024,Crosby County,Wind,"$94,421 ",$137 ,-50%,
2024,Crosby County,Fire,"$178,344 ",$258 ,100%,
2024,Crosby County,Total Paid Loss,"$276,750 ",$401 ,-48%,690
2024,Culberson County,Fire,$0 ,$0 ,-100%,
2024,Culberson County,Water,"$6,994 ",$32 ,-17%,
2024,Culberson County,Other,"$12,683 ",$58 ,0%,
2024,Culberson County,Wind,"$34,295 ",$158 ,-75%,
2024,Culberson County,Total Paid Loss,"$53,972 ",$249 ,-63%,217
2024,Dallam County,Other,"$21,198 ",$13 ,-14%,
2024,Dallam County,Fire,"$36,493 ",$22 ,-78%,
2024,Dallam County,Water,"$332,941 ",$198 ,203%,
2024,Dallam County,Wind,"$699,206 ",$415 ,-52%,
2024,Dallam County,Total Paid Loss,"$1,089,838 ",$647 ,-38%,"1,684"
2024,Dallas County,Other,"$33,372,709 ",$80 ,-15%,
2024,Dallas County,Fire,"$114,823,887 ",$277 ,6%,
2024,Dallas County,Water,"$240,738,236 ",$581 ,-13%,
2024,Dallas County,Wind,"$463,816,534 ","$1,119 ",24%,
2024,Dallas County,Total Paid Loss,"$852,751,366 ","$2,057 ",7%,"414,643"
2024,Dawson County,Water,"$35,710 ",$25 ,-88%,
2024,Dawson County,Other,"$66,021 ",$47 ,57%,
2024,Dawson County,Wind,"$85,268 ",$60 ,-76%,
2024,Dawson County,Fire,"$91,159 ",$64 ,123%,
2024,Dawson County,Total Paid Loss,"$278,158 ",$196 ,-62%,"1,417"
2024,Deaf Smith County,Fire,"$44,726 ",$18 ,-83%,
2024,Deaf Smith County,Other,"$79,470 ",$33 ,20%,
2024,Deaf Smith County,Water,"$93,982 ",$39 ,-45%,
2024,Deaf Smith County,Wind,"$588,140 ",$243 ,-73%,
2024,Deaf Smith County,Total Paid Loss,"$806,318 ",$333 ,-70%,"2,423"
2024,Delta County,Other,$100 ,$0 ,-100%,
2024,Delta County,Water,"$90,787 ",$111 ,59%,
2024,Delta County,Fire,"$103,273 ",$126 ,-69%,
2024,Delta County,Wind,"$911,495 ","$1,113 ",49%,
2024,Delta County,Total Paid Loss,"$1,105,655 ","$1,350 ",7%,819
2024,Denton County,Other,"$15,330,023 ",$65 ,-28%,
2024,Denton County,Fire,"$52,160,712 ",$222 ,-4%,
2024,Denton County,Water,"$117,227,083 ",$500 ,-25%,
2024,Denton County,Wind,"$747,796,832 ","$3,190 ",90%,
2024,Denton County,Total Paid Loss,"$932,514,650 ","$3,978 ",49%,"234,437"
2024,DeWitt County,Other,"$34,085 ",$14 ,-9%,
2024,DeWitt County,Water,"$241,180 ",$96 ,47%,
2024,DeWitt County,Wind,"$514,492 ",$204 ,-86%,
2024,DeWitt County,Fire,"$559,167 ",$222 ,135%,
2024,DeWitt County,Total Paid Loss,"$1,348,924 ",$535 ,-67%,"2,519"
2024,Dickens County,Other,"$11,789 ",$48 ,1504%,
2024,Dickens County,Water,"$20,910 ",$85 ,77%,
2024,Dickens County,Wind,"$37,452 ",$152 ,-95%,
2024,Dickens County,Fire,"$45,992 ",$187 ,691%,
2024,Dickens County,Total Paid Loss,"$116,143 ",$472 ,-84%,246
2024,Dimmit County,Other,"$43,393 ",$47 ,217%,
2024,Dimmit County,Water,"$85,893 ",$93 ,-13%,
2024,Dimmit County,Fire,"$181,737 ",$197 ,-52%,
2024,Dimmit County,Wind,"$545,227 ",$591 ,-64%,
2024,Dimmit County,Total Paid Loss,"$856,250 ",$928 ,-58%,923
2024,Donley County,Other,"$2,236 ",$4 ,-85%,
2024,Donley County,Water,"$57,481 ",$100 ,157%,
2024,Donley County,Fire,"$264,592 ",$462 ,42%,
2024,Donley County,Wind,"$993,721 ","$1,734 ",331%,
2024,Donley County,Total Paid Loss,"$1,318,030 ","$2,300 ",190%,573
2024,Duval County,Other,"$16,951 ",$17 ,-86%,
2024,Duval County,Fire,"$23,668 ",$24 ,-72%,
2024,Duval County,Water,"$96,828 ",$100 ,14%,
2024,Duval County,Wind,"$143,069 ",$148 ,-3%,
2024,Duval County,Total Paid Loss,"$280,516 ",$289 ,-35%,969
2024,Eastland County,Other,"$86,668 ",$29 ,63%,
2024,Eastland County,Water,"$288,368 ",$96 ,-2%,
2024,Eastland County,Fire,"$396,535 ",$133 ,-48%,
2024,Eastland County,Wind,"$3,145,338 ","$1,052 ",-32%,
2024,Eastland County,Total Paid Loss,"$3,916,909 ","$1,310 ",-32%,"2,989"
2024,Ector County,Other,"$1,307,522 ",$43 ,-26%,
2024,Ector County,Water,"$1,939,250 ",$63 ,-15%,
2024,Ector County,Fire,"$2,721,133 ",$89 ,-6%,
2024,Ector County,Wind,"$53,281,063 ","$1,740 ",210%,
2024,Ector County,Total Paid Loss,"$59,248,968 ","$1,935 ",146%,"30,623"
2024,Edwards County,Other,$0 ,$0 ,0%,
2024,Edwards County,Water,$0 ,$0 ,-100%,
2024,Edwards County,Fire,"$24,090 ",$62 ,104%,
2024,Edwards County,Wind,"$86,610 ",$222 ,29%,
2024,Edwards County,Total Paid Loss,"$110,700 ",$283 ,9%,391
2024,El Paso County,Fire,"$6,725,341 ",$41 ,-20%,
2024,El Paso County,Other,"$7,210,717 ",$44 ,15%,
2024,El Paso County,Water,"$28,125,508 ",$170 ,-11%,
2024,El Paso County,Wind,"$45,114,554 ",$273 ,-38%,
2024,El Paso County,Total Paid Loss,"$87,176,120 ",$527 ,-27%,"165,424"
2024,Ellis County,Other,"$3,338,692 ",$63 ,-3%,
2024,Ellis County,Water,"$12,114,456 ",$229 ,-30%,
2024,Ellis County,Fire,"$16,854,898 ",$319 ,17%,
2024,Ellis County,Wind,"$51,317,424 ",$972 ,-9%,
2024,Ellis County,Total Paid Loss,"$83,625,470 ","$1,584 ",-9%,"52,799"
2024,Erath County,Other,"$160,752 ",$30 ,-76%,
2024,Erath County,Water,"$1,043,213 ",$194 ,-36%,
2024,Erath County,Fire,"$1,360,712 ",$253 ,2240%,
2024,Erath County,Wind,"$2,394,794 ",$445 ,-68%,
2024,Erath County,Total Paid Loss,"$4,959,471 ",$921 ,-50%,"5,386"
2024,Falls County,Other,"$77,512 ",$50 ,-63%,
2024,Falls County,Water,"$219,817 ",$141 ,-24%,
2024,Falls County,Fire,"$371,494 ",$239 ,87%,
2024,Falls County,Wind,"$2,714,291 ","$1,747 ",91%,
2024,Falls County,Total Paid Loss,"$3,383,114 ","$2,177 ",60%,"1,554"
2024,Fannin County,Other,"$398,683 ",$60 ,-27%,
2024,Fannin County,Fire,"$1,418,407 ",$213 ,-26%,
2024,Fannin County,Water,"$1,660,084 ",$250 ,34%,
2024,Fannin County,Wind,"$13,714,620 ","$2,063 ",95%,
2024,Fannin County,Total Paid Loss,"$17,191,794 ","$2,586 ",60%,"6,649"
2024,Fayette County,Other,"$176,433 ",$52 ,-28%,
2024,Fayette County,Fire,"$255,431 ",$75 ,-59%,
2024,Fayette County,Water,"$437,647 ",$128 ,-47%,
2024,Fayette County,Wind,"$1,025,050 ",$299 ,-49%,
2024,Fayette County,Total Paid Loss,"$1,894,561 ",$553 ,-49%,"3,425"
2024,Fisher County,Other,$0 ,$0 ,0%,
2024,Fisher County,Fire,"$15,754 ",$34 ,102%,
2024,Fisher County,Water,"$26,842 ",$58 ,-88%,
2024,Fisher County,Wind,"$317,631 ",$692 ,-89%,
2024,Fisher County,Total Paid Loss,"$360,227 ",$785 ,-88%,459
2024,Floyd County,Other,"$49,411 ",$78 ,2652%,
2024,Floyd County,Water,"$58,791 ",$93 ,-43%,
2024,Floyd County,Fire,"$387,531 ",$612 ,427%,
2024,Floyd County,Wind,"$567,643 ",$897 ,-50%,
2024,Floyd County,Total Paid Loss,"$1,063,376 ","$1,680 ",-19%,633
2024,Foard County,Fire,$0 ,$0 ,0%,
2024,Foard County,Water,"$2,777 ",$18 ,-84%,
2024,Foard County,Other,"$3,939 ",$25 ,-60%,
2024,Foard County,Wind,"$531,220 ","$3,384 ",33%,
2024,Foard County,Total Paid Loss,"$537,936 ","$3,426 ",26%,157
2024,Fort Bend County,Other,"$12,946,366 ",$66 ,35%,
2024,Fort Bend County,Fire,"$28,074,891 ",$143 ,13%,
2024,Fort Bend County,Water,"$48,477,321 ",$248 ,-18%,
2024,Fort Bend County,Wind,"$240,053,102 ","$1,226 ",113%,
2024,Fort Bend County,Total Paid Loss,"$329,551,680 ","$1,683 ",60%,"195,754"
2024,Franklin County,Other,"$78,389 ",$28 ,-31%,
2024,Franklin County,Fire,"$199,379 ",$72 ,-81%,
2024,Franklin County,Water,"$428,283 ",$155 ,-73%,
2024,Franklin County,Wind,"$1,318,281 ",$477 ,-29%,
2024,Franklin County,Total Paid Loss,"$2,024,332 ",$733 ,-56%,"2,761"
2024,Freestone County,Other,"$53,933 ",$17 ,-80%,
2024,Freestone County,Water,"$921,594 ",$298 ,92%,
2024,Freestone County,Fire,"$1,197,872 ",$387 ,-31%,
2024,Freestone County,Wind,"$1,808,582 ",$585 ,-37%,
2024,Freestone County,Total Paid Loss,"$3,981,981 ","$1,287 ",-26%,"3,094"
2024,Frio County,Other,"$90,324 ",$64 ,70%,
2024,Frio County,Water,"$149,102 ",$106 ,-68%,
2024,Frio County,Fire,"$222,493 ",$159 ,433%,
2024,Frio County,Wind,"$4,360,376 ","$3,108 ",209%,
2024,Frio County,Total Paid Loss,"$4,822,295 ","$3,437 ",144%,"1,403"
2024,Gaines County,Other,"$149,740 ",$49 ,149%,
2024,Gaines County,Water,"$221,459 ",$73 ,23%,
2024,Gaines County,Fire,"$319,376 ",$105 ,217%,
2024,Gaines County,Wind,"$4,278,436 ","$1,406 ",-67%,
2024,Gaines County,Total Paid Loss,"$4,969,011 ","$1,633 ",-63%,"3,042"
2024,Galveston County,Other,"$6,063,793 ",$68 ,57%,
2024,Galveston County,Fire,"$13,184,337 ",$147 ,-25%,
2024,Galveston County,Wind,"$18,174,232 ",$203 ,85%,
2024,Galveston County,Water,"$18,539,346 ",$207 ,-14%,
2024,Galveston County,Total Paid Loss,"$55,961,708 ",$624 ,6%,"89,741"
2024,Garza County,Other,"$6,613 ",$10 ,-46%,
2024,Garza County,Water,"$102,538 ",$152 ,148%,
2024,Garza County,Fire,"$300,504 ",$446 ,-16%,
2024,Garza County,Wind,"$859,066 ","$1,275 ",170%,
2024,Garza County,Total Paid Loss,"$1,268,721 ","$1,882 ",74%,674
2024,Gillespie County,Other,"$137,049 ",$22 ,-63%,
2024,Gillespie County,Water,"$663,663 ",$106 ,-47%,
2024,Gillespie County,Fire,"$1,948,732 ",$311 ,387%,
2024,Gillespie County,Wind,"$10,964,434 ","$1,748 ",-70%,
2024,Gillespie County,Total Paid Loss,"$13,713,878 ","$2,186 ",-64%,"6,274"
2024,Glasscock County,Fire,$0 ,$0 ,0%,
2024,Glasscock County,Other,$0 ,$0 ,0%,
2024,Glasscock County,Water,"$7,942 ",$119 ,-51%,
2024,Glasscock County,Wind,"$76,101 ","$1,136 ",-72%,
2024,Glasscock County,Total Paid Loss,"$84,043 ","$1,254 ",-71%,67
2024,Goliad County,Fire,"$3,428 ",$5 ,-93%,
2024,Goliad County,Other,"$9,731 ",$13 ,0%,
2024,Goliad County,Water,"$43,259 ",$59 ,109%,
2024,Goliad County,Wind,"$557,127 ",$760 ,2232%,
2024,Goliad County,Total Paid Loss,"$613,545 ",$837 ,540%,733
2024,Gonzales County,Other,$701 ,$0 ,-98%,
2024,Gonzales County,Water,"$163,177 ",$80 ,-50%,
2024,Gonzales County,Fire,"$652,052 ",$320 ,97%,
2024,Gonzales County,Wind,"$1,241,180 ",$609 ,72%,
2024,Gonzales County,Total Paid Loss,"$2,057,110 ","$1,010 ",45%,"2,037"
2024,Gray County,Other,"$58,003 ",$16 ,-78%,
2024,Gray County,Water,"$424,712 ",$119 ,-19%,
2024,Gray County,Fire,"$557,598 ",$157 ,-46%,
2024,Gray County,Wind,"$5,734,632 ","$1,611 ",-88%,
2024,Gray County,Total Paid Loss,"$6,774,945 ","$1,903 ",-87%,"3,560"
2024,Grayson County,Other,"$1,242,186 ",$36 ,-52%,
2024,Grayson County,Water,"$9,559,171 ",$280 ,-13%,
2024,Grayson County,Fire,"$11,003,277 ",$322 ,10%,
2024,Grayson County,Wind,"$47,473,840 ","$1,391 ",-65%,
2024,Grayson County,Total Paid Loss,"$69,278,474 ","$2,030 ",-57%,"34,119"
2024,Gregg County,Other,"$1,305,750 ",$42 ,-53%,
2024,Gregg County,Water,"$7,207,400 ",$230 ,-19%,
2024,Gregg County,Fire,"$10,762,859 ",$343 ,34%,
2024,Gregg County,Wind,"$28,539,528 ",$910 ,-32%,
2024,Gregg County,Total Paid Loss,"$47,815,537 ","$1,524 ",-22%,"31,367"
2024,Grimes County,Other,"$111,692 ",$22 ,-59%,
2024,Grimes County,Water,"$385,624 ",$75 ,-46%,
2024,Grimes County,Fire,"$952,384 ",$185 ,-14%,
2024,Grimes County,Wind,"$1,834,617 ",$356 ,91%,
2024,Grimes County,Total Paid Loss,"$3,284,317 ",$638 ,8%,"5,150"
2024,Guadalupe County,Other,"$1,923,272 ",$49 ,43%,
2024,Guadalupe County,Fire,"$3,529,500 ",$89 ,-54%,
2024,Guadalupe County,Water,"$10,939,804 ",$276 ,-5%,
2024,Guadalupe County,Wind,"$13,014,764 ",$329 ,-55%,
2024,Guadalupe County,Total Paid Loss,"$29,407,340 ",$743 ,-41%,"39,599"
2024,Hale County,Other,"$248,903 ",$57 ,94%,
2024,Hale County,Fire,"$332,808 ",$76 ,-68%,
2024,Hale County,Water,"$423,149 ",$96 ,-31%,
2024,Hale County,Wind,"$2,113,775 ",$481 ,-31%,
2024,Hale County,Total Paid Loss,"$3,118,635 ",$710 ,-36%,"4,393"
2024,Hall County,Other,"$5,569 ",$15 ,2821%,
2024,Hall County,Fire,"$25,321 ",$68 ,0%,
2024,Hall County,Water,"$28,672 ",$77 ,124%,
2024,Hall County,Wind,"$333,363 ",$891 ,-89%,
2024,Hall County,Total Paid Loss,"$392,925 ","$1,051 ",-87%,374
2024,Hamilton County,Other,"$14,015 ",$12 ,-35%,
2024,Hamilton County,Water,"$69,762 ",$59 ,-72%,
2024,Hamilton County,Fire,"$396,869 ",$335 ,-18%,
2024,Hamilton County,Wind,"$3,460,695 ","$2,920 ",93%,
2024,Hamilton County,Total Paid Loss,"$3,941,341 ","$3,326 ",55%,"1,185"
2024,Hansford County,Other,"$11,485 ",$13 ,76%,
2024,Hansford County,Water,"$39,413 ",$45 ,26%,
2024,Hansford County,Fire,"$308,827 ",$355 ,52%,
2024,Hansford County,Wind,"$388,551 ",$446 ,-15%,
2024,Hansford County,Total Paid Loss,"$748,276 ",$859 ,7%,871
2024,Hardeman County,Other,"$4,042 ",$8 ,68%,
2024,Hardeman County,Fire,"$16,368 ",$34 ,-87%,
2024,Hardeman County,Wind,"$171,224 ",$355 ,-73%,
2024,Hardeman County,Water,"$339,943 ",$705 ,87%,
2024,Hardeman County,Total Paid Loss,"$531,577 ","$1,103 ",-43%,482
2024,Hardin County,Other,"$574,373 ",$46 ,-9%,
2024,Hardin County,Water,"$1,477,697 ",$117 ,18%,
2024,Hardin County,Fire,"$2,465,626 ",$196 ,-21%,
2024,Hardin County,Wind,"$5,799,059 ",$461 ,-68%,
2024,Hardin County,Total Paid Loss,"$10,316,755 ",$819 ,-55%,"12,591"
2024,Harris County,Other,"$70,380,936 ",$88 ,29%,
2024,Harris County,Fire,"$142,929,281 ",$179 ,14%,
2024,Harris County,Water,"$169,613,564 ",$213 ,-26%,
2024,Harris County,Wind,"$975,262,588 ","$1,223 ",151%,
2024,Harris County,Total Paid Loss,"$1,358,186,369 ","$1,703 ",70%,"797,318"
2024,Harrison County,Other,"$712,376 ",$69 ,-43%,
2024,Harrison County,Water,"$2,509,583 ",$245 ,4%,
2024,Harrison County,Fire,"$3,552,129 ",$346 ,-50%,
2024,Harrison County,Wind,"$24,843,787 ","$2,420 ",11%,
2024,Harrison County,Total Paid Loss,"$31,617,875 ","$3,080 ",-5%,"10,264"
2024,Hartley County,Fire,"$6,000 ",$51 ,0%,
2024,Hartley County,Other,"$7,136 ",$61 ,-48%,
2024,Hartley County,Water,"$11,880 ",$102 ,-23%,
2024,Hartley County,Wind,"$175,323 ","$1,498 ",72%,
2024,Hartley County,Total Paid Loss,"$200,339 ","$1,712 ",53%,117
2024,Haskell County,Fire,"$3,204 ",$4 ,-61%,
2024,Haskell County,Other,"$16,200 ",$19 ,2902%,
2024,Haskell County,Water,"$32,599 ",$39 ,-68%,
2024,Haskell County,Wind,"$1,413,949 ","$1,671 ",300%,
2024,Haskell County,Total Paid Loss,"$1,465,952 ","$1,733 ",215%,846
2024,Hays County,Other,"$2,660,151 ",$41 ,-37%,
2024,Hays County,Fire,"$8,292,434 ",$129 ,-3%,
2024,Hays County,Water,"$14,517,940 ",$225 ,-16%,
2024,Hays County,Wind,"$167,796,491 ","$2,603 ",173%,
2024,Hays County,Total Paid Loss,"$193,267,016 ","$2,998 ",111%,"64,463"
2024,Hemphill County,Water,"$66,483 ",$112 ,-33%,
2024,Hemphill County,Wind,"$108,246 ",$182 ,-81%,
2024,Hemphill County,Other,"$235,679 ",$397 ,154317%,
2024,Hemphill County,Fire,"$11,433,741 ","$19,249 ",5318%,
2024,Hemphill County,Total Paid Loss,"$11,844,149 ","$19,940 ",1242%,594
2024,Henderson County,Other,"$2,133,238 ",$100 ,67%,
2024,Henderson County,Fire,"$6,291,048 ",$296 ,47%,
2024,Henderson County,Water,"$7,725,226 ",$363 ,-25%,
2024,Henderson County,Wind,"$47,681,905 ","$2,242 ",154%,
2024,Henderson County,Total Paid Loss,"$63,831,417 ","$3,002 ",84%,"21,264"
2024,Hidalgo County,Other,"$4,257,693 ",$44 ,-16%,
2024,Hidalgo County,Fire,"$10,373,876 ",$108 ,18%,
2024,Hidalgo County,Water,"$10,974,810 ",$114 ,4%,
2024,Hidalgo County,Wind,"$52,144,882 ",$542 ,-64%,
2024,Hidalgo County,Total Paid Loss,"$77,751,261 ",$808 ,-54%,"96,219"
2024,Hill County,Other,"$441,636 ",$74 ,191%,
2024,Hill County,Water,"$969,692 ",$162 ,-9%,
2024,Hill County,Fire,"$2,762,977 ",$462 ,64%,
2024,Hill County,Wind,"$7,721,241 ","$1,291 ",-42%,
2024,Hill County,Total Paid Loss,"$11,895,546 ","$1,989 ",-27%,"5,980"
2024,Hockley County,Other,"$96,420 ",$30 ,-31%,
2024,Hockley County,Water,"$163,427 ",$50 ,-66%,
2024,Hockley County,Fire,"$246,301 ",$76 ,-5%,
2024,Hockley County,Wind,"$46,665,004 ","$14,319 ",1129%,
2024,Hockley County,Total Paid Loss,"$47,171,152 ","$14,474 ",909%,"3,259"
2024,Hood County,Other,"$746,485 ",$41 ,-45%,
2024,Hood County,Water,"$4,796,196 ",$266 ,-25%,
2024,Hood County,Fire,"$4,951,342 ",$275 ,18%,
2024,Hood County,Wind,"$92,907,492 ","$5,161 ",95%,
2024,Hood County,Total Paid Loss,"$103,401,515 ","$5,744 ",74%,"18,002"
2024,Hopkins County,Other,"$276,641 ",$46 ,-49%,
2024,Hopkins County,Water,"$1,510,496 ",$252 ,-47%,
2024,Hopkins County,Fire,"$2,422,819 ",$404 ,-38%,
2024,Hopkins County,Wind,"$5,236,498 ",$872 ,-13%,
2024,Hopkins County,Total Paid Loss,"$9,446,454 ","$1,574 ",-29%,"6,003"
2024,Houston County,Water,"$644,286 ",$186 ,-20%,
2024,Houston County,Fire,"$750,312 ",$217 ,9%,
2024,Houston County,Other,"$778,766 ",$225 ,138%,
2024,Houston County,Wind,"$1,449,858 ",$420 ,-40%,
2024,Houston County,Total Paid Loss,"$3,623,222 ","$1,049 ",-15%,"3,455"
2024,Howard County,Other,"$314,420 ",$67 ,144%,
2024,Howard County,Water,"$537,842 ",$115 ,-46%,
2024,Howard County,Fire,"$998,951 ",$213 ,34%,
2024,Howard County,Wind,"$1,812,763 ",$387 ,-10%,
2024,Howard County,Total Paid Loss,"$3,663,976 ",$783 ,-6%,"4,682"
2024,Hudspeth County,Fire,$0 ,$0 ,0%,
2024,Hudspeth County,Other,$0 ,$0 ,-100%,
2024,Hudspeth County,Water,"$6,837 ",$57 ,-74%,
2024,Hudspeth County,Wind,"$34,050 ",$281 ,-66%,
2024,Hudspeth County,Total Paid Loss,"$40,887 ",$338 ,-70%,121
2024,Hunt County,Other,"$1,564,656 ",$89 ,110%,
2024,Hunt County,Water,"$4,588,050 ",$260 ,-24%,
2024,Hunt County,Fire,"$7,201,494 ",$408 ,75%,
2024,Hunt County,Wind,"$18,975,378 ","$1,076 ",-22%,
2024,Hunt County,Total Paid Loss,"$32,329,578 ","$1,834 ",-8%,"17,632"
2024,Hutchinson County,Other,"$221,514 ",$52 ,171%,
2024,Hutchinson County,Water,"$486,820 ",$115 ,3%,
2024,Hutchinson County,Wind,"$6,625,799 ","$1,565 ",-67%,
2024,Hutchinson County,Fire,"$19,187,096 ","$4,532 ",2197%,
2024,Hutchinson County,Total Paid Loss,"$26,521,229 ","$6,264 ",22%,"4,234"
2024,Irion County,Other,$0 ,$0 ,0%,
2024,Irion County,Fire,"$6,091 ",$31 ,-59%,
2024,Irion County,Water,"$33,744 ",$170 ,1457%,
2024,Irion County,Wind,"$186,861 ",$939 ,49%,
2024,Irion County,Total Paid Loss,"$226,696 ","$1,139 ",59%,199
2024,Jack County,Other,"$13,185 ",$13 ,-31%,
2024,Jack County,Fire,"$289,282 ",$282 ,157%,
2024,Jack County,Water,"$305,550 ",$298 ,58%,
2024,Jack County,Wind,"$1,230,016 ","$1,199 ",-47%,
2024,Jack County,Total Paid Loss,"$1,838,033 ","$1,791 ",-31%,"1,026"
2024,Jackson County,Other,"$99,656 ",$59 ,209%,
2024,Jackson County,Water,"$164,486 ",$97 ,-37%,
2024,Jackson County,Wind,"$571,061 ",$338 ,-45%,
2024,Jackson County,Fire,"$745,651 ",$441 ,6%,
2024,Jackson County,Total Paid Loss,"$1,580,854 ",$935 ,-22%,"1,690"
2024,Jasper County,Other,"$722,648 ",$103 ,66%,
2024,Jasper County,Fire,"$1,310,428 ",$187 ,-67%,
2024,Jasper County,Water,"$1,369,503 ",$196 ,75%,
2024,Jasper County,Wind,"$5,162,267 ",$737 ,217%,
2024,Jasper County,Total Paid Loss,"$8,564,846 ","$1,223 ",25%,"7,004"
2024,Jeff Davis County,Fire,$0 ,$0 ,0%,
2024,Jeff Davis County,Other,"$24,589 ",$47 ,81%,
2024,Jeff Davis County,Wind,"$86,274 ",$165 ,-72%,
2024,Jeff Davis County,Water,"$139,577 ",$267 ,0%,
2024,Jeff Davis County,Total Paid Loss,"$250,440 ",$480 ,-23%,522
2024,Jefferson County,Other,"$1,842,958 ",$42 ,-54%,
2024,Jefferson County,Water,"$5,196,378 ",$118 ,-40%,
2024,Jefferson County,Fire,"$8,028,720 ",$182 ,-42%,
2024,Jefferson County,Wind,"$10,177,738 ",$231 ,92%,
2024,Jefferson County,Total Paid Loss,"$25,245,794 ",$574 ,-20%,"44,010"
2024,Jim Hogg County,Other,"$3,330 ",$9 ,0%,
2024,Jim Hogg County,Wind,"$16,530 ",$45 ,-49%,
2024,Jim Hogg County,Water,"$17,328 ",$47 ,-75%,
2024,Jim Hogg County,Fire,"$355,363 ",$963 ,0%,
2024,Jim Hogg County,Total Paid Loss,"$392,551 ","$1,064 ",285%,369
2024,Jim Wells County,Other,"$19,099 ",$4 ,-86%,
2024,Jim Wells County,Water,"$551,334 ",$106 ,-10%,
2024,Jim Wells County,Wind,"$576,777 ",$111 ,24%,
2024,Jim Wells County,Fire,"$652,213 ",$126 ,98%,
2024,Jim Wells County,Total Paid Loss,"$1,799,423 ",$346 ,16%,"5,194"
2024,Johnson County,Other,"$2,393,732 ",$51 ,-32%,
2024,Johnson County,Water,"$10,901,570 ",$230 ,-9%,
2024,Johnson County,Fire,"$11,611,846 ",$245 ,-4%,
2024,Johnson County,Wind,"$41,587,126 ",$878 ,-68%,
2024,Johnson County,Total Paid Loss,"$66,494,274 ","$1,403 ",-57%,"47,378"
2024,Jones County,Other,"$59,147 ",$29 ,45%,
2024,Jones County,Water,"$114,635 ",$56 ,-48%,
2024,Jones County,Fire,"$175,080 ",$86 ,-90%,
2024,Jones County,Wind,"$7,249,361 ","$3,559 ",74%,
2024,Jones County,Total Paid Loss,"$7,598,223 ","$3,730 ",21%,"2,037"
2024,Karnes County,Other,"$5,992 ",$5 ,-78%,
2024,Karnes County,Fire,"$68,387 ",$54 ,57%,
2024,Karnes County,Water,"$125,727 ",$100 ,23%,
2024,Karnes County,Wind,"$158,991 ",$127 ,-38%,
2024,Karnes County,Total Paid Loss,"$359,097 ",$286 ,-17%,"1,255"
2024,Kaufman County,Other,"$3,113,120 ",$72 ,106%,
2024,Kaufman County,Fire,"$6,736,029 ",$156 ,-35%,
2024,Kaufman County,Water,"$10,160,578 ",$236 ,-15%,
2024,Kaufman County,Wind,"$86,740,777 ","$2,015 ",24%,
2024,Kaufman County,Total Paid Loss,"$106,750,504 ","$2,480 ",14%,"43,043"
2024,Kendall County,Other,"$730,710 ",$52 ,-54%,
2024,Kendall County,Fire,"$2,490,590 ",$178 ,78%,
2024,Kendall County,Wind,"$3,571,640 ",$255 ,-53%,
2024,Kendall County,Water,"$4,971,366 ",$354 ,-6%,
2024,Kendall County,Total Paid Loss,"$11,764,306 ",$839 ,-26%,"14,024"
2024,Kenedy County,Fire,$0 ,$0 ,0%,
2024,Kenedy County,Water,$0 ,$0 ,0%,
2024,Kenedy County,Wind,$0 ,$0 ,0%,
2024,Kenedy County,Other,"$5,219 ",$261 ,0%,
2024,Kenedy County,Total Paid Loss,"$5,219 ",$261 ,0%,20
2024,Kent County,Other,$0 ,$0 ,-100%,
2024,Kent County,Fire,"$5,288 ",$55 ,0%,
2024,Kent County,Water,"$11,052 ",$114 ,0%,
2024,Kent County,Wind,"$108,770 ","$1,121 ",-92%,
2024,Kent County,Total Paid Loss,"$125,110 ","$1,290 ",-91%,97
2024,Kerr County,Other,"$363,894 ",$29 ,-56%,
2024,Kerr County,Fire,"$1,144,325 ",$91 ,1%,
2024,Kerr County,Water,"$2,059,119 ",$164 ,3%,
2024,Kerr County,Wind,"$6,255,303 ",$498 ,-62%,
2024,Kerr County,Total Paid Loss,"$9,822,641 ",$782 ,-52%,"12,560"
2024,Kimble County,Water,$0 ,$0 ,-100%,
2024,Kimble County,Other,"$13,640 ",$30 ,135%,
2024,Kimble County,Fire,"$59,898 ",$132 ,102%,
2024,Kimble County,Wind,"$410,683 ",$903 ,-38%,
2024,Kimble County,Total Paid Loss,"$484,221 ","$1,064 ",-30%,455
2024,King County,Fire,$0 ,$0 ,0%,
2024,King County,Other,$0 ,$0 ,0%,
2024,King County,Total Paid Loss,$0 ,$0 ,0%,15
2024,King County,Water,$0 ,$0 ,0%,
2024,King County,Wind,$0 ,$0 ,0%,
2024,Kinney County,Water,"$25,423 ",$44 ,-70%,
2024,Kinney County,Wind,"$28,161 ",$49 ,-60%,
2024,Kinney County,Other,"$47,500 ",$82 ,362%,
2024,Kinney County,Fire,"$48,946 ",$84 ,0%,
2024,Kinney County,Total Paid Loss,"$150,030 ",$259 ,-9%,580
2024,Kleberg County,Wind,"$115,758 ",$29 ,-37%,
2024,Kleberg County,Other,"$126,181 ",$32 ,6%,
2024,Kleberg County,Water,"$135,347 ",$34 ,-36%,
2024,Kleberg County,Fire,"$195,786 ",$49 ,-70%,
2024,Kleberg County,Total Paid Loss,"$573,072 ",$144 ,-50%,"3,967"
2024,Knox County,Water,"$30,365 ",$62 ,-34%,
2024,Knox County,Other,"$67,078 ",$136 ,1124%,
2024,Knox County,Fire,"$75,510 ",$153 ,33%,
2024,Knox County,Wind,"$1,925,841 ","$3,906 ",384%,
2024,Knox County,Total Paid Loss,"$2,098,794 ","$4,257 ",315%,493
2024,La Salle County,Other,$0 ,$0 ,-100%,
2024,La Salle County,Water,"$6,858 ",$18 ,-57%,
2024,La Salle County,Wind,"$63,432 ",$164 ,-86%,
2024,La Salle County,Fire,"$147,018 ",$381 ,-66%,
2024,La Salle County,Total Paid Loss,"$217,308 ",$563 ,-76%,386
2024,Lamar County,Other,"$522,948 ",$60 ,263%,
2024,Lamar County,Fire,"$1,576,260 ",$180 ,0%,
2024,Lamar County,Water,"$1,750,271 ",$200 ,-19%,
2024,Lamar County,Wind,"$12,257,948 ","$1,398 ",38%,
2024,Lamar County,Total Paid Loss,"$16,107,427 ","$1,837 ",26%,"8,769"
2024,Lamb County,Other,"$12,567 ",$8 ,-39%,
2024,Lamb County,Water,"$221,467 ",$139 ,113%,
2024,Lamb County,Fire,"$247,310 ",$156 ,302%,
2024,Lamb County,Wind,"$624,066 ",$393 ,-51%,
2024,Lamb County,Total Paid Loss,"$1,105,410 ",$696 ,-25%,"1,589"
2024,Lampasas County,Other,"$398,607 ",$79 ,15%,
2024,Lampasas County,Water,"$624,701 ",$123 ,27%,
2024,Lampasas County,Fire,"$679,767 ",$134 ,365%,
2024,Lampasas County,Wind,"$6,987,781 ","$1,381 ",-40%,
2024,Lampasas County,Total Paid Loss,"$8,690,856 ","$1,718 ",-31%,"5,059"
2024,Lavaca County,Fire,"$11,810 ",$8 ,-82%,
2024,Lavaca County,Other,"$24,637 ",$16 ,143%,
2024,Lavaca County,Water,"$134,364 ",$89 ,-22%,
2024,Lavaca County,Wind,"$388,586 ",$258 ,142%,
2024,Lavaca County,Total Paid Loss,"$559,397 ",$372 ,37%,"1,505"
2024,Lee County,Fire,"$48,688 ",$23 ,-82%,
2024,Lee County,Other,"$140,239 ",$67 ,122%,
2024,Lee County,Water,"$388,163 ",$185 ,15%,
2024,Lee County,Wind,"$6,730,863 ","$3,202 ",2406%,
2024,Lee County,Total Paid Loss,"$7,307,953 ","$3,477 ",683%,"2,102"
2024,Leon County,Other,"$45,417 ",$14 ,-86%,
2024,Leon County,Fire,"$510,951 ",$156 ,5%,
2024,Leon County,Water,"$731,173 ",$224 ,9%,
2024,Leon County,Wind,"$2,576,810 ",$789 ,-27%,
2024,Leon County,Total Paid Loss,"$3,864,351 ","$1,183 ",-23%,"3,266"
2024,Liberty County,Water,"$1,666,500 ",$104 ,-6%,
2024,Liberty County,Other,"$1,896,849 ",$118 ,113%,
2024,Liberty County,Fire,"$5,854,613 ",$365 ,48%,
2024,Liberty County,Wind,"$13,096,823 ",$816 ,399%,
2024,Liberty County,Total Paid Loss,"$22,514,785 ","$1,403 ",143%,"16,044"
2024,Limestone County,Other,"$390,632 ",$126 ,105%,
2024,Limestone County,Water,"$522,536 ",$168 ,-13%,
2024,Limestone County,Fire,"$1,109,685 ",$357 ,-21%,
2024,Limestone County,Wind,"$2,580,135 ",$830 ,-18%,
2024,Limestone County,Total Paid Loss,"$4,602,988 ","$1,481 ",-14%,"3,107"
2024,Lipscomb County,Other,$0 ,$0 ,-100%,
2024,Lipscomb County,Fire,"$2,143 ",$5 ,-78%,
2024,Lipscomb County,Water,"$88,937 ",$199 ,-14%,
2024,Lipscomb County,Wind,"$192,828 ",$432 ,-49%,
2024,Lipscomb County,Total Paid Loss,"$283,908 ",$637 ,-42%,446
2024,Live Oak County,Other,"$3,292 ",$4 ,-87%,
2024,Live Oak County,Water,"$5,290 ",$6 ,-84%,
2024,Live Oak County,Fire,"$179,612 ",$216 ,0%,
2024,Live Oak County,Wind,"$182,220 ",$219 ,181%,
2024,Live Oak County,Total Paid Loss,"$370,414 ",$445 ,204%,832
2024,Llano County,Other,"$368,551 ",$37 ,-81%,
2024,Llano County,Water,"$1,822,286 ",$183 ,-22%,
2024,Llano County,Fire,"$1,858,942 ",$187 ,214%,
2024,Llano County,Wind,"$26,222,905 ","$2,634 ",-2%,
2024,Llano County,Total Paid Loss,"$30,272,684 ","$3,041 ",-4%,"9,954"
2024,Loving County,Fire,$0 ,$0 ,0%,
2024,Loving County,Other,$0 ,$0 ,0%,
2024,Loving County,Total Paid Loss,$0 ,$0 ,-100%,2
2024,Loving County,Water,$0 ,$0 ,0%,
2024,Loving County,Wind,$0 ,$0 ,-100%,
2024,Lubbock County,Other,"$1,881,419 ",$30 ,-34%,
2024,Lubbock County,Fire,"$4,939,008 ",$80 ,-59%,
2024,Lubbock County,Water,"$6,751,543 ",$109 ,-7%,
2024,Lubbock County,Wind,"$51,802,559 ",$834 ,-61%,
2024,Lubbock County,Total Paid Loss,"$65,374,529 ","$1,053 ",-57%,"62,102"
2024,Lynn County,Other,"$5,362 ",$5 ,-24%,
2024,Lynn County,Fire,"$57,019 ",$55 ,-16%,
2024,Lynn County,Water,"$72,930 ",$71 ,-63%,
2024,Lynn County,Wind,"$7,065,364 ","$6,853 ",433%,
2024,Lynn County,Total Paid Loss,"$7,200,675 ","$6,984 ",352%,"1,031"
2024,Madison County,Other,"$69,186 ",$49 ,-63%,
2024,Madison County,Water,"$314,432 ",$224 ,-36%,
2024,Madison County,Wind,"$653,908 ",$466 ,-39%,
2024,Madison County,Fire,"$808,474 ",$576 ,3%,
2024,Madison County,Total Paid Loss,"$1,846,000 ","$1,315 ",-27%,"1,404"
2024,Marion County,Other,$500 ,$0 ,-100%,
2024,Marion County,Water,"$326,278 ",$146 ,3%,
2024,Marion County,Fire,"$674,575 ",$302 ,299%,
2024,Marion County,Wind,"$1,009,290 ",$452 ,-71%,
2024,Marion County,Total Paid Loss,"$2,010,643 ",$900 ,-53%,"2,233"
2024,Martin County,Water,"$7,691 ",$10 ,-82%,
2024,Martin County,Fire,"$19,742 ",$26 ,-91%,
2024,Martin County,Other,"$25,241 ",$33 ,212%,
2024,Martin County,Wind,"$171,713 ",$222 ,-77%,
2024,Martin County,Total Paid Loss,"$224,387 ",$291 ,-78%,772
2024,Mason County,Other,"$17,177 ",$27 ,16%,
2024,Mason County,Fire,"$28,401 ",$45 ,0%,
2024,Mason County,Water,"$99,787 ",$159 ,134%,
2024,Mason County,Wind,"$798,418 ","$1,273 ",-77%,
2024,Mason County,Total Paid Loss,"$943,783 ","$1,505 ",-74%,627
2024,Matagorda County,Other,"$203,963 ",$28 ,32%,
2024,Matagorda County,Water,"$1,122,793 ",$155 ,-19%,
2024,Matagorda County,Fire,"$1,393,221 ",$192 ,108%,
2024,Matagorda County,Wind,"$1,865,008 ",$257 ,528%,
2024,Matagorda County,Total Paid Loss,"$4,584,985 ",$633 ,83%,"7,246"
2024,Maverick County,Fire,"$326,800 ",$57 ,-24%,
2024,Maverick County,Water,"$389,580 ",$68 ,-8%,
2024,Maverick County,Other,"$710,881 ",$124 ,667%,
2024,Maverick County,Wind,"$2,926,681 ",$512 ,-54%,
2024,Maverick County,Total Paid Loss,"$4,353,942 ",$762 ,-40%,"5,713"
2024,McCulloch County,Other,"$5,358 ",$5 ,-91%,
2024,McCulloch County,Water,"$146,691 ",$134 ,85%,
2024,McCulloch County,Fire,"$611,630 ",$557 ,200%,
2024,McCulloch County,Wind,"$1,488,089 ","$1,355 ",202%,
2024,McCulloch County,Total Paid Loss,"$2,251,768 ","$2,051 ",168%,"1,098"
2024,McLennan County,Other,"$3,228,403 ",$68 ,37%,
2024,McLennan County,Water,"$7,851,798 ",$165 ,-10%,
2024,McLennan County,Fire,"$13,122,316 ",$276 ,-22%,
2024,McLennan County,Wind,"$28,202,989 ",$593 ,-70%,
2024,McLennan County,Total Paid Loss,"$52,405,506 ","$1,103 ",-57%,"47,533"
2024,McMullen County,Fire,$0 ,$0 ,0%,
2024,McMullen County,Water,$0 ,$0 ,0%,
2024,McMullen County,Wind,$0 ,$0 ,-100%,
2024,McMullen County,Other,"$1,695 ",$21 ,0%,
2024,McMullen County,Total Paid Loss,"$1,695 ",$21 ,-35%,81
2024,Medina County,Other,"$545,105 ",$68 ,67%,
2024,Medina County,Water,"$1,543,685 ",$193 ,-23%,
2024,Medina County,Fire,"$1,638,510 ",$205 ,107%,
2024,Medina County,Wind,"$2,765,241 ",$347 ,-7%,
2024,Medina County,Total Paid Loss,"$6,492,541 ",$814 ,6%,"7,979"
2024,Menard County,Water,$0 ,$0 ,0%,
2024,Menard County,Fire,"$43,664 ",$147 ,0%,
2024,Menard County,Other,"$46,677 ",$157 ,940%,
2024,Menard County,Wind,"$427,492 ","$1,439 ",356%,
2024,Menard County,Total Paid Loss,"$517,833 ","$1,744 ",427%,297
2024,Midland County,Other,"$1,329,274 ",$37 ,-16%,
2024,Midland County,Water,"$3,256,623 ",$91 ,-22%,
2024,Midland County,Fire,"$4,530,676 ",$127 ,46%,
2024,Midland County,Wind,"$108,032,851 ","$3,026 ",137%,
2024,Midland County,Total Paid Loss,"$117,149,424 ","$3,282 ",115%,"35,699"
2024,Milam County,Other,"$209,873 ",$67 ,-61%,
2024,Milam County,Water,"$433,960 ",$139 ,-46%,
2024,Milam County,Wind,"$1,077,127 ",$344 ,2%,
2024,Milam County,Fire,"$1,661,368 ",$530 ,87%,
2024,Milam County,Total Paid Loss,"$3,382,328 ","$1,080 ",3%,"3,133"
2024,Mills County,Other,"$12,788 ",$23 ,114%,
2024,Mills County,Fire,"$47,118 ",$83 ,9407%,
2024,Mills County,Water,"$75,017 ",$133 ,-56%,
2024,Mills County,Wind,"$284,857 ",$504 ,-47%,
2024,Mills County,Total Paid Loss,"$419,780 ",$743 ,-41%,565
2024,Mitchell County,Water,"$7,548 ",$10 ,-78%,
2024,Mitchell County,Other,"$9,467 ",$12 ,71%,
2024,Mitchell County,Fire,"$11,160 ",$14 ,-40%,
2024,Mitchell County,Wind,"$609,540 ",$784 ,5%,
2024,Mitchell County,Total Paid Loss,"$637,715 ",$821 ,0%,777
2024,Montague County,Other,"$446,816 ",$98 ,164%,
2024,Montague County,Water,"$638,874 ",$140 ,-39%,
2024,Montague County,Fire,"$931,684 ",$204 ,-24%,
2024,Montague County,Wind,"$4,382,579 ",$961 ,52%,
2024,Montague County,Total Paid Loss,"$6,399,953 ","$1,403 ",20%,"4,562"
2024,Montgomery County,Other,"$14,812,270 ",$88 ,28%,
2024,Montgomery County,Fire,"$28,835,884 ",$172 ,-16%,
2024,Montgomery County,Water,"$46,821,601 ",$279 ,-15%,
2024,Montgomery County,Wind,"$214,667,831 ","$1,280 ",156%,
2024,Montgomery County,Total Paid Loss,"$305,137,586 ","$1,819 ",65%,"167,761"
2024,Moore County,Fire,"$75,086 ",$23 ,-84%,
2024,Moore County,Other,"$85,933 ",$26 ,97%,
2024,Moore County,Water,"$233,856 ",$72 ,-47%,
2024,Moore County,Wind,"$3,233,898 ",$995 ,-28%,
2024,Moore County,Total Paid Loss,"$3,628,773 ","$1,117 ",-33%,"3,249"
2024,Morris County,Other,"$141,800 ",$61 ,66%,
2024,Morris County,Water,"$268,937 ",$115 ,-50%,
2024,Morris County,Fire,"$1,316,708 ",$562 ,-1%,
2024,Morris County,Wind,"$1,676,318 ",$715 ,-45%,
2024,Morris County,Total Paid Loss,"$3,403,763 ","$1,453 ",-32%,"2,343"
2024,Motley County,Fire,$0 ,$0 ,0%,
2024,Motley County,Other,$0 ,$0 ,0%,
2024,Motley County,Water,$0 ,$0 ,0%,
2024,Motley County,Total Paid Loss,"$356,847 ","$2,379 ",-90%,150
2024,Motley County,Wind,"$356,847 ","$2,379 ",-90%,
2024,Nacogdoches County,Other,"$530,489 ",$53 ,-32%,
2024,Nacogdoches County,Fire,"$1,944,205 ",$194 ,44%,
2024,Nacogdoches County,Water,"$1,993,009 ",$199 ,-9%,
2024,Nacogdoches County,Wind,"$5,339,687 ",$533 ,8%,
2024,Nacogdoches County,Total Paid Loss,"$9,807,390 ",$979 ,6%,"10,022"
2024,Navarro County,Other,"$160,622 ",$21 ,-39%,
2024,Navarro County,Fire,"$1,185,020 ",$158 ,-38%,
2024,Navarro County,Water,"$1,492,777 ",$199 ,-25%,
2024,Navarro County,Wind,"$10,103,836 ","$1,350 ",-41%,
2024,Navarro County,Total Paid Loss,"$12,942,255 ","$1,730 ",-40%,"7,483"
2024,Newton County,Other,"$56,561 ",$35 ,26%,
2024,Newton County,Water,"$295,063 ",$183 ,156%,
2024,Newton County,Fire,"$878,325 ",$546 ,-20%,
2024,Newton County,Wind,"$2,013,889 ","$1,252 ",309%,
2024,Newton County,Total Paid Loss,"$3,243,838 ","$2,016 ",86%,"1,609"
2024,Nolan County,Other,"$135,435 ",$60 ,1254%,
2024,Nolan County,Fire,"$205,335 ",$91 ,301%,
2024,Nolan County,Water,"$415,263 ",$185 ,64%,
2024,Nolan County,Wind,"$1,687,090 ",$750 ,-48%,
2024,Nolan County,Total Paid Loss,"$2,443,123 ","$1,086 ",-31%,"2,250"
2024,Nueces County,Wind,"$799,557 ",$12 ,-34%,
2024,Nueces County,Other,"$2,569,141 ",$40 ,58%,
2024,Nueces County,Water,"$4,901,084 ",$76 ,2%,
2024,Nueces County,Fire,"$8,401,274 ",$130 ,-19%,
2024,Nueces County,Total Paid Loss,"$16,671,056 ",$257 ,-8%,"64,764"
2024,Ochiltree County,Other,"$41,100 ",$29 ,45%,
2024,Ochiltree County,Water,"$95,473 ",$67 ,-25%,
2024,Ochiltree County,Fire,"$113,859 ",$80 ,-88%,
2024,Ochiltree County,Wind,"$2,299,307 ","$1,615 ",-83%,
2024,Ochiltree County,Total Paid Loss,"$2,549,739 ","$1,791 ",-83%,"1,424"
2024,Oldham County,Water,"$11,702 ",$37 ,-81%,
2024,Oldham County,Fire,"$22,162 ",$69 ,-19%,
2024,Oldham County,Other,"$28,381 ",$89 ,49%,
2024,Oldham County,Wind,"$61,020 ",$191 ,-67%,
2024,Oldham County,Total Paid Loss,"$123,265 ",$386 ,-58%,319
2024,Orange County,Other,"$778,657 ",$43 ,-48%,
2024,Orange County,Water,"$1,288,772 ",$72 ,-16%,
2024,Orange County,Wind,"$3,029,837 ",$168 ,-73%,
2024,Orange County,Fire,"$4,641,477 ",$258 ,-27%,
2024,Orange County,Total Paid Loss,"$9,738,743 ",$541 ,-53%,"18,009"
2024,Palo Pinto County,Other,"$226,723 ",$33 ,-41%,
2024,Palo Pinto County,Water,"$1,120,456 ",$165 ,-44%,
2024,Palo Pinto County,Fire,"$1,659,137 ",$244 ,-61%,
2024,Palo Pinto County,Wind,"$9,634,706 ","$1,419 ",-72%,
2024,Palo Pinto County,Total Paid Loss,"$12,641,022 ","$1,861 ",-69%,"6,792"
2024,Panola County,Other,"$592,574 ",$142 ,74%,
2024,Panola County,Water,"$750,939 ",$180 ,-32%,
2024,Panola County,Fire,"$3,128,586 ",$751 ,119%,
2024,Panola County,Wind,"$3,966,922 ",$952 ,-16%,
2024,Panola County,Total Paid Loss,"$8,439,021 ","$2,026 ",11%,"4,165"
2024,Parker County,Other,"$1,750,302 ",$46 ,-2%,
2024,Parker County,Water,"$9,391,838 ",$245 ,-25%,
2024,Parker County,Fire,"$10,633,616 ",$278 ,20%,
2024,Parker County,Wind,"$42,757,977 ","$1,117 ",-59%,
2024,Parker County,Total Paid Loss,"$64,533,733 ","$1,686 ",-49%,"38,275"
2024,Parmer County,Other,"$6,540 ",$7 ,-37%,
2024,Parmer County,Water,"$45,659 ",$46 ,-40%,
2024,Parmer County,Fire,"$217,285 ",$220 ,1064%,
2024,Parmer County,Wind,"$402,604 ",$408 ,-58%,
2024,Parmer County,Total Paid Loss,"$672,088 ",$682 ,-37%,986
2024,Pecos County,Other,"$80,406 ",$47 ,-14%,
2024,Pecos County,Water,"$129,280 ",$75 ,-18%,
2024,Pecos County,Fire,"$344,023 ",$199 ,733%,
2024,Pecos County,Wind,"$1,321,717 ",$765 ,-73%,
2024,Pecos County,Total Paid Loss,"$1,875,426 ","$1,085 ",-64%,"1,728"
2024,Polk County,Other,"$726,519 ",$77 ,65%,
2024,Polk County,Water,"$1,324,734 ",$141 ,-24%,
2024,Polk County,Fire,"$2,430,843 ",$259 ,-18%,
2024,Polk County,Wind,"$10,222,412 ","$1,090 ",211%,
2024,Polk County,Total Paid Loss,"$14,704,508 ","$1,567 ",75%,"9,382"
2024,Potter County,Other,"$885,662 ",$45 ,-24%,
2024,Potter County,Water,"$2,434,669 ",$122 ,-15%,
2024,Potter County,Fire,"$3,687,776 ",$185 ,-8%,
2024,Potter County,Wind,"$10,100,395 ",$508 ,-40%,
2024,Potter County,Total Paid Loss,"$17,108,502 ",$860 ,-31%,"19,884"
2024,Presidio County,Fire,$0 ,$0 ,0%,
2024,Presidio County,Other,$0 ,$0 ,-100%,
2024,Presidio County,Water,"$4,042 ",$6 ,-96%,
2024,Presidio County,Wind,"$115,870 ",$177 ,-37%,
2024,Presidio County,Total Paid Loss,"$119,912 ",$184 ,-64%,653
2024,Rains County,Other,"$10,931 ",$4 ,-98%,
2024,Rains County,Water,"$315,213 ",$129 ,-51%,
2024,Rains County,Fire,"$1,016,051 ",$416 ,9%,
2024,Rains County,Wind,"$1,329,683 ",$544 ,-52%,
2024,Rains County,Total Paid Loss,"$2,671,878 ","$1,093 ",-47%,"2,444"
2024,Randall County,Other,"$1,364,946 ",$35 ,-20%,
2024,Randall County,Fire,"$4,482,815 ",$116 ,47%,
2024,Randall County,Water,"$5,501,028 ",$142 ,6%,
2024,Randall County,Wind,"$17,796,159 ",$460 ,-17%,
2024,Randall County,Total Paid Loss,"$29,144,948 ",$754 ,-7%,"38,662"
2024,Reagan County,Water,$412 ,$1 ,-98%,
2024,Reagan County,Other,"$7,492 ",$21 ,0%,
2024,Reagan County,Fire,"$41,468 ",$118 ,-74%,
2024,Reagan County,Wind,"$60,498 ",$173 ,-52%,
2024,Reagan County,Total Paid Loss,"$109,870 ",$314 ,-64%,350
2024,Real County,Other,"$7,829 ",$10 ,-53%,
2024,Real County,Fire,"$23,138 ",$30 ,-70%,
2024,Real County,Wind,"$51,792 ",$67 ,-68%,
2024,Real County,Water,"$241,341 ",$310 ,361%,
2024,Real County,Total Paid Loss,"$324,100 ",$417 ,5%,778
2024,Red River County,Other,"$110,029 ",$62 ,82%,
2024,Red River County,Water,"$183,734 ",$103 ,-39%,
2024,Red River County,Fire,"$1,691,706 ",$951 ,695%,
2024,Red River County,Wind,"$3,543,278 ","$1,992 ",-37%,
2024,Red River County,Total Paid Loss,"$5,528,747 ","$3,108 ",-10%,"1,779"
2024,Reeves County,Fire,"$5,787 ",$5 ,-88%,
2024,Reeves County,Other,"$46,672 ",$39 ,-40%,
2024,Reeves County,Water,"$47,806 ",$40 ,-37%,
2024,Reeves County,Wind,"$2,040,804 ","$1,709 ",-76%,
2024,Reeves County,Total Paid Loss,"$2,141,069 ","$1,793 ",-75%,"1,194"
2024,Refugio County,Other,"$12,843 ",$9 ,18%,
2024,Refugio County,Fire,"$25,173 ",$18 ,100%,
2024,Refugio County,Water,"$73,976 ",$53 ,-36%,
2024,Refugio County,Wind,"$259,212 ",$187 ,714%,
2024,Refugio County,Total Paid Loss,"$371,204 ",$268 ,117%,"1,385"
2024,Roberts County,Fire,$0 ,$0 ,0%,
2024,Roberts County,Other,"$1,380 ",$11 ,0%,
2024,Roberts County,Water,"$35,931 ",$283 ,23%,
2024,Roberts County,Wind,"$211,205 ","$1,663 ",109%,
2024,Roberts County,Total Paid Loss,"$248,516 ","$1,957 ",91%,127
2024,Robertson County,Other,"$36,657 ",$15 ,-92%,
2024,Robertson County,Fire,"$37,680 ",$15 ,-93%,
2024,Robertson County,Water,"$359,764 ",$148 ,-58%,
2024,Robertson County,Wind,"$1,540,245 ",$632 ,93%,
2024,Robertson County,Total Paid Loss,"$1,974,346 ",$810 ,-26%,"2,437"
2024,Rockwall County,Other,"$3,985,424 ",$103 ,63%,
2024,Rockwall County,Fire,"$9,422,069 ",$242 ,-13%,
2024,Rockwall County,Water,"$15,664,657 ",$403 ,-24%,
2024,Rockwall County,Wind,"$56,601,287 ","$1,456 ",-52%,
2024,Rockwall County,Total Paid Loss,"$85,673,437 ","$2,203 ",-43%,"38,882"
2024,Runnels County,Other,"$62,734 ",$43 ,43%,
2024,Runnels County,Water,"$98,420 ",$68 ,-37%,
2024,Runnels County,Fire,"$258,865 ",$179 ,-58%,
2024,Runnels County,Wind,"$4,513,698 ","$3,126 ",-37%,
2024,Runnels County,Total Paid Loss,"$4,933,717 ","$3,417 ",-38%,"1,444"
2024,Rusk County,Other,"$421,336 ",$54 ,-35%,
2024,Rusk County,Water,"$1,508,288 ",$195 ,-14%,
2024,Rusk County,Fire,"$3,079,848 ",$398 ,76%,
2024,Rusk County,Wind,"$8,915,915 ","$1,151 ",-81%,
2024,Rusk County,Total Paid Loss,"$13,925,387 ","$1,798 ",-73%,"7,745"
2024,Sabine County,Water,"$111,914 ",$45 ,-79%,
2024,Sabine County,Other,"$114,198 ",$46 ,-18%,
2024,Sabine County,Fire,"$728,459 ",$291 ,-81%,
2024,Sabine County,Wind,"$1,194,115 ",$477 ,264%,
2024,Sabine County,Total Paid Loss,"$2,148,686 ",$859 ,-56%,"2,501"
2024,San Augustine County,Other,"$21,642 ",$16 ,-77%,
2024,San Augustine County,Fire,"$35,846 ",$27 ,-94%,
2024,San Augustine County,Water,"$132,855 ",$99 ,36%,
2024,San Augustine County,Wind,"$490,398 ",$365 ,19%,
2024,San Augustine County,Total Paid Loss,"$680,741 ",$506 ,-44%,"1,345"
2024,San Jacinto County,Other,"$714,165 ",$107 ,145%,
2024,San Jacinto County,Water,"$926,432 ",$138 ,-43%,
2024,San Jacinto County,Fire,"$1,879,626 ",$280 ,17%,
2024,San Jacinto County,Wind,"$8,719,062 ","$1,300 ",787%,
2024,San Jacinto County,Total Paid Loss,"$12,239,285 ","$1,825 ",173%,"6,705"
2024,San Patricio County,Other,"$194,721 ",$14 ,-56%,
2024,San Patricio County,Wind,"$359,323 ",$25 ,104%,
2024,San Patricio County,Fire,"$1,125,374 ",$80 ,-47%,
2024,San Patricio County,Water,"$1,345,085 ",$95 ,-16%,
2024,San Patricio County,Total Paid Loss,"$3,024,503 ",$214 ,-31%,"14,114"
2024,San Saba County,Other,$0 ,$0 ,-100%,
2024,San Saba County,Fire,"$1,120 ",$2 ,-84%,
2024,San Saba County,Water,"$68,617 ",$106 ,-60%,
2024,San Saba County,Wind,"$356,608 ",$549 ,280%,
2024,San Saba County,Total Paid Loss,"$426,345 ",$657 ,51%,649
2024,Schleicher County,Fire,$0 ,$0 ,-100%,
2024,Schleicher County,Other,$0 ,$0 ,0%,
2024,Schleicher County,Water,$0 ,$0 ,-100%,
2024,Schleicher County,Total Paid Loss,"$79,028 ",$289 ,-65%,273
2024,Schleicher County,Wind,"$79,028 ",$289 ,-55%,
2024,Scurry County,Other,"$69,953 ",$30 ,-54%,
2024,Scurry County,Water,"$105,210 ",$45 ,-25%,
2024,Scurry County,Fire,"$432,392 ",$187 ,15%,
2024,Scurry County,Wind,"$1,187,246 ",$513 ,51%,
2024,Scurry County,Total Paid Loss,"$1,794,801 ",$776 ,23%,"2,314"
2024,Shackelford County,Fire,"$2,987 ",$5 ,-79%,
2024,Shackelford County,Other,"$9,674 ",$17 ,1525%,
2024,Shackelford County,Water,"$83,217 ",$145 ,34%,
2024,Shackelford County,Wind,"$337,761 ",$590 ,-86%,
2024,Shackelford County,Total Paid Loss,"$433,639 ",$758 ,-83%,572
2024,Shelby County,Other,"$244,630 ",$77 ,75%,
2024,Shelby County,Water,"$379,880 ",$120 ,-48%,
2024,Shelby County,Fire,"$996,664 ",$314 ,-4%,
2024,Shelby County,Wind,"$3,688,245 ","$1,163 ",-11%,
2024,Shelby County,Total Paid Loss,"$5,309,419 ","$1,674 ",-12%,"3,171"
2024,Sherman County,Other,$0 ,$0 ,-100%,
2024,Sherman County,Water,"$37,553 ",$93 ,-79%,
2024,Sherman County,Fire,"$40,038 ",$99 ,50%,
2024,Sherman County,Wind,"$146,299 ",$362 ,-10%,
2024,Sherman County,Total Paid Loss,"$223,890 ",$554 ,-40%,404
2024,Smith County,Other,"$2,460,085 ",$51 ,-62%,
2024,Smith County,Fire,"$13,448,757 ",$282 ,55%,
2024,Smith County,Water,"$15,983,460 ",$335 ,-3%,
2024,Smith County,Wind,"$196,070,243 ","$4,104 ",380%,
2024,Smith County,Total Paid Loss,"$227,962,545 ","$4,772 ",214%,"47,771"
2024,Somervell County,Other,"$1,820 ",$1 ,-97%,
2024,Somervell County,Water,"$587,545 ",$386 ,-43%,
2024,Somervell County,Fire,"$900,186 ",$592 ,171%,
2024,Somervell County,Wind,"$1,097,484 ",$722 ,5%,
2024,Somervell County,Total Paid Loss,"$2,587,035 ","$1,701 ",4%,"1,521"
2024,Starr County,Other,"$42,498 ",$10 ,-73%,
2024,Starr County,Fire,"$201,115 ",$46 ,-60%,
2024,Starr County,Water,"$733,674 ",$169 ,-46%,
2024,Starr County,Wind,"$1,051,274 ",$243 ,-39%,
2024,Starr County,Total Paid Loss,"$2,028,561 ",$468 ,-46%,"4,332"
2024,Stephens County,Other,"$18,056 ",$12 ,-33%,
2024,Stephens County,Water,"$234,008 ",$160 ,38%,
2024,Stephens County,Fire,"$820,855 ",$563 ,255%,
2024,Stephens County,Wind,"$2,090,201 ","$1,434 ",16%,
2024,Stephens County,Total Paid Loss,"$3,163,120 ","$2,169 ",42%,"1,458"
2024,Sterling County,Other,$0 ,$0 ,-100%,
2024,Sterling County,Water,$0 ,$0 ,0%,
2024,Sterling County,Wind,"$35,335 ",$287 ,-83%,
2024,Sterling County,Fire,"$46,552 ",$378 ,0%,
2024,Sterling County,Total Paid Loss,"$81,887 ",$666 ,-61%,123
2024,Stonewall County,Fire,$0 ,$0 ,-100%,
2024,Stonewall County,Other,$0 ,$0 ,-100%,
2024,Stonewall County,Water,"$31,524 ",$173 ,176%,
2024,Stonewall County,Wind,"$353,365 ","$1,942 ",114%,
2024,Stonewall County,Total Paid Loss,"$384,889 ","$2,115 ",111%,182
2024,Sutton County,Other,"$4,690 ",$9 ,0%,
2024,Sutton County,Fire,"$15,801 ",$30 ,-53%,
2024,Sutton County,Water,"$62,425 ",$119 ,329%,
2024,Sutton County,Wind,"$206,956 ",$396 ,621%,
2024,Sutton County,Total Paid Loss,"$289,872 ",$554 ,275%,523
2024,Swisher County,Fire,$0 ,$0 ,0%,
2024,Swisher County,Other,"$32,944 ",$47 ,-13%,
2024,Swisher County,Water,"$67,271 ",$96 ,45%,
2024,Swisher County,Wind,"$411,777 ",$590 ,-82%,
2024,Swisher County,Total Paid Loss,"$511,992 ",$734 ,-79%,698
2024,Tarrant County,Other,"$27,565,154 ",$64 ,-20%,
2024,Tarrant County,Fire,"$116,355,977 ",$271 ,2%,
2024,Tarrant County,Water,"$174,308,435 ",$406 ,-14%,
2024,Tarrant County,Wind,"$593,833,644 ","$1,384 ",20%,
2024,Tarrant County,Total Paid Loss,"$912,063,210 ","$2,126 ",8%,"429,074"
2024,Taylor County,Other,"$630,370 ",$22 ,-53%,
2024,Taylor County,Water,"$3,717,186 ",$128 ,3%,
2024,Taylor County,Fire,"$5,188,488 ",$179 ,-42%,
2024,Taylor County,Wind,"$30,645,961 ","$1,057 ",-69%,
2024,Taylor County,Total Paid Loss,"$40,182,005 ","$1,385 ",-64%,"29,004"
2024,Terrell County,Fire,"$14,712 ",$99 ,0%,
2024,Terrell County,Other,"$40,690 ",$273 ,0%,
2024,Terrell County,Water,"$63,816 ",$428 ,-60%,
2024,Terrell County,Wind,"$1,623,344 ","$10,895 ",2612%,
2024,Terrell County,Total Paid Loss,"$1,742,562 ","$11,695 ",688%,149
2024,Terry County,Fire,"$6,792 ",$5 ,-13%,
2024,Terry County,Other,"$57,374 ",$46 ,-61%,
2024,Terry County,Water,"$115,892 ",$93 ,-26%,
2024,Terry County,Wind,"$1,416,754 ","$1,132 ",29%,
2024,Terry County,Total Paid Loss,"$1,596,812 ","$1,276 ",13%,"1,251"
2024,Throckmorton County,Fire,$0 ,$0 ,0%,
2024,Throckmorton County,Other,$0 ,$0 ,-100%,
2024,Throckmorton County,Water,$0 ,$0 ,-100%,
2024,Throckmorton County,Total Paid Loss,"$80,089 ",$409 ,52%,196
2024,Throckmorton County,Wind,"$80,089 ",$409 ,36%,
2024,Titus County,Other,"$67,795 ",$14 ,-66%,
2024,Titus County,Water,"$533,601 ",$112 ,-51%,
2024,Titus County,Fire,"$941,156 ",$197 ,6%,
2024,Titus County,Wind,"$2,620,666 ",$549 ,12%,
2024,Titus County,Total Paid Loss,"$4,163,218 ",$872 ,-8%,"4,776"
2024,Tom Green County,Other,"$1,401,288 ",$60 ,36%,
2024,Tom Green County,Fire,"$2,459,976 ",$105 ,-32%,
2024,Tom Green County,Water,"$3,110,593 ",$133 ,2%,
2024,Tom Green County,Wind,"$64,770,008 ","$2,768 ",878%,
2024,Tom Green County,Total Paid Loss,"$71,741,865 ","$3,066 ",401%,"23,397"
2024,Travis County,Other,"$19,475,417 ",$71 ,-42%,
2024,Travis County,Fire,"$41,729,176 ",$152 ,-26%,
2024,Travis County,Water,"$81,685,632 ",$297 ,-22%,
2024,Travis County,Wind,"$292,757,614 ","$1,063 ",-1%,
2024,Travis County,Total Paid Loss,"$435,647,839 ","$1,583 ",-11%,"275,287"
2024,Trinity County,Other,"$282,657 ",$99 ,44%,
2024,Trinity County,Water,"$576,547 ",$203 ,17%,
2024,Trinity County,Fire,"$1,502,987 ",$528 ,537%,
2024,Trinity County,Wind,"$2,076,085 ",$729 ,-45%,
2024,Trinity County,Total Paid Loss,"$4,438,276 ","$1,559 ",-6%,"2,847"
2024,Tyler County,Other,"$147,162 ",$43 ,-22%,
2024,Tyler County,Water,"$355,840 ",$104 ,-20%,
2024,Tyler County,Fire,"$1,317,841 ",$383 ,548%,
2024,Tyler County,Wind,"$1,728,078 ",$503 ,14%,
2024,Tyler County,Total Paid Loss,"$3,548,921 ","$1,032 ",51%,"3,438"
2024,Upshur County,Other,"$451,228 ",$59 ,42%,
2024,Upshur County,Water,"$1,323,849 ",$173 ,4%,
2024,Upshur County,Fire,"$2,861,062 ",$375 ,70%,
2024,Upshur County,Wind,"$2,984,425 ",$391 ,-76%,
2024,Upshur County,Total Paid Loss,"$7,620,564 ",$999 ,-52%,"7,631"
2024,Upton County,Fire,$0 ,$0 ,0%,
2024,Upton County,Other,"$10,013 ",$28 ,0%,
2024,Upton County,Water,"$11,717 ",$32 ,-26%,
2024,Upton County,Wind,"$357,677 ",$988 ,87%,
2024,Upton County,Total Paid Loss,"$379,407 ","$1,048 ",83%,362
2024,Uvalde County,Other,"$81,178 ",$21 ,-54%,
2024,Uvalde County,Fire,"$234,773 ",$62 ,-71%,
2024,Uvalde County,Water,"$269,237 ",$71 ,-18%,
2024,Uvalde County,Wind,"$432,809 ",$114 ,-71%,
2024,Uvalde County,Total Paid Loss,"$1,017,997 ",$267 ,-64%,"3,806"
2024,Val Verde County,Other,"$213,686 ",$29 ,-49%,
2024,Val Verde County,Fire,"$299,610 ",$41 ,-58%,
2024,Val Verde County,Water,"$492,737 ",$67 ,-41%,
2024,Val Verde County,Wind,"$825,216 ",$112 ,-87%,
2024,Val Verde County,Total Paid Loss,"$1,831,249 ",$248 ,-78%,"7,394"
2024,Van Zandt County,Other,"$458,217 ",$42 ,-70%,
2024,Van Zandt County,Water,"$2,684,501 ",$247 ,11%,
2024,Van Zandt County,Fire,"$3,661,273 ",$337 ,2%,
2024,Van Zandt County,Wind,"$16,089,767 ","$1,480 ",-31%,
2024,Van Zandt County,Total Paid Loss,"$22,893,758 ","$2,107 ",-26%,"10,868"
2024,Victoria County,Other,"$596,754 ",$40 ,-17%,
2024,Victoria County,Water,"$1,487,576 ",$100 ,-17%,
2024,Victoria County,Fire,"$1,804,506 ",$121 ,-44%,
2024,Victoria County,Wind,"$6,954,555 ",$467 ,1163%,
2024,Victoria County,Total Paid Loss,"$10,843,391 ",$728 ,72%,"14,905"
2024,Walker County,Other,"$1,641,142 ",$160 ,193%,
2024,Walker County,Water,"$1,810,779 ",$176 ,-48%,
2024,Walker County,Fire,"$2,051,149 ",$199 ,-22%,
2024,Walker County,Wind,"$7,206,048 ",$700 ,-50%,
2024,Walker County,Total Paid Loss,"$12,709,118 ","$1,235 ",-40%,"10,288"
2024,Waller County,Other,"$821,832 ",$89 ,102%,
2024,Waller County,Fire,"$1,396,305 ",$152 ,42%,
2024,Waller County,Water,"$1,402,988 ",$152 ,-53%,
2024,Waller County,Wind,"$11,764,619 ","$1,278 ",513%,
2024,Waller County,Total Paid Loss,"$15,385,744 ","$1,671 ",143%,"9,205"
2024,Ward County,Other,"$11,374 ",$7 ,-59%,
2024,Ward County,Water,"$75,050 ",$45 ,3%,
2024,Ward County,Fire,"$450,918 ",$273 ,154%,
2024,Ward County,Wind,"$653,732 ",$396 ,16%,
2024,Ward County,Total Paid Loss,"$1,191,074 ",$721 ,41%,"1,651"
2024,Washington County,Water,"$652,494 ",$107 ,-63%,
2024,Washington County,Other,"$684,072 ",$112 ,102%,
2024,Washington County,Wind,"$2,229,947 ",$365 ,53%,
2024,Washington County,Fire,"$2,596,611 ",$425 ,327%,
2024,Washington County,Total Paid Loss,"$6,163,124 ","$1,009 ",49%,"6,109"
2024,Webb County,Fire,"$1,791,697 ",$52 ,12%,
2024,Webb County,Other,"$2,106,575 ",$61 ,55%,
2024,Webb County,Water,"$3,845,171 ",$111 ,-9%,
2024,Webb County,Wind,"$13,723,698 ",$396 ,33%,
2024,Webb County,Total Paid Loss,"$21,467,141 ",$619 ,22%,"34,653"
2024,Wharton County,Other,"$246,986 ",$52 ,113%,
2024,Wharton County,Water,"$345,076 ",$73 ,-39%,
2024,Wharton County,Fire,"$1,119,327 ",$236 ,19%,
2024,Wharton County,Wind,"$5,808,549 ","$1,226 ",294%,
2024,Wharton County,Total Paid Loss,"$7,519,938 ","$1,588 ",143%,"4,736"
2024,Wheeler County,Water,"$6,684 ",$11 ,-94%,
2024,Wheeler County,Other,"$60,903 ",$103 ,266%,
2024,Wheeler County,Wind,"$297,685 ",$504 ,-88%,
2024,Wheeler County,Fire,"$378,277 ",$640 ,0%,
2024,Wheeler County,Total Paid Loss,"$743,549 ","$1,258 ",-71%,591
2024,Wichita County,Other,"$804,508 ",$29 ,-62%,
2024,Wichita County,Fire,"$3,430,121 ",$125 ,3%,
2024,Wichita County,Water,"$5,441,655 ",$198 ,2%,
2024,Wichita County,Wind,"$16,949,787 ",$618 ,-21%,
2024,Wichita County,Total Paid Loss,"$26,626,071 ",$971 ,-17%,"27,421"
2024,Wilbarger County,Other,"$29,601 ",$19 ,-74%,
2024,Wilbarger County,Water,"$161,547 ",$101 ,-69%,
2024,Wilbarger County,Wind,"$426,696 ",$268 ,-44%,
2024,Wilbarger County,Fire,"$572,434 ",$359 ,-25%,
2024,Wilbarger County,Total Paid Loss,"$1,190,278 ",$746 ,-45%,"1,595"
2024,Willacy County,Other,"$38,465 ",$24 ,-53%,
2024,Willacy County,Fire,"$145,171 ",$91 ,-2%,
2024,Willacy County,Water,"$255,012 ",$160 ,-29%,
2024,Willacy County,Wind,"$342,106 ",$214 ,38%,
2024,Willacy County,Total Paid Loss,"$780,754 ",$489 ,-7%,"1,598"
2024,Williamson County,Other,"$6,899,310 ",$46 ,-54%,
2024,Williamson County,Fire,"$17,301,133 ",$116 ,8%,
2024,Williamson County,Water,"$39,178,404 ",$262 ,-21%,
2024,Williamson County,Wind,"$178,874,707 ","$1,197 ",-60%,
2024,Williamson County,Total Paid Loss,"$242,253,554 ","$1,622 ",-54%,"149,400"
2024,Wilson County,Other,"$681,713 ",$76 ,-21%,
2024,Wilson County,Water,"$1,533,696 ",$171 ,-18%,
2024,Wilson County,Fire,"$1,571,554 ",$175 ,-43%,
2024,Wilson County,Wind,"$2,193,281 ",$244 ,-77%,
2024,Wilson County,Total Paid Loss,"$5,980,244 ",$666 ,-60%,"8,977"
2024,Winkler County,Other,"$19,072 ",$20 ,-17%,
2024,Winkler County,Water,"$24,688 ",$25 ,-51%,
2024,Winkler County,Fire,"$216,560 ",$223 ,0%,
2024,Winkler County,Wind,"$2,349,476 ","$2,422 ",386%,
2024,Winkler County,Total Paid Loss,"$2,609,796 ","$2,691 ",369%,970
2024,Wise County,Other,"$669,300 ",$43 ,-69%,
2024,Wise County,Water,"$4,097,044 ",$260 ,-1%,
2024,Wise County,Fire,"$4,141,127 ",$263 ,-45%,
2024,Wise County,Wind,"$32,586,130 ","$2,071 ",100%,
2024,Wise County,Total Paid Loss,"$41,493,601 ","$2,638 ",38%,"15,732"
2024,Wood County,Other,"$1,160,157 ",$98 ,39%,
2024,Wood County,Fire,"$2,813,747 ",$238 ,-30%,
2024,Wood County,Water,"$3,947,147 ",$334 ,38%,
2024,Wood County,Wind,"$4,643,006 ",$393 ,-50%,
2024,Wood County,Total Paid Loss,"$12,564,057 ","$1,064 ",-26%,"11,812"
2024,Yoakum County,Fire,"$16,063 ",$16 ,-96%,
2024,Yoakum County,Other,"$31,858 ",$32 ,174%,
2024,Yoakum County,Water,"$45,026 ",$45 ,-56%,
2024,Yoakum County,Wind,"$1,351,949 ","$1,341 ",98%,
2024,Yoakum County,Total Paid Loss,"$1,444,896 ","$1,433 ",22%,"1,008"
2024,Young County,Other,"$56,071 ",$15 ,-25%,
2024,Young County,Water,"$443,146 ",$116 ,-13%,
2024,Young County,Fire,"$597,638 ",$157 ,9%,
2024,Young County,Wind,"$3,745,710 ",$982 ,25%,
2024,Young County,Total Paid Loss,"$4,842,565 ","$1,269 ",17%,"3,815"
2024,Zapata County,Fire,$0 ,$0 ,-100%,
2024,Zapata County,Other,"$9,851 ",$8 ,-62%,
2024,Zapata County,Wind,"$102,484 ",$85 ,26%,
2024,Zapata County,Water,"$495,465 ",$409 ,402%,
2024,Zapata County,Total Paid Loss,"$607,800 ",$501 ,189%,"1,212"
2024,Zavala County,Water,"$69,688 ",$84 ,-41%,
2024,Zavala County,Other,"$101,877 ",$122 ,-63%,
2024,Zavala County,Fire,"$115,758 ",$139 ,838%,
2024,Zavala County,Wind,"$369,872 ",$444 ,-71%,
2024,Zavala County,Total Paid Loss,"$657,195 ",$789 ,-61%,833
2025,Anderson County,Other,"$382,928 ",$47 ,-47%,
2025,Anderson County,Fire,"$1,115,955 ",$136 ,-36%,
2025,Anderson County,Water,"$3,399,146 ",$413 ,48%,
2025,Anderson County,Wind,"$5,087,004 ",$619 ,-42%,
2025,Anderson County,Total Paid Loss,"$9,985,033 ","$1,214 ",-26%,"8,223"
2025,Andrews County,Other,"$64,425 ",$22 ,34%,
2025,Andrews County,Water,"$156,135 ",$54 ,-12%,
2025,Andrews County,Fire,"$222,493 ",$78 ,23042%,
2025,Andrews County,Wind,"$788,593 ",$275 ,-27%,
2025,Andrews County,Total Paid Loss,"$1,231,646 ",$429 ,-6%,"2,870"
2025,Angelina County,Other,"$432,476 ",$30 ,-42%,
2025,Angelina County,Water,"$1,912,429 ",$131 ,-19%,
2025,Angelina County,Wind,"$3,520,582 ",$241 ,-65%,
2025,Angelina County,Fire,"$6,727,814 ",$460 ,134%,
2025,Angelina County,Total Paid Loss,"$12,593,301 ",$860 ,-22%,"14,636"
2025,Aransas County,Wind,"$33,498 ",$4 ,118%,
2025,Aransas County,Other,"$121,152 ",$16 ,-64%,
2025,Aransas County,Water,"$306,018 ",$40 ,-47%,
2025,Aransas County,Fire,"$614,650 ",$80 ,-68%,
2025,Aransas County,Total Paid Loss,"$1,075,318 ",$140 ,-63%,"7,686"
2025,Archer County,Other,"$15,699 ",$14 ,33%,
2025,Archer County,Water,"$94,317 ",$84 ,-37%,
2025,Archer County,Fire,"$117,996 ",$105 ,-166%,
2025,Archer County,Wind,"$2,507,330 ","$2,221 ",585%,
2025,Archer County,Total Paid Loss,"$2,735,342 ","$2,423 ",680%,"1,129"
2025,Armstrong County,Other,$0 ,$0 ,0%,
2025,Armstrong County,Fire,"$16,127 ",$38 ,0%,
2025,Armstrong County,Water,"$46,004 ",$109 ,106%,
2025,Armstrong County,Wind,"$444,411 ","$1,048 ",78%,
2025,Armstrong County,Total Paid Loss,"$506,542 ","$1,195 ",87%,424
2025,Atascosa County,Fire,"$754,325 ",$107 ,-73%,
2025,Atascosa County,Other,"$1,136,380 ",$161 ,278%,
2025,Atascosa County,Water,"$1,216,360 ",$172 ,-2%,
2025,Atascosa County,Wind,"$9,143,555 ","$1,295 ",68%,
2025,Atascosa County,Total Paid Loss,"$12,250,620 ","$1,736 ",26%,"7,058"
2025,Austin County,Other,"$202,709 ",$37 ,-32%,
2025,Austin County,Water,"$782,727 ",$143 ,-23%,
2025,Austin County,Wind,"$2,306,449 ",$420 ,-91%,
2025,Austin County,Fire,"$3,410,342 ",$621 ,-37%,
2025,Austin County,Total Paid Loss,"$6,702,227 ","$1,220 ",-80%,"5,492"
2025,Bailey County,Fire,$0 ,$0 ,-100%,
2025,Bailey County,Other,$715 ,$1 ,-94%,
2025,Bailey County,Water,"$96,105 ",$146 ,286%,
2025,Bailey County,Wind,"$1,055,935 ","$1,600 ",72%,
2025,Bailey County,Total Paid Loss,"$1,152,755 ","$1,747 ",42%,660
2025,Bandera County,Other,"$186,556 ",$34 ,-50%,
2025,Bandera County,Water,"$955,571 ",$173 ,-30%,
2025,Bandera County,Fire,"$2,262,103 ",$409 ,82%,
2025,Bandera County,Wind,"$3,297,389 ",$597 ,11%,
2025,Bandera County,Total Paid Loss,"$6,701,619 ","$1,213 ",12%,"5,525"
2025,Bastrop County,Other,"$1,244,102 ",$61 ,-24%,
2025,Bastrop County,Water,"$2,000,434 ",$98 ,-37%,
2025,Bastrop County,Fire,"$4,315,534 ",$211 ,-2%,
2025,Bastrop County,Wind,"$9,387,461 ",$459 ,-53%,
2025,Bastrop County,Total Paid Loss,"$16,947,531 ",$829 ,-42%,"20,437"
2025,Baylor County,Water,"$14,394 ",$24 ,-35%,
2025,Baylor County,Other,"$33,346 ",$55 ,97%,
2025,Baylor County,Fire,"$67,962 ",$111 ,-50%,
2025,Baylor County,Wind,"$1,723,446 ","$2,825 ",201%,
2025,Baylor County,Total Paid Loss,"$1,839,148 ","$3,015 ",146%,610
2025,Bee County,Fire,"$16,953 ",$7 ,-97%,
2025,Bee County,Water,"$316,127 ",$129 ,0%,
2025,Bee County,Wind,"$337,130 ",$138 ,223%,
2025,Bee County,Other,"$407,258 ",$166 ,132%,
2025,Bee County,Total Paid Loss,"$1,077,468 ",$440 ,-1%,"2,447"
2025,Bell County,Other,"$4,740,202 ",$60 ,-7%,
2025,Bell County,Water,"$13,742,882 ",$174 ,4%,
2025,Bell County,Fire,"$16,935,099 ",$214 ,54%,
2025,Bell County,Wind,"$112,261,843 ","$1,421 ",-80%,
2025,Bell County,Total Paid Loss,"$147,680,026 ","$1,869 ",-75%,"79,003"
2025,Bexar County,Other,"$30,243,717 ",$72 ,19%,
2025,Bexar County,Fire,"$60,592,122 ",$145 ,2%,
2025,Bexar County,Water,"$117,293,190 ",$281 ,-6%,
2025,Bexar County,Wind,"$248,077,504 ",$594 ,21%,
2025,Bexar County,Total Paid Loss,"$456,206,533 ","$1,092 ",10%,"417,962"
2025,Blanco County,Fire,"$11,142 ",$4 ,-92%,
2025,Blanco County,Other,"$38,597 ",$12 ,-95%,
2025,Blanco County,Water,"$564,207 ",$179 ,-4%,
2025,Blanco County,Wind,"$1,396,563 ",$443 ,-91%,
2025,Blanco County,Total Paid Loss,"$2,010,509 ",$638 ,-89%,"3,149"
2025,Borden County,Fire,$0 ,$0 ,0%,
2025,Borden County,Other,$0 ,$0 ,0%,
2025,Borden County,Total Paid Loss,$0 ,$0 ,0%,32
2025,Borden County,Water,$0 ,$0 ,0%,
2025,Borden County,Wind,$0 ,$0 ,0%,
2025,Bosque County,Other,"$239,398 ",$59 ,33%,
2025,Bosque County,Water,"$270,316 ",$67 ,-9%,
2025,Bosque County,Fire,"$1,392,835 ",$346 ,3%,
2025,Bosque County,Wind,"$2,771,398 ",$688 ,-11%,
2025,Bosque County,Total Paid Loss,"$4,673,947 ","$1,160 ",-6%,"4,031"
2025,Bowie County,Other,"$687,260 ",$41 ,40%,
2025,Bowie County,Water,"$2,439,632 ",$146 ,-13%,
2025,Bowie County,Fire,"$8,555,724 ",$510 ,35%,
2025,Bowie County,Wind,"$8,881,342 ",$530 ,-39%,
2025,Bowie County,Total Paid Loss,"$20,563,958 ","$1,227 ",-15%,"16,761"
2025,Brazoria County,Other,"$5,776,618 ",$60 ,-14%,
2025,Brazoria County,Fire,"$14,731,046 ",$153 ,13%,
2025,Brazoria County,Water,"$17,575,138 ",$183 ,-9%,
2025,Brazoria County,Wind,"$21,775,692 ",$227 ,-61%,
2025,Brazoria County,Total Paid Loss,"$59,858,494 ",$623 ,-37%,"96,110"
2025,Brazos County,Other,"$857,060 ",$23 ,-24%,
2025,Brazos County,Fire,"$2,810,834 ",$76 ,-43%,
2025,Brazos County,Water,"$6,138,932 ",$166 ,-23%,
2025,Brazos County,Wind,"$95,636,565 ","$2,581 ",1021%,
2025,Brazos County,Total Paid Loss,"$105,443,391 ","$2,846 ",366%,"37,048"
2025,Brewster County,Water,"$64,956 ",$37 ,-37%,
2025,Brewster County,Fire,"$125,175 ",$72 ,35%,
2025,Brewster County,Other,"$173,577 ",$100 ,537%,
2025,Brewster County,Wind,"$330,229 ",$190 ,-49%,
2025,Brewster County,Total Paid Loss,"$693,937 ",$400 ,-20%,"1,736"
2025,Briscoe County,Water,$0 ,$0 ,0%,
2025,Briscoe County,Other,"$1,795 ",$8 ,186%,
2025,Briscoe County,Wind,"$181,564 ",$833 ,-73%,
2025,Briscoe County,Fire,"$194,353 ",$892 ,2503%,
2025,Briscoe County,Total Paid Loss,"$377,712 ","$1,733 ",-44%,218
2025,Brooks County,Other,$0 ,$0 ,-100%,
2025,Brooks County,Water,$0 ,$0 ,-100%,
2025,Brooks County,Fire,$667 ,$1 ,0%,
2025,Brooks County,Wind,"$56,035 ",$112 ,-27%,
2025,Brooks County,Total Paid Loss,"$56,702 ",$113 ,-38%,500
2025,Brown County,Other,"$182,005 ",$29 ,14%,
2025,Brown County,Water,"$432,873 ",$69 ,-52%,
2025,Brown County,Fire,"$846,863 ",$134 ,-47%,
2025,Brown County,Wind,"$4,642,652 ",$737 ,-51%,
2025,Brown County,Total Paid Loss,"$6,104,393 ",$969 ,-50%,"6,297"
2025,Burleson County,Fire,"$120,447 ",$41 ,-81%,
2025,Burleson County,Other,"$179,200 ",$61 ,654%,
2025,Burleson County,Water,"$315,295 ",$108 ,28%,
2025,Burleson County,Wind,"$3,671,518 ","$1,256 ",960%,
2025,Burleson County,Total Paid Loss,"$4,286,460 ","$1,466 ",245%,"2,923"
2025,Burnet County,Other,"$482,123 ",$41 ,3%,
2025,Burnet County,Water,"$2,208,955 ",$188 ,-20%,
2025,Burnet County,Fire,"$2,835,099 ",$242 ,512%,
2025,Burnet County,Wind,"$22,050,227 ","$1,880 ",-67%,
2025,Burnet County,Total Paid Loss,"$27,576,404 ","$2,351 ",-61%,"11,731"
2025,Caldwell County,Other,"$321,272 ",$40 ,-29%,
2025,Caldwell County,Water,"$675,910 ",$85 ,-4%,
2025,Caldwell County,Fire,"$813,195 ",$102 ,-67%,
2025,Caldwell County,Wind,"$4,212,821 ",$527 ,18%,
2025,Caldwell County,Total Paid Loss,"$6,023,198 ",$754 ,-16%,"7,992"
2025,Calhoun County,Wind,"$13,661 ",$3 ,-89%,
2025,Calhoun County,Other,"$68,287 ",$16 ,-71%,
2025,Calhoun County,Fire,"$385,007 ",$90 ,-70%,
2025,Calhoun County,Water,"$723,792 ",$169 ,-22%,
2025,Calhoun County,Total Paid Loss,"$1,190,747 ",$279 ,-54%,"4,275"
2025,Callahan County,Other,"$221,443 ",$93 ,191%,
2025,Callahan County,Water,"$261,520 ",$110 ,-23%,
2025,Callahan County,Fire,"$396,337 ",$167 ,-2%,
2025,Callahan County,Wind,"$1,748,244 ",$736 ,-37%,
2025,Callahan County,Total Paid Loss,"$2,627,544 ","$1,107 ",-27%,"2,374"
2025,Cameron County,Other,"$1,325,329 ",$27 ,57%,
2025,Cameron County,Water,"$4,288,957 ",$87 ,25%,
2025,Cameron County,Fire,"$6,467,619 ",$132 ,48%,
2025,Cameron County,Wind,"$10,463,136 ",$213 ,-5%,
2025,Cameron County,Total Paid Loss,"$22,545,041 ",$459 ,15%,"49,076"
2025,Camp County,Other,"$56,670 ",$20 ,49%,
2025,Camp County,Fire,"$296,370 ",$104 ,-39%,
2025,Camp County,Water,"$897,076 ",$313 ,52%,
2025,Camp County,Wind,"$2,569,062 ",$897 ,25%,
2025,Camp County,Total Paid Loss,"$3,819,178 ","$1,334 ",20%,"2,863"
2025,Carson County,Other,"$4,812 ",$4 ,-72%,
2025,Carson County,Water,"$92,575 ",$82 ,23%,
2025,Carson County,Fire,"$176,614 ",$156 ,27%,
2025,Carson County,Wind,"$309,906 ",$274 ,-21%,
2025,Carson County,Total Paid Loss,"$583,907 ",$516 ,-6%,"1,132"
2025,Cass County,Other,"$58,114 ",$10 ,-75%,
2025,Cass County,Water,"$510,021 ",$92 ,-34%,
2025,Cass County,Wind,"$1,791,332 ",$322 ,-22%,
2025,Cass County,Fire,"$2,668,407 ",$480 ,165%,
2025,Cass County,Total Paid Loss,"$5,027,874 ",$904 ,16%,"5,560"
2025,Castro County,Water,"$50,738 ",$68 ,136%,
2025,Castro County,Other,"$60,605 ",$82 ,-24%,
2025,Castro County,Fire,"$67,167 ",$91 ,-80%,
2025,Castro County,Wind,"$2,334,960 ","$3,147 ",-63%,
2025,Castro County,Total Paid Loss,"$2,513,470 ","$3,387 ",-63%,742
2025,Chambers County,Other,"$362,662 ",$30 ,-26%,
2025,Chambers County,Wind,"$1,441,221 ",$118 ,-41%,
2025,Chambers County,Water,"$1,445,909 ",$118 ,-16%,
2025,Chambers County,Fire,"$2,326,205 ",$190 ,-4%,
2025,Chambers County,Total Paid Loss,"$5,575,997 ",$455 ,-22%,"12,247"
2025,Cherokee County,Other,"$863,439 ",$78 ,-16%,
2025,Cherokee County,Water,"$2,189,095 ",$199 ,1%,
2025,Cherokee County,Fire,"$5,370,157 ",$488 ,51%,
2025,Cherokee County,Wind,"$7,888,944 ",$716 ,-55%,
2025,Cherokee County,Total Paid Loss,"$16,311,635 ","$1,481 ",-32%,"11,012"
2025,Childress County,Water,"$14,481 ",$15 ,-80%,
2025,Childress County,Fire,"$25,223 ",$25 ,637%,
2025,Childress County,Other,"$115,211 ",$116 ,94%,
2025,Childress County,Wind,"$471,073 ",$472 ,20%,
2025,Childress County,Total Paid Loss,"$625,988 ",$628 ,18%,997
2025,Clay County,Other,"$3,005 ",$2 ,-82%,
2025,Clay County,Water,"$177,088 ",$122 ,-62%,
2025,Clay County,Fire,"$379,966 ",$263 ,994%,
2025,Clay County,Wind,"$1,913,486 ","$1,322 ",177%,
2025,Clay County,Total Paid Loss,"$2,473,545 ","$1,709 ",104%,"1,447"
2025,Cochran County,Fire,$0 ,$0 ,-100%,
2025,Cochran County,Water,$0 ,$0 ,-100%,
2025,Cochran County,Other,"$6,057 ",$30 ,0%,
2025,Cochran County,Wind,"$128,095 ",$634 ,-70%,
2025,Cochran County,Total Paid Loss,"$134,152 ",$664 ,-70%,202
2025,Coke County,Fire,$0 ,$0 ,-100%,
2025,Coke County,Other,"$2,869 ",$7 ,0%,
2025,Coke County,Water,"$7,439 ",$18 ,-66%,
2025,Coke County,Wind,"$236,325 ",$556 ,-80%,
2025,Coke County,Total Paid Loss,"$246,633 ",$580 ,-80%,425
2025,Coleman County,Other,"$55,375 ",$51 ,809%,
2025,Coleman County,Water,"$76,549 ",$70 ,-17%,
2025,Coleman County,Fire,"$408,254 ",$375 ,91%,
2025,Coleman County,Wind,"$1,416,316 ","$1,299 ",-83%,
2025,Coleman County,Total Paid Loss,"$1,956,494 ","$1,795 ",-77%,"1,090"
2025,Collin County,Other,"$17,895,968 ",$65 ,0%,
2025,Collin County,Fire,"$70,713,214 ",$255 ,22%,
2025,Collin County,Water,"$127,598,101 ",$460 ,-17%,
2025,Collin County,Wind,"$622,698,138 ","$2,247 ",43%,
2025,Collin County,Total Paid Loss,"$838,905,421 ","$3,027 ",26%,"277,171"
2025,Collingsworth County,Other,"$1,450 ",$4 ,-7%,
2025,Collingsworth County,Water,"$5,323 ",$15 ,-94%,
2025,Collingsworth County,Fire,"$25,300 ",$71 ,4239%,
2025,Collingsworth County,Wind,"$38,667 ",$108 ,-56%,
2025,Collingsworth County,Total Paid Loss,"$70,740 ",$198 ,-61%,358
2025,Colorado County,Fire,"$244,639 ",$83 ,4%,
2025,Colorado County,Water,"$368,057 ",$125 ,-37%,
2025,Colorado County,Other,"$373,977 ",$127 ,-51%,
2025,Colorado County,Wind,"$487,754 ",$166 ,-68%,
2025,Colorado County,Total Paid Loss,"$1,474,427 ",$503 ,-52%,"2,934"
2025,Comal County,Other,"$3,396,144 ",$51 ,-3%,
2025,Comal County,Fire,"$10,822,920 ",$163 ,15%,
2025,Comal County,Water,"$12,300,278 ",$185 ,-16%,
2025,Comal County,Wind,"$20,309,371 ",$305 ,-40%,
2025,Comal County,Total Paid Loss,"$46,828,713 ",$704 ,-24%,"66,557"
2025,Comanche County,Other,"$18,074 ",$10 ,-4%,
2025,Comanche County,Fire,"$38,907 ",$22 ,-94%,
2025,Comanche County,Water,"$164,181 ",$91 ,-27%,
2025,Comanche County,Wind,"$658,221 ",$365 ,67%,
2025,Comanche County,Total Paid Loss,"$879,383 ",$487 ,-32%,"1,804"
2025,Concho County,Fire,$0 ,$0 ,0%,
2025,Concho County,Other,$0 ,$0 ,-100%,
2025,Concho County,Water,"$54,619 ",$152 ,46%,
2025,Concho County,Wind,"$196,286 ",$547 ,-75%,
2025,Concho County,Total Paid Loss,"$250,905 ",$699 ,-70%,359
2025,Cooke County,Other,"$995,215 ",$132 ,2%,
2025,Cooke County,Water,"$1,517,636 ",$201 ,-41%,
2025,Cooke County,Fire,"$2,845,461 ",$376 ,53%,
2025,Cooke County,Wind,"$10,625,242 ","$1,406 ",-70%,
2025,Cooke County,Total Paid Loss,"$15,983,554 ","$2,115 ",-61%,"7,559"
2025,Coryell County,Other,"$560,360 ",$42 ,0%,
2025,Coryell County,Water,"$2,084,470 ",$155 ,9%,
2025,Coryell County,Fire,"$3,925,053 ",$291 ,55%,
2025,Coryell County,Wind,"$26,722,027 ","$1,981 ",96%,
2025,Coryell County,Total Paid Loss,"$33,291,910 ","$2,469 ",78%,"13,486"
2025,Cottle County,Fire,"$17,139 ",$99 ,-30%,
2025,Cottle County,Other,"$29,724 ",$172 ,92%,
2025,Cottle County,Water,"$58,370 ",$337 ,-42%,
2025,Cottle County,Wind,"$1,048,962 ","$6,063 ",2243%,
2025,Cottle County,Total Paid Loss,"$1,154,195 ","$6,672 ",525%,173
2025,Crane County,Fire,$0 ,$0 ,0%,
2025,Crane County,Other,"$6,828 ",$12 ,-42%,
2025,Crane County,Water,"$55,444 ",$96 ,89%,
2025,Crane County,Wind,"$3,555,209 ","$6,172 ",4195%,
2025,Crane County,Total Paid Loss,"$3,617,481 ","$6,280 ",2818%,576
2025,Crockett County,Fire,$0 ,$0 ,-100%,
2025,Crockett County,Other,"$11,017 ",$29 ,0%,
2025,Crockett County,Water,"$48,598 ",$129 ,-28%,
2025,Crockett County,Wind,"$152,865 ",$404 ,12%,
2025,Crockett County,Total Paid Loss,"$212,480 ",$562 ,-2%,378
2025,Crosby County,Other,"$10,837 ",$15 ,616%,
2025,Crosby County,Water,"$11,349 ",$16 ,346%,
2025,Crosby County,Fire,"$115,932 ",$165 ,-36%,
2025,Crosby County,Wind,"$5,542,669 ","$7,884 ",5662%,
2025,Crosby County,Total Paid Loss,"$5,680,787 ","$8,081 ",1915%,703
2025,Culberson County,Other,$0 ,$0 ,-100%,
2025,Culberson County,Water,"$3,300 ",$16 ,-49%,
2025,Culberson County,Wind,"$51,222 ",$255 ,61%,
2025,Culberson County,Fire,"$122,325 ",$609 ,0%,
2025,Culberson County,Total Paid Loss,"$176,847 ",$880 ,254%,201
2025,Dallam County,Other,"$1,251 ",$1 ,-94%,
2025,Dallam County,Water,"$159,442 ",$94 ,-52%,
2025,Dallam County,Fire,"$503,372 ",$298 ,1274%,
2025,Dallam County,Wind,"$724,357 ",$428 ,3%,
2025,Dallam County,Total Paid Loss,"$1,388,422 ",$821 ,27%,"1,691"
2025,Dallas County,Other,"$35,509,704 ",$88 ,9%,
2025,Dallas County,Fire,"$111,563,116 ",$277 ,0%,
2025,Dallas County,Water,"$207,642,511 ",$515 ,-11%,
2025,Dallas County,Wind,"$356,573,530 ",$885 ,-21%,
2025,Dallas County,Total Paid Loss,"$711,288,861 ","$1,765 ",-14%,"403,082"
2025,Dawson County,Other,"$67,735 ",$48 ,4%,
2025,Dawson County,Fire,"$129,591 ",$92 ,44%,
2025,Dawson County,Water,"$205,690 ",$147 ,482%,
2025,Dawson County,Wind,"$1,743,100 ","$1,242 ",1965%,
2025,Dawson County,Total Paid Loss,"$2,146,116 ","$1,530 ",679%,"1,403"
2025,Deaf Smith County,Other,"$76,625 ",$32 ,-3%,
2025,Deaf Smith County,Fire,"$86,883 ",$36 ,96%,
2025,Deaf Smith County,Water,"$146,365 ",$61 ,57%,
2025,Deaf Smith County,Wind,"$967,429 ",$402 ,66%,
2025,Deaf Smith County,Total Paid Loss,"$1,277,302 ",$531 ,59%,"2,407"
2025,Delta County,Other,"$5,000 ",$6 ,4740%,
2025,Delta County,Fire,"$6,809 ",$8 ,-94%,
2025,Delta County,Water,"$26,851 ",$32 ,-71%,
2025,Delta County,Wind,"$325,464 ",$385 ,-65%,
2025,Delta County,Total Paid Loss,"$364,124 ",$430 ,-68%,846
2025,Denton County,Other,"$8,631,644 ",$37 ,-43%,
2025,Denton County,Fire,"$58,428,205 ",$250 ,13%,
2025,Denton County,Water,"$103,847,043 ",$445 ,-11%,
2025,Denton County,Wind,"$302,058,223 ","$1,294 ",-59%,
2025,Denton County,Total Paid Loss,"$472,965,115 ","$2,027 ",-49%,"233,349"
2025,DeWitt County,Other,"$14,906 ",$6 ,-58%,
2025,DeWitt County,Wind,"$217,141 ",$83 ,-59%,
2025,DeWitt County,Water,"$239,624 ",$92 ,-4%,
2025,DeWitt County,Fire,"$1,154,242 ",$443 ,99%,
2025,DeWitt County,Total Paid Loss,"$1,625,913 ",$623 ,16%,"2,608"
2025,Dickens County,Fire,"($6,470)",($26),-114%,
2025,Dickens County,Other,$0 ,$0 ,-100%,
2025,Dickens County,Water,"$7,600 ",$31 ,-64%,
2025,Dickens County,Wind,"$79,107 ",$322 ,111%,
2025,Dickens County,Total Paid Loss,"$80,237 ",$326 ,-31%,246
2025,Dimmit County,Water,"$11,828 ",$13 ,-86%,
2025,Dimmit County,Other,"$55,475 ",$62 ,33%,
2025,Dimmit County,Fire,"$832,210 ",$936 ,375%,
2025,Dimmit County,Wind,"$846,498 ",$952 ,61%,
2025,Dimmit County,Total Paid Loss,"$1,746,011 ","$1,964 ",112%,889
2025,Donley County,Water,$0 ,$0 ,-100%,
2025,Donley County,Other,"$13,106 ",$22 ,475%,
2025,Donley County,Fire,"$100,337 ",$172 ,-63%,
2025,Donley County,Wind,"$547,515 ",$938 ,-46%,
2025,Donley County,Total Paid Loss,"$660,958 ","$1,132 ",-51%,584
2025,Duval County,Fire,"$9,848 ",$10 ,-58%,
2025,Duval County,Other,"$12,900 ",$13 ,-24%,
2025,Duval County,Water,"$82,780 ",$86 ,-14%,
2025,Duval County,Wind,"$287,692 ",$298 ,102%,
2025,Duval County,Total Paid Loss,"$393,220 ",$407 ,40%,967
2025,Eastland County,Fire,"($880,085)",($291),-320%,
2025,Eastland County,Other,"($98,950)",($33),-213%,
2025,Eastland County,Water,"$246,283 ",$82 ,-15%,
2025,Eastland County,Total Paid Loss,"$3,623,749 ","$1,200 ",-8%,"3,020"
2025,Eastland County,Wind,"$4,356,501 ","$1,443 ",37%,
2025,Ector County,Water,"$1,307,148 ",$42 ,-33%,
2025,Ector County,Other,"$1,709,598 ",$56 ,30%,
2025,Ector County,Fire,"$5,132,104 ",$167 ,88%,
2025,Ector County,Wind,"$20,826,064 ",$676 ,-61%,
2025,Ector County,Total Paid Loss,"$28,974,914 ",$941 ,-51%,"30,797"
2025,Edwards County,Other,$0 ,$0 ,0%,
2025,Edwards County,Fire,"$4,622 ",$12 ,-81%,
2025,Edwards County,Water,"$105,997 ",$273 ,0%,
2025,Edwards County,Wind,"$136,631 ",$352 ,59%,
2025,Edwards County,Total Paid Loss,"$247,250 ",$637 ,125%,388
2025,El Paso County,Other,"$5,789,011 ",$35 ,-20%,
2025,El Paso County,Fire,"$14,302,419 ",$86 ,113%,
2025,El Paso County,Wind,"$28,922,381 ",$175 ,-36%,
2025,El Paso County,Water,"$30,992,443 ",$187 ,10%,
2025,El Paso County,Total Paid Loss,"$80,006,254 ",$484 ,-8%,"165,431"
2025,Ellis County,Other,"$3,661,892 ",$67 ,6%,
2025,Ellis County,Water,"$12,160,258 ",$222 ,-3%,
2025,Ellis County,Fire,"$25,521,683 ",$465 ,46%,
2025,Ellis County,Wind,"$211,195,671 ","$3,849 ",296%,
2025,Ellis County,Total Paid Loss,"$252,539,504 ","$4,602 ",191%,"54,875"
2025,Erath County,Other,"$826,309 ",$150 ,403%,
2025,Erath County,Water,"$1,113,517 ",$202 ,5%,
2025,Erath County,Fire,"$1,651,678 ",$300 ,19%,
2025,Erath County,Wind,"$7,274,203 ","$1,323 ",197%,
2025,Erath County,Total Paid Loss,"$10,865,707 ","$1,976 ",115%,"5,500"
2025,Falls County,Water,"$282,530 ",$176 ,25%,
2025,Falls County,Other,"$476,256 ",$297 ,496%,
2025,Falls County,Wind,"$761,495 ",$476 ,-73%,
2025,Falls County,Fire,"$1,134,433 ",$709 ,196%,
2025,Falls County,Total Paid Loss,"$2,654,714 ","$1,658 ",-24%,"1,601"
2025,Fannin County,Other,"$410,166 ",$60 ,0%,
2025,Fannin County,Fire,"$1,229,329 ",$180 ,-16%,
2025,Fannin County,Water,"$1,587,442 ",$232 ,-7%,
2025,Fannin County,Wind,"$13,079,277 ","$1,914 ",-7%,
2025,Fannin County,Total Paid Loss,"$16,306,214 ","$2,386 ",-8%,"6,834"
2025,Fayette County,Other,"$213,586 ",$60 ,17%,
2025,Fayette County,Wind,"$811,024 ",$229 ,-24%,
2025,Fayette County,Water,"$990,681 ",$280 ,119%,
2025,Fayette County,Fire,"$1,133,564 ",$320 ,329%,
2025,Fayette County,Total Paid Loss,"$3,148,855 ",$889 ,61%,"3,543"
2025,Fisher County,Fire,$0 ,$0 ,-100%,
2025,Fisher County,Other,$0 ,$0 ,0%,
2025,Fisher County,Water,"$47,667 ",$106 ,81%,
2025,Fisher County,Wind,"$1,757,918 ","$3,898 ",463%,
2025,Fisher County,Total Paid Loss,"$1,805,585 ","$4,004 ",410%,451
2025,Floyd County,Water,"$8,802 ",$14 ,-85%,
2025,Floyd County,Fire,"$15,647 ",$24 ,-96%,
2025,Floyd County,Other,"$243,207 ",$379 ,386%,
2025,Floyd County,Wind,"$1,736,380 ","$2,709 ",202%,
2025,Floyd County,Total Paid Loss,"$2,004,036 ","$3,126 ",86%,641
2025,Foard County,Fire,$0 ,$0 ,0%,
2025,Foard County,Other,$0 ,$0 ,-100%,
2025,Foard County,Water,$0 ,$0 ,-100%,
2025,Foard County,Total Paid Loss,"$149,288 ",$889 ,-74%,168
2025,Foard County,Wind,"$149,288 ",$889 ,-74%,
2025,Fort Bend County,Other,"$13,436,786 ",$71 ,8%,
2025,Fort Bend County,Fire,"$24,325,541 ",$129 ,-10%,
2025,Fort Bend County,Water,"$38,095,993 ",$202 ,-18%,
2025,Fort Bend County,Wind,"$93,336,871 ",$496 ,-60%,
2025,Fort Bend County,Total Paid Loss,"$169,195,191 ",$899 ,-47%,"188,301"
2025,Franklin County,Other,"$68,358 ",$25 ,-13%,
2025,Franklin County,Fire,"$552,432 ",$200 ,177%,
2025,Franklin County,Water,"$743,129 ",$269 ,73%,
2025,Franklin County,Wind,"$1,182,606 ",$428 ,-10%,
2025,Franklin County,Total Paid Loss,"$2,546,525 ",$922 ,26%,"2,763"
2025,Freestone County,Other,"$251,262 ",$79 ,354%,
2025,Freestone County,Fire,"$475,929 ",$150 ,-61%,
2025,Freestone County,Water,"$792,746 ",$250 ,-16%,
2025,Freestone County,Wind,"$2,778,411 ",$875 ,50%,
2025,Freestone County,Total Paid Loss,"$4,298,348 ","$1,353 ",5%,"3,177"
2025,Frio County,Other,"$35,837 ",$26 ,-60%,
2025,Frio County,Water,"$172,374 ",$123 ,16%,
2025,Frio County,Fire,"$242,002 ",$173 ,9%,
2025,Frio County,Wind,"$636,552 ",$456 ,-85%,
2025,Frio County,Total Paid Loss,"$1,086,765 ",$778 ,-77%,"1,396"
2025,Gaines County,Water,"$148,609 ",$48 ,-34%,
2025,Gaines County,Fire,"$418,825 ",$135 ,29%,
2025,Gaines County,Other,"$544,174 ",$176 ,257%,
2025,Gaines County,Wind,"$1,442,683 ",$466 ,-67%,
2025,Gaines County,Total Paid Loss,"$2,554,291 ",$826 ,-49%,"3,094"
2025,Galveston County,Other,"$4,653,189 ",$52 ,-23%,
2025,Galveston County,Wind,"$9,261,438 ",$104 ,-49%,
2025,Galveston County,Water,"$15,749,224 ",$176 ,-15%,
2025,Galveston County,Fire,"$19,891,960 ",$222 ,51%,
2025,Galveston County,Total Paid Loss,"$49,555,811 ",$554 ,-11%,"89,449"
2025,Garza County,Fire,"($72,937)",($110),-125%,
2025,Garza County,Water,"$11,578 ",$17 ,-89%,
2025,Garza County,Other,"$200,000 ",$301 ,2970%,
2025,Garza County,Wind,"$1,226,916 ","$1,848 ",45%,
2025,Garza County,Total Paid Loss,"$1,365,557 ","$2,057 ",9%,664
2025,Gillespie County,Other,"$66,712 ",$10 ,-53%,
2025,Gillespie County,Water,"$753,064 ",$115 ,9%,
2025,Gillespie County,Fire,"$4,824,795 ",$738 ,138%,
2025,Gillespie County,Wind,"$17,100,768 ","$2,616 ",50%,
2025,Gillespie County,Total Paid Loss,"$22,745,339 ","$3,480 ",59%,"6,536"
2025,Glasscock County,Other,$0 ,$0 ,0%,
2025,Glasscock County,Water,$0 ,$0 ,-100%,
2025,Glasscock County,Wind,"$7,592 ",$113 ,-90%,
2025,Glasscock County,Fire,"$17,437 ",$260 ,0%,
2025,Glasscock County,Total Paid Loss,"$25,029 ",$374 ,-70%,67
2025,Goliad County,Other,"$8,058 ",$11 ,-16%,
2025,Goliad County,Wind,"$54,882 ",$76 ,-90%,
2025,Goliad County,Water,"$61,346 ",$85 ,44%,
2025,Goliad County,Fire,"$369,940 ",$512 ,10841%,
2025,Goliad County,Total Paid Loss,"$494,226 ",$684 ,-18%,723
2025,Gonzales County,Other,"$66,706 ",$33 ,9346%,
2025,Gonzales County,Water,"$147,667 ",$72 ,-10%,
2025,Gonzales County,Fire,"$204,068 ",$99 ,-69%,
2025,Gonzales County,Wind,"$540,472 ",$263 ,-57%,
2025,Gonzales County,Total Paid Loss,"$958,913 ",$467 ,-54%,"2,052"
2025,Gray County,Fire,"($19,033)",($5),-103%,
2025,Gray County,Other,"$134,023 ",$39 ,137%,
2025,Gray County,Water,"$246,359 ",$71 ,-41%,
2025,Gray County,Wind,"$1,931,413 ",$555 ,-66%,
2025,Gray County,Total Paid Loss,"$2,292,762 ",$659 ,-65%,"3,477"
2025,Grayson County,Other,"$2,601,563 ",$74 ,104%,
2025,Grayson County,Water,"$10,758,282 ",$308 ,10%,
2025,Grayson County,Fire,"$13,078,992 ",$374 ,16%,
2025,Grayson County,Wind,"$60,360,894 ","$1,726 ",24%,
2025,Grayson County,Total Paid Loss,"$86,799,731 ","$2,482 ",22%,"34,978"
2025,Gregg County,Other,"$1,132,230 ",$37 ,-12%,
2025,Gregg County,Fire,"$6,610,323 ",$214 ,-38%,
2025,Gregg County,Water,"$7,044,222 ",$228 ,-1%,
2025,Gregg County,Wind,"$13,515,724 ",$437 ,-52%,
2025,Gregg County,Total Paid Loss,"$28,302,499 ",$916 ,-40%,"30,896"
2025,Grimes County,Other,"$190,463 ",$36 ,64%,
2025,Grimes County,Fire,"$430,402 ",$80 ,-57%,
2025,Grimes County,Water,"$501,931 ",$94 ,25%,
2025,Grimes County,Wind,"$1,076,634 ",$201 ,-44%,
2025,Grimes County,Total Paid Loss,"$2,199,430 ",$410 ,-36%,"5,362"
2025,Guadalupe County,Other,"$1,571,780 ",$38 ,-21%,
2025,Guadalupe County,Fire,"$7,869,215 ",$193 ,116%,
2025,Guadalupe County,Water,"$9,966,246 ",$244 ,-12%,
2025,Guadalupe County,Wind,"$10,101,397 ",$247 ,-25%,
2025,Guadalupe County,Total Paid Loss,"$29,508,638 ",$722 ,-3%,"40,844"
2025,Hale County,Other,"$56,557 ",$13 ,-77%,
2025,Hale County,Water,"$196,189 ",$44 ,-54%,
2025,Hale County,Fire,"$460,677 ",$104 ,37%,
2025,Hale County,Wind,"$3,261,190 ",$737 ,53%,
2025,Hale County,Total Paid Loss,"$3,974,613 ",$898 ,27%,"4,425"
2025,Hall County,Other,$831 ,$2 ,-85%,
2025,Hall County,Fire,"$15,856 ",$42 ,-37%,
2025,Hall County,Water,"$18,298 ",$49 ,-36%,
2025,Hall County,Wind,"$88,396 ",$236 ,-73%,
2025,Hall County,Total Paid Loss,"$123,381 ",$330 ,-69%,374
2025,Hamilton County,Other,"$25,540 ",$20 ,71%,
2025,Hamilton County,Fire,"$77,072 ",$61 ,-82%,
2025,Hamilton County,Water,"$99,746 ",$79 ,34%,
2025,Hamilton County,Wind,"$797,776 ",$631 ,-78%,
2025,Hamilton County,Total Paid Loss,"$1,000,134 ",$791 ,-76%,"1,264"
2025,Hansford County,Other,"$4,530 ",$5 ,-61%,
2025,Hansford County,Water,"$6,058 ",$7 ,-85%,
2025,Hansford County,Fire,"$195,882 ",$224 ,-37%,
2025,Hansford County,Wind,"$820,199 ",$936 ,110%,
2025,Hansford County,Total Paid Loss,"$1,026,669 ","$1,172 ",36%,876
2025,Hardeman County,Other,"$23,320 ",$50 ,499%,
2025,Hardeman County,Water,"$108,474 ",$234 ,-67%,
2025,Hardeman County,Wind,"$232,107 ",$500 ,41%,
2025,Hardeman County,Fire,"$535,434 ","$1,154 ",3298%,
2025,Hardeman County,Total Paid Loss,"$899,335 ","$1,938 ",76%,464
2025,Hardin County,Other,"$647,905 ",$51 ,13%,
2025,Hardin County,Water,"$1,245,438 ",$99 ,-16%,
2025,Hardin County,Wind,"$2,711,706 ",$215 ,-53%,
2025,Hardin County,Fire,"$4,513,253 ",$358 ,83%,
2025,Hardin County,Total Paid Loss,"$9,118,302 ",$723 ,-12%,"12,617"
2025,Harris County,Other,"$53,549,588 ",$69 ,-22%,
2025,Harris County,Fire,"$139,198,294 ",$180 ,0%,
2025,Harris County,Water,"$148,055,403 ",$191 ,-10%,
2025,Harris County,Wind,"$380,003,155 ",$490 ,-60%,
2025,Harris County,Total Paid Loss,"$720,806,440 ",$930 ,-45%,"774,943"
2025,Harrison County,Other,"$559,517 ",$55 ,-21%,
2025,Harrison County,Water,"$1,063,794 ",$105 ,-57%,
2025,Harrison County,Fire,"$3,964,394 ",$390 ,13%,
2025,Harrison County,Wind,"$5,584,237 ",$549 ,-77%,
2025,Harrison County,Total Paid Loss,"$11,171,942 ","$1,099 ",-64%,"10,170"
2025,Hartley County,Water,$0 ,$0 ,-100%,
2025,Hartley County,Other,"$21,495 ",$190 ,212%,
2025,Hartley County,Wind,"$68,147 ",$603 ,-60%,
2025,Hartley County,Fire,"$71,125 ",$629 ,1127%,
2025,Hartley County,Total Paid Loss,"$160,767 ","$1,423 ",-17%,113
2025,Haskell County,Other,"$6,501 ",$8 ,-59%,
2025,Haskell County,Water,"$67,923 ",$82 ,114%,
2025,Haskell County,Fire,"$202,966 ",$246 ,6396%,
2025,Haskell County,Wind,"$1,121,071 ","$1,359 ",-19%,
2025,Haskell County,Total Paid Loss,"$1,398,461 ","$1,695 ",-2%,825
2025,Hays County,Other,"$3,358,145 ",$50 ,22%,
2025,Hays County,Fire,"$7,953,939 ",$119 ,-8%,
2025,Hays County,Water,"$14,913,725 ",$223 ,-1%,
2025,Hays County,Wind,"$47,249,954 ",$707 ,-73%,
2025,Hays County,Total Paid Loss,"$73,475,763 ","$1,099 ",-63%,"66,853"
2025,Hemphill County,Fire,"($5,243,026)","($8,782)",-146%,
2025,Hemphill County,Total Paid Loss,"($4,571,507)","($7,657)",-138%,597
2025,Hemphill County,Other,"$11,554 ",$19 ,-95%,
2025,Hemphill County,Water,"$128,704 ",$216 ,93%,
2025,Hemphill County,Wind,"$531,261 ",$890 ,388%,
2025,Henderson County,Other,"$1,850,886 ",$86 ,-14%,
2025,Henderson County,Water,"$6,126,683 ",$284 ,-22%,
2025,Henderson County,Fire,"$10,217,564 ",$474 ,60%,
2025,Henderson County,Wind,"$14,453,982 ",$671 ,-70%,
2025,Henderson County,Total Paid Loss,"$32,649,115 ","$1,516 ",-50%,"21,539"
2025,Hidalgo County,Other,"$5,743,777 ",$59 ,33%,
2025,Hidalgo County,Water,"$11,418,492 ",$117 ,3%,
2025,Hidalgo County,Fire,"$12,379,043 ",$127 ,18%,
2025,Hidalgo County,Wind,"$52,022,900 ",$534 ,-1%,
2025,Hidalgo County,Total Paid Loss,"$81,564,212 ",$837 ,4%,"97,440"
2025,Hill County,Other,"$235,028 ",$38 ,-49%,
2025,Hill County,Water,"$929,033 ",$150 ,-8%,
2025,Hill County,Fire,"$1,297,629 ",$209 ,-55%,
2025,Hill County,Wind,"$5,407,651 ",$872 ,-32%,
2025,Hill County,Total Paid Loss,"$7,869,341 ","$1,269 ",-36%,"6,202"
2025,Hockley County,Other,"$74,684 ",$22 ,-24%,
2025,Hockley County,Fire,"$267,349 ",$80 ,6%,
2025,Hockley County,Water,"$605,151 ",$182 ,262%,
2025,Hockley County,Wind,"$8,064,221 ","$2,420 ",-83%,
2025,Hockley County,Total Paid Loss,"$9,011,405 ","$2,704 ",-81%,"3,333"
2025,Hood County,Other,"$1,025,574 ",$54 ,31%,
2025,Hood County,Water,"$5,656,858 ",$300 ,13%,
2025,Hood County,Fire,"$6,767,971 ",$359 ,30%,
2025,Hood County,Wind,"$53,416,730 ","$2,833 ",-45%,
2025,Hood County,Total Paid Loss,"$66,867,133 ","$3,546 ",-38%,"18,857"
2025,Hopkins County,Other,"$815,998 ",$133 ,188%,
2025,Hopkins County,Water,"$1,651,656 ",$269 ,7%,
2025,Hopkins County,Fire,"$3,433,905 ",$559 ,39%,
2025,Hopkins County,Wind,"$4,786,072 ",$780 ,-11%,
2025,Hopkins County,Total Paid Loss,"$10,687,631 ","$1,741 ",11%,"6,139"
2025,Houston County,Other,"$140,560 ",$40 ,-82%,
2025,Houston County,Fire,"$399,998 ",$114 ,-48%,
2025,Houston County,Water,"$566,743 ",$161 ,-14%,
2025,Houston County,Wind,"$865,898 ",$246 ,-41%,
2025,Houston County,Total Paid Loss,"$1,973,199 ",$561 ,-47%,"3,517"
2025,Howard County,Other,"$473,195 ",$100 ,49%,
2025,Howard County,Water,"$578,296 ",$123 ,7%,
2025,Howard County,Fire,"$1,152,507 ",$244 ,15%,
2025,Howard County,Wind,"$19,400,467 ","$4,114 ",962%,
2025,Howard County,Total Paid Loss,"$21,604,465 ","$4,581 ",485%,"4,716"
2025,Hudspeth County,Fire,$0 ,$0 ,0%,
2025,Hudspeth County,Other,$0 ,$0 ,0%,
2025,Hudspeth County,Water,$0 ,$0 ,-100%,
2025,Hudspeth County,Total Paid Loss,"$55,083 ",$483 ,43%,114
2025,Hudspeth County,Wind,"$55,083 ",$483 ,72%,
2025,Hunt County,Other,"$743,412 ",$41 ,-54%,
2025,Hunt County,Water,"$4,766,632 ",$262 ,1%,
2025,Hunt County,Fire,"$5,455,811 ",$300 ,-27%,
2025,Hunt County,Wind,"$10,656,951 ",$585 ,-46%,
2025,Hunt County,Total Paid Loss,"$21,622,806 ","$1,188 ",-35%,"18,202"
2025,Hutchinson County,Other,"$89,687 ",$21 ,-59%,
2025,Hutchinson County,Water,"$292,839 ",$69 ,-40%,
2025,Hutchinson County,Fire,"$295,656 ",$70 ,-98%,
2025,Hutchinson County,Wind,"$2,769,336 ",$655 ,-58%,
2025,Hutchinson County,Total Paid Loss,"$3,447,518 ",$815 ,-87%,"4,231"
2025,Irion County,Fire,$0 ,$0 ,-100%,
2025,Irion County,Water,$614 ,$3 ,-98%,
2025,Irion County,Other,"$3,887 ",$20 ,0%,
2025,Irion County,Wind,"$173,592 ",$877 ,-7%,
2025,Irion County,Total Paid Loss,"$178,093 ",$899 ,-21%,198
2025,Jack County,Other,"$31,409 ",$28 ,122%,
2025,Jack County,Water,"$264,648 ",$240 ,-19%,
2025,Jack County,Fire,"$382,933 ",$347 ,23%,
2025,Jack County,Wind,"$874,830 ",$793 ,-34%,
2025,Jack County,Total Paid Loss,"$1,553,820 ","$1,409 ",-21%,"1,103"
2025,Jackson County,Water,"$47,382 ",$28 ,-72%,
2025,Jackson County,Other,"$48,658 ",$28 ,-52%,
2025,Jackson County,Wind,"$143,165 ",$83 ,-75%,
2025,Jackson County,Fire,"$158,514 ",$92 ,-79%,
2025,Jackson County,Total Paid Loss,"$397,719 ",$231 ,-75%,"1,719"
2025,Jasper County,Other,"$85,152 ",$12 ,-88%,
2025,Jasper County,Water,"$810,983 ",$117 ,-40%,
2025,Jasper County,Wind,"$1,836,598 ",$265 ,-64%,
2025,Jasper County,Fire,"$2,076,526 ",$300 ,60%,
2025,Jasper County,Total Paid Loss,"$4,809,259 ",$694 ,-43%,"6,925"
2025,Jeff Davis County,Fire,$0 ,$0 ,0%,
2025,Jeff Davis County,Water,$0 ,$0 ,-100%,
2025,Jeff Davis County,Other,$709 ,$1 ,-97%,
2025,Jeff Davis County,Wind,"$105,400 ",$203 ,23%,
2025,Jeff Davis County,Total Paid Loss,"$106,109 ",$204 ,-57%,519
2025,Jefferson County,Other,"$1,894,707 ",$44 ,4%,
2025,Jefferson County,Wind,"$3,492,352 ",$80 ,-65%,
2025,Jefferson County,Water,"$5,273,929 ",$121 ,3%,
2025,Jefferson County,Fire,"$9,128,964 ",$210 ,15%,
2025,Jefferson County,Total Paid Loss,"$19,789,952 ",$455 ,-21%,"43,484"
2025,Jim Hogg County,Other,$0 ,$0 ,-100%,
2025,Jim Hogg County,Fire,"$3,300 ",$9 ,-99%,
2025,Jim Hogg County,Water,"$8,058 ",$21 ,-54%,
2025,Jim Hogg County,Wind,"$12,772 ",$34 ,-24%,
2025,Jim Hogg County,Total Paid Loss,"$24,130 ",$64 ,-94%,377
2025,Jim Wells County,Fire,"$39,766 ",$8 ,-94%,
2025,Jim Wells County,Other,"$274,975 ",$54 ,1363%,
2025,Jim Wells County,Water,"$318,940 ",$62 ,-41%,
2025,Jim Wells County,Wind,"$5,959,993 ","$1,166 ",950%,
2025,Jim Wells County,Total Paid Loss,"$6,593,674 ","$1,290 ",272%,"5,111"
2025,Johnson County,Other,"$2,898,835 ",$60 ,18%,
2025,Johnson County,Fire,"$9,935,057 ",$204 ,-17%,
2025,Johnson County,Water,"$10,192,050 ",$210 ,-9%,
2025,Johnson County,Wind,"$149,865,462 ","$3,084 ",251%,
2025,Johnson County,Total Paid Loss,"$172,891,404 ","$3,558 ",153%,"48,595"
2025,Jones County,Fire,"$125,261 ",$60 ,-30%,
2025,Jones County,Water,"$278,944 ",$133 ,137%,
2025,Jones County,Other,"$413,654 ",$198 ,581%,
2025,Jones County,Wind,"$3,227,479 ","$1,542 ",-57%,
2025,Jones County,Total Paid Loss,"$4,045,338 ","$1,933 ",-48%,"2,093"
2025,Karnes County,Fire,"$1,500 ",$1 ,-98%,
2025,Karnes County,Other,"$14,540 ",$12 ,147%,
2025,Karnes County,Water,"$342,180 ",$278 ,177%,
2025,Karnes County,Wind,"$2,017,441 ","$1,636 ",1192%,
2025,Karnes County,Total Paid Loss,"$2,375,661 ","$1,927 ",573%,"1,233"
2025,Kaufman County,Other,"$2,982,474 ",$66 ,-9%,
2025,Kaufman County,Water,"$8,721,906 ",$193 ,-18%,
2025,Kaufman County,Fire,"$10,256,622 ",$227 ,45%,
2025,Kaufman County,Wind,"$41,492,463 ",$920 ,-54%,
2025,Kaufman County,Total Paid Loss,"$63,453,465 ","$1,407 ",-43%,"45,114"
2025,Kendall County,Other,"$1,155,435 ",$79 ,51%,
2025,Kendall County,Fire,"$2,662,576 ",$182 ,2%,
2025,Kendall County,Water,"$3,314,340 ",$226 ,-36%,
2025,Kendall County,Wind,"$5,284,231 ",$361 ,42%,
2025,Kendall County,Total Paid Loss,"$12,416,582 ",$848 ,1%,"14,649"
2025,Kenedy County,Fire,$0 ,$0 ,0%,
2025,Kenedy County,Other,$0 ,$0 ,-100%,
2025,Kenedy County,Total Paid Loss,$0 ,$0 ,-100%,19
2025,Kenedy County,Water,$0 ,$0 ,0%,
2025,Kenedy County,Wind,$0 ,$0 ,0%,
2025,Kent County,Fire,$0 ,$0 ,-100%,
2025,Kent County,Other,$0 ,$0 ,0%,
2025,Kent County,Water,"$2,307 ",$24 ,-79%,
2025,Kent County,Wind,"$152,182 ","$1,602 ",43%,
2025,Kent County,Total Paid Loss,"$154,489 ","$1,626 ",26%,95
2025,Kerr County,Other,"$601,497 ",$48 ,64%,
2025,Kerr County,Fire,"$1,502,567 ",$119 ,30%,
2025,Kerr County,Water,"$1,551,170 ",$123 ,-25%,
2025,Kerr County,Wind,"$51,760,786 ","$4,095 ",722%,
2025,Kerr County,Total Paid Loss,"$55,416,020 ","$4,384 ",461%,"12,641"
2025,Kimble County,Other,$892 ,$2 ,-94%,
2025,Kimble County,Water,"$2,544 ",$5 ,0%,
2025,Kimble County,Fire,"$191,790 ",$385 ,193%,
2025,Kimble County,Wind,"$281,619 ",$566 ,-37%,
2025,Kimble County,Total Paid Loss,"$476,845 ",$958 ,-10%,498
2025,King County,Other,$0 ,$0 ,0%,
2025,King County,Water,$0 ,$0 ,0%,
2025,King County,Wind,$0 ,$0 ,0%,
2025,King County,Fire,"$321,732 ","$22,981 ",0%,
2025,King County,Total Paid Loss,"$321,732 ","$22,981 ",0%,14
2025,Kinney County,Other,$0 ,$0 ,-100%,
2025,Kinney County,Fire,"$15,882 ",$28 ,-67%,
2025,Kinney County,Water,"$27,643 ",$49 ,11%,
2025,Kinney County,Wind,"$133,665 ",$235 ,385%,
2025,Kinney County,Total Paid Loss,"$177,190 ",$312 ,21%,568
2025,Kleberg County,Other,"$84,796 ",$21 ,-33%,
2025,Kleberg County,Water,"$245,730 ",$62 ,81%,
2025,Kleberg County,Wind,"$419,237 ",$105 ,261%,
2025,Kleberg County,Fire,"$567,745 ",$143 ,189%,
2025,Kleberg County,Total Paid Loss,"$1,317,508 ",$331 ,129%,"3,980"
2025,Knox County,Water,"$6,941 ",$14 ,-77%,
2025,Knox County,Other,"$9,053 ",$19 ,-86%,
2025,Knox County,Fire,"$42,588 ",$89 ,-42%,
2025,Knox County,Wind,"$1,869,524 ","$3,895 ",0%,
2025,Knox County,Total Paid Loss,"$1,928,106 ","$4,017 ",-6%,480
2025,La Salle County,Other,"$3,949 ",$10 ,0%,
2025,La Salle County,Fire,"$26,095 ",$67 ,-82%,
2025,La Salle County,Water,"$27,676 ",$72 ,303%,
2025,La Salle County,Wind,"$77,152 ",$199 ,21%,
2025,La Salle County,Total Paid Loss,"$134,872 ",$349 ,-38%,387
2025,Lamar County,Other,"$916,244 ",$103 ,73%,
2025,Lamar County,Water,"$1,475,676 ",$166 ,-17%,
2025,Lamar County,Fire,"$2,121,145 ",$239 ,33%,
2025,Lamar County,Wind,"$4,404,491 ",$496 ,-64%,
2025,Lamar County,Total Paid Loss,"$8,917,556 ","$1,005 ",-45%,"8,873"
2025,Lamb County,Other,"$39,512 ",$24 ,210%,
2025,Lamb County,Water,"$123,049 ",$76 ,-45%,
2025,Lamb County,Fire,"$219,108 ",$136 ,-13%,
2025,Lamb County,Wind,"$10,588,659 ","$6,565 ",1571%,
2025,Lamb County,Total Paid Loss,"$10,970,328 ","$6,801 ",878%,"1,613"
2025,Lampasas County,Other,"$208,034 ",$40 ,-50%,
2025,Lampasas County,Water,"$469,444 ",$90 ,-27%,
2025,Lampasas County,Fire,"$856,931 ",$164 ,22%,
2025,Lampasas County,Wind,"$6,546,558 ","$1,251 ",-9%,
2025,Lampasas County,Total Paid Loss,"$8,080,967 ","$1,545 ",-10%,"5,231"
2025,Lavaca County,Water,"$23,414 ",$15 ,-83%,
2025,Lavaca County,Other,"$27,905 ",$18 ,8%,
2025,Lavaca County,Fire,"$52,070 ",$33 ,319%,
2025,Lavaca County,Wind,"$359,973 ",$227 ,-12%,
2025,Lavaca County,Total Paid Loss,"$463,362 ",$292 ,-21%,"1,585"
2025,Lee County,Other,"$5,017 ",$2 ,-97%,
2025,Lee County,Water,"$186,394 ",$86 ,-54%,
2025,Lee County,Fire,"$362,528 ",$167 ,620%,
2025,Lee County,Wind,"$1,279,039 ",$588 ,-82%,
2025,Lee County,Total Paid Loss,"$1,832,978 ",$843 ,-76%,"2,174"
2025,Leon County,Other,"$30,454 ",$9 ,-36%,
2025,Leon County,Water,"$527,708 ",$155 ,-31%,
2025,Leon County,Fire,"$1,310,331 ",$384 ,145%,
2025,Leon County,Wind,"$2,102,048 ",$616 ,-22%,
2025,Leon County,Total Paid Loss,"$3,970,541 ","$1,163 ",-2%,"3,415"
2025,Liberty County,Other,"$1,126,687 ",$69 ,-42%,
2025,Liberty County,Water,"$1,688,507 ",$103 ,-1%,
2025,Liberty County,Wind,"$3,828,931 ",$233 ,-71%,
2025,Liberty County,Fire,"$5,163,327 ",$314 ,-14%,
2025,Liberty County,Total Paid Loss,"$11,807,452 ",$718 ,-49%,"16,436"
2025,Limestone County,Other,"$514,372 ",$160 ,27%,
2025,Limestone County,Water,"$527,815 ",$164 ,-3%,
2025,Limestone County,Fire,"$1,067,751 ",$331 ,-7%,
2025,Limestone County,Wind,"$5,100,903 ","$1,584 ",91%,
2025,Limestone County,Total Paid Loss,"$7,210,841 ","$2,239 ",51%,"3,221"
2025,Lipscomb County,Fire,$0 ,$0 ,-100%,
2025,Lipscomb County,Other,"$3,035 ",$7 ,0%,
2025,Lipscomb County,Water,"$14,788 ",$33 ,-84%,
2025,Lipscomb County,Wind,"$139,342 ",$307 ,-29%,
2025,Lipscomb County,Total Paid Loss,"$157,165 ",$346 ,-46%,454
2025,Live Oak County,Other,"$29,988 ",$36 ,821%,
2025,Live Oak County,Wind,"$62,048 ",$75 ,-66%,
2025,Live Oak County,Fire,"$66,174 ",$80 ,-63%,
2025,Live Oak County,Water,"$125,814 ",$153 ,2304%,
2025,Live Oak County,Total Paid Loss,"$284,024 ",$345 ,-22%,823
2025,Llano County,Other,"$473,607 ",$47 ,27%,
2025,Llano County,Water,"$1,927,932 ",$192 ,5%,
2025,Llano County,Fire,"$2,186,915 ",$218 ,17%,
2025,Llano County,Wind,"$12,117,508 ","$1,207 ",-54%,
2025,Llano County,Total Paid Loss,"$16,705,962 ","$1,663 ",-45%,"10,043"
2025,Loving County,Fire,$0 ,$0 ,0%,
2025,Loving County,Other,$0 ,$0 ,0%,
2025,Loving County,Total Paid Loss,$0 ,$0 ,0%,4
2025,Loving County,Water,$0 ,$0 ,0%,
2025,Loving County,Wind,$0 ,$0 ,0%,
2025,Lubbock County,Other,"$3,017,504 ",$48 ,58%,
2025,Lubbock County,Water,"$6,068,162 ",$96 ,-12%,
2025,Lubbock County,Fire,"$8,140,814 ",$129 ,62%,
2025,Lubbock County,Wind,"$380,144,444 ","$6,013 ",621%,
2025,Lubbock County,Total Paid Loss,"$397,370,924 ","$6,285 ",497%,"63,223"
2025,Lynn County,Other,"$13,673 ",$13 ,148%,
2025,Lynn County,Fire,"$26,567 ",$25 ,-55%,
2025,Lynn County,Water,"$80,757 ",$76 ,8%,
2025,Lynn County,Wind,"$3,302,318 ","$3,118 ",-54%,
2025,Lynn County,Total Paid Loss,"$3,423,315 ","$3,233 ",-54%,"1,059"
2025,Madison County,Other,"$165,192 ",$116 ,134%,
2025,Madison County,Fire,"$253,272 ",$177 ,-69%,
2025,Madison County,Water,"$305,281 ",$213 ,-5%,
2025,Madison County,Wind,"$701,769 ",$491 ,5%,
2025,Madison County,Total Paid Loss,"$1,425,514 ",$997 ,-24%,"1,430"
2025,Marion County,Other,"$19,345 ",$8 ,3688%,
2025,Marion County,Water,"$155,545 ",$68 ,-53%,
2025,Marion County,Wind,"$318,369 ",$140 ,-69%,
2025,Marion County,Fire,"$641,068 ",$281 ,-7%,
2025,Marion County,Total Paid Loss,"$1,134,327 ",$497 ,-45%,"2,281"
2025,Martin County,Other,$0 ,$0 ,-100%,
2025,Martin County,Water,"$8,623 ",$11 ,6%,
2025,Martin County,Fire,"$62,905 ",$77 ,203%,
2025,Martin County,Wind,"$3,260,411 ","$4,010 ",1703%,
2025,Martin County,Total Paid Loss,"$3,331,939 ","$4,098 ",1310%,813
2025,Mason County,Other,"$2,824 ",$4 ,-84%,
2025,Mason County,Fire,"$12,255 ",$19 ,-57%,
2025,Mason County,Water,"$137,453 ",$217 ,36%,
2025,Mason County,Wind,"$667,076 ","$1,054 ",-17%,
2025,Mason County,Total Paid Loss,"$819,608 ","$1,295 ",-14%,633
2025,Matagorda County,Wind,"$482,007 ",$66 ,-74%,
2025,Matagorda County,Other,"$664,440 ",$91 ,224%,
2025,Matagorda County,Fire,"$1,325,810 ",$182 ,-5%,
2025,Matagorda County,Water,"$1,588,702 ",$218 ,41%,
2025,Matagorda County,Total Paid Loss,"$4,060,959 ",$557 ,-12%,"7,285"
2025,Maverick County,Other,"$206,440 ",$36 ,-71%,
2025,Maverick County,Fire,"$391,765 ",$69 ,21%,
2025,Maverick County,Water,"$423,610 ",$75 ,10%,
2025,Maverick County,Wind,"$1,830,800 ",$324 ,-37%,
2025,Maverick County,Total Paid Loss,"$2,852,615 ",$504 ,-34%,"5,658"
2025,McCulloch County,Other,$482 ,$0 ,-91%,
2025,McCulloch County,Water,"$111,372 ",$99 ,-26%,
2025,McCulloch County,Fire,"$280,365 ",$249 ,-55%,
2025,McCulloch County,Wind,"$846,663 ",$753 ,-44%,
2025,McCulloch County,Total Paid Loss,"$1,238,882 ","$1,101 ",-46%,"1,125"
2025,McLennan County,Other,"$3,427,475 ",$72 ,6%,
2025,McLennan County,Water,"$7,404,410 ",$155 ,-6%,
2025,McLennan County,Fire,"$16,638,628 ",$348 ,26%,
2025,McLennan County,Wind,"$30,687,564 ",$642 ,8%,
2025,McLennan County,Total Paid Loss,"$58,158,077 ","$1,216 ",10%,"47,827"
2025,McMullen County,Fire,$0 ,$0 ,0%,
2025,McMullen County,Other,$0 ,$0 ,-100%,
2025,McMullen County,Water,$0 ,$0 ,0%,
2025,McMullen County,Total Paid Loss,"$90,389 ",$982 ,4595%,92
2025,McMullen County,Wind,"$90,389 ",$982 ,0%,
2025,Medina County,Other,"$1,080,832 ",$129 ,90%,
2025,Medina County,Fire,"$1,160,515 ",$139 ,-32%,
2025,Medina County,Water,"$1,267,835 ",$152 ,-21%,
2025,Medina County,Wind,"$2,750,230 ",$329 ,-5%,
2025,Medina County,Total Paid Loss,"$6,259,412 ",$750 ,-8%,"8,347"
2025,Menard County,Fire,$0 ,$0 ,-100%,
2025,Menard County,Water,$0 ,$0 ,0%,
2025,Menard County,Other,"$9,152 ",$29 ,-81%,
2025,Menard County,Wind,"$435,052 ","$1,399 ",-3%,
2025,Menard County,Total Paid Loss,"$444,204 ","$1,428 ",-18%,311
2025,Midland County,Other,"$1,187,808 ",$33 ,-11%,
2025,Midland County,Water,"$3,082,248 ",$86 ,-6%,
2025,Midland County,Fire,"$4,858,458 ",$135 ,7%,
2025,Midland County,Wind,"$44,114,045 ","$1,228 ",-59%,
2025,Midland County,Total Paid Loss,"$53,242,559 ","$1,482 ",-55%,"35,919"
2025,Milam County,Other,"$46,839 ",$14 ,-79%,
2025,Milam County,Water,"$305,773 ",$92 ,-34%,
2025,Milam County,Wind,"$660,472 ",$198 ,-42%,
2025,Milam County,Fire,"$678,409 ",$203 ,-62%,
2025,Milam County,Total Paid Loss,"$1,691,493 ",$507 ,-53%,"3,336"
2025,Mills County,Other,"$1,935 ",$3 ,-86%,
2025,Mills County,Fire,"$11,428 ",$19 ,-77%,
2025,Mills County,Water,"$75,947 ",$126 ,-5%,
2025,Mills County,Wind,"$208,218 ",$344 ,-32%,
2025,Mills County,Total Paid Loss,"$297,528 ",$492 ,-34%,605
2025,Mitchell County,Other,"$2,400 ",$3 ,-76%,
2025,Mitchell County,Water,"$84,793 ",$103 ,963%,
2025,Mitchell County,Wind,"$350,416 ",$427 ,-46%,
2025,Mitchell County,Fire,"$467,862 ",$570 ,3868%,
2025,Mitchell County,Total Paid Loss,"$905,471 ","$1,103 ",34%,821
2025,Montague County,Other,"$211,477 ",$45 ,-54%,
2025,Montague County,Fire,"$407,931 ",$87 ,-57%,
2025,Montague County,Water,"$952,785 ",$203 ,45%,
2025,Montague County,Wind,"$6,360,606 ","$1,354 ",41%,
2025,Montague County,Total Paid Loss,"$7,932,799 ","$1,689 ",20%,"4,697"
2025,Montgomery County,Other,"$10,153,036 ",$59 ,-33%,
2025,Montgomery County,Fire,"$30,915,741 ",$180 ,5%,
2025,Montgomery County,Water,"$36,177,568 ",$211 ,-24%,
2025,Montgomery County,Wind,"$117,034,701 ",$682 ,-47%,
2025,Montgomery County,Total Paid Loss,"$194,281,046 ","$1,133 ",-38%,"171,529"
2025,Moore County,Water,"$220,140 ",$68 ,-6%,
2025,Moore County,Other,"$303,534 ",$93 ,252%,
2025,Moore County,Fire,"$512,181 ",$157 ,580%,
2025,Moore County,Wind,"$19,986,780 ","$6,129 ",516%,
2025,Moore County,Total Paid Loss,"$21,022,635 ","$6,447 ",477%,"3,261"
2025,Morris County,Other,"$46,485 ",$19 ,-68%,
2025,Morris County,Fire,"$253,711 ",$106 ,-81%,
2025,Morris County,Water,"$314,976 ",$132 ,15%,
2025,Morris County,Wind,"$4,013,676 ","$1,676 ",134%,
2025,Morris County,Total Paid Loss,"$4,628,848 ","$1,933 ",33%,"2,395"
2025,Motley County,Fire,$0 ,$0 ,0%,
2025,Motley County,Other,$0 ,$0 ,0%,
2025,Motley County,Water,$0 ,$0 ,0%,
2025,Motley County,Total Paid Loss,"$59,847 ",$389 ,-84%,154
2025,Motley County,Wind,"$59,847 ",$389 ,-84%,
2025,Nacogdoches County,Other,"$449,548 ",$45 ,-16%,
2025,Nacogdoches County,Water,"$1,749,743 ",$173 ,-13%,
2025,Nacogdoches County,Fire,"$3,368,811 ",$334 ,72%,
2025,Nacogdoches County,Wind,"$3,684,323 ",$365 ,-31%,
2025,Nacogdoches County,Total Paid Loss,"$9,252,425 ",$917 ,-6%,"10,086"
2025,Navarro County,Other,"$263,678 ",$34 ,60%,
2025,Navarro County,Water,"$1,283,551 ",$167 ,-16%,
2025,Navarro County,Fire,"$2,854,186 ",$372 ,135%,
2025,Navarro County,Wind,"$5,484,718 ",$715 ,-47%,
2025,Navarro County,Total Paid Loss,"$9,886,133 ","$1,288 ",-26%,"7,676"
2025,Newton County,Other,"$71,703 ",$45 ,27%,
2025,Newton County,Water,"$106,958 ",$66 ,-64%,
2025,Newton County,Wind,"$503,226 ",$313 ,-75%,
2025,Newton County,Fire,"$550,737 ",$342 ,-37%,
2025,Newton County,Total Paid Loss,"$1,232,624 ",$766 ,-62%,"1,610"
2025,Nolan County,Other,"$87,668 ",$38 ,-36%,
2025,Nolan County,Water,"$191,507 ",$84 ,-55%,
2025,Nolan County,Fire,"$655,310 ",$287 ,214%,
2025,Nolan County,Wind,"$989,739 ",$433 ,-42%,
2025,Nolan County,Total Paid Loss,"$1,924,224 ",$841 ,-23%,"2,287"
2025,Nueces County,Wind,"$1,173,462 ",$18 ,46%,
2025,Nueces County,Other,"$2,998,440 ",$46 ,16%,
2025,Nueces County,Water,"$5,038,657 ",$78 ,2%,
2025,Nueces County,Fire,"$9,805,237 ",$151 ,16%,
2025,Nueces County,Total Paid Loss,"$19,015,796 ",$293 ,14%,"65,007"
2025,Ochiltree County,Other,"$22,368 ",$15 ,-48%,
2025,Ochiltree County,Water,"$107,963 ",$72 ,7%,
2025,Ochiltree County,Fire,"$347,461 ",$231 ,189%,
2025,Ochiltree County,Wind,"$835,662 ",$556 ,-66%,
2025,Ochiltree County,Total Paid Loss,"$1,313,454 ",$873 ,-51%,"1,504"
2025,Oldham County,Other,"$20,211 ",$62 ,-30%,
2025,Oldham County,Water,"$47,500 ",$146 ,298%,
2025,Oldham County,Fire,"$50,537 ",$155 ,124%,
2025,Oldham County,Wind,"$2,880,436 ","$8,863 ",4533%,
2025,Oldham County,Total Paid Loss,"$2,998,684 ","$9,227 ",2288%,325
2025,Orange County,Other,"$1,012,009 ",$59 ,36%,
2025,Orange County,Water,"$1,231,869 ",$72 ,0%,
2025,Orange County,Wind,"$1,371,746 ",$80 ,-53%,
2025,Orange County,Fire,"$4,968,435 ",$288 ,12%,
2025,Orange County,Total Paid Loss,"$8,584,059 ",$498 ,-8%,"17,226"
2025,Palo Pinto County,Other,"$506,660 ",$73 ,119%,
2025,Palo Pinto County,Fire,"$1,779,456 ",$257 ,5%,
2025,Palo Pinto County,Water,"$2,317,830 ",$334 ,103%,
2025,Palo Pinto County,Wind,"$11,564,308 ","$1,667 ",18%,
2025,Palo Pinto County,Total Paid Loss,"$16,168,254 ","$2,331 ",25%,"6,936"
2025,Panola County,Other,"$114,065 ",$27 ,-81%,
2025,Panola County,Water,"$654,134 ",$156 ,-13%,
2025,Panola County,Fire,"$3,254,978 ",$777 ,3%,
2025,Panola County,Wind,"$4,319,065 ","$1,031 ",8%,
2025,Panola County,Total Paid Loss,"$8,342,242 ","$1,991 ",-2%,"4,190"
2025,Parker County,Other,"$3,563,221 ",$90 ,97%,
2025,Parker County,Water,"$7,853,459 ",$199 ,-19%,
2025,Parker County,Fire,"$8,909,233 ",$225 ,-19%,
2025,Parker County,Wind,"$145,216,739 ","$3,675 ",229%,
2025,Parker County,Total Paid Loss,"$165,542,652 ","$4,190 ",148%,"39,511"
2025,Parmer County,Other,"$5,650 ",$6 ,-14%,
2025,Parmer County,Water,"$176,937 ",$179 ,286%,
2025,Parmer County,Fire,"$616,986 ",$624 ,183%,
2025,Parmer County,Wind,"$701,289 ",$709 ,74%,
2025,Parmer County,Total Paid Loss,"$1,500,862 ","$1,518 ",123%,989
2025,Pecos County,Other,"$7,835 ",$4 ,-90%,
2025,Pecos County,Water,"$73,232 ",$42 ,-44%,
2025,Pecos County,Fire,"$306,864 ",$175 ,-12%,
2025,Pecos County,Wind,"$3,547,207 ","$2,027 ",165%,
2025,Pecos County,Total Paid Loss,"$3,935,138 ","$2,249 ",107%,"1,750"
2025,Polk County,Other,"$483,999 ",$52 ,-33%,
2025,Polk County,Water,"$1,074,597 ",$116 ,-18%,
2025,Polk County,Fire,"$2,164,667 ",$233 ,-10%,
2025,Polk County,Wind,"$5,084,785 ",$548 ,-50%,
2025,Polk County,Total Paid Loss,"$8,808,048 ",$949 ,-39%,"9,285"
2025,Potter County,Other,"$442,287 ",$22 ,-50%,
2025,Potter County,Fire,"$2,697,053 ",$136 ,-27%,
2025,Potter County,Water,"$2,847,578 ",$144 ,17%,
2025,Potter County,Wind,"$61,260,610 ","$3,088 ",508%,
2025,Potter County,Total Paid Loss,"$67,247,528 ","$3,390 ",294%,"19,837"
2025,Presidio County,Fire,$0 ,$0 ,0%,
2025,Presidio County,Other,"$22,967 ",$36 ,0%,
2025,Presidio County,Water,"$45,435 ",$72 ,1058%,
2025,Presidio County,Wind,"$121,477 ",$192 ,8%,
2025,Presidio County,Total Paid Loss,"$189,879 ",$299 ,63%,634
2025,Rains County,Other,"$122,614 ",$48 ,979%,
2025,Rains County,Water,"$340,140 ",$134 ,4%,
2025,Rains County,Fire,"$878,897 ",$346 ,-17%,
2025,Rains County,Wind,"$2,023,397 ",$797 ,46%,
2025,Rains County,Total Paid Loss,"$3,365,048 ","$1,325 ",21%,"2,540"
2025,Randall County,Other,"$1,737,334 ",$45 ,27%,
2025,Randall County,Fire,"$4,912,714 ",$127 ,9%,
2025,Randall County,Water,"$5,324,608 ",$138 ,-3%,
2025,Randall County,Wind,"$126,552,407 ","$3,270 ",610%,
2025,Randall County,Total Paid Loss,"$138,527,063 ","$3,580 ",375%,"38,697"
2025,Reagan County,Other,$0 ,$0 ,-100%,
2025,Reagan County,Water,"$4,409 ",$13 ,979%,
2025,Reagan County,Fire,"$4,710 ",$14 ,-89%,
2025,Reagan County,Wind,"$62,523 ",$180 ,4%,
2025,Reagan County,Total Paid Loss,"$71,642 ",$206 ,-34%,347
2025,Real County,Other,$0 ,$0 ,-100%,
2025,Real County,Fire,"$82,118 ",$101 ,238%,
2025,Real County,Water,"$108,531 ",$133 ,-57%,
2025,Real County,Wind,"$111,366 ",$136 ,105%,
2025,Real County,Total Paid Loss,"$302,015 ",$370 ,-11%,816
2025,Red River County,Other,"$165,923 ",$92 ,48%,
2025,Red River County,Water,"$348,359 ",$192 ,86%,
2025,Red River County,Wind,"$594,521 ",$328 ,-84%,
2025,Red River County,Fire,"$825,176 ",$455 ,-52%,
2025,Red River County,Total Paid Loss,"$1,933,979 ","$1,067 ",-66%,"1,813"
2025,Reeves County,Other,"$17,245 ",$14 ,-64%,
2025,Reeves County,Fire,"$38,219 ",$31 ,546%,
2025,Reeves County,Water,"$60,702 ",$50 ,24%,
2025,Reeves County,Wind,"$469,586 ",$385 ,-77%,
2025,Reeves County,Total Paid Loss,"$585,752 ",$480 ,-73%,"1,221"
2025,Refugio County,Fire,$0 ,$0 ,-100%,
2025,Refugio County,Other,"$11,632 ",$8 ,-8%,
2025,Refugio County,Wind,"$31,965 ",$23 ,-88%,
2025,Refugio County,Water,"$70,899 ",$52 ,-3%,
2025,Refugio County,Total Paid Loss,"$114,496 ",$84 ,-69%,"1,369"
2025,Roberts County,Fire,$0 ,$0 ,0%,
2025,Roberts County,Other,"$3,887 ",$29 ,165%,
2025,Roberts County,Water,"$6,150 ",$46 ,-84%,
2025,Roberts County,Wind,"$106,062 ",$786 ,-53%,
2025,Roberts County,Total Paid Loss,"$116,099 ",$860 ,-56%,135
2025,Robertson County,Other,"$41,822 ",$17 ,10%,
2025,Robertson County,Water,"$74,523 ",$30 ,-80%,
2025,Robertson County,Fire,"$116,594 ",$46 ,199%,
2025,Robertson County,Wind,"$976,186 ",$387 ,-39%,
2025,Robertson County,Total Paid Loss,"$1,209,125 ",$479 ,-41%,"2,522"
2025,Rockwall County,Other,"$1,446,802 ",$36 ,-64%,
2025,Rockwall County,Fire,"$11,132,369 ",$280 ,16%,
2025,Rockwall County,Water,"$13,992,081 ",$352 ,-13%,
2025,Rockwall County,Wind,"$30,067,215 ",$757 ,-48%,
2025,Rockwall County,Total Paid Loss,"$56,638,467 ","$1,426 ",-35%,"39,707"
2025,Runnels County,Fire,"$15,230 ",$10 ,-94%,
2025,Runnels County,Water,"$94,882 ",$64 ,-6%,
2025,Runnels County,Other,"$126,322 ",$86 ,97%,
2025,Runnels County,Wind,"$893,859 ",$605 ,-81%,
2025,Runnels County,Total Paid Loss,"$1,130,293 ",$765 ,-78%,"1,477"
2025,Rusk County,Other,"$411,759 ",$53 ,-2%,
2025,Rusk County,Water,"$1,280,236 ",$166 ,-15%,
2025,Rusk County,Wind,"$2,914,741 ",$378 ,-67%,
2025,Rusk County,Fire,"$4,763,088 ",$617 ,55%,
2025,Rusk County,Total Paid Loss,"$9,369,824 ","$1,214 ",-33%,"7,721"
2025,Sabine County,Other,"$56,776 ",$23 ,-50%,
2025,Sabine County,Fire,"$139,408 ",$56 ,-81%,
2025,Sabine County,Water,"$172,751 ",$69 ,54%,
2025,Sabine County,Wind,"$432,898 ",$173 ,-64%,
2025,Sabine County,Total Paid Loss,"$801,833 ",$320 ,-63%,"2,506"
2025,San Augustine County,Other,"$45,658 ",$34 ,110%,
2025,San Augustine County,Water,"$102,459 ",$76 ,-23%,
2025,San Augustine County,Wind,"$660,472 ",$489 ,34%,
2025,San Augustine County,Fire,"$728,334 ",$539 ,1923%,
2025,San Augustine County,Total Paid Loss,"$1,536,923 ","$1,138 ",125%,"1,351"
2025,San Jacinto County,Other,"$173,262 ",$26 ,-76%,
2025,San Jacinto County,Water,"$646,090 ",$96 ,-30%,
2025,San Jacinto County,Fire,"$1,332,564 ",$199 ,-29%,
2025,San Jacinto County,Wind,"$1,850,193 ",$276 ,-79%,
2025,San Jacinto County,Total Paid Loss,"$4,002,109 ",$597 ,-67%,"6,707"
2025,San Patricio County,Other,"$182,420 ",$13 ,-7%,
2025,San Patricio County,Water,"$1,575,638 ",$111 ,16%,
2025,San Patricio County,Fire,"$4,848,784 ",$340 ,327%,
2025,San Patricio County,Wind,"$14,349,037 ","$1,006 ",3853%,
2025,San Patricio County,Total Paid Loss,"$20,955,879 ","$1,470 ",586%,"14,257"
2025,San Saba County,Other,$969 ,$2 ,0%,
2025,San Saba County,Fire,"$79,959 ",$124 ,7095%,
2025,San Saba County,Water,"$85,093 ",$132 ,25%,
2025,San Saba County,Wind,"$599,914 ",$932 ,70%,
2025,San Saba County,Total Paid Loss,"$765,935 ","$1,189 ",81%,644
2025,Schleicher County,Fire,$0 ,$0 ,0%,
2025,Schleicher County,Other,$0 ,$0 ,0%,
2025,Schleicher County,Water,$0 ,$0 ,0%,
2025,Schleicher County,Total Paid Loss,"$192,491 ",$713 ,146%,270
2025,Schleicher County,Wind,"$192,491 ",$713 ,146%,
2025,Scurry County,Water,"$143,694 ",$63 ,38%,
2025,Scurry County,Other,"$155,888 ",$68 ,124%,
2025,Scurry County,Fire,"$355,510 ",$155 ,-17%,
2025,Scurry County,Wind,"$1,342,362 ",$584 ,14%,
2025,Scurry County,Total Paid Loss,"$1,997,454 ",$869 ,12%,"2,298"
2025,Shackelford County,Other,"$6,807 ",$12 ,-29%,
2025,Shackelford County,Fire,"$11,851 ",$21 ,300%,
2025,Shackelford County,Water,"$83,509 ",$147 ,1%,
2025,Shackelford County,Wind,"$401,313 ",$707 ,20%,
2025,Shackelford County,Total Paid Loss,"$503,480 ",$886 ,17%,568
2025,Shelby County,Other,"$58,121 ",$18 ,-76%,
2025,Shelby County,Water,"$418,888 ",$131 ,9%,
2025,Shelby County,Wind,"$1,337,121 ",$419 ,-64%,
2025,Shelby County,Fire,"$1,445,037 ",$452 ,44%,
2025,Shelby County,Total Paid Loss,"$3,259,167 ","$1,020 ",-39%,"3,194"
2025,Sherman County,Fire,$0 ,$0 ,-100%,
2025,Sherman County,Other,$0 ,$0 ,0%,
2025,Sherman County,Wind,"$14,816 ",$36 ,-90%,
2025,Sherman County,Water,"$15,396 ",$38 ,-60%,
2025,Sherman County,Total Paid Loss,"$30,212 ",$74 ,-87%,410
2025,Smith County,Other,"$3,201,683 ",$67 ,30%,
2025,Smith County,Water,"$12,315,128 ",$258 ,-23%,
2025,Smith County,Fire,"$14,316,278 ",$300 ,6%,
2025,Smith County,Wind,"$48,557,879 ","$1,016 ",-75%,
2025,Smith County,Total Paid Loss,"$78,390,968 ","$1,641 ",-66%,"47,770"
2025,Somervell County,Water,"$193,700 ",$118 ,-69%,
2025,Somervell County,Other,"$381,975 ",$233 ,19400%,
2025,Somervell County,Fire,"$1,392,623 ",$851 ,44%,
2025,Somervell County,Wind,"$4,728,514 ","$2,889 ",300%,
2025,Somervell County,Total Paid Loss,"$6,696,812 ","$4,091 ",141%,"1,637"
2025,Starr County,Other,"$34,602 ",$8 ,-19%,
2025,Starr County,Water,"$547,491 ",$126 ,-26%,
2025,Starr County,Wind,"$993,733 ",$228 ,-6%,
2025,Starr County,Fire,"$1,309,268 ",$301 ,548%,
2025,Starr County,Total Paid Loss,"$2,885,094 ",$663 ,42%,"4,351"
2025,Stephens County,Other,"$23,331 ",$16 ,27%,
2025,Stephens County,Fire,"$41,209 ",$28 ,-95%,
2025,Stephens County,Water,"$130,655 ",$88 ,-45%,
2025,Stephens County,Wind,"$1,132,162 ",$763 ,-47%,
2025,Stephens County,Total Paid Loss,"$1,327,357 ",$894 ,-59%,"1,484"
2025,Sterling County,Fire,$0 ,$0 ,-100%,
2025,Sterling County,Other,$0 ,$0 ,0%,
2025,Sterling County,Water,"$8,327 ",$68 ,0%,
2025,Sterling County,Wind,"$212,119 ","$1,739 ",505%,
2025,Sterling County,Total Paid Loss,"$220,446 ","$1,807 ",171%,122
2025,Stonewall County,Fire,$0 ,$0 ,0%,
2025,Stonewall County,Other,$0 ,$0 ,0%,
2025,Stonewall County,Water,$0 ,$0 ,-100%,
2025,Stonewall County,Total Paid Loss,"$491,225 ","$2,599 ",23%,189
2025,Stonewall County,Wind,"$491,225 ","$2,599 ",34%,
2025,Sutton County,Other,"$1,301 ",$3 ,-72%,
2025,Sutton County,Fire,"$3,669 ",$7 ,-76%,
2025,Sutton County,Water,"$59,338 ",$116 ,-3%,
2025,Sutton County,Wind,"$197,439 ",$386 ,-3%,
2025,Sutton County,Total Paid Loss,"$261,747 ",$511 ,-8%,512
2025,Swisher County,Other,"$5,276 ",$7 ,-85%,
2025,Swisher County,Fire,"$42,990 ",$59 ,0%,
2025,Swisher County,Water,"$72,888 ",$101 ,4%,
2025,Swisher County,Wind,"$4,241,476 ","$5,850 ",892%,
2025,Swisher County,Total Paid Loss,"$4,362,630 ","$6,017 ",720%,725
2025,Tarrant County,Other,"$25,941,059 ",$62 ,-4%,
2025,Tarrant County,Fire,"$107,468,505 ",$257 ,-5%,
2025,Tarrant County,Water,"$165,631,041 ",$396 ,-3%,
2025,Tarrant County,Wind,"$594,522,977 ","$1,420 ",3%,
2025,Tarrant County,Total Paid Loss,"$893,563,582 ","$2,134 ",0%,"418,763"
2025,Taylor County,Other,"$902,067 ",$31 ,41%,
2025,Taylor County,Water,"$2,712,328 ",$92 ,-28%,
2025,Taylor County,Fire,"$8,248,136 ",$279 ,56%,
2025,Taylor County,Wind,"$28,989,710 ",$982 ,-7%,
2025,Taylor County,Total Paid Loss,"$40,852,241 ","$1,384 ",0%,"29,511"
2025,Terrell County,Fire,$0 ,$0 ,-100%,
2025,Terrell County,Other,$0 ,$0 ,-100%,
2025,Terrell County,Water,"$3,242 ",$22 ,-95%,
2025,Terrell County,Wind,"$154,105 ","$1,027 ",-91%,
2025,Terrell County,Total Paid Loss,"$157,347 ","$1,049 ",-91%,150
2025,Terry County,Other,"$6,726 ",$5 ,-88%,
2025,Terry County,Fire,"$24,896 ",$20 ,266%,
2025,Terry County,Water,"$34,151 ",$27 ,-71%,
2025,Terry County,Wind,"$774,596 ",$619 ,-45%,
2025,Terry County,Total Paid Loss,"$840,369 ",$671 ,-47%,"1,252"
2025,Throckmorton County,Fire,$0 ,$0 ,0%,
2025,Throckmorton County,Other,$0 ,$0 ,0%,
2025,Throckmorton County,Water,"$55,943 ",$301 ,0%,
2025,Throckmorton County,Wind,"$301,713 ","$1,622 ",297%,
2025,Throckmorton County,Total Paid Loss,"$357,656 ","$1,923 ",371%,186
2025,Titus County,Other,"$123,324 ",$27 ,88%,
2025,Titus County,Fire,"$422,354 ",$92 ,-54%,
2025,Titus County,Water,"$804,576 ",$174 ,56%,
2025,Titus County,Wind,"$2,443,529 ",$530 ,-3%,
2025,Titus County,Total Paid Loss,"$3,793,783 ",$823 ,-6%,"4,612"
2025,Tom Green County,Other,"$866,461 ",$37 ,-39%,
2025,Tom Green County,Fire,"$2,237,302 ",$95 ,-10%,
2025,Tom Green County,Water,"$2,488,223 ",$106 ,-21%,
2025,Tom Green County,Wind,"$23,371,095 ",$991 ,-64%,
2025,Tom Green County,Total Paid Loss,"$28,963,081 ","$1,229 ",-60%,"23,575"
2025,Travis County,Other,"$28,784,529 ",$105 ,49%,
2025,Travis County,Fire,"$49,611,339 ",$181 ,20%,
2025,Travis County,Water,"$81,270,207 ",$297 ,0%,
2025,Travis County,Wind,"$245,245,694 ",$897 ,-16%,
2025,Travis County,Total Paid Loss,"$404,911,769 ","$1,481 ",-6%,"273,370"
2025,Trinity County,Other,"$225,347 ",$78 ,-22%,
2025,Trinity County,Water,"$573,745 ",$198 ,-2%,
2025,Trinity County,Wind,"$673,556 ",$233 ,-68%,
2025,Trinity County,Fire,"$1,088,797 ",$376 ,-29%,
2025,Trinity County,Total Paid Loss,"$2,561,445 ",$885 ,-43%,"2,894"
2025,Tyler County,Other,"$140,013 ",$42 ,-3%,
2025,Tyler County,Fire,"$378,917 ",$112 ,-71%,
2025,Tyler County,Water,"$418,083 ",$124 ,20%,
2025,Tyler County,Wind,"$566,348 ",$168 ,-67%,
2025,Tyler County,Total Paid Loss,"$1,503,361 ",$446 ,-57%,"3,373"
2025,Upshur County,Other,"$395,772 ",$51 ,-14%,
2025,Upshur County,Water,"$1,206,886 ",$155 ,-10%,
2025,Upshur County,Fire,"$3,920,117 ",$505 ,35%,
2025,Upshur County,Wind,"$4,408,463 ",$568 ,45%,
2025,Upshur County,Total Paid Loss,"$9,931,238 ","$1,279 ",28%,"7,763"
2025,Upton County,Fire,$0 ,$0 ,0%,
2025,Upton County,Other,"$5,100 ",$14 ,-50%,
2025,Upton County,Water,"$5,189 ",$14 ,-57%,
2025,Upton County,Wind,"$1,357,600 ","$3,669 ",271%,
2025,Upton County,Total Paid Loss,"$1,367,889 ","$3,697 ",253%,370
2025,Uvalde County,Fire,"$52,030 ",$14 ,-77%,
2025,Uvalde County,Other,"$62,649 ",$17 ,-22%,
2025,Uvalde County,Water,"$427,204 ",$114 ,61%,
2025,Uvalde County,Wind,"$2,444,841 ",$653 ,474%,
2025,Uvalde County,Total Paid Loss,"$2,986,724 ",$798 ,198%,"3,744"
2025,Val Verde County,Other,"$136,998 ",$19 ,-35%,
2025,Val Verde County,Water,"$381,773 ",$53 ,-21%,
2025,Val Verde County,Wind,"$1,326,355 ",$182 ,63%,
2025,Val Verde County,Fire,"$1,642,707 ",$226 ,458%,
2025,Val Verde County,Total Paid Loss,"$3,487,833 ",$480 ,94%,"7,271"
2025,Van Zandt County,Other,"$502,859 ",$46 ,8%,
2025,Van Zandt County,Water,"$2,858,731 ",$260 ,5%,
2025,Van Zandt County,Fire,"$4,813,463 ",$438 ,30%,
2025,Van Zandt County,Wind,"$7,719,614 ",$702 ,-53%,
2025,Van Zandt County,Total Paid Loss,"$15,894,667 ","$1,445 ",-31%,"10,999"
2025,Victoria County,Other,"$394,070 ",$27 ,-33%,
2025,Victoria County,Water,"$1,223,649 ",$83 ,-17%,
2025,Victoria County,Wind,"$1,393,193 ",$94 ,-80%,
2025,Victoria County,Fire,"$3,839,241 ",$260 ,115%,
2025,Victoria County,Total Paid Loss,"$6,850,153 ",$464 ,-36%,"14,762"
2025,Walker County,Other,"$130,226 ",$12 ,-92%,
2025,Walker County,Water,"$1,782,496 ",$171 ,-3%,
2025,Walker County,Wind,"$2,175,239 ",$209 ,-70%,
2025,Walker County,Fire,"$2,831,681 ",$272 ,36%,
2025,Walker County,Total Paid Loss,"$6,919,642 ",$664 ,-46%,"10,422"
2025,Waller County,Other,"$574,349 ",$56 ,-38%,
2025,Waller County,Water,"$1,100,333 ",$106 ,-30%,
2025,Waller County,Fire,"$1,129,277 ",$109 ,-28%,
2025,Waller County,Wind,"$2,737,357 ",$265 ,-79%,
2025,Waller County,Total Paid Loss,"$5,541,316 ",$536 ,-68%,"10,340"
2025,Ward County,Other,"$7,887 ",$5 ,-29%,
2025,Ward County,Fire,"$44,713 ",$28 ,-90%,
2025,Ward County,Water,"$53,153 ",$33 ,-28%,
2025,Ward County,Wind,"$1,036,310 ",$642 ,62%,
2025,Ward County,Total Paid Loss,"$1,142,063 ",$708 ,-2%,"1,614"
2025,Washington County,Other,"$178,979 ",$29 ,-74%,
2025,Washington County,Water,"$328,310 ",$52 ,-51%,
2025,Washington County,Fire,"$3,255,819 ",$520 ,22%,
2025,Washington County,Wind,"$4,378,779 ",$699 ,92%,
2025,Washington County,Total Paid Loss,"$8,141,887 ","$1,300 ",29%,"6,264"
2025,Webb County,Other,"$738,686 ",$21 ,-65%,
2025,Webb County,Fire,"$2,829,185 ",$81 ,57%,
2025,Webb County,Water,"$3,475,362 ",$99 ,-10%,
2025,Webb County,Wind,"$12,257,820 ",$351 ,-11%,
2025,Webb County,Total Paid Loss,"$19,301,053 ",$552 ,-11%,"34,945"
2025,Wharton County,Other,"$70,284 ",$15 ,-72%,
2025,Wharton County,Water,"$508,419 ",$107 ,47%,
2025,Wharton County,Fire,"$641,197 ",$136 ,-43%,
2025,Wharton County,Wind,"$1,711,628 ",$362 ,-71%,
2025,Wharton County,Total Paid Loss,"$2,931,528 ",$620 ,-61%,"4,731"
2025,Wheeler County,Other,"$10,000 ",$16 ,-84%,
2025,Wheeler County,Fire,"$39,789 ",$65 ,-90%,
2025,Wheeler County,Water,"$100,141 ",$164 ,1354%,
2025,Wheeler County,Wind,"$316,742 ",$520 ,3%,
2025,Wheeler County,Total Paid Loss,"$466,672 ",$766 ,-39%,609
2025,Wichita County,Other,"$879,805 ",$32 ,8%,
2025,Wichita County,Water,"$4,806,718 ",$172 ,-13%,
2025,Wichita County,Fire,"$9,646,289 ",$346 ,177%,
2025,Wichita County,Wind,"$109,005,708 ","$3,910 ",533%,
2025,Wichita County,Total Paid Loss,"$124,338,520 ","$4,460 ",359%,"27,876"
2025,Wilbarger County,Fire,"$35,090 ",$22 ,-94%,
2025,Wilbarger County,Water,"$205,771 ",$128 ,27%,
2025,Wilbarger County,Other,"$338,708 ",$211 ,1037%,
2025,Wilbarger County,Wind,"$827,143 ",$515 ,93%,
2025,Wilbarger County,Total Paid Loss,"$1,406,712 ",$876 ,17%,"1,605"
2025,Willacy County,Other,"$17,959 ",$11 ,-53%,
2025,Willacy County,Water,"$77,194 ",$49 ,-69%,
2025,Willacy County,Wind,"$113,358 ",$72 ,-66%,
2025,Willacy County,Fire,"$236,855 ",$150 ,65%,
2025,Willacy County,Total Paid Loss,"$445,366 ",$282 ,-42%,"1,579"
2025,Williamson County,Other,"$7,658,692 ",$50 ,9%,
2025,Williamson County,Fire,"$19,759,839 ",$130 ,12%,
2025,Williamson County,Water,"$38,405,047 ",$252 ,-4%,
2025,Williamson County,Wind,"$172,778,612 ","$1,135 ",-5%,
2025,Williamson County,Total Paid Loss,"$238,602,190 ","$1,568 ",-3%,"152,186"
2025,Wilson County,Other,"$295,618 ",$32 ,-58%,
2025,Wilson County,Water,"$1,404,722 ",$152 ,-11%,
2025,Wilson County,Fire,"$2,087,356 ",$226 ,29%,
2025,Wilson County,Wind,"$2,138,263 ",$232 ,-5%,
2025,Wilson County,Total Paid Loss,"$5,925,959 ",$643 ,-4%,"9,220"
2025,Winkler County,Other,"$28,679 ",$30 ,52%,
2025,Winkler County,Water,"$103,584 ",$108 ,324%,
2025,Winkler County,Fire,"$197,065 ",$205 ,-8%,
2025,Winkler County,Wind,"$852,950 ",$889 ,-63%,
2025,Winkler County,Total Paid Loss,"$1,182,278 ","$1,233 ",-54%,959
2025,Wise County,Other,"$1,565,047 ",$94 ,120%,
2025,Wise County,Water,"$3,074,388 ",$184 ,-29%,
2025,Wise County,Fire,"$4,755,515 ",$285 ,8%,
2025,Wise County,Wind,"$18,639,085 ","$1,116 ",-46%,
2025,Wise County,Total Paid Loss,"$28,034,035 ","$1,678 ",-36%,"16,702"
2025,Wood County,Other,"$1,402,451 ",$116 ,18%,
2025,Wood County,Water,"$2,517,637 ",$208 ,-38%,
2025,Wood County,Wind,"$3,849,850 ",$318 ,-19%,
2025,Wood County,Fire,"$3,856,027 ",$319 ,34%,
2025,Wood County,Total Paid Loss,"$11,625,965 ",$961 ,-10%,"12,097"
2025,Yoakum County,Other,"$11,977 ",$11 ,-64%,
2025,Yoakum County,Fire,"$16,448 ",$16 ,-2%,
2025,Yoakum County,Water,"$80,382 ",$76 ,71%,
2025,Yoakum County,Wind,"$2,394,830 ","$2,274 ",70%,
2025,Yoakum County,Total Paid Loss,"$2,503,637 ","$2,378 ",66%,"1,053"
2025,Young County,Other,"$128,418 ",$34 ,128%,
2025,Young County,Water,"$353,639 ",$92 ,-21%,
2025,Young County,Fire,"$952,797 ",$249 ,59%,
2025,Young County,Wind,"$7,568,518 ","$1,975 ",101%,
2025,Young County,Total Paid Loss,"$9,003,372 ","$2,349 ",85%,"3,833"
2025,Zapata County,Other,$420 ,$0 ,-96%,
2025,Zapata County,Water,"$132,044 ",$112 ,-73%,
2025,Zapata County,Fire,"$206,515 ",$175 ,0%,
2025,Zapata County,Wind,"$344,511 ",$292 ,245%,
2025,Zapata County,Total Paid Loss,"$683,490 ",$579 ,15%,"1,181"
2025,Zavala County,Fire,$0 ,$0 ,-100%,
2025,Zavala County,Other,"$18,719 ",$23 ,-81%,
2025,Zavala County,Water,"$204,967 ",$254 ,204%,
2025,Zavala County,Wind,"$502,870 ",$623 ,40%,
2025,Zavala County,Total Paid Loss,"$726,556 ",$900 ,14%,807
